Date,AIG
2015-01-05,-0.019782754286063464
2015-01-06,-0.014181911954793236
2015-01-07,0.004795159645055724
2015-01-08,-0.004404990392686159
2015-01-09,-0.016961911284140818
2015-01-12,-0.018004212340356873
2015-01-13,-0.009358747743349771
2015-01-14,-0.009446308925064706
2015-01-15,-0.019073454586343574
2015-01-16,0.014087166339977308
2015-01-20,-0.009000429951334654
2015-01-21,0.003553780082711011
2015-01-22,0.02852653833091101
2015-01-23,-0.014728440761475503
2015-01-26,-0.005823696716455995
2015-01-27,-0.014450692929490638
2015-01-28,-0.024965084002808058
2015-01-29,0.0010158977617105158
2015-01-30,-0.007917277189074423
2015-02-02,0.032535159927885804
2015-02-03,0.017241720069269384
2015-02-04,0.0035065088200130212
2015-02-05,0.002135733783783289
2015-02-06,0.009298856015914181
2015-02-09,0.0007675610229871399
2015-02-10,0.0051784765329081495
2015-02-11,-0.0030532090002737267
2015-02-12,0.00382782344642707
2015-02-13,0.02878929782426587
2015-02-17,0.019088331616686327
2015-02-18,-0.005091894422367682
2015-02-19,0.004935038929050339
2015-02-20,0.004365377465219922
2015-02-23,-0.011771250728530136
2015-02-24,0.008613146795126703
2015-02-25,-0.004360438650202747
2015-02-26,0.0023721138385139895
2015-02-27,0.007282041393541272
2015-03-02,0.005783357479860696
2015-03-03,-0.0012578983906951224
2015-03-04,-0.003598660877059179
2015-03-05,0.004153499856555554
2015-03-06,0.007012952800052874
2015-03-09,0.0019646691170858155
2015-03-10,-0.027954006129445763
2015-03-11,0.0055125247354281814
2015-03-12,0.016081781633943137
2015-03-13,-0.005395621771330794
2015-03-16,0.011392531179768906
2015-03-17,-0.0023245319319241675
2015-03-18,0.011111241904522284
2015-03-19,-0.013647696468488624
2015-03-20,0.005211084095046559
2015-03-23,-0.0019663379418137783
2015-03-24,-0.008239419746213117
2015-03-25,-0.01535120199175033
2015-03-26,-0.0064195740681251
2015-03-27,-0.0025842938206067645
2015-03-30,0.012030379147826675
2015-03-31,0.0020117376613766336
2015-04-01,0.0003649303948281002
2015-04-02,0.006020630586824671
2015-04-06,0.005078019815851764
2015-04-07,-0.007939504661022778
2015-04-08,0.008548771864630877
2015-04-09,0.015148801515118882
2015-04-10,0.005329481539613212
2015-04-13,0.01537383186474961
2015-04-14,0.0006959463471263305
2015-04-15,0.013391102685466727
2015-04-16,-0.0018872070345360425
2015-04-17,-0.012551987050287705
2015-04-20,0.0013928761796322409
2015-04-21,-0.015127556560638578
2015-04-22,-0.0010591194267496329
2015-04-23,0.003004597560143152
2015-04-24,0.004228697043574314
2015-04-27,0.00017572255687592353
2015-04-28,-0.003508845856991405
2015-04-29,-0.002640598857926779
2015-04-30,-0.006354977643274529
2015-05-01,0.025759262370007807
2015-05-04,0.007966611221884579
2015-05-05,-0.003436162736559445
2015-05-06,0.0025863883106709284
2015-05-07,0.014101065899976062
2015-05-08,0.011870363392568306
2015-05-11,-0.007876191077051065
2015-05-12,-0.007432472210512797
2015-05-13,-0.0003405248988602727
2015-05-14,0.003915367510803014
2015-05-15,-0.01034403962756103
2015-05-18,0.009081729433421115
2015-05-19,0.008829774385447076
2015-05-20,0.009257938360774043
2015-05-21,0.00433610255830863
2015-05-22,-0.0056461327564016894
2015-05-26,-0.010854905905511858
2015-05-27,0.0027013412029555095
2015-05-28,0.001010160369458335
2015-05-29,-0.014129210446748752
2015-06-01,0.0011939673370144899
2015-06-02,0.017041777113657286
2015-06-03,0.023961196084454572
2015-06-04,-0.008182299387596959
2015-06-05,-0.0018147509596206923
2015-06-08,-0.013884235756533414
2015-06-09,0.007642606235702232
2015-06-10,0.028171321307400854
2015-06-11,0.005025976466930926
2015-06-12,-0.0016130527706245124
2015-06-15,0.010987144517694336
2015-06-16,-0.009429511320737438
2015-06-17,-0.0019360230829574832
2015-06-18,0.00695120916499703
2015-06-19,-0.007384840000892123
2015-06-22,0.012130150925352412
2015-06-23,0.011824770471028145
2015-06-24,-0.00631722651082911
2015-06-25,-0.007787770617526779
2015-06-26,0.0048053665907847876
2015-06-29,-0.018172986828594584
2015-06-30,0.0037344659013265336
2015-07-01,0.008573274235898598
2015-07-02,-0.004330456561201013
2015-07-06,-0.003705147099611228
2015-07-07,0.0058205154425639005
2015-07-08,-0.01687818455292356
2015-07-09,0.0098103818843569
2015-07-10,0.01392477207860332
2015-07-13,0.012137101637475611
2015-07-14,0.0029973687644955227
2015-07-15,0.007236146135063848
2015-07-16,0.0020307247384778737
2015-07-17,-0.0017145593066437703
2015-07-20,-0.00015617839039416825
2015-07-21,-0.0006247347607950537
2015-07-22,0.008437471840126998
2015-07-23,-0.006197736864256176
2015-07-24,-0.007795371052294997
2015-07-27,-0.00628538526865996
2015-07-28,0.0066414214837140495
2015-07-29,0.013823364660484172
2015-07-30,-0.00015484110369645698
2015-07-31,-0.006353789168813351
2015-08-03,0.00046787121572067214
2015-08-04,-0.028215232353403397
2015-08-05,0.00994561225019841
2015-08-06,0.0009532159676299834
2015-08-07,0.0058711054832119025
2015-08-10,0.009465336797984225
2015-08-11,-0.010627029929361043
2015-08-12,-0.0007894015444671609
2015-08-13,-0.00031641216442390707
2015-08-14,0.015970877154470875
2015-08-17,0.0007781567939117995
2015-08-18,-0.009175734299898375
2015-08-19,-0.012399871319337619
2015-08-20,-0.019230524043091668
2015-08-21,-0.03208576411507447
2015-08-24,-0.04671012093840521
2015-08-25,-0.005268943515530422
2015-08-26,0.044491901428612035
2015-08-27,0.03296109520511248
2015-08-28,-0.0017998135109843494
2015-08-31,-0.01081955492316411
2015-09-01,-0.02668239140675599
2015-09-02,0.006299968625090191
2015-09-03,0.005922174293449656
2015-09-04,-0.0230444458395499
2015-09-08,0.01997215991742296
2015-09-09,-0.011984888034252128
2015-09-10,-0.0005150631526928962
2015-09-11,0.0018897332298717373
2015-09-14,-0.005657922410023053
2015-09-15,0.01120716202819727
2015-09-16,0.00426272552973006
2015-09-17,-0.007979884696703743
2015-09-18,-0.011124600895580206
2015-09-21,0.004326742620992974
2015-09-22,-0.01292405603905733
2015-09-23,-0.0031424572103139203
2015-09-24,-0.0035025975559486167
2015-09-25,0.011247657041128178
2015-09-28,-0.032672889453747356
2015-09-29,0.0010777982653422669
2015-09-30,0.019741710006371704
2015-10-01,0.0017598862623917633
2015-10-02,0.004743456344584507
2015-10-05,0.019059430803096467
2015-10-06,-0.010295208210439166
2015-10-07,0.0024272403908196516
2015-10-08,0.007263668506214405
2015-10-09,-0.0008584468748438212
2015-10-12,0.00842092775856762
2015-10-13,0.00016998714021143613
2015-10-14,-0.011245363474255199
2015-10-15,0.019990052287986337
2015-10-16,0.013684533364279883
2015-10-19,0.0
2015-10-20,0.0045002021095006395
2015-10-21,-0.0006641914234737367
2015-10-22,0.008633842009582171
2015-10-23,0.008724452410853845
2015-10-26,-0.0019583828549507576
2015-10-27,-0.00392413289995408
2015-10-28,0.048752495707802046
2015-10-29,-0.00626078504744676
2015-10-30,-0.006772553030208961
2015-11-02,0.010783197446821546
2015-11-03,-0.04361488277174663
2015-11-04,-0.0026244591704699394
2015-11-05,0.019736919539751208
2015-11-06,-0.0011287833794342284
2015-11-09,-0.011626338486305787
2015-11-10,0.002287260660389201
2015-11-11,-0.011084153982819811
2015-11-12,-0.021262367675391802
2015-11-13,-0.0011789981737456712
2015-11-16,0.022762128667829007
2015-11-17,0.0056047952824025415
2015-11-18,0.015737542375877434
2015-11-19,0.0003228412671436587
2015-11-20,0.0037107301869361287
2015-11-23,0.008841401145788685
2015-11-24,0.005735825616504764
2015-11-25,0.0004754779845594914
2015-11-27,0.008392649898069537
2015-11-30,-0.0015703770410907536
2015-12-01,0.008493312567240618
2015-12-02,-0.00966934291091115
2015-12-03,-0.013603383205454178
2015-12-04,0.026138926931208006
2015-12-07,-0.018596913572205276
2015-12-08,-0.0007961532738600674
2015-12-09,-0.009083579902908645
2015-12-10,-0.01929905748390237
2015-12-11,-0.024926186961662378
2015-12-14,-0.017490625335217058
2015-12-15,0.026018297944994773
2015-12-16,0.016516743310212023
2015-12-17,-0.013130043461888397
2015-12-18,-0.00881399212181444
2015-12-21,0.006208069245819736
2015-12-22,0.012672748583837157
2015-12-23,0.011197341847372755
2015-12-24,0.004721987929295013
2015-12-28,-0.0016208521044329682
2015-12-29,0.015260225904499602
2015-12-30,-0.00047978635518919344
2015-12-31,-0.00863874919955221
2016-01-04,-0.024850753371779888
2016-01-05,0.0034753713174233702
2016-01-06,-0.014676892877352632
2016-01-07,-0.023933225870716557
2016-01-08,-0.014917444661782686
2016-01-11,0.004177430754805922
2016-01-12,0.004680174494191558
2016-01-13,-0.022256631436756047
2016-01-14,0.011117190019638956
2016-01-15,-0.02111725673167064
2016-01-19,0.0012482662009329903
2016-01-20,-0.01976552255754538
2016-01-21,0.004723431008721413
2016-01-22,0.01880288494862259
2016-01-25,-0.01756857784150956
2016-01-26,0.009934920792646906
2016-01-27,-0.02450338141184849
2016-01-28,0.0031167550130852817
2016-01-29,0.03235241146823076
2016-02-01,-0.003364019578624866
2016-02-02,-0.017054414544917296
2016-02-03,-0.01843501520272295
2016-02-04,-0.005339833897218482
2016-02-05,-0.012032651710660147
2016-02-08,-0.020048234400624865
2016-02-09,-0.0009563632397323607
2016-02-10,0.00382772359021466
2016-02-11,-0.03679703162794001
2016-02-12,0.04908940882590329
2016-02-16,-0.01773595278850093
2016-02-17,0.011717610275203683
2016-02-18,-0.014239800309499673
2016-02-19,-0.007511339588348931
2016-02-22,0.01106141315772513
2016-02-23,-0.01996146836955015
2016-02-24,-0.002742089440259887
2016-02-25,0.008837400286917818
2016-02-26,-0.0054508018734991115
2016-02-29,-0.017420188065553677
2016-03-01,0.03346609268489931
2016-03-02,-0.0009635455786766167
2016-03-03,0.008489230591415486
2016-03-04,0.0005743329545555564
2016-03-07,0.006883035200376142
2016-03-08,-0.013862667189316169
2016-03-09,-0.006547088893188335
2016-03-10,0.0052663451450079
2016-03-11,0.026193032604917788
2016-03-14,-0.0003782084195222968
2016-03-15,0.0028374997096085597
2016-03-16,-0.002074999970475222
2016-03-17,0.005103018970638695
2016-03-18,0.009966283625123529
2016-03-21,-0.0026066806965461264
2016-03-22,0.0028002419731312234
2016-03-23,-0.005212211199816408
2016-03-24,-0.008608093009874418
2016-03-28,0.008116713981360046
2016-03-29,-0.0003749769697586336
2016-03-30,0.021165277026354623
2016-03-31,-0.008620803895705742
2016-04-01,0.01554116855514609
2016-04-04,-0.008926507724764554
2016-04-05,-0.013235531094666131
2016-04-06,0.00801041926972701
2016-04-07,-0.018480846864196043
2016-04-08,0.00094110541115211
2016-04-11,0.00470327737131826
2016-04-12,0.007114552217707404
2016-04-13,0.025097487618615855
2016-04-14,0.0021763912000942742
2016-04-15,-0.005609720063123436
2016-04-18,0.006005221062434174
2016-04-19,0.007959542441540846
2016-04-20,0.007178689772634028
2016-04-21,-0.01069132815257201
2016-04-22,0.012067674965280828
2016-04-25,-0.00427118652785119
2016-04-26,0.010723898671644694
2016-04-27,0.0014144948629910559
2016-04-28,-0.014126670020074505
2016-04-29,-0.0001791891436743187
2016-05-02,0.013794514414368075
2016-05-03,-0.01148635973502865
2016-05-04,-0.019485118745232066
2016-05-05,-0.0007290359785665501
2016-05-06,0.0041960257972804005
2016-05-09,0.003815583096549391
2016-05-10,0.019909267866059954
2016-05-11,-0.006920982803662601
2016-05-12,0.005897353885646606
2016-05-13,-0.011192041351947513
2016-05-16,-0.006827301000336572
2016-05-17,0.0021709664861186972
2016-05-18,0.0236459722242508
2016-05-19,-0.0061715822685683985
2016-05-20,0.010822961623998983
2016-05-23,-0.001228379082401032
2016-05-24,0.014059717505415348
2016-05-25,0.006065691076239332
2016-05-26,-0.005168018903407567
2016-05-27,0.009870454043888532
2016-05-31,-0.007544640077118858
2016-06-01,-0.002418963918175643
2016-06-02,0.0017318661452077055
2016-06-03,-0.01002789045808572
2016-06-06,0.0005241424769151237
2016-06-07,-0.004014554968715944
2016-06-08,-0.002453557895305547
2016-06-09,-0.008833750627464387
2016-06-10,-0.019786285542950033
2016-06-13,-0.010728966476225787
2016-06-14,-0.0075367538137851575
2016-06-15,-0.007779395287811797
2016-06-16,0.0011201832633767062
2016-06-17,-0.003916031231083639
2016-06-20,0.005803043845509004
2016-06-21,0.0011167585903633093
2016-06-22,-0.002044839733626791
2016-06-23,0.019187804432363897
2016-06-24,-0.07292995515283651
2016-06-27,-0.03805233220255244
2016-06-28,0.021110817484014666
2016-06-29,0.03291856933868975
2016-06-30,0.02778867768305826
2016-07-01,-0.00037843662839132097
2016-07-05,-0.031397309500887816
2016-07-06,0.0009760533959943807
2016-07-07,0.010924763750886024
2016-07-08,0.022964313349839394
2016-07-11,0.005281962468611789
2016-07-12,0.010695993175099394
2016-07-13,-0.0009282081092735206
2016-07-14,0.010964776230464324
2016-07-15,0.0007348957873398732
2016-07-18,0.00220447599156115
2016-07-19,-0.0018329493181612477
2016-07-20,0.002020122602181651
2016-07-21,-0.005131228876786298
2016-07-22,0.006078462094392778
2016-07-25,0.0007322866600187883
2016-07-26,0.0005487035760805004
2016-07-27,-0.0012797521801457545
2016-07-28,0.0031122402272043548
2016-07-29,-0.006388043669056764
2016-08-01,-0.004224725111336758
2016-08-02,-0.0012912602487984426
2016-08-03,0.07314390710722107
2016-08-04,-0.00843388630460451
2016-08-05,0.02586329882576721
2016-08-08,0.004907138297405966
2016-08-09,-0.002020657871880216
2016-08-10,-0.004555281649110343
2016-08-11,0.0030511844182263825
2016-08-12,-0.00557668730077121
2016-08-15,0.006287450125842531
2016-08-16,0.0015195201072755182
2016-08-17,-0.00472082458695311
2016-08-18,-0.0008471565245210533
2016-08-19,-0.0020345422296225157
2016-08-22,0.0022085944284377934
2016-08-23,0.0005088335022407353
2016-08-24,-0.0018639624698310042
2016-08-25,0.0005094431540790811
2016-08-26,0.001357308688384684
2016-08-29,0.006946788249594826
2016-08-30,0.003533286977175587
2016-08-31,0.0031858034111145184
2016-09-01,-0.007019971840700467
2016-09-02,0.00757451409598886
2016-09-06,-0.0068493079440946625
2016-09-07,-0.0013455041261803968
2016-09-08,-0.005558277367229247
2016-09-09,-0.006267133333679453
2016-09-12,0.005454221584813235
2016-09-13,-0.007499671576269851
2016-09-14,-0.0025759084335231774
2016-09-15,0.00878085460226563
2016-09-16,-0.011776308354492504
2016-09-19,-0.001036548132641979
2016-09-20,0.0
2016-09-21,0.004322457432845317
2016-09-22,0.015492858303201906
2016-09-23,-0.00440752961522195
2016-09-26,-0.00817276340335793
2016-09-27,0.004463439458734841
2016-09-28,0.016920302816503474
2016-09-29,-0.018487753276511643
2016-09-30,0.016096285372842356
2016-10-03,-0.007077914618530801
2016-10-04,0.0027155227927100345
2016-10-05,0.013879646783460986
2016-10-06,0.0008344586822073286
2016-10-07,0.0018347870086494744
2016-10-10,0.006327150665324854
2016-10-11,-0.009596250056254085
2016-10-12,0.009689230333385757
2016-10-13,-0.014063313639361086
2016-10-14,0.004530781382723781
2016-10-17,0.007183544454895774
2016-10-18,0.0033173494389044933
2016-10-19,0.003636578121658074
2016-10-20,-0.010541831065650653
2016-10-21,-0.0011649204622601328
2016-10-24,0.005332809129654947
2016-10-25,0.003813142813866355
2016-10-26,0.009248790109532834
2016-10-27,0.005072560359134171
2016-10-28,-0.0022792519511848353
2016-10-31,0.006853687362779359
2016-11-01,-0.016531500830265444
2016-11-02,-0.002142505000643724
2016-11-03,-0.039636559256861825
2016-11-04,-0.013241644613506187
2016-11-07,0.033112752115896926
2016-11-08,0.0037111280967987437
2016-11-09,0.024033582888060234
2016-11-10,0.037419741405608775
2016-11-11,0.001740385751595852
2016-11-14,0.01784591477672559
2016-11-15,0.00232723597065565
2016-11-16,-0.00773976126573972
2016-11-17,0.0020278962063151607
2016-11-18,-0.004981978845705726
2016-11-21,0.00015667365288041246
2016-11-22,0.0012513297847565052
2016-11-23,0.005156261304162912
2016-11-25,0.0017101590333126193
2016-11-28,-0.01753596161708948
2016-11-29,-0.00047379828517679634
2016-11-30,0.0007904145152022313
2016-12-01,0.012316214867778896
2016-12-02,-0.00561529969850072
2016-12-05,0.007372577830289551
2016-12-06,0.004694580767039103
2016-12-07,0.011215233131671498
2016-12-08,0.01386312031365211
2016-12-09,0.00015172923439243924
2016-12-12,-0.0031897185954092855
2016-12-13,0.010514804377370401
2016-12-14,-0.0045241743433646064
2016-12-15,0.0027269992818810262
2016-12-16,0.0016618400716494897
2016-12-19,0.003619856321000814
2016-12-20,0.0009018781375365048
2016-12-21,0.0009007808119239069
2016-12-22,-0.006450390363913039
2016-12-23,0.0027174389503017427
2016-12-27,0.004366909156156229
2016-12-28,-0.012293992448536462
2016-12-29,-0.0057677994508330555
2016-12-30,-0.0029009194325492205
2017-01-03,-0.0029090689520610002
2017-01-04,0.013052869244579046
2017-01-05,-0.005608904065151354
2017-01-06,0.01844508889744856
2017-01-09,-0.006435909361918624
2017-01-10,0.012352971964394666
2017-01-11,-0.003720271944861131
2017-01-12,-0.01045544695207401
2017-01-13,0.0015095906583955099
2017-01-17,-0.004370785544832612
2017-01-18,0.0027245758926730534
2017-01-19,0.0007549808990048312
2017-01-20,0.003771198647422258
2017-01-23,-0.01577998247958723
2017-01-24,0.0001528556762324662
2017-01-25,0.003358692739531488
2017-01-26,0.0045648614714484115
2017-01-27,-0.012268989914762773
2017-01-30,-0.004907441064878948
2017-01-31,-0.009708432213687224
2017-02-01,0.00015548640950679982
2017-02-02,-0.0023339985219287263
2017-02-03,0.01278866698970238
2017-02-06,-0.0006160900593602525
2017-02-07,-0.0003079793153584198
2017-02-08,0.0004623669873038416
2017-02-09,0.006316289863369295
2017-02-10,0.004439707195853737
2017-02-13,0.008078080818085365
2017-02-14,0.011339397790984806
2017-02-15,-0.09029725297528979
2017-02-16,0.02333607700689644
2017-02-17,0.0036935186374871254
2017-02-21,0.01455991795016165
2017-02-22,0.006623501162831502
2017-02-23,0.002976520433949359
2017-02-24,-0.006091517504311694
2017-02-27,0.005814948715553658
2017-02-28,-0.0012502776316948294
2017-03-01,0.01110767620176567
2017-03-02,-0.01129499041986981
2017-03-03,0.005007825167242075
2017-03-06,-0.006851421070197428
2017-03-07,-0.005174126632037757
2017-03-08,-0.00015739667248348965
2017-03-09,-0.0036257738736129586
2017-03-10,-0.0020567003831155617
2017-03-13,0.006692266353763854
2017-03-14,-0.004748178026446559
2017-03-15,0.005566019241415754
2017-03-16,-0.005060648501961085
2017-03-17,-0.007789024976857739
2017-03-20,-0.0008009730137369386
2017-03-21,-0.009780354290882531
2017-03-22,-0.00841976517904175
2017-03-23,0.0016328901107693916
2017-03-24,-0.007499203144798905
2017-03-27,0.0008214666072081656
2017-03-28,0.015263254925798941
2017-03-29,-0.0014548337545216006
2017-03-30,0.012951341391111093
2017-03-31,-0.0022377547536555076
2017-04-03,-0.010251448821427811
2017-04-04,0.0063120072381448455
2017-04-05,-0.00900632588348882
2017-04-06,0.0035704345003124693
2017-04-07,-0.008085539300186628
2017-04-10,0.00228247313717711
2017-04-11,-0.011223149739692295
2017-04-12,-0.010199248236371639
2017-04-13,-0.010304031309608552
2017-04-17,0.0063812351884404706
2017-04-18,-0.007174946749733069
2017-04-19,-0.008739653512802592
2017-04-20,0.011698869467219541
2017-04-21,-0.00904968936049011
2017-04-24,0.00947056579191674
2017-04-25,0.006366189576403558
2017-04-26,0.0014984998123341864
2017-04-27,0.01645601243097894
2017-04-28,-0.003924703863849799
2017-05-01,0.011492001401960161
2017-05-02,-0.0012981611272080418
2017-05-03,0.00016248106750671454
2017-05-04,0.01836189904606922
2017-05-05,0.0006384029151627058
2017-05-08,-0.01259763103895295
2017-05-09,-0.001615186161857518
2017-05-10,-0.007279104766916178
2017-05-11,0.0068436108778533455
2017-05-12,-0.012946846114248012
2017-05-15,0.013608579183826963
2017-05-16,0.004206140634259947
2017-05-17,-0.00837651449305421
2017-05-18,-0.002761598233802842
2017-05-19,-0.00309502584309318
2017-05-22,0.0029413546042924565
2017-05-23,0.01287052279118428
2017-05-24,0.006916811286811209
2017-05-25,0.008306631911502382
2017-05-26,0.006812184022208401
2017-05-30,0.008654780220363367
2017-05-31,-0.007332196297514582
2017-06-01,0.0042430924682441695
2017-06-02,0.00532064337453475
2017-06-05,-0.006382311640065863
2017-06-06,-0.008146419073843059
2017-06-07,-0.0023692880441381625
2017-06-08,0.007916482557501325
2017-06-09,0.008168171060088047
2017-06-12,-0.0006263953829700464
2017-06-13,0.006424558619934073
2017-06-14,0.00031128385339740383
2017-06-15,-0.006848231601991439
2017-06-16,-0.00031340629626042116
2017-06-19,0.002508183520650187
2017-06-20,-0.008756825712496807
2017-06-21,-0.0026818260281764594
2017-06-22,-0.0026890375590931104
2017-06-23,-0.0004759993903397097
2017-06-26,0.002538978910541223
2017-06-27,0.0036406317676982436
2017-06-28,0.006781184390733053
2017-06-29,-0.005325844125346202
2017-06-30,-0.015433430910385404
2017-07-03,0.012316388217504137
2017-07-05,-0.00805833865899963
2017-07-06,0.0047788967078461475
2017-07-07,0.004280022586569787
2017-07-10,-0.004419771237896608
2017-07-11,-0.0025367424795335047
2017-07-12,0.0044507571590308714
2017-07-13,0.014875662266150336
2017-07-14,-0.00031184247023718914
2017-07-17,-0.0009359656207560407
2017-07-18,-0.00281016112181387
2017-07-19,0.005010230868217613
2017-07-20,0.0006231749745211346
2017-07-21,-0.00046732757807643743
2017-07-24,0.005140156382723804
2017-07-25,0.011777506213096478
2017-07-26,-0.0015316538562900606
2017-07-27,-0.0003065559571869825
2017-07-28,0.0015342578192500955
2017-07-31,0.002757778533583055
2017-08-01,0.00045832983832627683
2017-08-02,0.006414323092960528
2017-08-03,0.0024280185076244187
2017-08-04,-0.014835201599264214
2017-08-07,-0.0015365961439309794
2017-08-08,-0.00630965305862341
2017-08-09,-0.008672671543130783
2017-08-10,-0.01577881393970182
2017-08-11,-0.005555350734210096
2017-08-14,0.0036712049741505215
2017-08-15,0.0023853117628218623
2017-08-16,-0.0009520031260960016
2017-08-17,-0.02064465112029923
2017-08-18,-0.005351105780303622
2017-08-21,-0.0008151424334419399
2017-08-22,-0.0011421763408800967
2017-08-23,-0.007350432709099852
2017-08-24,-0.008885972960105404
2017-08-25,0.009131736725209505
2017-08-28,-0.0019743356438531867
2017-08-29,-0.007418443762838733
2017-08-30,-0.00016607255398937149
2017-08-31,0.004651193606040938
2017-09-01,0.0036375180838219556
2017-09-05,-0.01729816743258128
2017-09-06,-0.0030172911542403202
2017-09-07,-0.020178413527053185
2017-09-08,0.025913617624059082
2017-09-11,0.01656078052762533
2017-09-12,0.00707593170178944
2017-09-13,-0.007516219575860128
2017-09-14,-0.01009618225844644
2017-09-15,-0.003176837089861717
2017-09-18,-0.003857736003122114
2017-09-19,0.0016839805096173777
2017-09-20,0.010589900110204109
2017-09-21,0.0063206018375645545
2017-09-22,0.003471037386616027
2017-09-25,0.004941483784432599
2017-09-26,-0.008850903462946258
2017-09-27,0.012899018818710806
2017-09-28,-0.0045712270421311985
2017-09-29,0.006888481787218792
2017-10-02,0.007655952540165156
2017-10-03,-0.0037180437699376734
2017-10-04,-0.0008114250832895742
2017-10-05,0.0064956868742238605
2017-10-06,0.004517462458340837
2017-10-09,-0.007709405166932082
2017-10-10,0.0
2017-10-11,0.0009711344011782419
2017-10-12,0.011481161371556192
2017-10-13,0.00975223255160751
2017-10-16,0.012983120258734271
2017-10-17,-0.005470545561932605
2017-10-18,-0.00298619005384293
2017-10-19,0.02569359915807512
2017-10-20,-0.0030735391292346925
2017-10-23,0.0013871696271225975
2017-10-24,0.002617162461020728
2017-10-25,-0.00046073513950006806
2017-10-26,-0.0038401538126432433
2017-10-27,-0.0046260209051549595
2017-10-30,0.0035629567899113646
2017-10-31,-0.0026240743165169
2017-11-01,0.0007739276049349986
2017-11-02,0.0049490030854482114
2017-11-03,-0.04586043380483873
2017-11-06,0.00790336725362617
2017-11-07,-0.0057610514826472725
2017-11-08,-0.007403697874795889
2017-11-09,0.009242611163670755
2017-11-10,-0.0028920963465169924
2017-11-13,-0.0009667530657406775
2017-11-14,-0.008709573650142577
2017-11-15,-0.005206831846997884
2017-11-16,-0.017664320651118004
2017-11-17,0.0
2017-11-20,-0.006160529386955438
2017-11-21,-0.0010051381372899737
2017-11-22,-0.006708106602685615
2017-11-24,-0.003376349978514104
2017-11-27,-0.004574166589836226
2017-11-28,0.018039493861528033
2017-11-29,0.0080240197032726
2017-11-30,-0.005638602174691476
2017-12-01,-0.0013340197134749099
2017-12-04,-0.010354041624444643
2017-12-05,0.004555941603797242
2017-12-06,0.008399396864249287
2017-12-07,-0.0026798563766173844
2017-12-08,-0.0006716473822396818
2017-12-11,0.004705315689056189
2017-12-12,0.0023413679170087853
2017-12-13,-0.01601848763165914
2017-12-14,-0.014583820635067024
2017-12-15,0.02202715182438686
2017-12-18,0.003199134473245824
2017-12-19,0.0033568573350828412
2017-12-20,0.0036802746273303377
2017-12-21,0.0013334518761449754
2017-12-22,-0.012816561900106271
2017-12-26,0.0020234087309902726
2017-12-27,0.0018508961843555216
2017-12-28,0.007725981769764578
2017-12-29,-0.007000138738421313
2018-01-02,-0.001342306563618778
2018-01-03,0.011092152034799296
2018-01-04,0.003989330504927224
2018-01-05,0.0041392776099293815
2018-01-08,-0.006595420913164229
2018-01-09,0.006307017658092828
2018-01-10,0.006102625118134197
2018-01-11,0.0024591684873287445
2018-01-12,-0.0029435200232627023
2018-01-16,0.001475952662604696
2018-01-17,0.005895718023789298
2018-01-18,0.0017909274892440319
2018-01-19,0.0003253565887839649
2018-01-22,-0.008936023430727302
2018-01-23,0.021967435254175438
2018-01-24,0.03176109191022913
2018-01-25,0.007462772753192182
2018-01-26,-0.0018519805495114117
2018-01-29,-0.0064934202654231
2018-01-30,-0.01416115117955652
2018-01-31,0.008997396148234138
2018-02-01,0.003911260224023438
2018-02-02,-0.017609512399659355
2018-02-05,-0.03822969959043765
2018-02-06,-0.0061024719705454755
2018-02-07,0.0034847750362800856
2018-02-08,-0.03621627452478282
2018-02-09,0.033287650149875114
2018-02-12,-0.01012960616415648
2018-02-13,-0.00301964306200575
2018-02-14,-0.00033638454268503093
2018-02-15,-0.003030042542816358
2018-02-16,0.004052204833048023
2018-02-20,0.009584725893233559
2018-02-21,0.002331695924086663
2018-02-22,-0.0036558895239235945
2018-02-23,0.0018347681913324365
2018-02-26,-0.01764623730135051
2018-02-27,-0.013217721606626376
2018-02-28,-0.015284526242991925
2018-03-01,-0.01517263782144651
2018-03-02,0.000708362608648816
2018-03-05,0.019642490665778833
2018-03-06,0.007115643877461997
2018-03-07,-0.012407358634212051
2018-03-08,-0.018147075309013716
2018-03-09,0.005331603106289995
2018-03-12,0.0007071924517114692
2018-03-13,-0.011835564741931703
2018-03-14,-0.012405570771533814
2018-03-15,-0.004915364153851187
2018-03-16,-0.006586192405863778
2018-03-19,0.002762695836182605
2018-03-20,0.02167104709653045
2018-03-21,0.00377495483878465
2018-03-22,-0.018445513068248043
2018-03-23,-0.025542479335724733
2018-03-26,0.014977939301749732
2018-03-27,-0.007931946200712692
2018-03-28,0.013759838633535137
2018-03-29,-0.0018343366656763394
2018-04-02,-0.02388807872734444
2018-04-03,0.011483356454437876
2018-04-04,0.009119589225432545
2018-04-05,0.006086506703917971
2018-04-06,-0.017415301571618413
2018-04-09,-0.005596947924158324
2018-04-10,0.004127564690931118
2018-04-11,-0.0029898629286063683
2018-04-12,0.0024365215417399
2018-04-13,0.00186957230513074
2018-04-16,0.012875493966453488
2018-04-17,-0.00036865953437326127
2018-04-18,0.003686083316984945
2018-04-19,0.013220758767940932
2018-04-20,0.004530698474943362
2018-04-23,-0.0045102638294896025
2018-04-24,-0.0016309477181538634
2018-04-25,0.005627062858368559
2018-04-26,0.002526945713620332
2018-04-27,0.012783819374236893
2018-04-30,-0.004444432043634539
2018-05-01,0.005535705365552257
2018-05-02,-0.02610573917525827
2018-05-03,-0.05288099144377978
2018-05-04,0.01732765748990217
2018-05-07,0.008327083441623584
2018-05-08,-0.003753882280857712
2018-05-09,-0.004898139432305215
2018-05-10,-0.0013252310480554863
2018-05-11,0.0018956244433867564
2018-05-14,0.0013246535885875765
2018-05-15,0.005857715110792361
2018-05-16,0.009017590393354702
2018-05-17,0.02010788515260753
2018-05-18,0.006570649755360369
2018-05-21,0.0025384842600666424
2018-05-22,-0.003074568685001111
2018-05-23,-0.017779562137811844
2018-05-24,-0.007942286161889411
2018-05-25,-0.007633471005908166
2018-05-29,-0.02101326131393033
2018-05-30,0.017056255334447767
2018-05-31,-0.005275779376498813
2018-06-01,0.009471463713475625
2018-06-04,0.009194799326978309
2018-06-05,0.001115574438865341
2018-06-06,0.0018574189199003222
2018-06-07,-0.0012977142548570297
2018-06-08,0.02320411907560893
2018-06-11,0.00018131130195842005
2018-06-12,-0.010339150598754676
2018-06-13,0.008480749650957353
2018-06-14,0.0018282320915137262
2018-06-15,0.00748188837854924
2018-06-18,0.006158252006986276
2018-06-19,-0.0009002937478903572
2018-06-20,-0.005224970315957256
2018-06-21,-0.017388215910614457
2018-06-22,0.003870693559463012
2018-06-25,-0.004406858041163475
2018-06-26,-0.010696807495890415
2018-06-27,-0.014168861801068244
2018-06-28,0.0066187837766771285
2018-06-29,-0.003945123632869141
2018-07-02,0.006412794186965831
2018-07-03,0.005809482913794017
2018-07-05,0.004658210366178972
2018-07-06,0.008345544238712366
2018-07-09,0.021887268363133483
2018-07-10,-0.001800015643691255
2018-07-11,-0.01622769898432186
2018-07-12,-0.0047657509874291515
2018-07-13,-0.0011046650484181075
2018-07-16,0.009771330790919297
2018-07-17,-0.001095604202340894
2018-07-18,0.007676970037723052
2018-07-19,-0.023218210642019788
2018-07-20,-0.009841676051398962
2018-07-23,0.00150021542305101
2018-07-24,0.005618046567378965
2018-07-25,-0.0024209089830002917
2018-07-26,0.01269373624338388
2018-07-27,0.002027381278457252
2018-07-30,0.010669596807123982
2018-07-31,0.004914797508087432
2018-08-01,-0.003985088666643599
2018-08-02,0.0030915708669976283
2018-08-03,-0.027374820413161416
2018-08-06,-0.004287006987567343
2018-08-07,-0.008049455071254652
2018-08-08,-0.010379415204840425
2018-08-09,-0.00839065691662566
2018-08-10,0.004231004385001791
2018-08-13,-0.0022980334018934956
2018-08-14,0.004414459605686316
2018-08-15,-0.004395057800561153
2018-08-16,0.006909627244257033
2018-08-17,0.002287608085348669
2018-08-20,0.011030707446545662
2018-08-21,0.012039403221424827
2018-08-22,-0.012453773778435706
2018-08-23,-0.009787354745270038
2018-08-24,0.013305678735285431
2018-08-27,0.01706973458652783
2018-08-28,-0.003319730981859337
2018-08-29,-0.0025905470762255245
2018-08-30,-0.004823596672224872
2018-08-31,-0.008762029750024158
2018-09-04,0.003761334602301769
2018-09-05,0.008431461923166461
2018-09-06,0.0014866195711953356
2018-09-07,-0.00426729306872442
2018-09-10,-0.017700669262361246
2018-09-11,-0.006638870149935805
2018-09-12,-0.0009546983998659497
2018-09-13,0.006689450461122792
2018-09-14,0.01719194312486505
2018-09-17,0.0009391271068794893
2018-09-18,0.012194972716501828
2018-09-19,-0.0011119245196687944
2018-09-20,0.007979186438514585
2018-09-21,0.0064431359018606305
2018-09-24,-0.00036576017545808526
2018-09-25,-0.004391729593647309
2018-09-26,-0.006616317623484025
2018-09-27,-0.012210818066329732
2018-09-28,-0.0028095659025471065
2018-10-01,-0.0030050169287074713
2018-10-02,0.0007533467085958367
2018-10-03,0.0028238465672536517
2018-10-04,0.011826467511335315
2018-10-05,-0.005565794885074138
2018-10-08,0.008395419510581092
2018-10-09,-0.004255334949189282
2018-10-10,-0.02656996315141813
2018-10-11,-0.04294747296825285
2018-10-12,-0.007379359480330083
2018-10-15,-0.014466301505246082
2018-10-16,0.005096871335034114
2018-10-17,0.0064909045642369545
2018-10-18,-0.020354503488935083
2018-10-19,-0.029006638399577844
2018-10-22,-0.04745757568934583
2018-10-23,-0.017348726558893746
2018-10-24,-0.04413759824474994
2018-10-25,0.0035518259852604928
2018-10-26,-0.03445007766773578
2018-10-29,-0.02468207338645767
2018-10-30,0.026308869154741732
2018-10-31,0.008056632278710785
2018-11-01,0.04432087431037224
2018-11-02,0.0037104872196149774
2018-11-05,0.01963942208638514
2018-11-06,0.017448774585852478
2018-11-07,-0.01046769818522919
2018-11-08,-0.004051553882710057
2018-11-09,-0.009717581467915015
2018-11-12,-0.03080789402712314
2018-11-13,-0.007299246555371064
2018-11-14,-0.005217958579593618
2018-11-15,0.017882469013997593
2018-11-16,0.0058565288265819415
2018-11-19,0.00838343185561774
2018-11-20,-0.005542805502924408
2018-11-21,0.01857903342461298
2018-11-23,-0.011171814431906846
2018-11-26,0.011067189269623245
2018-11-27,-0.009577908400329127
2018-11-28,0.02049253757990943
2018-11-29,-0.019855644338474865
2018-11-30,-0.00437373344953218
2018-12-03,-0.001618604033116644
2018-12-04,-0.0558129025804337
2018-12-06,-0.03335764011097142
2018-12-07,-0.03831503894400623
2018-12-10,-0.010290279016935022
2018-12-11,-0.016133308794779477
2018-12-12,0.029789522867455842
2018-12-13,-0.010350393482016051
2018-12-14,0.005363510086096035
2018-12-17,-0.0008004696667712752
2018-12-18,0.0026694039968868655
2018-12-19,0.04739098601920699
2018-12-20,-0.03024891886858827
2018-12-21,-0.01965949105733733
2018-12-24,-0.001871592672947786
2018-12-26,0.03375298865786425
2018-12-27,0.01917600461154101
2018-12-28,-0.018052758137883984
2018-12-31,0.02045607941167238
2019-01-02,0.005328468602300518
2019-01-03,-0.021958342155439903
2019-01-04,0.036903144039011515
2019-01-07,0.005724386883060539
2019-01-08,0.0039592293049441896
2019-01-09,0.014542632994059002
2019-01-10,0.006317079693252126
2019-01-11,0.005794193141954951
2019-01-14,0.008161098712148096
2019-01-15,0.010714491061136311
2019-01-16,0.016018652313663395
2019-01-17,0.003709855768373904
2019-01-18,0.02009719326249293
2019-01-22,-0.018116112705456877
2019-01-23,-0.012453902777373682
2019-01-24,0.002802376533584283
2019-01-25,0.005589195647017986
2019-01-28,-0.008337142890058047
2019-01-29,-0.01307828520958787
2019-01-30,0.013015208058629435
2019-01-31,0.00981065943840087
2019-02-01,0.013647804525235951
2019-02-04,0.004107894856880456
2019-02-05,-0.0077272815568606434
2019-02-06,-0.0002290124013685224
2019-02-07,-0.01878590858457596
2019-02-08,-0.008872278114121723
2019-02-11,0.014134224046791877
2019-02-12,0.018118601299696335
2019-02-13,0.007985273766001555
2019-02-14,-0.09031233478530343
2019-02-15,0.052998251413834296
2019-02-19,0.015832022983089056
2019-02-20,0.006978076955767687
2019-02-21,-0.0064677812274096524
2019-02-22,-0.0032553634481176097
2019-02-25,0.022393498600445927
2019-02-26,0.0006843724434695275
2019-02-27,-0.00889209755840048
2019-02-28,-0.00621088289164029
2019-03-01,0.0006943528480714001
2019-03-04,0.0064769667342545745
2019-03-05,-0.00781440900732111
2019-03-06,-0.01551987902130958
2019-03-07,-0.01623538823039694
2019-03-08,0.009327981055246015
2019-03-11,0.014691828347612734
2019-03-12,0.005371353702585235
2019-03-13,0.01718936145381611
2019-03-14,0.006441229154069639
2019-03-15,0.006628415625198558
2019-03-18,0.005449625721760443
2019-03-19,-0.009485002398192832
2019-03-20,-0.0205199117308692
2019-03-21,0.010940434737447768
2019-03-22,-0.018650792912462966
2019-03-25,-0.003988666406850694
2019-03-26,0.014134258428905477
2019-03-27,0.0020908922356790427
2019-03-28,-0.0009274967670811485
2019-03-29,-0.000928045342774797
2019-04-01,0.021597879213679283
2019-04-02,-0.010002266539539062
2019-04-03,0.007347955369028547
2019-04-04,0.01663970453777286
2019-04-05,0.010090128211915905
2019-04-08,-0.003995634169034701
2019-04-09,-0.00534911785827985
2019-04-10,0.005601690907969914
2019-04-11,0.018493836004829678
2019-04-12,0.010500951658872104
2019-04-15,-0.008443365982958917
2019-04-16,0.020523965847593972
2019-04-17,-0.016473935613911306
2019-04-18,0.0015225380751704432
2019-04-22,-0.0008687827067193066
2019-04-23,-0.00043467148194964444
2019-04-24,-0.00521949764531926
2019-04-25,-0.012024746525755248
2019-04-26,0.01903086172137658
2019-04-29,0.020412542145327617
2019-04-30,0.012343144381638638
2019-05-01,-0.014715356858162054
2019-05-02,-0.0014934941105492205
2019-05-03,0.006624061488971211
2019-05-06,0.0
2019-05-07,0.06771389202293099
2019-05-08,-0.006759410692411927
2019-05-09,0.017413701109665558
2019-05-10,0.015935550548127342
2019-05-13,-0.017815700857363836
2019-05-14,0.014984381183213547
2019-05-15,0.007187076412632276
2019-05-16,0.007329211755622067
2019-05-17,0.0026802816908670923
2019-05-20,0.0011456583022038114
2019-05-21,0.0013348577597318556
2019-05-22,0.0011431638009473666
2019-05-23,-0.006849442599853428
2019-05-24,0.01072797936551284
2019-05-28,-0.013078150164524516
2019-05-29,-0.008642073125048388
2019-05-30,0.006199214973083178
2019-05-31,-0.016750133988798765
2019-06-03,0.032112749795669915
2019-06-04,0.021248443238051307
2019-06-05,-0.0027867548749863635
2019-06-06,-0.002421641414090736
2019-06-07,-0.011951493192641105
2019-06-10,0.007937845269882171
2019-06-11,-0.004687352952020496
2019-06-12,-0.0022610056781401378
2019-06-13,0.010638364602878925
2019-06-14,0.002067734427178447
2019-06-17,-0.0060026630142012705
2019-06-18,0.006793481921997024
2019-06-19,0.004686222564207698
2019-06-20,0.01212684773302164
2019-06-21,-0.01105993595835908
2019-06-24,-0.006151006856538355
2019-06-25,-0.011065304847366009
2019-06-26,-0.008913230067890687
2019-06-27,0.015116658524052973
2019-06-28,0.004335402204356464
2019-07-01,0.010510578288243755
2019-07-02,-0.0009284659385685456
2019-07-03,0.019334236255237114
2019-07-05,-0.004012203766110223
2019-07-08,0.0064090098399276485
2019-07-09,0.010189373414912772
2019-07-10,0.00378207214701054
2019-07-11,-0.004485692981317624
2019-07-12,0.014239383918716264
2019-07-15,-0.0005331173479857787
2019-07-16,-0.0037342086950271636
2019-07-17,-0.011779300105129065
2019-07-18,0.004153910164298891
2019-07-19,0.006115045876286418
2019-07-22,-0.001072365187407831
2019-07-23,0.007337026174348171
2019-07-24,0.01954164233757738
2019-07-25,-0.005401603640441732
2019-07-26,0.0033288092442134154
2019-07-29,-0.01379455692686593
2019-07-30,-0.00283264208597489
2019-07-31,-0.005859321614531621
2019-08-01,-0.022861522843950266
2019-08-02,-0.006945615150724005
2019-08-05,-0.0279771871711757
2019-08-06,0.029729182352430827
2019-08-07,0.0005519743277371258
2019-08-08,0.044292927735599896
2019-08-09,-0.00985551191295797
2019-08-12,-0.02097411974200558
2019-08-13,0.01888158324840039
2019-08-14,-0.048645738601081345
2019-08-15,0.006555544700082905
2019-08-16,0.010606680820642866
2019-08-19,0.009206362351840136
2019-08-20,-0.025177862159970532
2019-08-21,0.004866106086257149
2019-08-22,0.001117554388422537
2019-08-23,-0.023441779828292764
2019-08-26,0.01124027422916396
2019-08-27,-0.0064056124597736686
2019-08-28,-0.005498570258361979
2019-08-29,0.0001905632564946913
2019-08-30,-0.008006044467458895
2019-09-03,0.006917756297597721
2019-09-04,0.03816783882652253
2019-09-05,0.005147050741811432
2019-09-06,0.003109170727591426
2019-09-09,0.010209563657301857
2019-09-10,0.0016242557675374414
2019-09-11,0.019819804609441993
2019-09-12,0.002826794228347973
2019-09-13,0.00933780819436647
2019-09-16,-0.011409477413378277
2019-09-17,0.013494226191845593
2019-09-18,0.009985839679928166
2019-09-19,0.004163223995243381
2019-09-20,-0.0076007924170052865
2019-09-23,-0.002610851314087559
2019-09-24,-0.005235526278803082
2019-09-25,-0.008245779434624678
2019-09-26,-0.011498127849404738
2019-09-27,0.005010690685711694
2019-09-30,-0.008190869459963612
2019-10-01,-0.023877915155022245
2019-10-02,-0.016553250193171443
2019-10-03,-0.004862441331423439
2019-10-04,0.02292782416450523
2019-10-07,-0.014697700353431209
2019-10-08,-0.022562112225201658
2019-10-09,0.011827601930642473
2019-10-10,0.019230825538136154
2019-10-11,0.00665908865753595
2019-10-14,-0.003858901573060125
2019-10-15,0.008669999317361565
2019-10-16,-0.00621793351838229
2019-10-17,-0.005152613365945413
2019-10-18,-0.0016648747621680338
2019-10-21,0.010746747467671902
2019-10-22,-0.02401477802460239
2019-10-23,-0.0016903506331605866
2019-10-24,-0.004703628494327927
2019-10-25,-0.0018904435219723181
2019-10-28,-0.004734724021079106
2019-10-29,-0.008563485972657214
2019-10-30,0.009788982446601757
2019-10-31,0.006652518843335287
2019-11-01,0.015105999377156731
2019-11-04,0.02176307671381572
2019-11-05,-0.0021844059650875103
2019-11-06,0.012954031665590726
2019-11-07,0.0012607352304168096
2019-11-08,0.005756320782164259
2019-11-11,-0.009121750746323598
2019-11-12,0.00018044940792893982
2019-11-13,-0.012452606543037703
2019-11-14,-0.009685748949785467
2019-11-15,-0.004797918903903686
2019-11-18,0.004079495489583529
2019-11-19,-0.013666009438713322
2019-11-20,-0.008986870072746456
2019-11-21,-0.013602842860532038
2019-11-22,0.02087703768066862
2019-11-25,0.00018789207485880866
2019-11-26,-0.0026264991087415757
2019-11-27,-0.005265997024430424
2019-11-29,-0.00434847389397186
2019-12-02,-0.018989919178333703
2019-12-03,-0.009485073319906223
2019-12-04,-0.0011724584896278811
2019-12-05,0.0005870476045948259
2019-12-06,0.014078880776482006
2019-12-09,-0.005399273286307182
2019-12-10,-0.009693512341393151
2019-12-11,-0.006895128309011844
2019-12-12,0.01229912565208724
2019-12-13,0.011170011915532019
2019-12-16,0.0058137637042379176
2019-12-17,-0.002119462514433401
2019-12-18,0.0034755467843401444
2019-12-19,-0.0007696215745858215
2019-12-20,-0.0075099083053492555
2019-12-23,-0.011059566020278355
2019-12-24,-0.0005885191446497462
2019-12-26,-0.006281984353640024
2019-12-27,0.008889783186536437
2019-12-30,-0.0013707239237170654
2019-12-31,0.0064708539661473274
2020-01-02,0.008377079655831787
2020-01-03,-0.007728035705523495
2020-01-06,0.0007786763892183579
2020-01-07,-0.005641826257623994
2020-01-08,0.011739261792965916
2020-01-09,0.011022868172997802
2020-01-10,-0.004781718493708453
2020-01-13,0.011339567442866683
2020-01-14,-0.005321137311084745
2020-01-15,-0.01069929081383958
2020-01-16,0.011201183865792164
2020-01-17,0.01031330230562122
2020-01-21,-0.0232514524812355
2020-01-22,0.011418488521690362
2020-01-23,-0.012437647025868248
2020-01-24,-0.01065677295103351
2020-01-27,-0.018213919162758718
2020-01-28,0.00558544233235958
2020-01-29,-0.0011904636947934755
2020-01-30,0.018868000535953167
2020-01-31,-0.02027270597218822
2020-02-03,0.017906914434896892
2020-02-04,-0.009968788067930223
2020-02-05,0.03613013027827239
2020-02-06,0.017721092507755998
2020-02-07,0.0009361926892597072
2020-02-10,0.012719734554711204
2020-02-11,0.006095314326370893
2020-02-12,-0.003488301779388414
2020-02-13,-0.06171672151144292
2020-02-14,-0.04810556331475169
2020-02-18,0.010932520804586732
2020-02-19,0.00816175457120516
2020-02-20,0.007893104688404984
2020-02-21,-0.02409639727654367
2020-02-24,-0.05967077386568298
2020-02-25,-0.010065767840795603
2020-02-26,-0.005305257469996882
2020-02-27,-0.03533312514654974
2020-02-28,-0.028795272800849703
2020-03-02,0.016366164496242508
2020-03-03,-0.03173818015678154
2020-03-04,0.025307164030922147
2020-03-05,-0.04442882525722769
2020-03-06,-0.06912669785790126
2020-03-09,-0.13292813677752158
2020-03-10,0.06888116636418729
2020-03-11,-0.07527784610856403
2020-03-12,-0.2084489462526118
2020-03-13,0.12426023763605842
2020-03-16,-0.18421052430545448
2020-03-17,-0.04301084129631838
2020-03-18,-0.15595492613640427
2020-03-19,0.09691162093383476
2020-03-20,-0.06650499073847627
2020-03-23,0.003640429623681829
2020-03-24,0.18808256815740032
2020-03-25,0.1216747009801642
2020-03-26,0.06959559489212941
2020-03-27,-0.07270091272740631
2020-03-30,0.007840285003201775
2020-03-31,-0.05678738329133781
2020-04-01,-0.10886575428065315
2020-04-02,-0.016659199464174934
2020-04-03,-0.03717651779038167
2020-04-06,0.05180878881556983
2020-04-07,0.08085507406197112
2020-04-08,0.037403057148486685
2020-04-09,0.09987584678627237
2020-04-13,-0.03428807125046307
2020-04-14,0.005852511544303329
2020-04-15,-0.06594242211933243
2020-04-16,-0.037375376533121396
2020-04-17,0.056945318473072604
2020-04-20,-0.030612221321525857
2020-04-21,-0.06315793623015797
2020-04-22,0.00044982274713611936
2020-04-23,0.01796907291715777
2020-04-24,0.03045005153298508
2020-04-27,0.03554615099295866
2020-04-28,0.04549207620643325
2020-04-29,0.07713610582673858
2020-04-30,-0.06610343225715665
2020-05-01,-0.06016500260826485
2020-05-04,0.007112859909700342
2020-05-05,0.041130034384627034
2020-05-06,-0.06983262549959879
2020-05-07,0.09480933262074087
2020-05-08,0.08346394071688845
2020-05-11,-0.0036166594526655382
2020-05-12,-0.03629779254001331
2020-05-13,-0.059886748242111376
2020-05-14,0.03205095886310083
2020-05-15,0.02756228411896533
2020-05-18,0.07480174550484131
2020-05-19,-0.028822432690121524
2020-05-20,0.014838870425610828
2020-05-21,0.02746065660059327
2020-05-22,0.0027767710076813668
2020-05-26,0.07338202689198736
2020-05-27,0.016123580840538
2020-05-28,-0.012376834169340434
2020-05-29,-0.03406172970532273
2020-06-01,0.016300697679421106
2020-06-02,0.030769184720083942
2020-06-03,0.055890869058066395
2020-06-04,0.0589472432518654
2020-06-05,0.0326615406276487
2020-06-08,0.08470798022324
2020-06-09,-0.04310345398648241
2020-06-10,-0.0683624196864403
2020-06-11,-0.10096688790521657
2020-06-12,0.05592850377688863
2020-06-15,0.004539908338206944
2020-06-16,0.003012927145733313
2020-06-17,-0.03033954294203567
2020-06-18,0.005885942505237551
2020-06-19,-0.020326332683314075
2020-06-22,-0.0006289304341151603
2020-06-23,0.00817893609901521
2020-06-24,-0.05460233882068877
2020-06-25,0.03168329986682861
2020-06-26,-0.04958414734676719
2020-06-29,0.03264892202498704
2020-06-30,0.016297249146403736
2020-07-01,-0.05131494694095573
2020-07-02,0.0114941448421082
2020-07-06,0.027406378545169918
2020-07-07,-0.05107339773457997
2020-07-08,0.023311698324204766
2020-07-09,-0.06197661302660529
2020-07-10,0.075000142393983
2020-07-13,-0.012624679295856756
2020-07-14,0.03600264245432094
2020-07-15,0.03182849720166181
2020-07-16,0.024866332397602386
2020-07-17,-0.013513716556339816
2020-07-20,-0.02210467143385675
2020-07-21,0.01751039187000414
2020-07-22,0.00719669886740526
2020-07-23,-0.009941015516492291
2020-07-24,-0.01757135382844488
2020-07-27,-0.014691928545867095
2020-07-28,0.0032415308274464927
2020-07-29,0.055573474538633816
2020-07-30,-0.027242128630866058
2020-07-31,0.01132797737049307
2020-08-03,0.0
2020-08-04,-0.07529554552708695
2020-08-05,0.01547764682336239
2020-08-06,-0.028495570797613445
2020-08-07,0.04570267662250904
2020-08-10,0.026092381228528083
2020-08-11,0.016529183785662926
2020-08-12,-0.03252048792693729
2020-08-13,-0.007433882309738182
2020-08-14,0.009117677998867535
2020-08-17,-0.03323663544767297
2020-08-18,-0.01268338938456437
2020-08-19,0.009465839198982806
2020-08-20,-0.02444733626509099
2020-08-21,-0.029522993023019084
2020-08-24,0.0452777158159825
2020-08-25,-0.0010151460164908865
2020-08-26,-0.01558272809113026
2020-08-27,0.02133534006241189
2020-08-28,-0.010444789807699917
2020-08-31,-0.00783119282050404
2020-09-01,0.0003430937172432813
2020-09-02,0.023327842069253757
2020-09-03,-0.014415242204968148
2020-09-04,0.013605535428175664
2020-09-08,-0.030537059576939307
2020-09-09,0.008999719807798234
2020-09-10,-0.03396231743863509
2020-09-11,0.008522801413492154
2020-09-14,0.03521124248855445
2020-09-15,-0.015986319034239527
2020-09-16,0.04054516932285024
2020-09-17,-0.0359419555252003
2020-09-18,-0.02473882872529054
2020-09-21,-0.03608430407471519
2020-09-22,0.013343144643356508
2020-09-23,-0.033284587522584785
2020-09-24,0.001891651846388731
2020-09-25,0.02228116604127739
2020-09-28,0.02068720574861027
2020-09-29,-0.012305384586368984
2020-09-30,0.008794146846780926
2020-10-01,0.006901647955413592
2020-10-02,0.018037510659451694
2020-10-05,0.029411751377952378
2020-10-06,-0.002409521697250616
2020-10-07,0.02001382779707872
2020-10-08,0.02368057927887479
2020-10-09,-0.010244673529740567
2020-10-12,0.017028521533563934
2020-10-13,-0.021011211017113784
2020-10-14,-0.00570094238799046
2020-10-15,0.01045529822686908
2020-10-16,0.011014752234411507
2020-10-19,-0.006602991354001331
2020-10-20,0.018610996659524703
2020-10-21,0.03327902018260187
2020-10-22,0.010735507757691831
2020-10-23,0.011559099119349936
2020-10-26,-0.034589283442254315
2020-10-27,-0.003199015804924432
2020-10-28,-0.029846052257814226
2020-10-29,0.03506473152107503
2020-10-30,0.006391760610657826
2020-11-02,0.030485905648529155
2020-11-03,0.013559094491930601
2020-11-04,-0.03952560282196593
2020-11-05,0.058246396332332306
2020-11-06,-0.00807674105777545
2020-11-09,0.13148368368679764
2020-11-10,0.018923363813243332
2020-11-11,-0.023018745190885537
2020-11-12,-0.034537901440277574
2020-11-13,0.03494172045583399
2020-11-16,0.031350640604790536
2020-11-17,-0.0018187870972543596
2020-11-18,0.00338347412096085
2020-11-19,-0.00025929603944929713
2020-11-20,0.0018160960526787395
2020-11-23,0.030044076967101985
2020-11-24,0.03042521778042162
2020-11-25,-0.020986000318292786
2020-11-27,-0.010219362762675654
2020-11-30,-0.03198173006220584
2020-12-01,0.02263250931784322
2020-12-02,0.010684329047102592
2020-12-03,0.002768937686241868
2020-12-04,0.021335280617567287
2020-12-07,-0.022118518206570736
2020-12-08,-0.006785708125848555
2020-12-09,0.010627554327197863
2020-12-10,-0.005758709249965466
2020-12-11,-0.015232104424180326
2020-12-14,-0.01624142272412643
2020-12-15,0.009958280110520246
2020-12-16,-0.005708612068800023
2020-12-17,-0.0023486139812102236
2020-12-18,-0.01961785795221971
2020-12-21,-0.002935087157998062
2020-12-22,-0.015252913092893672
2020-12-23,0.017391203436670333
2020-12-24,-0.0018695221696034547
2020-12-28,-0.008027729894892754
2020-12-29,0.0024276946994838955
2020-12-30,0.00968783001414697
2020-12-31,0.009061834049127748
2021-01-04,-0.019281771355620814
2021-01-05,0.016698453723299034
2021-01-06,0.06516519345290273
2021-01-07,0.01691122014271418
2021-01-08,-0.006602794055344807
2021-01-11,-0.008370572774351381
2021-01-12,0.017874973127128824
2021-01-13,-0.006829081352995314
2021-01-14,0.014243645123774629
2021-01-15,0.0012106386315862139
2021-01-19,0.021765350154002272
2021-01-20,-0.004023718784429864
2021-01-21,-0.02447728571912322
2021-01-22,-0.023629430215593716
2021-01-25,-0.012475315271938459
2021-01-26,-0.01187443147129219
2021-01-27,-0.03860932398276218
2021-01-28,0.023404643166512473
2021-01-29,-0.027027344795170882
2021-02-01,-0.0005341814583921245
2021-02-02,0.030732076232389938
2021-02-03,0.009852535366473347
2021-02-04,0.06136060418224898
2021-02-05,0.008224582697958116
2021-02-08,0.014635438419476454
2021-02-09,-0.003546993109478924
2021-02-10,0.006881635843425382
2021-02-11,-0.019561588504984462
2021-02-12,-0.004807734332453628
2021-02-16,0.018116228813546353
2021-02-17,0.02657153195317985
2021-02-18,-0.026808470469777523
2021-02-19,0.011161407744324947
2021-02-22,0.03569736182531269
2021-02-23,0.006122469133813757
2021-02-24,0.023890196295182742
2021-02-25,-0.032577741003859684
2021-02-26,0.0
2021-03-01,0.030944255623079675
2021-03-02,0.014345720975876386
2021-03-03,0.022845943154147452
2021-03-04,-0.015741314718001553
2021-03-05,0.01512849502220237
2021-03-08,0.005748278599632783
2021-03-09,-0.013124308675720342
2021-03-10,0.026383468253639908
2021-03-11,0.0033434758965229516
2021-03-12,0.008956886972507627
2021-03-15,0.004571671384343334
2021-03-16,-0.020893632558253494
2021-03-17,0.007183628292274369
2021-03-18,0.003146513881139734
2021-03-19,-0.020702467803939584
2021-03-22,-0.012812262172187228
2021-03-23,-0.02703884341973284
2021-03-24,0.0002224371264933911
2021-03-25,0.03356289117401068
2021-03-26,0.00688197183889927
2021-03-29,-0.005126178083462496
2021-03-30,0.01631587746535801
2021-03-31,-0.0238700104041506
2021-04-01,0.0036791430240035172
2021-04-05,0.007977394574563812
2021-04-06,-0.0019249711389099922
2021-04-07,0.009001394593671996
2021-04-08,-0.0216654079611156
2021-04-09,0.01172394158328749
2021-04-12,0.012017131636995027
2021-04-13,-0.00996602138470648
2021-04-14,0.01713432870731668
2021-04-15,-0.017477465493317967
2021-04-16,0.009430071011572005
2021-04-19,-0.007855713631775396
2021-04-20,-0.025679538075363162
2021-04-21,0.02701523840486164
2021-04-22,-0.0064156760165354765
2021-04-23,0.018940786355806205
2021-04-26,0.0040137520050127495
2021-04-27,0.01914572260813019
2021-04-28,-0.004748193067055428
2021-04-29,0.015142238871808766
2021-04-30,-0.010012336687372003
2021-05-03,0.012383950851893921
2021-05-04,-0.013251850934617337
2021-05-05,0.009710780236580119
2021-05-06,0.026600978447342216
2021-05-07,0.020331027734167728
2021-05-10,0.014260494400019086
2021-05-11,-0.029660892513475368
2021-05-12,-0.005954768008081257
2021-05-13,0.015375123575935845
2021-05-14,0.020649263605444723
2021-05-17,-0.006358463884603371
2021-05-18,-0.008919685445719194
2021-05-19,-0.008609102641006339
2021-05-20,-0.0027630925049914046
2021-05-21,0.01543645645460412
2021-05-24,0.011109016350565604
2021-05-25,-0.020817371874708335
2021-05-26,0.011220626936251588
2021-05-27,0.026085227338233485
2021-05-28,0.0024662581869268063
2021-06-01,0.013436652493549417
2021-06-02,-0.009523528641689816
2021-06-03,0.009426858889968637
2021-06-04,-0.002241465039939383
2021-06-07,-0.006551814777838949
2021-06-08,0.0030148772303399962
2021-06-09,-0.020101368532796537
2021-06-10,-0.01131145691478097
2021-06-11,0.0087259987995989
2021-06-14,-0.011605209235236003
2021-06-15,0.008414610933610733
2021-06-16,0.00291097525893802
2021-06-17,-0.05630793965640768
2021-06-18,-0.03936849488124394
2021-06-21,0.019210124598989076
2021-06-22,-0.004188494674597032
2021-06-23,0.0037857641327250224
2021-06-24,0.010056509320832463
2021-06-25,0.01680141231823029
2021-06-28,-0.0216238914607928
2021-06-29,-0.011676258486212121
2021-06-30,0.004219333475830256
2021-07-01,0.014075716072533329
2021-07-02,-0.004557882460891616
2021-07-06,-0.02996870119063355
2021-07-07,0.0038617542492014323
2021-07-08,-0.041248033859986766
2021-07-09,0.04480605714718555
2021-07-12,0.012161199892230634
2021-07-13,-0.014966187287694388
2021-07-14,-0.0068480485053873386
2021-07-15,0.03576835757743657
2021-07-16,-0.02433927386342183
2021-07-19,-0.04200442479766553
2021-07-20,0.051190705150539584
2021-07-21,0.02244325195005481
2021-07-22,-0.015116918171543592
2021-07-23,-0.005256577656174488
2021-07-26,0.008454986095566719
2021-07-27,-0.0060785393376106
2021-07-28,-0.00991115220082428
2021-07-29,0.01959501339087133
2021-07-30,-0.010862699713784285
2021-08-02,0.0004224759311266535
2021-08-03,0.007810653494838116
2021-08-04,-0.013615153652724254
2021-08-05,0.03334028641064046
2021-08-06,0.04706133967853732
2021-08-09,0.01766442821926728
2021-08-10,0.02487924930067975
2021-08-11,0.0176892558223134
2021-08-12,-0.0036982356999623045
2021-08-13,0.013548627727956175
2021-08-16,0.0
2021-08-17,-0.010987031053173446
2021-08-18,-0.004628824869143844
2021-08-19,-0.01488099744614313
2021-08-20,0.011518122884517812
2021-08-23,0.011013621967832954
2021-08-24,0.0036929277258466175
2021-08-25,0.010485413034964086
2021-08-26,-0.016566325491471634
2021-08-27,0.018326406347598523
2021-08-30,-0.01799659346292437
2021-08-31,0.009996095190794252
2021-09-01,0.0003668761137789467
2021-09-02,0.011908966712715241
2021-09-03,-0.002353838047749024
2021-09-07,-0.007803902746878255
2021-09-08,0.002560750632246478
2021-09-09,-0.002189540412816826
2021-09-10,-0.004570966925446895
2021-09-13,0.012490468569128943
2021-09-14,-0.012517917929577571
2021-09-15,0.006283617796205787
2021-09-16,-0.0018367304475550572
2021-09-17,-0.009935480462028856
2021-09-20,-0.010778877493776595
2021-09-21,-0.005072187790777227
2021-09-22,0.014161674328741825
2021-09-23,0.015080958294755087
2021-09-24,0.0053191396238376765
2021-09-27,0.04050360469929504
2021-09-28,-0.018235973514745152
2021-09-29,-0.002679131826686776
2021-09-30,-0.01701306926560653
2021-10-01,0.010749081889263046
2021-10-04,0.006128227591543078
2021-10-05,0.029200966877681367
2021-10-06,-0.0022627237215346874
2021-10-07,-0.0020935886318795838
2021-10-08,0.007167829478848642
2021-10-11,0.004860161843555089
2021-10-12,-0.00846416402804484
2021-10-13,-0.02073181647096045
2021-10-14,0.027753079711281714
2021-10-15,0.008828138323328183
2021-10-18,-0.006691923912103048
2021-10-19,0.012955645704435526
2021-10-20,0.01654175491120391
2021-10-21,-0.005871492032744952
2021-10-22,0.012655988668624385
2021-10-25,-0.00616554242126377
2021-10-26,-0.006874647298313774
2021-10-27,-0.011480819676392473
2021-10-28,0.02305721762839763
2021-10-29,-0.013522510752149608
2021-11-01,0.01861556509888973
2021-11-02,-0.0034886870880243004
2021-11-03,0.01833954674756444
2021-11-04,-0.011296760297215602
2021-11-05,-0.023679326747908513
2021-11-08,0.003392116505297249
2021-11-09,-0.006761578492919251
2021-11-10,0.0017018668554915628
2021-11-11,0.0
2021-11-12,-0.011043093496034162
2021-11-15,-0.002061579023952098
2021-11-16,-0.015493248538510973
2021-11-17,-0.0041963334600793045
2021-11-18,-0.014574206783044885
2021-11-19,-0.02084817069928746
2021-11-22,0.03621472238025314
2021-11-23,0.034422253077689424
2021-11-24,-0.01714787575050758
2021-11-26,-0.031784326296028786
2021-11-29,-0.01962529489363396
2021-11-30,-0.04276615221463442
2021-12-01,-0.01673011403958824
2021-12-02,0.04331015654801296
2021-12-03,-0.011860622116232511
2021-12-06,0.027194172865150135
2021-12-07,0.007668455639591176
2021-12-08,-0.003986116455116706
2021-12-09,-0.002910712433388807
2021-12-10,-0.007662858456844779
2021-12-13,-0.01011205666475179
2021-12-14,0.01523022857097489
2021-12-15,0.00036807585764031536
2021-12-16,0.01692427303304811
2021-12-17,-0.021164947551097102
2021-12-20,-0.02217720153123215
2021-12-21,0.04214716622063541
2021-12-22,0.0023574820613108116
2021-12-23,0.023521016316435217
2021-12-27,0.005833550969583268
2021-12-28,-0.004042284837153964
2021-12-29,0.001940891623480212
2021-12-30,-0.0007042266313487255
2021-12-31,0.0021148231543215434
2022-01-03,0.009321283226653154
2022-01-04,0.028053680988872065
2022-01-05,-0.013729034788053207
2022-01-06,0.017185159304071496
2022-01-07,0.026186948765104967
2022-01-10,0.01103049129754985
2022-01-11,0.005862198627477833
2022-01-12,-0.006475637346408658
2022-01-13,0.008147608197637934
2022-01-14,0.0006462234835653557
2022-01-18,-0.016313885645197423
2022-01-19,-0.03382601087008652
2022-01-20,0.0
2022-01-21,-0.025832758960393165
2022-01-24,0.002442508207971983
2022-01-25,0.013052578219687083
2022-01-26,-0.009963974643830698
2022-01-27,-0.020996095183176355
2022-01-28,0.009571157113400508
2022-01-31,0.013869373769714644
2022-02-01,0.02354995963274331
2022-02-02,0.019285805070949236
2022-02-03,-0.012613933517633735
2022-02-04,0.025214359295292255
2022-02-07,0.013116837785952296
2022-02-08,0.014727280897393946
2022-02-09,-0.004625288953071793
2022-02-10,-0.0030443747717694425
2022-02-11,-0.023786450287646366
2022-02-14,-0.028811551436739857
2022-02-15,0.023563593566389596
2022-02-16,-0.0006625804011628489
2022-02-17,0.017235640635525185
2022-02-18,0.005702133974942791
2022-02-22,-0.0019438029484798447
2022-02-23,-0.0011363166091867827
2022-02-24,-0.018849359384981668
2022-02-25,0.04604178759368249
2022-02-28,-0.03039897482767695
2022-03-01,-0.054702961675818784
2022-03-02,0.054413642286927466
2022-03-03,-0.010321064719798212
2022-03-04,-0.048501971353617335
2022-03-07,-0.048886658099516755
2022-03-08,0.014450481221113476
2022-03-09,0.050847409714929404
2022-03-10,-0.02230614667954489
2022-03-11,0.00035094972556493076
2022-03-14,0.008947345030834608
2022-03-15,0.01808393063825986
2022-03-16,0.026618347139583554
2022-03-17,0.019404713907877236
2022-03-18,0.0014768268999838519
2022-03-21,0.011633619283305974
2022-03-22,0.01522514060197433
2022-03-23,-0.013241923046206527
2022-03-24,0.021180393068970682
2022-03-25,0.020899340713881775
2022-03-28,-0.011631593308555122
2022-03-29,-0.010670043419160224
2022-03-30,0.006978558024983705
2022-03-31,-0.01134035475930284
2022-04-01,0.016249846222874176
2022-04-04,-0.019595597935665565
2022-04-05,-0.0014391100310003901
2022-04-06,-0.010248142524988624
2022-04-07,-0.002426755555874238
2022-04-08,0.024002586176664842
2022-04-11,-0.008869211588812043
2022-04-12,-0.0020773930539906837
2022-04-13,0.008486855954655814
2022-04-14,0.0007937172358729594
2022-04-18,0.013803033796617736
2022-04-19,-0.004538218191361243
2022-04-20,0.012576665806393938
2022-04-21,-0.019872770795877237
2022-04-22,-0.042610574961984504
2022-04-25,-0.0125743266306646
2022-04-26,-0.03384723399313949
2022-04-27,0.025320863149625117
2022-04-28,0.015561527473936021
2022-04-29,-0.025482878630055272
2022-05-02,0.00940000831704002
2022-05-03,0.007958080089904618
2022-05-04,0.07408016502358072
2022-05-05,-0.028464258638531525
2022-05-06,0.0017709074211265108
2022-05-09,-0.04210184981947396
2022-05-10,-0.015433540641503263
2022-05-11,-0.0013632088533979125
2022-05-12,-0.0034124993034286843
2022-05-13,0.002568155809273165
2022-05-16,0.0013660250730342938
2022-05-17,0.027967411819645793
2022-05-18,-0.03284680823836761
2022-05-19,-0.006861008175343852
2022-05-20,-0.03937825897745284
2022-05-23,0.02355266165016845
2022-05-24,-0.007377616135489262
2022-05-25,0.002831450975585792
2022-05-26,0.018704711456589695
2022-05-27,0.021999137299882232
2022-05-31,-0.00542383768002086
2022-06-01,-0.014315051256489686
2022-06-02,0.005705636406883485
2022-06-03,-0.015128147197679187
2022-06-06,0.029673386907616006
2022-06-07,0.007119982588688956
2022-06-08,-0.02810958653585305
2022-06-09,-0.03221346967383043
2022-06-10,-0.04384383647905876
2022-06-13,-0.03368897031815654
2022-06-14,0.007553698180131629
2022-06-15,0.00676983255531538
2022-06-16,-0.039961576266222765
2022-06-17,0.029817812541083732
2022-06-21,0.013408507063227493
2022-06-22,-0.014765053124258132
2022-06-23,-0.03464396133712866
2022-06-24,0.06391140081600355
2022-06-27,-0.016107509511961937
2022-06-28,-0.0021188164599295067
2022-06-29,-0.01949425000025584
2022-06-30,0.006496030408781772
2022-07-01,0.017406717200582067
2022-07-05,-0.017108907289777986
2022-07-06,-0.002933792552752834
2022-07-07,0.015888695144690823
2022-07-08,-0.006178865936805722
2022-07-11,-0.00038853553951379016
2022-07-12,-0.00641388302151491
2022-07-13,-0.00899837722411756
2022-07-14,-0.04421649498145552
2022-07-15,0.034283331131008676
2022-07-18,-0.003793861536593668
2022-07-19,0.03708165053020207
2022-07-20,-0.004252139054270909
2022-07-21,0.0021351880510520616
2022-07-22,-0.005810603150211313
2022-07-25,0.014026857282316119
2022-07-26,-0.00614800110247693
2022-07-27,0.015271672497596311
2022-07-28,-0.038652041789415836
2022-07-29,0.025351669713836733
2022-08-01,-0.014100862183656138
2022-08-02,-0.00646548486981946
2022-08-03,0.017156366059946304
2022-08-04,-0.008918128539387005
2022-08-05,0.013888801362675451
2022-08-08,0.008489197040826735
2022-08-09,0.024488267766084704
2022-08-10,0.025583652779968213
2022-08-11,0.025673713335001125
2022-08-12,0.019172767378931033
2022-08-15,-0.011322029251203736
2022-08-16,0.009337381229785224
2022-08-17,-0.010473012746987975
2022-08-18,0.011289663929880955
2022-08-19,-0.021454851908181527
2022-08-22,-0.036720108214281844
2022-08-23,0.004256117102456658
2022-08-24,0.0009211484457132268
2022-08-25,0.01730486644566631
2022-08-26,-0.04089746426098784
2022-08-29,-0.0037735776470633198
2022-08-30,-0.007765194446514689
2022-08-31,-0.012216048711011673
2022-09-01,0.011400806498257143
2022-09-02,0.0013375822033006024
2022-09-06,-0.0009539951200826513
2022-09-07,0.02559204411586724
2022-09-08,0.011731839842145764
2022-09-09,0.013068354962433748
2022-09-12,0.027071074164877418
2022-09-13,-0.03874043784731507
2022-09-14,-0.0025765536767257124
2022-09-15,0.005568187956890069
2022-09-16,-0.009782400985961615
2022-09-19,0.017521048424864683
2022-09-20,-0.021615634331583533
2022-09-21,-0.020969876921021813
2022-09-22,-0.020654165642039146
2022-09-23,-0.028119359326338578
2022-09-26,-0.027325830198972723
2022-09-27,0.003098677434830277
2022-09-28,0.004324363402133047
2022-09-29,-0.022759655859679984
2022-09-30,-0.0037766886736764205
2022-10-03,0.03580435464528464
2022-10-04,0.051443662799012246
2022-10-05,-0.007928710747637124
2022-10-06,-0.010526376511266644
2022-10-07,-0.020685500136444546
2022-10-10,-0.02554842146312375
2022-10-11,-0.008051036427416558
2022-10-12,0.018938730193414077
2022-10-13,0.04044091072466949
2022-10-14,-0.004514890767719271
2022-10-17,0.020114411427073042
2022-10-18,0.0168179156633379
2022-10-19,0.002851843405713206
2022-10-20,-0.017061863192625037
2022-10-21,0.02700123076162897
2022-10-24,0.020657192718653405
2022-10-25,-0.0011039622780691927
2022-10-26,-0.0012893171927875757
2022-10-27,0.007377369263899647
2022-10-28,0.03991207803371388
2022-10-31,0.003521170989724709
2022-11-01,0.0012280179838102256
2022-11-02,0.0036797485121609075
2022-11-03,0.0057611001886774815
2022-11-04,0.005381053333168184
2022-11-07,0.02158146493487889
2022-11-08,-0.0006759993444854784
2022-11-09,-0.0113309056216514
2022-11-10,0.0364352048484764
2022-11-11,-0.003300915842402219
2022-11-14,-0.0024838356350868063
2022-11-15,0.004979906284734437
2022-11-16,-0.011067005550577713
2022-11-17,-0.007182281349692565
2022-11-18,0.006393129920667873
2022-11-21,0.004847758060983587
2022-11-22,0.012809980113363428
2022-11-23,0.001313890436106746
2022-11-25,0.001968648586318844
2022-11-28,-0.005566413852592711
2022-11-29,0.011524307469703343
2022-11-30,0.027181074012673667
2022-12-01,-0.00015833665958076004
2022-12-02,-0.005546836558933843
2022-12-05,-0.01944223665570166
2022-12-06,0.0026003507498877365
2022-12-07,0.0055113726643643
2022-12-08,0.0037080249439325197
2022-12-09,0.0040153229343442565
2022-12-12,0.015997512335373054
2022-12-13,0.0007872076742312384
2022-12-14,-0.009171380425446629
2022-12-15,-0.007181579089997725
2022-12-16,0.005786795856308258
2022-12-19,-0.017580301099955675
2022-12-20,0.021636631646496873
2022-12-21,0.008439620442192375
2022-12-22,-0.01468504309610763
2022-12-23,0.012179362959042539
2022-12-27,0.002691760731840187
2022-12-28,-0.006947907507462103
2022-12-29,0.011766621606038807
2022-12-30,-0.006129136439716687
2023-01-03,-0.00490212992414174
2023-01-04,0.014778517087480125
2023-01-05,-0.005480830325867436
2023-01-06,0.016375288699516544
2023-01-09,-0.01053437698799331
2023-01-10,-0.006575941924174766
2023-01-11,0.000157648835439117
2023-01-12,0.0034667743255440975
2023-01-13,0.01146369460567076
2023-01-17,-0.009781152221823297
2023-01-18,-0.024615909014016002
2023-01-19,-0.00787656218656263
2023-01-20,0.012151613279303808
2023-01-23,0.01008497116674989
2023-01-24,0.0009507559673296306
2023-01-25,0.0053831383039832925
2023-01-26,0.007559089387834339
2023-01-27,-0.010159261708537759
2023-01-30,-0.0025266507776559033
2023-01-31,0.0007914826354609161
2023-02-01,-0.03147725725593142
2023-02-02,-0.03593014395916727
2023-02-03,-0.004743389210045024
2023-02-06,0.020595644826493675
2023-02-07,0.010840656754533828
2023-02-08,0.005939757284283198
2023-02-09,-0.0016402821272027968
2023-02-10,0.007392767335959283
2023-02-13,0.010437099073707046
2023-02-14,-0.007101404000103839
2023-02-15,0.005039120714739553
2023-02-16,0.0053371530656436406
2023-02-17,-0.021557311997005835
2023-02-21,-0.01808608067717521
2023-02-22,0.015740165663631123
2023-02-23,-0.005769894536652775
2023-02-24,-0.0023214587738762393
2023-02-27,0.00797763500426174
2023-02-28,0.007584309732715289
2023-03-01,-0.002454621837091997
2023-03-02,-0.015255772531365341
2023-03-03,0.002831841734535434
2023-03-06,0.0023255667488577547
2023-03-07,-0.030659546217058353
2023-03-08,-0.01949055520991927
2023-03-09,-0.027027047935784698
2023-03-10,-0.04749090697235847
2023-03-13,-0.057949284415967584
2023-03-14,0.02097058916878569
2023-03-15,-0.06181532102885012
2023-03-16,0.0535264911007558
2023-03-17,-0.05877667136737197
2023-03-20,0.03408122422639637
2023-03-21,0.049130060112005935
2023-03-22,-0.04878058695400145
2023-03-23,-0.03261540170971222
2023-03-24,0.003816863283946592
2023-03-27,0.0025348155232167713
2023-03-28,0.0008429147172066553
2023-03-29,0.025263023472252177
2023-03-30,0.022997953402873916
2023-03-31,0.010839137050832726
2023-04-03,0.0011913637228273544
2023-04-04,-0.010908328939075118
2023-04-05,0.007419343928218414
2023-04-06,0.016719647825087725
2023-04-10,0.0005872462230780418
2023-04-11,0.0017610182597174173
2023-04-12,0.002343635862683824
2023-04-13,0.0058457024652283085
2023-04-14,-0.0034870062506412447
2023-04-17,0.009331351173138547
2023-04-18,0.01040057263686589
2023-04-19,0.01353421346121686
2023-04-20,-0.015610512340711757
2023-04-21,-0.015093510890301198
2023-04-24,0.005237572772455845
2023-04-25,-0.016788803062802393
2023-04-26,-0.002747763014384841
2023-04-27,0.026175870313919436
2023-04-28,0.01726122545203168
2023-05-01,0.0009427773930426042
2023-05-02,-0.021849781432002446
2023-05-03,-0.011168852230217574
2023-05-04,-0.028627041160583233
2023-05-05,0.07838818270749703
2023-05-08,-0.0007437205332859742
2023-05-09,-0.012093018679452783
2023-05-10,-0.009227888138396478
2023-05-11,0.003801627541329289
2023-05-12,-0.006059416114147398
2023-05-15,0.0009525032233521635
2023-05-16,-0.004377619912905084
2023-05-17,0.02733714042373281
2023-05-18,0.010606516848286729
2023-05-19,-0.008469900588918278
2023-05-22,0.0020426737650975912
2023-05-23,0.0335433791608839
2023-05-24,-0.021516831250709467
2023-05-25,-0.01630940057899799
2023-05-26,0.007265257660569402
2023-05-30,0.012021522822057706
2023-05-31,-0.03453951005230249
2023-06-01,0.017225144906048984
2023-06-02,0.027167736888481286
2023-06-05,-0.017572345863099748
2023-06-06,0.03134786024816849
2023-06-07,0.014303493813268897
2023-06-08,-0.0017626971363711164
2023-06-09,0.004414701181328695
2023-06-12,-0.011603514321907094
2023-06-13,0.007292839633709747
2023-06-14,-0.01395017273933341
2023-06-15,0.020548075926865028
2023-06-16,0.012009801319605273
2023-06-20,-0.021291421019402845
2023-06-21,0.006775911259270462
2023-06-22,-0.008678543010442574
2023-06-23,-0.013400155001501046
2023-06-26,0.00814923714484106
2023-06-27,0.014011154551655247
2023-06-28,0.00017706677151996253
2023-06-29,0.013106755251592661
2023-06-30,0.005943977324755156
2023-07-03,0.006951683908207107
2023-07-05,-0.003969660471738301
2023-07-06,-0.0019060368594268073
2023-07-07,0.010416663787143454
2023-07-10,-0.0020618003891327286
2023-07-11,0.01153573691285037
2023-07-12,-0.0017020933491926904
2023-07-13,0.004092165450729324
2023-07-14,-0.021056293077686528
2023-07-17,0.02515178785171046
2023-07-18,0.004568455811823746
2023-07-19,-0.004210829656073445
2023-07-20,0.018944527730075045
2023-07-21,-0.004814052497568944
2023-07-24,0.0051710638216497795
2023-07-25,-0.00614015305099902
2023-07-26,0.015862326441311803
2023-07-27,-0.003287310248336728
2023-07-28,-0.007915486742829936
2023-07-31,0.001994693477492593
2023-08-01,0.00165889147273246
2023-08-02,0.014739952872972584
2023-08-03,-0.002121823834242642
2023-08-04,-0.0073601067966171385
2023-08-07,0.020102134020960616
2023-08-08,-0.006622441187794537
2023-08-09,-0.018861886685764717
2023-08-10,0.0013258728740053183
2023-08-11,0.0018206118241339553
2023-08-14,-0.011729740692650759
2023-08-15,-0.01738544559591182
2023-08-16,-0.002892102094874449
2023-08-17,-0.00938411199998701
2023-08-18,-0.0018946838263933508
2023-08-21,-0.002760835482451096
2023-08-22,-0.007786828785787292
2023-08-23,0.004883137576257468
2023-08-24,0.0081568838660111
2023-08-25,-0.004131614674458106
2023-08-28,0.00034583859356396296
2023-08-29,0.008294367716968676
2023-08-30,-0.00017130110866814263
2023-08-31,0.003085312879028468
2023-09-01,0.01230342805500495
2023-09-05,-0.010803468355689239
2023-09-06,0.010068266839333706
2023-09-07,0.0077717220981046164
2023-09-08,0.00016750104654783549
2023-09-11,0.0005029527624069718
2023-09-12,0.014742685726049531
2023-09-13,0.0013209038639083737
2023-09-14,0.01509366347700336
2023-09-15,-0.00032684249780079444
2023-09-18,0.008172634435690496
2023-09-19,0.011024561525964316
2023-09-20,-0.0006414619723588144
2023-09-21,-0.015885628251434136
2023-09-22,0.004076322770900642
2023-09-25,0.008931451002708757
2023-09-26,-0.01400295136865426
2023-09-27,-0.004080851725436707
2023-09-28,0.004425433660977474
2023-09-29,-0.011096652529945294
2023-10-02,-0.00907588771059653
2023-10-03,-0.023480413417853563
2023-10-04,0.012278249035340139
2023-10-05,0.013308763690933922
2023-10-06,0.011969950295428244
2023-10-09,0.003614238997818875
2023-10-10,0.001309529862780101
2023-10-11,0.005885274600218926
2023-10-12,-0.006338378706535752
2023-10-13,-0.0008178110919804249
2023-10-16,0.024881456035014127
2023-10-17,0.00910387452193051
2023-10-18,-0.009180072827300045
2023-10-19,-0.022843538348944592
2023-10-20,-0.026973884150564342
2023-10-23,-0.009072702618683537
2023-10-24,0.015089966304232316
2023-10-25,0.018206081749609027
2023-10-26,-0.001804483888332653
2023-10-27,-0.02169269112431149
2023-10-30,0.024693418629059938
2023-10-31,0.005082052808641269
2023-11-01,0.012069732445486592
2023-11-02,0.03722798561211649
2023-11-03,-0.009633167889587901
2023-11-06,0.0031376213972853506
2023-11-07,-0.013137336191748727
2023-11-08,-0.008240834469541047
2023-11-09,0.004314472588558882
2023-11-10,0.015433594255646055
2023-11-13,-0.0014101939463097013
2023-11-14,0.00753169686891475
2023-11-15,-0.011368883003439523
2023-11-16,0.010082060894426093
2023-11-17,0.005614444990602596
2023-11-20,-0.0018612375569743156
2023-11-21,0.009477924120903758
2023-11-22,0.0
2023-11-24,0.0036940357572088356
2023-11-27,0.0006134269070801057
2023-11-28,-0.009348585719778368
2023-11-29,0.0029394255029153715
2023-11-30,0.015116285741246571
2023-12-01,0.00243127667429488
2023-12-04,0.00045484495653247414
2023-12-05,-0.0015151807658857486
2023-12-06,-0.008042427953624864
2023-12-07,0.0006119253839651506
2023-12-08,0.00183441149800867
2023-12-11,0.009919192870712301
2023-12-12,0.01163501664545441
2023-12-13,0.009610930206359836
2023-12-14,-0.011007097107767039
2023-12-15,-0.007219069927510979
2023-12-18,0.006817232720332189
2023-12-19,0.014745728565129346
2023-12-20,-0.012158915022287942
2023-12-21,-0.0007506395146187339
2023-12-22,0.005407884052884837
2023-12-26,0.002988298486904073
2023-12-27,0.0002978339847572453
2023-12-28,0.010722464918510921
2023-12-29,-0.0017683315217416062
2024-01-02,0.016088639428000873
2024-01-03,-0.0033410401716086335
2024-01-04,0.000291524083549044
2024-01-05,0.005536769845214895
2024-01-08,-0.011447488307390064
2024-01-09,-0.005716929655584568
2024-01-10,-0.0035381693846516793
2024-01-11,-0.00443838648213124
2024-01-12,0.0031208735778904817
2024-01-16,-0.004148335319087648
2024-01-17,-0.006991953088607339
2024-01-18,0.007340714260023473
2024-01-19,0.023646679888843725
2024-01-22,0.006247449025978291
2024-01-23,-0.0037541320797132016
2024-01-24,0.002318896858999553
2024-01-25,-0.0026026239302319176
2024-01-26,0.00797328302028033
2024-01-29,-0.00230133390874232
2024-01-30,0.01455971477882767
2024-01-31,-0.012361312148520098
2024-02-01,-0.00992684753625972
2024-02-02,0.01176984212858434
2024-02-05,-0.010052972916877012
2024-02-06,-0.002321251527650059
2024-02-07,0.015122839159044554
2024-02-08,-0.020054328087661943
2024-02-09,0.010378497944908194
2024-02-12,0.00882525337798401
2024-02-13,0.0051625853723624715
2024-02-14,-0.013125711806649343
2024-02-15,0.01633645158456365
2024-02-16,-0.003698482996059016
2024-02-20,-0.027270056579464352
2024-02-21,0.008072759278410446
2024-02-22,0.03203256149204492
2024-02-23,0.006207798155662303
2024-02-26,0.0
2024-02-27,0.008833357743207593
2024-02-28,0.006671570806916272
2024-02-29,0.006350772336597865
2024-03-01,-0.0006860694849187832
2024-03-04,0.0045304324502719595
2024-03-05,0.010250156929675569
2024-03-06,0.0125812945926278
2024-03-07,-0.0017368817630043498
2024-03-08,-0.004148758190563262
2024-03-11,0.00671959676283862
2024-03-12,0.01308216847623811
2024-03-13,-0.0005296067384730208
2024-03-14,0.004768882556161813
2024-03-15,0.005537203560889381
2024-03-18,-0.012193631315421172
2024-03-19,0.0019910860736069846
2024-03-20,0.016558513326573987
2024-03-21,0.008730887274734922
2024-03-22,-0.013305816806482573
2024-03-25,0.002749441619034121
2024-03-26,0.010445232417340522
2024-03-27,0.012275398214250055
2024-03-28,-0.002169942964870719
2024-04-01,-0.006780146486762062
2024-04-02,0.004894429617222196
2024-04-03,-0.0028197734782642314
2024-04-04,-0.015167144402395971
2024-04-05,0.01422601526279843
2024-04-08,0.0018015229774830388
2024-04-09,-0.029929291338503416
2024-04-10,-0.0026482804693853668
2024-04-11,-0.015268176783546972
2024-04-12,-0.00660658897083688
2024-04-15,-0.008550266508027149
2024-04-16,0.010403820879387737
2024-04-17,-0.016664427123898484
2024-04-18,0.005648837543408725
2024-04-19,0.016988707074620857
2024-04-22,0.009834117082984317
2024-04-23,-0.00040006868472819423
2024-04-24,0.0005337429579648223
2024-04-25,-0.00453507417316068
2024-04-26,-0.0013399837396410597
2024-04-29,0.01623508562070408
2024-04-30,-0.005677331695477017
2024-05-01,0.006639215049067726
2024-05-02,0.030207122002526177
2024-05-03,0.004865702420272511
2024-05-06,0.01898554494785909
2024-05-07,0.003876520702419173
2024-05-08,-0.0048580932830417645
2024-05-09,-0.00012512683065402097
2024-05-10,0.0028793560693176623
2024-05-13,-0.013980705154132633
2024-05-14,0.00569684550073668
2024-05-15,-0.006797588965833379
2024-05-16,-0.0020278447117567655
2024-05-17,0.022860131087276914
2024-05-20,-0.021728445498206628
2024-05-21,-0.0013961082575015826
2024-05-22,0.0029231713152837457
2024-05-23,-0.016854603000627466
2024-05-24,0.005800485943811218
2024-05-28,-0.008586346181494564
2024-05-29,0.0027144088282087253
2024-05-30,0.008766336138089637
2024-05-31,0.007284312447526142
2024-06-03,-0.006343558618803202
2024-06-04,-0.021322665865379564
2024-06-05,-0.009784874021382284
2024-06-06,-0.0036888653325206633
2024-06-07,0.005289452402801986
2024-06-10,0.0
2024-06-11,-0.023809565521803466
2024-06-12,0.006333409447415006
2024-06-13,-0.007632426646323909
2024-06-14,-0.003934519115504909
2024-06-17,0.00762748019663273
2024-06-18,0.0020274872502650254
2024-06-20,0.010117239648967491
2024-06-21,0.0001337146855353577
2024-06-24,0.01495531457298327
2024-06-25,-0.019734313722374663
2024-06-26,-0.00026833902743306215
2024-06-27,0.006443643511628183
2024-06-28,-0.009737189324189988
2024-07-01,0.0033675913986304096
2024-07-02,0.011276716104788642
2024-07-03,-0.002389486136873953
2024-07-05,-0.016899700435515252
2024-07-08,0.012587964406292729
2024-07-09,0.012565317203954374
2024-07-10,0.002772260036366214
2024-07-11,0.013164732410385849
2024-07-12,0.002338978795094926
2024-07-15,0.0062223852739509145
2024-07-16,0.008631790833338648
2024-07-17,0.003704248883644512
2024-07-18,-0.006617437805346071
2024-07-19,-0.04663083963540515
2024-07-22,0.022305878559058856
2024-07-23,0.010515132952882311
2024-07-24,-0.021071801869177453
2024-07-25,-0.0001327289232267992
2024-07-26,0.02644493368989198
2024-07-29,0.00958085499552408
2024-07-30,0.013208407624880847
2024-07-31,0.002784402768584382
2024-08-01,-0.0545248021053687
2024-08-02,-0.039247062524066845
2024-08-05,-0.025149325235071518
2024-08-06,0.015393163478119254
2024-08-07,-0.009264277341633043
2024-08-08,0.02210250449346285
2024-08-09,-0.0011090508725782877
2024-08-12,-0.0062446347081708264
2024-08-13,0.00027909715714802275
2024-08-14,0.017869635011230844
2024-08-15,0.006994944100187306
2024-08-16,0.0019068965810007388
2024-08-19,0.011827098424169291
2024-08-20,-0.007389557846135486
2024-08-21,0.0063616390182494875
2024-08-22,0.0055145700663226105
2024-08-23,0.007490660125497373
2024-08-26,-0.009426487497782299
2024-08-27,-0.002412545361199836
2024-08-28,0.014644592595492778
2024-08-29,0.007944984767056962
2024-08-30,0.012217636815299082
2024-09-03,-0.013238291059362584
2024-09-04,0.008680921189164748
2024-09-05,-0.03716282051672826
2024-09-06,-0.026137382180124402
2024-09-09,0.01265455609312105
2024-09-10,-0.007003695949243438
2024-09-11,-0.0020742047866944002
2024-09-12,0.014135291321587973
2024-09-13,-0.0009566815448304178
2024-09-16,0.003988658036386594
2024-09-17,0.008218970136768755
2024-09-18,-0.004075932027789886
2024-09-19,0.008048954048279766
2024-09-20,-0.0017591793209278395
2024-09-23,0.007320908636093915
2024-09-24,-0.011843925925609122
2024-09-25,-0.0054481107505987
2024-09-26,0.001369541876833802
2024-09-27,0.0030086593941942574
2024-09-30,-0.001499764426885375
2024-10-01,-0.006964368840118751
2024-10-02,-0.003712857834905825
2024-10-03,-0.0015181878779425562
2024-10-04,0.05128552314862911
2024-10-07,-0.031689754068376264
2024-10-08,0.013443837528190228
2024-10-09,0.01299749901927405
2024-10-10,0.012301507739604256
2024-10-11,0.009146796813668034
2024-10-14,0.005049899464576901
2024-10-15,-0.008245322427558488
2024-10-16,0.002078443081342529
2024-10-17,0.026575050040057224
2024-10-18,-0.008081755408786306
2024-10-21,-0.012730751970186138
2024-10-22,-0.006705415194344533
2024-10-23,0.005192785350184526
2024-10-24,0.0032286997490378333
2024-10-25,-0.011070998220408246
2024-10-28,0.00859154800286599
2024-10-29,-0.010583492300418884
2024-10-30,0.0023480217451801177
2024-10-31,-0.012493481370308479
2024-11-01,-0.002108573510752887
2024-11-04,0.008056057337824996
2024-11-05,-0.012315026630967174
2024-11-06,0.021620883209836128
2024-11-07,-0.0055829341247176645
2024-11-08,-0.013187164530963025
2024-11-11,-0.002646204625470161
2024-11-12,-0.00689834544773249
2024-11-13,0.01643054223356577
2024-11-14,-0.004468162117097996
2024-11-15,0.00026393448777728423
2024-11-18,0.007126805364801925
2024-11-19,-0.013235348924494628
2024-11-20,-0.00849946429396553
2024-11-21,0.017680224584728954
2024-11-22,0.0010528481209215457
2024-11-25,-0.0014462327445432521
2024-11-26,0.004608323612347753
2024-11-27,0.011009201892276943
2024-11-29,-0.003370527473686602
2024-12-02,-0.011316228761029778
2024-12-03,-0.011972222632855245
2024-12-04,0.011451436772031975
2024-12-05,0.0023695575261684088
2024-12-06,-0.007617440330390024
2024-12-09,-0.01958703403286388
2024-12-10,-0.014578779469704317
2024-12-11,0.00876693686387231
2024-12-12,-0.016023900997456875
2024-12-13,0.005658357105441603
2024-12-16,-0.0052435778454050785
2024-12-17,-0.012068275249767613
2024-12-18,-0.017129938127792732
2024-12-19,0.015571281876709753
2024-12-20,0.022506847843396738
2024-12-23,-0.0030265954909060033
2024-12-24,0.0051055441785896605
2024-12-26,0.006864297811366216
2024-12-27,-0.0046357910262408986
2024-12-30,-0.0061644114006402795
2024-12-31,0.00344586782671219
