Date,ALB
2015-01-05,-0.03316215423967017
2015-01-06,-0.019550694484480435
2015-01-07,-0.004023048325982548
2015-01-08,0.03143668068732963
2015-01-09,0.0049378795337051695
2015-01-12,0.01152153725233851
2015-01-13,0.02160799908357469
2015-01-14,-0.02410232453290473
2015-01-15,-0.02419345331935241
2015-01-16,0.007576035032729855
2015-01-20,-0.012303850422672125
2015-01-21,0.014013780908085582
2015-01-22,0.01603861226251957
2015-01-23,-0.04550817665274698
2015-01-26,0.005277935596294636
2015-01-27,-0.013475876048519853
2015-01-28,-0.017739626484755577
2015-01-29,-0.13725855037309642
2015-01-30,0.010257333678904024
2015-02-02,-0.007045000456870065
2015-02-03,0.030467630852845762
2015-02-04,-0.010733266940260777
2015-02-05,0.018423978871818125
2015-02-06,0.026733308619611318
2015-02-09,0.0207521965982016
2015-02-10,0.0005749012915774454
2015-02-11,0.019359892188354433
2015-02-12,0.014667064818400855
2015-02-13,0.011675439760934436
2015-02-17,0.003663513206259461
2015-02-18,0.0012781774502588217
2015-02-19,-0.007838574024680911
2015-02-20,0.01910708450767995
2015-02-23,0.0016226874262419422
2015-02-24,0.009359157291390474
2015-02-25,0.004457898805792171
2015-02-26,-0.0005326115380088758
2015-02-27,0.004795821646010889
2015-03-02,0.001944545100007078
2015-03-03,0.0010584885019238044
2015-03-04,-0.023616511334083046
2015-03-05,-0.0021662099622091757
2015-03-06,-0.00814011897764344
2015-03-09,0.0012765156831788804
2015-03-10,-0.010200238589584187
2015-03-11,-0.014722286919107153
2015-03-12,0.0075117779768421045
2015-03-13,-0.013233923041681583
2015-03-16,-0.0028332551740903877
2015-03-17,-0.005683196297802562
2015-03-18,0.004953330967191638
2015-03-19,-0.020473586921018527
2015-03-20,0.01122486285410318
2015-03-23,-0.006507106642280047
2015-03-24,0.0017336835414927254
2015-03-25,-0.015769040444269855
2015-03-26,-0.0035172545859064597
2015-03-27,0.01078421065120616
2015-03-30,0.017071243376707734
2015-03-31,0.007819811829854695
2015-04-01,-0.005110011866856112
2015-04-02,0.006087407799359346
2015-04-06,0.03989413183949697
2015-04-07,0.00454498658997271
2015-04-08,0.011403189919370726
2015-04-09,0.05601285312583193
2015-04-10,-0.00440603745464907
2015-04-13,-0.006297858673922296
2015-04-14,0.010106074402786769
2015-04-15,0.005765730867298258
2015-04-16,-0.009610637233444796
2015-04-17,0.005277456919478674
2015-04-20,0.002370903808906588
2015-04-21,-0.007433541997434179
2015-04-22,0.003234031471551324
2015-04-23,0.00016973053385616055
2015-04-24,0.0008477594164417734
2015-04-27,-0.00813496546182435
2015-04-28,0.015891657955078298
2015-04-29,0.013456832690807108
2015-04-30,-0.00912876077189817
2015-05-01,0.012395357642818627
2015-05-04,-0.0052945349995641156
2015-05-05,-0.0019959818825469045
2015-05-06,0.0
2015-05-07,0.047166741824870684
2015-05-08,0.005252146104899547
2015-05-11,0.0014250912421327477
2015-05-12,-0.009011895940062464
2015-05-13,-0.0022337375975595153
2015-05-14,0.017429107737058525
2015-05-15,0.011786580731699026
2015-05-18,-0.0173964592113105
2015-05-19,-0.008852820472003309
2015-05-20,-0.002551566876348055
2015-05-21,0.0027181955966628646
2015-05-22,-0.01339496064655854
2015-05-26,-0.011475603518401711
2015-05-27,0.002616103021856775
2015-05-28,-0.011904744755300123
2015-05-29,-0.0072618539085860245
2015-06-01,-0.004987722709462905
2015-06-02,0.013534046988225024
2015-06-03,0.01302348677853904
2015-06-04,-0.002929351707355754
2015-06-05,-0.0022849262771207357
2015-06-08,-0.007197921639232829
2015-06-09,-0.0014830178518147052
2015-06-10,0.009405983241745464
2015-06-11,0.004741083428035475
2015-06-12,-0.02272379223957277
2015-06-15,-0.031114052823759786
2015-06-16,0.0010359814968392556
2015-06-17,0.008106259184820441
2015-06-18,0.02035922442324778
2015-06-19,-0.01743781042272219
2015-06-22,0.006996532714986792
2015-06-23,-0.000847296580844703
2015-06-24,-0.02238829950903254
2015-06-25,0.010930267001438398
2015-06-26,0.014243786783693535
2015-06-29,-0.04839232381976566
2015-06-30,-0.01724765393075056
2015-07-01,-0.01465552031093742
2015-07-02,0.010466700885710445
2015-07-06,-0.014174161517813255
2015-07-07,0.0
2015-07-08,-0.021751077137396102
2015-07-09,0.00697189581079094
2015-07-10,0.010479006697660553
2015-07-13,0.025555810716765492
2015-07-14,-0.000903151704164995
2015-07-15,-0.019157482322449626
2015-07-16,0.002763495357899659
2015-07-17,-0.025909645408609627
2015-07-20,-0.00490440303309736
2015-07-21,-0.012511523091433552
2015-07-22,-0.007295638819674655
2015-07-23,-0.007542060510415838
2015-07-24,-0.02942324270170782
2015-07-27,0.0
2015-07-28,0.0194743451819388
2015-07-29,0.022252532403528757
2015-07-30,0.02870351489169698
2015-07-31,0.014981461480710667
2015-08-03,-0.016789662659260185
2015-08-04,0.006380200911367817
2015-08-05,-0.00689885019709835
2015-08-06,-0.02797610862740163
2015-08-07,-0.010237852389477609
2015-08-10,0.028298225322344717
2015-08-11,-0.013095762807242672
2015-08-12,-0.016922532117347955
2015-08-13,-0.013693588427364345
2015-08-14,0.013685184436034392
2015-08-17,0.012913505778316958
2015-08-18,-0.012748873131466665
2015-08-19,-0.024065727097066447
2015-08-20,-0.011227171810962888
2015-08-21,-0.05089200610862721
2015-08-24,-0.0527664922111043
2015-08-25,-0.034731878806385064
2015-08-26,0.006308530073053209
2015-08-27,0.04782938717746088
2015-08-28,0.003766759552340959
2015-08-31,-0.0019865007998501882
2015-09-01,-0.052200944637138424
2015-09-02,-0.0028005526215928445
2015-09-03,0.0032765045131795123
2015-09-04,-0.010263765283750836
2015-09-08,0.01390546834319406
2015-09-09,0.0002321591041929416
2015-09-10,-0.005345264685763018
2015-09-11,-0.01869110788128725
2015-09-14,0.004075627059400455
2015-09-15,0.05706754861571062
2015-09-16,0.010617148767094964
2015-09-17,0.006928671025708377
2015-09-18,0.014650216416824291
2015-09-21,0.015095572181972106
2015-09-22,-0.014871084650210586
2015-09-23,-0.008750580194869073
2015-09-24,-0.0019860302480124714
2015-09-25,-0.0019907547345952015
2015-09-28,-0.07422979944788821
2015-09-29,0.017950988841418436
2015-09-30,0.03691521105624096
2015-10-01,0.024262942587106817
2015-10-02,0.021695624545456704
2015-10-05,0.027736040459321876
2015-10-06,0.003794887569437577
2015-10-07,0.027305261113602652
2015-10-08,0.03393988057803399
2015-10-09,0.002966276250694566
2015-10-12,-0.004140814727181308
2015-10-13,-0.004949120736350898
2015-10-14,0.023477890924542333
2015-10-15,0.0005832045904108352
2015-10-16,0.019040217322344066
2015-10-19,-0.0036226139201961383
2015-10-20,-0.0030613971007447116
2015-10-21,-0.017658596939910565
2015-10-22,0.023642114423258365
2015-10-23,0.0036269297072590856
2015-10-26,0.0019016448430835275
2015-10-27,-0.014237089024856986
2015-10-28,0.03177376285915945
2015-10-29,0.013251449845820717
2015-10-30,-0.014183242315423561
2015-11-02,0.01345277031584402
2015-11-03,0.007927928537009299
2015-11-04,-0.008231455927138587
2015-11-05,-0.08834365608626427
2015-11-06,0.025288381823177497
2015-11-09,-0.01499610262068074
2015-11-10,-0.006810936116089961
2015-11-11,-0.01371537422067537
2015-11-12,-0.04049095188772922
2015-11-13,0.014919161513126111
2015-11-16,0.007560044396215382
2015-11-17,0.011254796483868956
2015-11-18,0.047196674554402795
2015-11-19,-0.0023614859808410715
2015-11-20,0.019333028057922252
2015-11-23,0.008515733885238186
2015-11-24,0.017270930438003207
2015-11-25,-0.0020747267270393444
2015-11-27,0.0039695943367055175
2015-11-30,0.008472992910485422
2015-12-01,-0.011389221417298367
2015-12-02,-0.012653246611588509
2015-12-03,0.010520401125990508
2015-12-04,0.003028530909649163
2015-12-07,-0.035667235420790866
2015-12-08,-0.02583173932469851
2015-12-09,0.004821220385441638
2015-12-10,-0.016193284317943868
2015-12-11,-0.019828506141173485
2015-12-14,-0.003962586851854133
2015-12-15,0.01926322807297476
2015-12-16,0.06470825583972406
2015-12-17,0.011383341887934995
2015-12-18,-0.023655334452646115
2015-12-21,0.005470990648693164
2015-12-22,0.05538306935002457
2015-12-23,0.03645728745008836
2015-12-24,-0.006040206985314933
2015-12-28,0.014298371958256784
2015-12-29,-0.00035223290502295335
2015-12-30,-0.006874863304831891
2015-12-31,-0.0058575264512269465
2016-01-04,-0.008212422414342169
2016-01-05,-0.015301715584636
2016-01-06,-0.043692640670315974
2016-01-07,-0.04511546610468298
2016-01-08,-0.018818830559801936
2016-01-11,-0.01979209244302893
2016-01-12,0.018942540016416265
2016-01-13,-0.025331874373407892
2016-01-14,0.024942095555545718
2016-01-15,-0.02024539958971383
2016-01-19,0.010645107963359157
2016-01-20,-0.008467490288508461
2016-01-21,0.029577037008244877
2016-01-22,0.037628872179500616
2016-01-25,-0.025540808662110726
2016-01-26,0.03801501935552887
2016-01-27,-0.018311568701424807
2016-01-28,0.01629678345356389
2016-01-29,0.017001855575660585
2016-02-01,0.003419175048274825
2016-02-02,-0.018174995709065
2016-02-03,0.03200974342748353
2016-02-04,-0.02933505801711589
2016-02-05,-0.007892208705705839
2016-02-08,-0.053356810243392006
2016-02-09,0.02254563684239219
2016-02-10,0.004008746102076355
2016-02-11,0.0
2016-02-12,0.025753884872813604
2016-02-16,0.018294989238291315
2016-02-17,0.00860092523131617
2016-02-18,0.03335231165591113
2016-02-19,-0.0009170687480829498
2016-02-22,0.006424736474122561
2016-02-23,-0.03957697557194917
2016-02-24,0.012343188335854238
2016-02-25,0.03995509249656215
2016-02-26,0.020201928480473308
2016-02-29,-0.006011220156535879
2016-03-01,0.04340075519983411
2016-03-02,-0.016195021190476777
2016-03-03,-0.008490513681153722
2016-03-04,0.03407889205185599
2016-03-07,-0.006253170794068397
2016-03-08,-0.005442342157094715
2016-03-09,0.030095936181467442
2016-03-10,-0.014276166638462207
2016-03-11,0.0313236679626443
2016-03-14,-0.015016105667122748
2016-03-15,-0.01382876690005752
2016-03-16,0.04105412116675211
2016-03-17,0.013145375666906212
2016-03-18,-0.016819078905730644
2016-03-21,0.004235966054020102
2016-03-22,0.00843626672061859
2016-03-23,-0.0123874728939799
2016-03-24,0.008633459498504248
2016-03-28,0.0032299374438911066
2016-03-29,0.013522061850453015
2016-03-30,0.016359736284839776
2016-03-31,-0.0009378720817521113
2016-04-01,0.01986564585943129
2016-04-04,0.001994124059697233
2016-04-05,-0.012705161865293024
2016-04-06,0.023721152783339194
2016-04-07,-0.020294132457702396
2016-04-08,0.0024735742553894102
2016-04-11,0.006168144257014285
2016-04-12,0.0007662914360064832
2016-04-13,-0.0045940958409121935
2016-04-14,0.006922616280328864
2016-04-15,-0.001222095846543314
2016-04-18,0.0018359482808618655
2016-04-19,-0.002290383521212802
2016-04-20,0.004744277137636033
2016-04-21,-0.00015240342904421222
2016-04-22,0.009140862955933748
2016-04-25,0.005283414585460333
2016-04-26,0.01757041990248598
2016-04-27,0.0014762585255283511
2016-04-28,-0.021220423139600153
2016-04-29,-0.003914601968548315
2016-05-02,0.02630014033520811
2016-05-03,-0.008394554557640821
2016-05-04,-0.010991317732509165
2016-05-05,0.0076592268844044575
2016-05-06,0.022801739999168458
2016-05-09,-0.01967083850038487
2016-05-10,0.008621139486894469
2016-05-11,0.10005898238616306
2016-05-12,0.016342541918407782
2016-05-13,0.0038222421756615166
2016-05-16,0.021664972873991495
2016-05-17,-0.021077024473873496
2016-05-18,0.0
2016-05-19,-0.005251126124083183
2016-05-20,0.007786562873184133
2016-05-23,0.00013063197714724417
2016-05-24,-0.0003925232630251907
2016-05-25,0.033141135225719376
2016-05-26,0.002155654316531974
2016-05-27,0.013283947854598743
2016-05-31,-0.019852327950480975
2016-06-01,0.015031540512866481
2016-06-02,0.0020083353123314662
2016-06-03,0.0020039854712676775
2016-06-06,0.0119998652719433
2016-06-07,0.0040760550699467935
2016-06-08,-0.0009841200025073604
2016-06-09,-0.011697817563731228
2016-06-10,-0.005357567514346462
2016-06-13,-0.017290351699873918
2016-06-14,0.003199062398064889
2016-06-15,0.016709065565721826
2016-06-16,0.0035124958418430996
2016-06-17,0.035129790754791834
2016-06-20,0.002536137728654353
2016-06-21,0.007348610264548139
2016-06-22,-0.00358777512260533
2016-06-23,0.012961815465769355
2016-06-24,-0.06421729466877446
2016-06-27,-0.04608817551312483
2016-06-28,0.03915583264740463
2016-06-29,0.010601908532549498
2016-06-30,0.002401170812715181
2016-07-01,0.025343689255511892
2016-07-05,-0.017462017266504315
2016-07-06,0.012015174750613866
2016-07-07,0.005688831442925757
2016-07-08,0.027791407966392123
2016-07-11,0.0005985747025345489
2016-07-12,0.019012178209092623
2016-07-13,0.003872445728417162
2016-07-14,0.005727229410786183
2016-07-15,0.00360325641986603
2016-07-18,-0.0016216467725334027
2016-07-19,-0.00336372622545833
2016-07-20,0.00814701189949174
2016-07-21,-0.027129969325863312
2016-07-22,0.008781367203324564
2016-07-25,0.013998340444149271
2016-07-26,-0.007888994751515943
2016-07-27,-0.008185120830177861
2016-07-28,0.0034194588223599443
2016-07-29,-0.011044437134814733
2016-08-01,-0.003089031907764661
2016-08-02,0.005482152705656773
2016-08-03,-0.004504428714175446
2016-08-04,-0.022264714058984225
2016-08-05,0.002557348889334232
2016-08-08,-0.001942953676234982
2016-08-09,-0.001947469012731684
2016-08-10,0.0009755296174316364
2016-08-11,0.0059690467708781725
2016-08-12,0.005207057636335444
2016-08-15,0.012889787636222172
2016-08-16,-0.027949449383179448
2016-08-17,-0.01443770084819418
2016-08-18,0.009062694191053433
2016-08-19,0.01796249299278707
2016-08-22,0.013415364932510387
2016-08-23,0.0038169019807259286
2016-08-24,-0.023524417672357578
2016-08-25,0.004623697435941931
2016-08-26,-0.0094463595568276
2016-08-29,0.011737526255200637
2016-08-30,-0.012326641175604003
2016-08-31,-0.02153423177460534
2016-09-01,0.016631374041260027
2016-09-02,0.008118112107705855
2016-09-06,0.013177209385911715
2016-09-07,-0.0010842334940602827
2016-09-08,-0.024472398787949823
2016-09-09,-0.050667455986690424
2016-09-12,0.008070885365989211
2016-09-13,-0.013547495948538546
2016-09-14,-0.004862975892573229
2016-09-15,0.02020597214652131
2016-09-16,-0.00673127301363996
2016-09-19,0.011859864826288424
2016-09-20,-0.01094767849414624
2016-09-21,0.044276208296631925
2016-09-22,0.012595259793997782
2016-09-23,-0.005541807130843401
2016-09-26,0.011764614740359614
2016-09-27,0.012851991996874368
2016-09-28,0.025618914402333992
2016-09-29,-0.020265886835882485
2016-09-30,0.02814176675619251
2016-10-03,-0.007720198367307862
2016-10-04,-0.026051866537926682
2016-10-05,0.009924973556015404
2016-10-06,0.002397086030739848
2016-10-07,-0.015184481569055941
2016-10-10,0.013475920985513978
2016-10-11,-0.021083327199774127
2016-10-12,-0.0069748595495897625
2016-10-13,-0.008749056057636317
2016-10-14,0.0052210868029518576
2016-10-17,0.0049470354880034595
2016-10-18,0.0049225773432994835
2016-10-19,0.011388472941174177
2016-10-20,0.005206673714733379
2016-10-21,-0.009877463546718701
2016-10-24,0.014112104519126145
2016-10-25,-0.015114903800931057
2016-10-26,-0.012302338458872741
2016-10-27,0.011838615483092285
2016-10-28,0.010481568087788773
2016-10-31,0.007719193870701968
2016-11-01,-0.007779658299774006
2016-11-02,-0.007841069411342438
2016-11-03,0.0188449518673508
2016-11-04,-0.0038183512380011164
2016-11-07,0.0335407656878739
2016-11-08,-0.04091316583477567
2016-11-09,-0.02815715289795695
2016-11-10,0.01367811228176441
2016-11-11,-0.013370868842618955
2016-11-14,-0.04165103985093721
2016-11-15,0.03943952504247794
2016-11-16,0.01784841426221706
2016-11-17,0.017412487282312483
2016-11-18,-0.006146885718369854
2016-11-21,0.01685670465625111
2016-11-22,0.005366663038540498
2016-11-23,-0.004982324195480503
2016-11-25,0.0014305032077517321
2016-11-28,-0.00047611925772328423
2016-11-29,0.023701967206120722
2016-11-30,0.021291324313273297
2016-12-01,-0.024265114687553213
2016-12-02,-0.009223778456425635
2016-12-05,0.01673351495709885
2016-12-06,0.0004636367916255324
2016-12-07,0.028730571373033476
2016-12-08,0.033783735531919934
2016-12-09,-0.012091907571162297
2016-12-12,0.006946718829108134
2016-12-13,0.0011539594123843866
2016-12-14,-0.012950090878406262
2016-12-15,-0.001334125825661836
2016-12-16,-0.00656885665322926
2016-12-19,-0.002577493014743193
2016-12-20,0.0038200907774177395
2016-12-21,-0.0006714951090988075
2016-12-22,-0.009632633631601939
2016-12-23,0.004523920929813796
2016-12-27,0.002139170514179778
2016-12-28,-0.02730021213625078
2016-12-29,0.005659315314490598
2016-12-30,-0.011370095976628858
2017-01-03,0.022885734841394223
2017-01-04,0.030096213053888654
2017-01-05,-0.003417589876408167
2017-01-06,0.004646618941246183
2017-01-09,-0.0036337199049505386
2017-01-10,-0.006631570402087283
2017-01-11,0.038050957920996886
2017-01-12,0.004823096523721704
2017-01-13,0.0026665860101076078
2017-01-17,0.0037230193537038936
2017-01-18,-0.018547769418313487
2017-01-19,0.0048599267307776195
2017-01-20,0.0033313678379354172
2017-01-23,0.0036415971650323176
2017-01-24,0.019743911158461414
2017-01-25,-0.01622165576787815
2017-01-26,0.015744532999353522
2017-01-27,-0.0006281345227635571
2017-01-30,-0.00890807396130655
2017-01-31,-0.020408323617148283
2017-02-01,0.008311808188673053
2017-02-02,-0.005352767708790118
2017-02-03,0.014637859284093002
2017-02-06,0.0002120958220113156
2017-02-07,-0.015802090707218053
2017-02-08,0.016702080457027035
2017-02-09,-0.004663330022277035
2017-02-10,-0.002236225766035549
2017-02-13,0.011205914942350237
2017-02-14,-0.037572357763591246
2017-02-15,0.017216882214092122
2017-02-16,-0.0037732485699775165
2017-02-17,-0.00530246343517482
2017-02-21,0.02023486206548264
2017-02-22,-0.014288588318621454
2017-02-23,-0.00032458050072248223
2017-02-24,0.005626872050284559
2017-02-27,-0.005057180373563175
2017-02-28,0.0978798848353486
2017-03-01,0.01132909841165608
2017-03-02,0.003896073102744202
2017-03-03,0.016592626355754092
2017-03-06,-0.025389093623281345
2017-03-07,0.016453069985624902
2017-03-08,-0.010116686818188891
2017-03-09,-0.002336156084688179
2017-03-10,0.005366192652982216
2017-03-13,0.017229430125333067
2017-03-14,-0.005263033105655568
2017-03-15,0.012217389075012353
2017-03-16,-0.011499764725493522
2017-03-17,0.02115147343700685
2017-03-20,-0.0013179229342159537
2017-03-21,-0.01715849768505251
2017-03-22,0.009304737398253993
2017-03-23,-0.0006654040470451816
2017-03-24,-0.0066570944903682205
2017-03-27,0.001435911515244026
2017-03-28,0.002676741974251051
2017-03-29,0.0015261445718968147
2017-03-30,0.000951708012318031
2017-03-31,0.004755473292805901
2017-04-03,-0.005774374636854929
2017-04-04,0.004474939052353077
2017-04-05,-0.0027487355929259882
2017-04-06,0.007793729230445967
2017-04-07,-0.0008487088367381546
2017-04-10,-0.010194362612231611
2017-04-11,0.007152298113729083
2017-04-12,-0.014108282306249276
2017-04-13,-0.004802631708065386
2017-04-17,0.009747343915545548
2017-04-18,0.010895783387002256
2017-04-19,0.0006615415044040063
2017-04-20,-0.0030232362263196144
2017-04-21,-0.0039801864547945875
2017-04-24,0.016460475618105264
2017-04-25,0.01179437691699281
2017-04-26,0.0019427364202226904
2017-04-27,-0.0011080499664967158
2017-04-28,0.006748075191398639
2017-05-01,0.0044073751140132345
2017-05-02,-0.009233196730020099
2017-05-03,-0.0067353872303625995
2017-05-04,0.009846398524183009
2017-05-05,0.011958839561477808
2017-05-08,-0.004090636866333597
2017-05-09,-0.00209922123182138
2017-05-10,0.01134197834885975
2017-05-11,0.0015372407210547667
2017-05-12,-0.003250906604825521
2017-05-15,0.015129510050034156
2017-05-16,0.0028557590177684666
2017-05-17,-0.016285467661833253
2017-05-18,-0.004884952513054652
2017-05-19,0.0029091345928333734
2017-05-22,0.0023568155629938303
2017-05-23,0.010218729237130741
2017-05-24,0.0030435646199560296
2017-05-25,0.004819349800008643
2017-05-26,0.0023979284753496977
2017-05-30,-0.0035441923724157665
2017-05-31,0.010136939651324894
2017-06-01,-0.0021127829929251662
2017-06-02,0.006439872106873912
2017-06-05,-0.004207193476197024
2017-06-06,-0.008186059604172735
2017-06-07,0.0010649033384677598
2017-06-08,0.013032075855375469
2017-06-09,0.00988897167078373
2017-06-12,-0.0364819430396236
2017-06-13,0.016145026582295108
2017-06-14,-0.030090565065753694
2017-06-15,-0.029468071749213398
2017-06-16,0.019236132948469153
2017-06-19,0.002220298577848112
2017-06-20,-0.005446285622077163
2017-06-21,-0.0143865498276452
2017-06-22,-0.009322964570016357
2017-06-23,-0.003326873379799644
2017-06-26,0.0016216207462516063
2017-06-27,-0.005237583747863872
2017-06-28,0.02345206443960235
2017-06-29,-0.021043907995760724
2017-06-30,0.008312009258331088
2017-07-03,0.00464248811363932
2017-07-05,0.01876831064706108
2017-07-06,0.00027791370433649654
2017-07-07,0.017954397414612133
2017-07-10,0.01227409637391741
2017-07-11,0.014460331100932367
2017-07-12,0.03178373473559115
2017-07-13,0.009782018139244952
2017-07-14,-0.0009346233323682673
2017-07-17,-0.006038816184925633
2017-07-18,0.007444595080269956
2017-07-19,0.01214652909489522
2017-07-20,-0.010490308663886228
2017-07-21,0.003646957519389149
2017-07-24,0.002197154317125527
2017-07-25,0.0016864519403432254
2017-07-26,-0.013468186232037938
2017-07-27,-0.007081738038932084
2017-07-28,0.0011169556123591384
2017-07-31,-0.006008725561791772
2017-08-01,0.014076202818261052
2017-08-02,0.017201795231465145
2017-08-03,-0.005441557504663352
2017-08-04,0.006733807261337876
2017-08-07,0.029097024699675567
2017-08-08,-0.06231705583355074
2017-08-09,-0.019495837264346116
2017-08-10,-0.019529962257673228
2017-08-11,-0.014330805293434445
2017-08-14,0.013441828325275962
2017-08-15,0.009474002394296521
2017-08-16,0.01376480086216203
2017-08-17,-0.011549897428227873
2017-08-18,0.004281519161574154
2017-08-21,0.007904588745424324
2017-08-22,0.020620444017772188
2017-08-23,-0.003712400899713919
2017-08-24,-0.0045934692862508175
2017-08-25,0.0007835738209915899
2017-08-28,0.00417596067369308
2017-08-29,-0.008403683975940268
2017-08-30,0.006203195657117799
2017-08-31,0.009464339566547686
2017-09-01,0.0203853645648564
2017-09-05,-0.01652210554881961
2017-09-06,0.017056471098983783
2017-09-07,-0.004803376379723057
2017-09-08,0.001609045103875939
2017-09-11,0.047091658099381206
2017-09-12,0.006378484485960678
2017-09-13,0.007702201696519584
2017-09-14,0.005747234044336524
2017-09-15,0.010238120617257929
2017-09-18,0.029303329183806293
2017-09-19,0.027705512372977026
2017-09-20,0.010620066211504575
2017-09-21,-0.008744805741337958
2017-09-22,-0.004448078370252961
2017-09-25,-0.04021163260446681
2017-09-26,-0.003646429094693482
2017-09-27,0.01245919022055575
2017-09-28,0.017689743758748655
2017-09-29,0.030153755256579817
2017-10-02,0.002274271643508019
2017-10-03,0.005855878471647591
2017-10-04,0.005821601926192299
2017-10-05,0.010418122384112216
2017-10-06,-0.017685956757326426
2017-10-09,-0.0046646705555587475
2017-10-10,0.008934177764853724
2017-10-11,-0.0025404152217402
2017-10-12,-0.0008733234802001943
2017-10-13,0.011944619949854074
2017-10-16,0.008780863667048777
2017-10-17,-0.005351084285302177
2017-10-18,0.0017933313077389545
2017-10-19,-0.0012174253969199356
2017-10-20,0.009248181607412143
2017-10-23,-0.01598261354968944
2017-10-24,0.0013716216984465124
2017-10-25,-0.0013697429293232366
2017-10-26,0.0036819466147082203
2017-10-27,0.00028735054634965174
2017-10-30,0.0030915102624939905
2017-10-31,0.00989228054913105
2017-11-01,0.010220687904239023
2017-11-02,-0.038080728113997875
2017-11-03,0.022861879715381006
2017-11-06,0.013781474391903581
2017-11-07,0.008171209475000163
2017-11-08,0.010130547067054296
2017-11-09,-0.025868239160657613
2017-11-10,-0.0015620938623600589
2017-11-13,0.019556662495167965
2017-11-14,-0.03989712640514409
2017-11-15,-0.022593418740605054
2017-11-16,0.005872074835862273
2017-11-17,0.006502652578900259
2017-11-20,-0.005946863684373471
2017-11-21,0.009600961953707632
2017-11-22,-0.01060712629497107
2017-11-24,0.013382599696420083
2017-11-27,-0.006055612706709512
2017-11-28,0.0048444909937062075
2017-11-29,-0.03608712438230255
2017-11-30,0.01796130106800775
2017-12-01,-0.016155505217320565
2017-12-04,-0.02118794222848619
2017-12-05,-0.010513991999708261
2017-12-06,-0.00398482343798956
2017-12-07,0.012551059966780631
2017-12-08,0.011775715894903893
2017-12-11,0.004134595963443788
2017-12-12,-0.005947926103911483
2017-12-13,-0.0019944185901483724
2017-12-14,-0.016951677827710787
2017-12-15,0.015598075194541483
2017-12-18,0.019371642413811063
2017-12-19,-0.0004542218907833684
2017-12-20,-0.0052265013474164235
2017-12-21,-0.02040664972592976
2017-12-22,0.004974690877678212
2017-12-26,-0.0019336500917234156
2017-12-27,-0.004727129230980287
2017-12-28,0.0001556883880140525
2017-12-29,-0.004359648510737335
2018-01-02,0.028462327176665525
2018-01-03,0.0019763748290269056
2018-01-04,-0.011912609286465092
2018-01-05,0.011518779107758226
2018-01-08,0.043501423563201636
2018-01-09,-0.01462360341680402
2018-01-10,-0.018310533368551707
2018-01-11,0.013011233309489167
2018-01-12,-0.008686569036344793
2018-01-16,-0.04134202986372826
2018-01-17,-0.00820344041215515
2018-01-18,-0.07120886128929782
2018-01-19,-0.016114014961064127
2018-01-22,-0.021377791897679632
2018-01-23,-0.004668073256985816
2018-01-24,-0.0053097682527021295
2018-01-25,0.040035692633009656
2018-01-26,-0.021300231563528893
2018-01-29,-0.023861891935414437
2018-01-30,-0.0027755188856534163
2018-01-31,0.001975364340300878
2018-02-01,-0.0214175840314188
2018-02-02,-0.03379132769630111
2018-02-05,-0.0034119566117227773
2018-02-06,0.02272932131857308
2018-02-07,-0.00846180233412619
2018-02-08,-0.013598589217272306
2018-02-09,0.024148896389146524
2018-02-12,0.035926745766032164
2018-02-13,-0.028138886323480605
2018-02-14,0.030152528071049067
2018-02-15,0.025868008455288694
2018-02-16,-0.020678911910090636
2018-02-20,0.020848453192753524
2018-02-21,-0.013702331542500779
2018-02-22,0.00592859685937519
2018-02-23,0.04459904147561877
2018-02-26,-0.07284206330027798
2018-02-27,0.013351151953376883
2018-02-28,-0.0998474359780035
2018-03-01,-0.04401073007364564
2018-03-02,-0.010311385451809318
2018-03-05,0.014944440527836944
2018-03-06,0.03836561789788773
2018-03-07,-0.0008987305157307501
2018-03-08,-0.007696318214228559
2018-03-09,0.02497981100668767
2018-03-12,0.01208722599715717
2018-03-13,0.0013593477033930768
2018-03-14,-0.02397962067256698
2018-03-15,-0.022525583062877774
2018-03-16,0.0030591670782074143
2018-03-19,-0.01484209554136251
2018-03-20,-0.016407026531080393
2018-03-21,0.022555529555946308
2018-03-22,-0.03447210342546714
2018-03-23,-0.009244449550178002
2018-03-26,0.012011936080346342
2018-03-27,-0.009856007155739754
2018-03-28,-0.041421331508086356
2018-03-29,0.03550713362687974
2018-04-02,-0.04075867034310943
2018-04-03,0.016411393364134108
2018-04-04,0.013050233570341296
2018-04-05,0.0455240880539336
2018-04-06,-0.04145363570256677
2018-04-09,-0.006318200287453557
2018-04-10,0.012168460675417325
2018-04-11,0.01061421767668369
2018-04-12,0.0008573388512471691
2018-04-13,0.022593404461285438
2018-04-16,0.014345805405208134
2018-04-17,-0.002477841368781597
2018-04-18,0.02235326563128326
2018-04-19,-0.0020245811804294744
2018-04-20,-0.008519996040667
2018-04-23,-0.004194488513587613
2018-04-24,-0.016026002831863173
2018-04-25,-0.003341269522422974
2018-04-26,0.011418582663663912
2018-04-27,0.0041428423796947556
2018-04-30,0.00010335001697892032
2018-05-01,0.006806762387260301
2018-05-02,0.0022534374495153386
2018-05-03,0.0005114471475784477
2018-05-04,0.022167379212916893
2018-05-07,0.0004997632036276567
2018-05-08,0.006093325349863399
2018-05-09,0.01022620438330879
2018-05-10,-0.03302182825044642
2018-05-11,0.0015243948097836135
2018-05-14,0.007103584296339838
2018-05-15,0.015820651878801106
2018-05-16,0.015276162297813034
2018-05-17,0.023937274029104172
2018-05-18,0.0011452146474029146
2018-05-21,-0.008101627909346987
2018-05-22,-0.016623548650488096
2018-05-23,-0.004885386877241493
2018-05-24,-0.06696782612894281
2018-05-25,-0.0021048193477851695
2018-05-29,-0.018878014183263514
2018-05-30,0.00601961676974061
2018-05-31,-0.001282295922374499
2018-06-01,0.008452147317629777
2018-06-04,0.0019097271383221592
2018-06-05,0.002223575030767977
2018-06-06,0.010776513924956932
2018-06-07,-0.004703909049015964
2018-06-08,0.001575586456747713
2018-06-11,0.0
2018-06-12,0.003879355744426105
2018-06-13,-0.016294267926750816
2018-06-14,-0.0019709818826301184
2018-06-15,-0.003523528380017238
2018-06-18,-0.004928303973747328
2018-06-19,-0.01582894920140654
2018-06-20,0.002297713375425392
2018-06-21,0.0039295149101490345
2018-06-22,0.016201063857057996
2018-06-25,-0.01604969170702486
2018-06-26,0.006089619017902281
2018-06-27,0.009619522921430201
2018-06-28,0.0024621312147437013
2018-06-29,0.007368789634056849
2018-07-02,-0.009011039483957206
2018-07-03,0.0335901263944578
2018-07-05,-0.019043438543110303
2018-07-06,0.00801833450107492
2018-07-09,0.004605475074196619
2018-07-10,-0.0017713658328496473
2018-07-11,-0.011793953078139352
2018-07-12,0.007076146130884808
2018-07-13,0.002307326531668208
2018-07-16,-0.006382732165792104
2018-07-17,0.02116682135872483
2018-07-18,-0.002371740878743367
2018-07-19,-0.005478501376758649
2018-07-20,-0.024010100483344843
2018-07-23,-0.03173587270589673
2018-07-24,-0.00021999392248328586
2018-07-25,0.009791329907601565
2018-07-26,0.013835558077105459
2018-07-27,0.002149169376419069
2018-07-30,-0.009007099504163785
2018-07-31,0.019260046302255862
2018-08-01,-0.033864126308694176
2018-08-02,0.011097599413536496
2018-08-03,0.006411421245027915
2018-08-06,0.0005402202736162209
2018-08-07,0.0016187897685751018
2018-08-08,0.06421690751822617
2018-08-09,0.020148154641737692
2018-08-10,-0.022429439932639905
2018-08-13,-0.02913718584429903
2018-08-14,0.017776822058240827
2018-08-15,-0.01839110085499407
2018-08-16,0.015909543565841178
2018-08-17,-0.01669060671135536
2018-08-20,0.0010476996057633414
2018-08-21,-0.0073267484629389035
2018-08-22,-0.0032686110367020627
2018-08-23,-0.008039985316327325
2018-08-24,0.023781735539778248
2018-08-27,0.009270903186579638
2018-08-28,0.0005158369833901943
2018-08-29,-0.002269222244176805
2018-08-30,-0.017266368030423473
2018-08-31,0.0049447811149418985
2018-09-04,0.010992598726755842
2018-09-05,-0.0012429102379192258
2018-09-06,0.012545476482363815
2018-09-07,-0.0048125441956728965
2018-09-10,0.0020576694760927605
2018-09-11,0.014888848590367765
2018-09-12,0.006272493468522322
2018-09-13,0.014981185261067953
2018-09-14,0.0028826148917426853
2018-09-17,0.015361800110468282
2018-09-18,0.005953959388298458
2018-09-19,0.02357840873428363
2018-09-20,0.010522173928931178
2018-09-21,-0.011069316163396348
2018-09-24,-0.004553131514296371
2018-09-25,-0.02296564356678632
2018-09-26,-0.011801174155784966
2018-09-27,-0.0036517985452391155
2018-09-28,-0.011590109132981197
2018-10-01,0.010623346321827487
2018-10-02,0.010015808105650947
2018-10-03,0.021502373111344397
2018-10-04,0.0017299813033426759
2018-10-05,-0.01113010291518135
2018-10-08,-0.007859631848161963
2018-10-09,-0.048606257259311
2018-10-10,-0.016550352758161524
2018-10-11,-0.013693056743498522
2018-10-12,0.007736773017646303
2018-10-15,0.010095686012979721
2018-10-16,0.011348510297999548
2018-10-17,-0.008441742003547859
2018-10-18,-0.006748540660745261
2018-10-19,-0.00041795781720088687
2018-10-22,0.01704489215467153
2018-10-23,-0.011309720269072843
2018-10-24,-0.026206461767225075
2018-10-25,0.018902133726454773
2018-10-26,-0.0017817307134442295
2018-10-29,-0.0008399529268149353
2018-10-30,0.020596717660087416
2018-10-31,0.02162284094670963
2018-11-01,0.06248730079364395
2018-11-02,0.009675533360772315
2018-11-05,-0.0021606759182518642
2018-11-06,0.014876184138904014
2018-11-07,0.001855509211568851
2018-11-08,-0.019631629644312865
2018-11-09,-0.0329648501249844
2018-11-12,-0.04209817386076509
2018-11-13,0.011522575990331907
2018-11-14,0.007459597953657582
2018-11-15,0.02761645431038562
2018-11-16,-0.016747737373735694
2018-11-19,-0.013566979508760069
2018-11-20,-0.03885174782204304
2018-11-21,-0.002297786050083128
2018-11-23,0.013086550003291508
2018-11-26,-0.0016535179900009078
2018-11-27,-0.01221420030613396
2018-11-28,0.012470027763064495
2018-11-29,-0.002070019968046677
2018-11-30,-0.0010371135583410185
2018-12-03,0.022217480332418882
2018-12-04,-0.0535241249942251
2018-12-06,-0.021461384411922357
2018-12-07,-0.027854183624730022
2018-12-10,0.004399341886147212
2018-12-11,0.0004492670954863165
2018-12-12,-0.003367896220848543
2018-12-13,-0.005709706151972416
2018-12-14,-0.033772935709206364
2018-12-17,-0.052489043112368794
2018-12-18,0.0064585879944201174
2018-12-19,-0.01517945453519276
2018-12-20,-0.04561414167416444
2018-12-21,-0.017331814146268276
2018-12-24,-0.02284890358588143
2018-12-26,0.04307409390704242
2018-12-27,0.012323120580232771
2018-12-28,-0.006215844946060645
2018-12-31,0.004300040880402811
2019-01-02,0.013494272659600792
2019-01-03,-0.06938945884788017
2019-01-04,0.0488377679074643
2019-01-07,0.004459139126430145
2019-01-08,0.009793945976003915
2019-01-09,-0.006336379095604472
2019-01-10,0.005596015975731783
2019-01-11,0.0018114762404779494
2019-01-14,-0.005683623736274512
2019-01-15,-0.04326370339249119
2019-01-16,0.003938305201854675
2019-01-17,0.018395562682762323
2019-01-18,0.01779773806005669
2019-01-22,-0.016442277066168964
2019-01-23,-0.019238648344228615
2019-01-24,0.0013527600068066192
2019-01-25,0.03458495288054508
2019-01-28,0.006659831050189524
2019-01-29,0.015955804090012737
2019-01-30,0.024131375872708416
2019-01-31,0.0064832652908621835
2019-02-01,0.0070606206692740425
2019-02-04,0.007871805133835785
2019-02-05,-0.007566333769397748
2019-02-06,0.0106986837385048
2019-02-07,-0.01885879699990356
2019-02-08,0.004588130692357861
2019-02-11,-0.0018515494567101776
2019-02-12,-0.005070557593412128
2019-02-13,0.015910469709719877
2019-02-14,-0.016028318483049087
2019-02-15,0.011812821252781935
2019-02-19,0.021629921162304555
2019-02-20,-0.0038496591703346406
2019-02-21,0.07788946442316935
2019-02-22,-0.0008966701508138497
2019-02-25,0.026799825735933203
2019-02-26,-0.006224607687059347
2019-02-27,0.014065995146866461
2019-02-28,-0.010728457643052303
2019-03-01,-0.005477107301133821
2019-03-04,-0.0253330989358157
2019-03-05,-0.006328391806198819
2019-03-06,-0.017741115397539753
2019-03-07,-0.020493486377187287
2019-03-08,-0.019267042596793127
2019-03-11,0.030613298078054463
2019-03-12,-0.00046750968433795226
2019-03-13,0.008657701499644954
2019-03-14,-0.012953738112808089
2019-03-15,0.008143220753793479
2019-03-18,0.011824124702386918
2019-03-19,-0.01388413572042091
2019-03-20,-0.009269043621009554
2019-03-21,0.012671860885364206
2019-03-22,-0.032627881016226934
2019-03-25,-0.013781459215452152
2019-03-26,-0.006619261601856885
2019-03-27,-0.010982346813257604
2019-03-28,0.01272607883711152
2019-03-29,0.00997935274614603
2019-04-01,0.02707968392853477
2019-04-02,-0.015439407465317578
2019-04-03,0.015802088674879533
2019-04-04,0.015912639363644177
2019-04-05,0.006896450086519623
2019-04-08,0.009287253733418543
2019-04-09,-0.02484421501867018
2019-04-10,0.009081862680976105
2019-04-11,-0.03319708621129802
2019-04-12,0.011486173498844288
2019-04-15,-0.016734382635893108
2019-04-16,0.011548702468777039
2019-04-17,-0.013339747635232935
2019-04-18,0.00572463246853272
2019-04-22,-0.004844398413194284
2019-04-23,-0.037970129510660144
2019-04-24,-0.02846303653011162
2019-04-25,-0.025130033488638737
2019-04-26,0.009215975169402535
2019-04-29,0.0019850772860634525
2019-04-30,-0.008585324958981344
2019-05-01,-0.013189579751290426
2019-05-02,0.027271503591220103
2019-05-03,0.012616854623887175
2019-05-06,0.0
2019-05-07,-0.01557448550199092
2019-05-08,-0.04311170843890766
2019-05-09,0.0004135906410347445
2019-05-10,0.0002754227098875628
2019-05-13,-0.056174759268488694
2019-05-14,0.02436162848398582
2019-05-15,-0.00911403239573605
2019-05-16,-0.0024435760492115266
2019-05-17,-0.023771611649220814
2019-05-20,0.00029513633437971976
2019-05-21,0.010622690988711048
2019-05-22,-0.007883443128660406
2019-05-23,-0.023837524615637817
2019-05-24,0.006934186122737884
2019-05-28,0.009430835130562532
2019-05-29,-0.024172933540132058
2019-05-30,-0.0034956087439381722
2019-05-31,-0.034619510491987415
2019-06-03,0.02764626720357044
2019-06-04,0.038278190704619464
2019-06-05,-0.002517014718610433
2019-06-06,0.016179338131976584
2019-06-07,0.009056160736705898
2019-06-10,0.026780620280929535
2019-06-11,0.0352461936098909
2019-06-12,-0.017023097417527167
2019-06-13,0.013201366401983439
2019-06-14,-0.025838688983918945
2019-06-17,0.005078798096178394
2019-06-18,-0.006597269764529234
2019-06-19,-0.025857917303640177
2019-06-20,0.007977534007823861
2019-06-21,-0.016549347291476946
2019-06-24,-0.004828740497281325
2019-06-25,-0.00323469935211973
2019-06-26,0.02021004668211268
2019-06-27,0.0052045075424014264
2019-06-28,0.012802465077846215
2019-07-01,-0.0011360642318738456
2019-07-02,-0.006540532326887005
2019-07-03,0.02390105937953768
2019-07-05,-0.01439736643697509
2019-07-08,-0.004538280624118873
2019-07-09,0.006126204804014046
2019-07-10,-0.0018409506943296572
2019-07-11,0.0012768999813972393
2019-07-12,0.029044786855313864
2019-07-15,-0.0028910025895629854
2019-07-16,0.008698951816132228
2019-07-17,-0.005612407780664963
2019-07-18,0.004956197308593868
2019-07-19,0.02013635861608365
2019-07-22,-0.017322018106254555
2019-07-23,0.019130785050411436
2019-07-24,0.012737629290561214
2019-07-25,-0.012180373233094177
2019-07-26,-0.00040194535357140904
2019-07-29,-0.01997854249166464
2019-07-30,0.006977882184191708
2019-07-31,-0.008695828648390913
2019-08-01,-0.046189898099657234
2019-08-02,-0.01307632649963475
2019-08-05,-0.04761211570966295
2019-08-06,0.0006115161215620724
2019-08-07,0.032696559603689224
2019-08-08,0.08729102659813814
2019-08-09,-0.0440877310081893
2019-08-12,-0.04085391504008662
2019-08-13,0.015880192335013588
2019-08-14,-0.060774441817762814
2019-08-15,-0.04090850861345929
2019-08-16,0.023191914649578482
2019-08-19,0.029006013025387523
2019-08-20,-0.01155269414349347
2019-08-21,0.02711556416330363
2019-08-22,-0.04081314781196799
2019-08-23,-0.051724207699355484
2019-08-26,0.014345509364418252
2019-08-27,-0.024831631040495572
2019-08-28,0.00033726200310391086
2019-08-29,0.01972362743186551
2019-08-30,0.02049915487831222
2019-09-03,-0.02429912776526666
2019-09-04,0.01793113918063627
2019-09-05,0.027075426936989944
2019-09-06,0.004128940741129572
2019-09-09,0.03368654891856715
2019-09-10,0.04467552475700565
2019-09-11,0.014206527125977031
2019-09-12,0.005777854627819101
2019-09-13,0.0
2019-09-16,-0.006351001089098474
2019-09-17,-0.015688544991057207
2019-09-18,-0.005312704614931718
2019-09-19,0.013204332077555447
2019-09-20,0.008346996177609034
2019-09-23,-0.00929419102183593
2019-09-24,-0.00483751739964311
2019-09-25,0.006039292703052368
2019-09-26,-0.016251794713121992
2019-09-27,0.014138964224632122
2019-09-30,0.020252128400629843
2019-10-01,-0.017404566145994393
2019-10-02,-0.02547225285947896
2019-10-03,0.009914531853711273
2019-10-04,-0.013535880201248629
2019-10-07,-0.00965009001589412
2019-10-08,-0.030146263056791245
2019-10-09,-0.0015699929357727571
2019-10-10,0.029245386818670616
2019-10-11,0.052704467927505716
2019-10-14,-0.019591155906370172
2019-10-15,0.004588681119588545
2019-10-16,-0.00427303935972323
2019-10-17,0.009470349837590764
2019-10-18,-0.015977801132720737
2019-10-21,0.0016385865395138755
2019-10-22,-0.006692436921239775
2019-10-23,0.010031444703170411
2019-10-24,0.029498848117618603
2019-10-25,-0.08437712784862084
2019-10-28,0.0023589015682035086
2019-10-29,-0.011139070971397658
2019-10-30,-0.0057115199585757725
2019-10-31,-0.0307962378585539
2019-11-01,0.06173845813288392
2019-11-04,0.049775169311143896
2019-11-05,-0.004874492946338016
2019-11-06,-0.009648275040262777
2019-11-07,0.06999434249096859
2019-11-08,-0.04776585970038838
2019-11-11,-0.0036775340236195886
2019-11-12,-0.03573022066357656
2019-11-13,-0.0019904192417541378
2019-11-14,0.005523058764043132
2019-11-15,0.009154495146682207
2019-11-18,0.014514966317307865
2019-11-19,-0.009538034484481872
2019-11-20,-0.021215747000619123
2019-11-21,0.001229827286619356
2019-11-22,-0.0035313158994539906
2019-11-25,0.0036978191259073867
2019-11-26,0.006907937701664979
2019-11-27,-0.0013720089769410082
2019-11-29,-0.0018318795159025791
2019-12-02,-0.005200509937862363
2019-12-03,-0.021371443233113574
2019-12-04,-0.011468913777546663
2019-12-05,0.012078871231459898
2019-12-06,0.009736277986385211
2019-12-09,0.006531839237554626
2019-12-10,0.008961456977295112
2019-12-11,0.005666270424126152
2019-12-12,0.0416219152959596
2019-12-13,-0.020435294703538442
2019-12-16,-0.006453394367097021
2019-12-17,0.03882180972561211
2019-12-18,0.0018905438268961294
2019-12-19,0.007982450455910728
2019-12-20,0.013103055722482049
2019-12-23,0.029419888877842082
2019-12-24,-0.0015185701121285256
2019-12-26,0.0023505632728832992
2019-12-27,-0.006621565777072624
2019-12-30,-0.0011107427149662508
2019-12-31,0.01543140178202429
2020-01-02,-0.00588687504127916
2020-01-03,-0.014323592040680233
2020-01-06,-0.001117343539400406
2020-01-07,0.013148410522975773
2020-01-08,-0.01725783089135613
2020-01-09,0.021916342271897093
2020-01-10,-0.008798670475993808
2020-01-13,0.05214981776964711
2020-01-14,0.03058278339945164
2020-01-15,0.02481446911229157
2020-01-16,0.0037443491685829056
2020-01-17,0.005968934905236756
2020-01-21,0.005191222977914078
2020-01-22,0.0007379597480698941
2020-01-23,0.006389898449892684
2020-01-24,-0.008791306703375135
2020-01-27,-0.027593011600376527
2020-01-28,0.015961178067109394
2020-01-29,0.006608898640043659
2020-01-30,0.0006192921485685954
2020-01-31,-0.006189694909760068
2020-02-03,0.006352696891662513
2020-02-04,0.1193219860870327
2020-02-05,-0.03151620097804042
2020-02-06,-0.007193515090369806
2020-02-07,-0.050718987430181994
2020-02-10,0.008602198601156186
2020-02-11,0.017537512309967696
2020-02-12,0.02502640703077441
2020-02-13,0.012668411414561875
2020-02-14,0.019447287615148356
2020-02-18,-0.010486349533814554
2020-02-19,0.0072152300377961165
2020-02-20,0.05563025130235855
2020-02-21,-0.019934268782397235
2020-02-24,-0.03050954537659145
2020-02-25,-0.04218279081829379
2020-02-26,-0.0020970736545410373
2020-02-27,-0.05662590137993828
2020-02-28,0.012994678801620196
2020-03-02,0.029932991481153248
2020-03-03,-0.01791175854027305
2020-03-04,0.042033687683494136
2020-03-05,-0.017387304969148976
2020-03-06,-0.025598573979713213
2020-03-09,-0.11670700824889335
2020-03-10,0.030564828580829317
2020-03-11,-0.06809416202071905
2020-03-12,-0.07024488153157693
2020-03-13,0.04969943673675181
2020-03-16,-0.13306890718107323
2020-03-17,0.13738112444949957
2020-03-18,0.023561174821233433
2020-03-19,-0.09761066688995002
2020-03-20,-0.13706838977000013
2020-03-23,-0.04770809653611352
2020-03-24,0.10078605903066018
2020-03-25,0.0712117727297259
2020-03-26,0.007330996943090584
2020-03-27,-0.08997689362791395
2020-03-30,0.01054154351650105
2020-03-31,0.013848886542484617
2020-04-01,-0.02714208475087254
2020-04-02,-0.021517244584811412
2020-04-03,-0.017890279898742367
2020-04-06,0.08026571448023923
2020-04-07,0.0012294150161880069
2020-04-08,0.08456162445249293
2020-04-09,0.08411497579732652
2020-04-13,-0.05535657033375618
2020-04-14,0.005844316536800065
2020-04-15,-0.08527020463732427
2020-04-16,0.0054935418482255916
2020-04-17,0.049513324001539294
2020-04-20,-0.02391400148143985
2020-04-21,-0.035666567788856574
2020-04-22,0.02748014213929517
2020-04-23,0.020353108646451012
2020-04-24,0.014342165421681985
2020-04-27,0.01170189614980277
2020-04-28,0.033092206875650954
2020-04-29,0.005597864133503938
2020-04-30,-0.05010044792828228
2020-05-01,-0.06495191172387693
2020-05-04,-0.003133727887584925
2020-05-05,0.021131616141131238
2020-05-06,-0.009235435578147655
2020-05-07,0.03124443206015126
2020-05-08,0.07549405350288141
2020-05-11,0.0024899467177303958
2020-05-12,-0.079956413327535
2020-05-13,0.011137284963250949
2020-05-14,-0.0035046092744731583
2020-05-15,0.02746618779036747
2020-05-18,0.042053794454363747
2020-05-19,-0.006569692207653577
2020-05-20,0.07290186649024477
2020-05-21,-0.0024948689711303818
2020-05-22,0.002059933458225638
2020-05-26,0.10013224741708737
2020-05-27,0.001467746466406794
2020-05-28,0.01186052612363131
2020-05-29,0.007770110194251112
2020-06-01,0.011761613172786012
2020-06-02,0.015112173243081894
2020-06-03,0.004453928898272341
2020-06-04,0.013047613954913606
2020-06-05,0.05427058103054194
2020-06-08,0.02882193387835663
2020-06-09,-0.020059945777960997
2020-06-10,-0.013411643766540915
2020-06-11,-0.10727761357752441
2020-06-12,0.03757389555563484
2020-06-15,-0.011769574634294178
2020-06-16,0.03690635269712872
2020-06-17,-0.0007573533956173328
2020-06-18,-0.004547258295049095
2020-06-19,-0.005836739644623945
2020-06-22,-0.03280150804039317
2020-06-23,0.004486769850928329
2020-06-24,-0.036784006313163364
2020-06-25,0.00859243095505735
2020-06-26,0.009330439611327401
2020-06-29,0.022641817459832847
2020-06-30,0.011529273571816878
2020-07-01,-0.014894490555990902
2020-07-02,0.03286854166270481
2020-07-06,0.03385975654473605
2020-07-07,-0.03964543306239787
2020-07-08,-0.0006408385060030497
2020-07-09,-0.02822347574198758
2020-07-10,0.04145201581391955
2020-07-13,0.033844819468040965
2020-07-14,0.0317557251908398
2020-07-15,0.029114915405857422
2020-07-16,-0.0017321554352908164
2020-07-17,0.023250166678833173
2020-07-20,-0.01605248191681985
2020-07-21,0.001608933456569428
2020-07-22,0.0058496275348471904
2020-07-23,0.0027368707194641573
2020-07-24,-0.010121784148247936
2020-07-27,-0.014476037836812172
2020-07-28,-0.024247913487443262
2020-07-29,0.0015533303489567718
2020-07-30,-0.009901316490206424
2020-07-31,-0.0065058970431352
2020-08-03,0.010550487798496544
2020-08-04,0.024000935554745695
2020-08-05,0.03832194929787658
2020-08-06,-0.05936791881361381
2020-08-07,0.013198773647479678
2020-08-10,0.03292259200435743
2020-08-11,0.059963551996955244
2020-08-12,-0.015467797498421088
2020-08-13,0.006372265327495796
2020-08-14,0.00862433532914686
2020-08-17,-0.006710700913114986
2020-08-18,0.0046857916797238275
2020-08-19,0.0005423162688920069
2020-08-20,-0.013008097750414671
2020-08-21,-0.014387739009870115
2020-08-24,0.02496111067690654
2020-08-25,-0.00967628212758731
2020-08-26,0.008892352442063656
2020-08-27,-0.008378653373179112
2020-08-28,0.013058375427473345
2020-08-31,-0.014189726942284486
2020-09-01,0.07010190048927267
2020-09-02,0.02320584889179167
2020-09-03,-0.06492722889706126
2020-09-04,0.016527199138159254
2020-09-08,-0.016680768136853708
2020-09-09,0.024479191563687275
2020-09-10,-0.020121671870408586
2020-09-11,0.015615065580509846
2020-09-14,0.03380360694567908
2020-09-15,0.0022409820351041443
2020-09-16,-0.005996371330554862
2020-09-17,0.031155423911561675
2020-09-18,-0.024788398801804612
2020-09-21,-0.028889583614909675
2020-09-22,0.0011563991820937591
2020-09-23,-0.15560677339764095
2020-09-24,0.03593615686778451
2020-09-25,0.014523899923388095
2020-09-28,0.0037861369242861986
2020-09-29,0.02380977679081342
2020-09-30,0.02786087990465469
2020-10-01,-0.028562065842905437
2020-10-02,0.02951719442858325
2020-10-05,0.061260744458780714
2020-10-06,-0.01076402584929037
2020-10-07,0.031470163425904474
2020-10-08,0.002689109402426615
2020-10-09,-0.00948937601655575
2020-10-12,-0.011350676721700426
2020-10-13,0.002106759135400482
2020-10-14,-0.005781132647541654
2020-10-15,-0.0025374484454480095
2020-10-16,-0.009856911507885369
2020-10-19,-0.009098484464703516
2020-10-20,0.010694627828203629
2020-10-21,0.0246898223002765
2020-10-22,-0.009491924073674385
2020-10-23,0.016006760958566346
2020-10-26,-0.02072931248216847
2020-10-27,0.007408660622723495
2020-10-28,-0.04622819424400937
2020-10-29,0.03293656883781093
2020-10-30,-0.005971945862460193
2020-11-02,0.038944302937475195
2020-11-03,0.008054582864164272
2020-11-04,-0.042921652724667414
2020-11-05,0.12918781509430688
2020-11-06,0.06369660432321855
2020-11-09,0.040188986430272244
2020-11-10,0.010280182638981783
2020-11-11,0.005426814544832181
2020-11-12,0.0005904251610993061
2020-11-13,0.03236670781193651
2020-11-16,0.05258019438733741
2020-11-17,-0.007524240220051603
2020-11-18,-0.011019693057433555
2020-11-19,-0.00584811315918321
2020-11-20,0.01661376643068957
2020-11-23,0.04824451324642265
2020-11-24,0.023869744065854626
2020-11-25,-0.018431680545995976
2020-11-27,0.021746800365075147
2020-11-30,-0.012276598175424813
2020-12-01,-0.000662024915435544
2020-12-02,-0.004636296649062621
2020-12-03,-0.026100012806346662
2020-12-04,0.05693932368662291
2020-12-07,0.005602452712033967
2020-12-08,0.028214478141500354
2020-12-09,-0.009725747191629441
2020-12-10,-0.005169961218797758
2020-12-11,-0.019656527801551804
2020-12-14,-0.02942642184575317
2020-12-15,0.02504258584063601
2020-12-16,-0.015658954424840554
2020-12-17,0.012520318397626351
2020-12-18,0.010328656369694267
2020-12-21,0.02246226652900618
2020-12-22,0.029925348274304042
2020-12-23,0.024885628072358168
2020-12-24,-0.001801451977575974
2020-12-28,0.0005346950462714606
2020-12-29,-0.023376975687271928
2020-12-30,0.020995882047397663
2020-12-31,-0.011855924913873439
2021-01-04,0.03463933761867799
2021-01-05,0.06748315584803244
2021-01-06,0.07469479646709676
2021-01-07,0.05082813734284586
2021-01-08,0.0005434708162976865
2021-01-11,-0.03699061698785444
2021-01-12,0.02938675409268421
2021-01-13,-0.014136950642768986
2021-01-14,0.013617020441279326
2021-01-15,-0.012227924304809679
2021-01-19,0.028366984155615116
2021-01-20,-0.027314376741698676
2021-01-21,-0.020978083941914694
2021-01-22,-0.015304865130886802
2021-01-25,0.01847882551593738
2021-01-26,-0.008704597559928806
2021-01-27,-0.0372333224313014
2021-01-28,-0.014687656965883922
2021-01-29,-0.022299784171669113
2021-02-01,0.022808406718797913
2021-02-02,0.017310846736603658
2021-02-03,-0.04354518522579598
2021-02-04,-0.04311825033058492
2021-02-05,0.014654384308684154
2021-02-08,0.02793186814107207
2021-02-09,-0.017764321729827115
2021-02-10,-0.016636223036750053
2021-02-11,0.024351246562929862
2021-02-12,0.029965570621602877
2021-02-16,-0.014820048467334868
2021-02-17,-0.029161844530537162
2021-02-18,-0.10167000715673657
2021-02-19,0.10398681747433658
2021-02-22,0.002049247314082736
2021-02-23,-0.011949756957834068
2021-02-24,0.040615436241332015
2021-02-25,-0.04611539764747574
2021-02-26,0.024302748838960664
2021-03-01,-0.027097307965979756
2021-03-02,0.00503432892985245
2021-03-03,-0.043716204241494694
2021-03-04,-0.03734686302011203
2021-03-05,0.016748013024039166
2021-03-08,-0.02217127608688152
2021-03-09,0.036107926573014426
2021-03-10,0.044796565867170735
2021-03-11,0.06161561572767149
2021-03-12,-0.02474135272440736
2021-03-15,0.009855270535071625
2021-03-16,-0.021847437528845992
2021-03-17,0.003540275595030895
2021-03-18,-0.02174319618112952
2021-03-19,-0.006687773241641937
2021-03-22,0.004290005604942193
2021-03-23,-0.03733113082229389
2021-03-24,0.0010923601911236869
2021-03-25,0.01568532507574938
2021-03-26,0.009870665839066817
2021-03-29,-0.026529193845876042
2021-03-30,-0.006966541396226211
2021-03-31,0.0049519148167564975
2021-04-01,0.03168866597214026
2021-04-05,-0.003449711387425558
2021-04-06,0.017773763195853665
2021-04-07,-0.060108411120204264
2021-04-08,0.017188539963051808
2021-04-09,0.007867727528172885
2021-04-12,0.002647210673623057
2021-04-13,0.005889791487006857
2021-04-14,0.029277063663333713
2021-04-15,-0.01582414333095028
2021-04-16,0.010098977963216127
2021-04-19,0.03597966420384413
2021-04-20,-0.057015781624962014
2021-04-21,0.03050094181369234
2021-04-22,0.017967918489162793
2021-04-23,0.03485240749324503
2021-04-26,0.05792974393128647
2021-04-27,-0.0048074445263991405
2021-04-28,-0.0020619715897122193
2021-04-29,-0.010507355971551613
2021-04-30,0.003280951157723422
2021-05-03,-0.01296300845544418
2021-05-04,-0.023374805280698685
2021-05-05,0.0310899084700198
2021-05-06,-0.08555198772407957
2021-05-07,0.06457310174321162
2021-05-10,-0.019911456310373832
2021-05-11,0.006395707318601396
2021-05-12,-0.036760272116661996
2021-05-13,0.01998739084154999
2021-05-14,0.03881024746180972
2021-05-17,-0.03674992749310102
2021-05-18,0.009886537663940542
2021-05-19,-0.01487278840540096
2021-05-20,0.006434013568387575
2021-05-21,0.010063650098681487
2021-05-24,6.251321381833819e-05
2021-05-25,-0.009837439683034632
2021-05-26,0.026452324782633596
2021-05-27,0.03921076181831018
2021-05-28,-0.008780053693935086
2021-06-01,0.026035539025419663
2021-06-02,-0.00624186316042552
2021-06-03,-0.01285511301553055
2021-06-04,0.031932008334137896
2021-06-07,-0.015904194494278157
2021-06-08,0.030624334409529386
2021-06-09,-0.00931762767353339
2021-06-10,-0.03563630132470219
2021-06-11,0.014304366080244435
2021-06-14,-0.010812174887454562
2021-06-15,-0.013721882578397793
2021-06-16,-0.004517440283327123
2021-06-17,-0.008530979501018998
2021-06-18,-0.036004098374640914
2021-06-21,0.021776362472722965
2021-06-22,0.0010531757753338145
2021-06-23,0.012934698529685873
2021-06-24,0.014052592136979403
2021-06-25,0.004819993167240133
2021-06-28,0.013671723064955232
2021-06-29,-0.008932452216805498
2021-06-30,0.005491560303267473
2021-07-01,0.02119158857675263
2021-07-02,-0.008021834621207313
2021-07-06,-0.012247226693250624
2021-07-07,0.008780320707528766
2021-07-08,-0.01252662212568656
2021-07-09,0.045262561047680894
2021-07-12,0.06825809570148489
2021-07-13,-0.014027270741783116
2021-07-14,-0.012658366786859943
2021-07-15,0.01813522594628103
2021-07-16,-0.02782127413209401
2021-07-19,-0.01428095518015371
2021-07-20,0.05149368441857516
2021-07-21,0.015861271045006342
2021-07-22,0.013352913350695994
2021-07-23,-0.012502697887342817
2021-07-26,0.02358816838900224
2021-07-27,-0.030024557235052818
2021-07-28,0.029366569310126822
2021-07-29,0.042562062848260585
2021-07-30,0.015875887971792846
2021-08-02,0.004174020577691229
2021-08-03,0.000386794530482959
2021-08-04,-0.0006764936294663126
2021-08-05,0.05695229816334013
2021-08-06,0.03700475452609564
2021-08-09,0.020599084521151667
2021-08-10,0.03306233264428293
2021-08-11,-0.012717942328716147
2021-08-12,0.0023304772918775196
2021-08-13,-0.005580397774649248
2021-08-16,-0.03962235469582198
2021-08-17,-0.04183275864483371
2021-08-18,0.005913666972497955
2021-08-19,-0.020116764983449054
2021-08-20,0.029669595135084936
2021-08-23,0.037600314997783935
2021-08-24,0.005527604377673079
2021-08-25,0.021684183289299552
2021-08-26,-0.01481829794733247
2021-08-27,0.0257910679378206
2021-08-30,0.0013944001473389367
2021-08-31,-0.0010125561274578754
2021-09-01,0.010390991500120128
2021-09-02,0.020192416230343735
2021-09-03,-0.008892482498882859
2021-09-07,-0.012734538271753637
2021-09-08,0.0020939521082810053
2021-09-09,0.017260123346116263
2021-09-10,-0.00920255949077986
2021-09-13,-0.0499233687412699
2021-09-14,0.005848025798838252
2021-09-15,0.015229919121209967
2021-09-16,-0.010017489945022828
2021-09-17,-0.01902694664470539
2021-09-20,-0.050121350639152795
2021-09-21,0.00468719408271534
2021-09-22,0.03136412219145246
2021-09-23,0.02628977371235508
2021-09-24,-0.012000875084109963
2021-09-27,-0.01833022443592658
2021-09-28,-0.026096840367147323
2021-09-29,0.011642333050118747
2021-09-30,0.0
2021-10-01,-0.0003653016331641723
2021-10-04,-0.016812056167561207
2021-10-05,0.033362687591049545
2021-10-06,-9.008234286389527e-05
2021-10-07,-0.00031445586761813527
2021-10-08,-0.03256868921420786
2021-10-11,-0.004184972103152607
2021-10-12,0.012654078773844946
2021-10-13,0.031309239926302856
2021-10-14,0.03429300098185584
2021-10-15,-0.011066381811857262
2021-10-18,0.03558169550762624
2021-10-19,-0.0040523426128770135
2021-10-20,-0.0033057645646942246
2021-10-21,-0.00429475086382336
2021-10-22,-0.011317085677592265
2021-10-25,0.034253488561157175
2021-10-26,-0.013698731427471356
2021-10-27,-0.018673773461002185
2021-10-28,0.062394857073756915
2021-10-29,0.017302249433004846
2021-11-01,0.021559505840880844
2021-11-02,0.0162192771314158
2021-11-03,0.0074223912319109075
2021-11-04,0.04088577109794156
2021-11-05,-0.0005502357133514435
2021-11-08,0.022054088577605047
2021-11-09,-0.014181861955085973
2021-11-10,-0.03212317244327956
2021-11-11,0.024684921864271514
2021-11-12,0.015019435296879546
2021-11-15,-0.018487311937711692
2021-11-16,0.004349564338040679
2021-11-17,0.003376187906042327
2021-11-18,0.004645788796362016
2021-11-19,0.024648481952607826
2021-11-22,0.008421289833197454
2021-11-23,-0.03044391374634714
2021-11-24,-0.002471244079407686
2021-11-26,-0.027798139046539383
2021-11-29,0.033876699012703515
2021-11-30,-0.034071523170844276
2021-12-01,-0.024916533798477247
2021-12-02,0.005926575577097193
2021-12-03,-0.037951012197035894
2021-12-06,-0.01165148143680017
2021-12-07,0.044218173193000476
2021-12-08,0.01968969783055452
2021-12-09,-0.027093582698507035
2021-12-10,0.020973228473282646
2021-12-13,-0.0535244764740922
2021-12-14,-0.01997585421546655
2021-12-15,-0.01656905968455391
2021-12-16,-0.035421961439156435
2021-12-17,-0.004547011472796014
2021-12-20,-0.05107225126073445
2021-12-21,0.027598197575762207
2021-12-22,0.004818259913515366
2021-12-23,0.011854544919780663
2021-12-27,0.02281720182619229
2021-12-28,-0.0012869860765855057
2021-12-29,-0.0011601152645654977
2021-12-30,0.007827135452916023
2021-12-31,-0.0024750330766589723
2022-01-03,0.012405325369017062
2022-01-04,0.024971708540404203
2022-01-05,-0.02860938090294385
2022-01-06,-0.009590759352020917
2022-01-07,0.011312082426601533
2022-01-10,-0.038344309659997355
2022-01-11,0.05815749177811891
2022-01-12,0.0037473683121744816
2022-01-13,-0.024225209133042935
2022-01-14,-0.006632081026634928
2022-01-18,-0.03154008630036553
2022-01-19,-0.029209169680694314
2022-01-20,-0.01156164725929143
2022-01-21,-0.02026237906130146
2022-01-24,-0.003901379228836377
2022-01-25,-0.027887911834243773
2022-01-26,-0.001893035969770529
2022-01-27,-0.0009239954676129036
2022-01-28,0.003894199203595017
2022-01-31,0.07035847540987539
2022-02-01,0.020204663156180747
2022-02-02,-0.01647429135423384
2022-02-03,-0.02903070998300017
2022-02-04,0.0044639078838257795
2022-02-07,0.017405854693227862
2022-02-08,0.0314405302800862
2022-02-09,0.04296626008338844
2022-02-10,-0.0016496724295977927
2022-02-11,-0.02181822916571796
2022-02-14,-0.013902816772018989
2022-02-15,0.060216072348923566
2022-02-16,0.019097792463622865
2022-02-17,-0.19910565400669078
2022-02-18,-0.03177360732937917
2022-02-22,0.005714140224371667
2022-02-23,-0.051342162861051865
2022-02-24,0.012087887377574935
2022-02-25,0.0420737595983014
2022-02-28,0.020526283478624396
2022-03-01,-0.048241405051773434
2022-03-02,0.02510175353544053
2022-03-03,-0.025062663323956125
2022-03-04,-0.03896303567572079
2022-03-07,-0.03897927022815473
2022-03-08,0.05026435197677315
2022-03-09,0.03535471054143513
2022-03-10,0.006626428770251991
2022-03-11,-0.01916444348560753
2022-03-14,-0.045843260477725134
2022-03-15,0.0321064358754255
2022-03-16,0.05111286209010002
2022-03-17,0.02889616023441799
2022-03-18,0.009522987166755925
2022-03-21,0.0022193679170270375
2022-03-22,0.0348298475917721
2022-03-23,0.012694597393418716
2022-03-24,0.028528922867138817
2022-03-25,0.01601681995764892
2022-03-28,-0.01489109818571599
2022-03-29,0.037976914337434886
2022-03-30,0.0030116972911367057
2022-03-31,-0.008962670707236775
2022-04-01,0.017047312639408396
2022-04-04,0.004979431416293201
2022-04-05,-0.038665642208249196
2022-04-06,-0.02682930093402014
2022-04-07,0.0017969152153900492
2022-04-08,-0.004012253395465404
2022-04-11,-0.023696695671244883
2022-04-12,-0.004757218543771757
2022-04-13,0.03648403514386733
2022-04-14,-0.007576467445599033
2022-04-18,-0.005784827534238812
2022-04-19,0.040444426894354235
2022-04-20,-0.004400695124946785
2022-04-21,-0.04581233322745937
2022-04-22,-0.03184724072041034
2022-04-25,-0.010864943019204043
2022-04-26,-0.05391523302873735
2022-04-27,0.023806873883169377
2022-04-28,0.015762375432221143
2022-04-29,-0.012444823664827687
2022-05-02,-0.007312256140349471
2022-05-03,0.029777454855550056
2022-05-04,0.09309049275239878
2022-05-05,0.09760070813695942
2022-05-06,0.024989378338314605
2022-05-09,-0.08568125692144402
2022-05-10,-0.0009475005130054059
2022-05-11,-0.03793524719773711
2022-05-12,0.0019714418432488223
2022-05-13,0.07200775470532905
2022-05-16,-0.01092572686432891
2022-05-17,0.057042961518277036
2022-05-18,-0.013585125446124002
2022-05-19,0.013136650145458395
2022-05-20,-0.01104218010971858
2022-05-23,0.027491123461778733
2022-05-24,0.000864427427866854
2022-05-25,-0.02319572890055166
2022-05-26,0.07384952560164071
2022-05-27,0.06222301531799124
2022-05-31,-0.03875675434706605
2022-06-01,-0.07795085096339027
2022-06-02,0.0465182244404263
2022-06-03,-0.0021090219532426957
2022-06-06,0.028034748768779538
2022-06-07,0.0003879288716108764
2022-06-08,-0.0165573938281669
2022-06-09,-0.045196946798298665
2022-06-10,-0.020307825413482417
2022-06-13,-0.06184807462808939
2022-06-14,0.004994810980087472
2022-06-15,-0.036940667784922554
2022-06-16,-0.060024350206247856
2022-06-17,0.04882030659549974
2022-06-21,0.020231994595602654
2022-06-22,-0.00041600928715801455
2022-06-23,-0.012116103449508087
2022-06-24,0.05228910166313949
2022-06-27,0.00814074006522536
2022-06-28,-0.01513536311610808
2022-06-29,-0.050629481072487215
2022-06-30,-0.013733520696203927
2022-07-01,-0.01832705518168065
2022-07-05,-0.023007672188816275
2022-07-06,-0.010627044130458563
2022-07-07,0.02370138427369195
2022-07-08,0.014433592896645697
2022-07-11,-0.029670201058691892
2022-07-12,-0.020018085144057784
2022-07-13,0.0009192443252563631
2022-07-14,0.003367278113080907
2022-07-15,0.02054297839381669
2022-07-18,0.015844768951007504
2022-07-19,0.03747301676637638
2022-07-20,0.03777420436224577
2022-07-21,0.027743502134301767
2022-07-22,-0.018350945408743602
2022-07-25,0.027589559406016928
2022-07-26,-0.010853868722250692
2022-07-27,0.04082618749526867
2022-07-28,0.00866469202842235
2022-07-29,0.03380995305956125
2022-08-01,-0.017805310198895086
2022-08-02,0.01637784221274252
2022-08-03,-0.017835971670833728
2022-08-04,-0.019412161275113582
2022-08-05,0.013197590445759966
2022-08-08,0.02878286688493259
2022-08-09,-0.0007352650035438169
2022-08-10,0.05983809803288942
2022-08-11,0.024681937018518285
2022-08-12,0.059728889781446526
2022-08-15,0.008914411372507036
2022-08-16,-0.011510982953137683
2022-08-17,-0.0113600278808077
2022-08-18,0.006807968203268011
2022-08-19,-0.033952374918995276
2022-08-22,0.021035776509197524
2022-08-23,0.019332486962006623
2022-08-24,0.024374573172273983
2022-08-25,0.027094672843399614
2022-08-26,-0.025433116820535173
2022-08-29,-0.011070052185312207
2022-08-30,-0.042811445456845454
2022-08-31,-0.01763409001462002
2022-09-01,-0.04105086131135138
2022-09-02,0.011363789328558527
2022-09-06,0.02624281285725849
2022-09-07,0.04686943375500663
2022-09-08,0.04380358807533136
2022-09-09,0.030676086476941977
2022-09-12,-0.011319331871742944
2022-09-13,0.0037716070523152734
2022-09-14,0.030057887032302055
2022-09-15,-0.0649100237143595
2022-09-16,0.0019877485721864208
2022-09-19,0.03351676775966239
2022-09-20,-0.03131859159829964
2022-09-21,-0.009108094666540056
2022-09-22,-0.04518841841147103
2022-09-23,-0.00992087683535292
2022-09-26,-0.016403922253121928
2022-09-27,0.01754517293396729
2022-09-28,0.030665948394393627
2022-09-29,-0.04500793249545565
2022-09-30,-0.003767346827177276
2022-10-03,0.03513094097479619
2022-10-04,0.03671474954385734
2022-10-05,-0.024596363051570203
2022-10-06,0.014956659452306287
2022-10-07,-0.029935248065338538
2022-10-10,0.020437862154265796
2022-10-11,-0.0183745022499181
2022-10-12,-0.07890390364243216
2022-10-13,0.01809501440713146
2022-10-14,-0.07238291440626543
2022-10-17,0.04446885545920387
2022-10-18,0.014675681113074601
2022-10-19,0.01923169189701146
2022-10-20,-0.0043665160257865265
2022-10-21,0.05724590120806705
2022-10-24,0.0020740113351116474
2022-10-25,0.04013743307089568
2022-10-26,0.002558428371156385
2022-10-27,7.076441291364866e-05
2022-10-28,-0.007123225820219403
2022-10-31,-0.0010354085282232584
2022-11-01,-0.003108539214180861
2022-11-02,-0.04473120282709431
2022-11-03,0.03016683673026499
2022-11-04,0.037987993014201304
2022-11-07,0.005263227544265003
2022-11-08,0.06813518560309384
2022-11-09,-0.019215188465439348
2022-11-10,0.06877028223965342
2022-11-11,0.014371671028724275
2022-11-14,-0.027752088253912066
2022-11-15,-0.06477020167993985
2022-11-16,-0.03072399341215537
2022-11-17,-0.032499774825925254
2022-11-18,-0.0016941042408120666
2022-11-21,0.02130131556785808
2022-11-22,0.0007423412587355127
2022-11-23,0.0028610323718938346
2022-11-25,-0.0390275905459212
2022-11-28,-0.02459496767512892
2022-11-29,0.014692858973516243
2022-11-30,0.029516662783662273
2022-12-01,-0.009712685991181913
2022-12-02,0.0326565107007879
2022-12-05,-0.06701146088489751
2022-12-06,-0.027297089126212093
2022-12-07,-0.0014728916382320545
2022-12-08,-0.006133326985267029
2022-12-09,-0.010858000855345717
2022-12-12,0.024126293856596037
2022-12-13,0.009831887324990074
2022-12-14,-0.05364436633991754
2022-12-15,-0.028145406082703994
2022-12-16,0.0098128532859727
2022-12-19,-0.03919948708053478
2022-12-20,0.0006856817872393783
2022-12-21,-0.0037259458455578542
2022-12-22,-0.02858599997578881
2022-12-23,0.004336646055876914
2022-12-27,-0.05639765106448946
2022-12-28,-0.0005604843672363247
2022-12-29,0.01602522714490351
2022-12-30,-0.002804945218232602
2023-01-03,-0.010882555089611112
2023-01-04,0.04228419269570627
2023-01-05,-0.022185523512472716
2023-01-06,0.013860406055185237
2023-01-09,0.010647857633398816
2023-01-10,-0.00044651729926104
2023-01-11,0.05654323472118428
2023-01-12,0.028111162712060267
2023-01-13,-0.004029355974364934
2023-01-17,0.0034678276122288576
2023-01-18,0.0030031568294188737
2023-01-19,-0.01923702267356342
2023-01-20,0.03922882084934365
2023-01-23,0.04889530183745916
2023-01-24,0.014924743482109593
2023-01-25,0.02438304947715242
2023-01-26,0.03125709001787369
2023-01-27,0.00812270668872972
2023-01-30,-0.034573088322785495
2023-01-31,0.034818356083201385
2023-02-01,0.015811482242844566
2023-02-02,0.014865022501230118
2023-02-03,-0.010063775522722973
2023-02-06,-0.0362773554409479
2023-02-07,0.009139680531838001
2023-02-08,-0.040058639473150914
2023-02-09,-0.0028341367989618282
2023-02-10,0.0033655917032324734
2023-02-13,0.006112895200249158
2023-02-14,0.0028524901322175555
2023-02-15,0.007720751278239568
2023-02-16,0.0470326676934405
2023-02-17,-0.09666681622372852
2023-02-21,-0.06220697940429065
2023-02-22,0.018556758732843237
2023-02-23,0.030026305933811948
2023-02-24,-0.017057242261988792
2023-02-27,0.030057722397224707
2023-02-28,-0.010543916045579693
2023-03-01,-0.006566886178763109
2023-03-02,-0.008945547130964182
2023-03-03,0.03590562242423445
2023-03-06,-0.00956166224516164
2023-03-07,-0.03110283746231912
2023-03-08,0.01747681033703019
2023-03-09,-0.06515302658464739
2023-03-10,-0.04908128051708993
2023-03-13,-0.009505624463321594
2023-03-14,0.010628305381901848
2023-03-15,-0.04863339906429387
2023-03-16,0.002850644134444247
2023-03-17,-0.028516946455579895
2023-03-20,0.022591049395690233
2023-03-21,0.045637902039217026
2023-03-22,-0.030592598107283986
2023-03-23,-0.0021747435129626513
2023-03-24,0.009970246486222134
2023-03-27,0.005004829361240137
2023-03-28,-0.003289443306775719
2023-03-29,0.02887787357465843
2023-03-30,-0.008999398553305782
2023-03-31,-0.00629377395927333
2023-04-03,-0.011807761506921866
2023-04-04,-0.04056221244198954
2023-04-05,-0.061363737745593006
2023-04-06,-0.010319844370658693
2023-04-10,0.026402340969604365
2023-04-11,0.009458484102578879
2023-04-12,-4.9477805602937686e-05
2023-04-13,0.0064946747659786475
2023-04-14,0.00487665925077585
2023-04-17,0.009313600270002054
2023-04-18,-0.003059575478821297
2023-04-19,-0.007258799320924214
2023-04-20,-0.05265470431682373
2023-04-21,-0.09997418406175018
2023-04-24,0.05876265732215402
2023-04-25,-0.039682468829231765
2023-04-26,0.025698974711944933
2023-04-27,0.026489819206722443
2023-04-28,-0.0029031569826423187
2023-05-01,-0.044160253234701075
2023-05-02,-0.02183118992371813
2023-05-03,-0.002825878269396842
2023-05-04,0.015846384538943603
2023-05-05,0.023057430101341092
2023-05-08,0.0343903701444952
2023-05-09,0.04997851067190018
2023-05-10,-0.0033816765963382567
2023-05-11,0.020615940349385298
2023-05-12,-0.013751775359854612
2023-05-15,0.04065583332714984
2023-05-16,0.009423380797712877
2023-05-17,0.011280101141154963
2023-05-18,0.010337035178870524
2023-05-19,-0.02850478814612023
2023-05-22,0.011511211627425189
2023-05-23,0.04634375831151716
2023-05-24,-0.017772073600068494
2023-05-25,-0.03420811709406568
2023-05-26,-0.004781181901632903
2023-05-30,-0.010441804810824351
2023-05-31,-0.04126606315733805
2023-06-01,0.010385951467438703
2023-06-02,0.06556203279014206
2023-06-05,-0.010510652188230551
2023-06-06,0.033661498198966244
2023-06-07,0.0267938169653692
2023-06-08,0.003655866612647829
2023-06-09,0.004006955926504796
2023-06-12,-0.008843473301281657
2023-06-13,0.04712883300115145
2023-06-14,-0.008958007494033637
2023-06-15,0.0199206363463309
2023-06-16,-0.011866117043786595
2023-06-20,0.01774980158247641
2023-06-21,-0.007923389472643816
2023-06-22,-0.01901219489247996
2023-06-23,-0.02575227907185018
2023-06-26,0.02289044836429288
2023-06-27,0.008214238769779225
2023-06-28,-0.044347675411978815
2023-06-29,0.00912441143638043
2023-06-30,0.01876891214685772
2023-07-03,0.027656988309432418
2023-07-05,-0.0010467094522821352
2023-07-06,-0.00633143934831315
2023-07-07,0.04372282575566988
2023-07-10,0.009851757408761319
2023-07-11,-0.0032101502946547678
2023-07-12,0.01819411859647202
2023-07-13,-0.007270893458157901
2023-07-14,-0.026482406517594148
2023-07-17,0.010158638568092737
2023-07-18,-0.002650938046171003
2023-07-19,-0.019027062198905154
2023-07-20,-0.04046966332826707
2023-07-21,-0.03191259511582056
2023-07-24,-0.024028785001275033
2023-07-25,0.008111873971732741
2023-07-26,-0.011717074042051134
2023-07-27,-0.01937914471644331
2023-07-28,0.010196750908882501
2023-07-31,0.0203315369726369
2023-08-01,-0.020209103995431632
2023-08-02,-0.0245204787894584
2023-08-03,-0.017447752191836585
2023-08-04,0.0037119274789543244
2023-08-07,-0.016692399600983232
2023-08-08,-0.005590994287303808
2023-08-09,-0.007308924380771797
2023-08-10,-0.01312939783897571
2023-08-11,-0.02180810209079498
2023-08-14,-0.010400715728651644
2023-08-15,-0.00808457774846072
2023-08-16,-0.013638250724987366
2023-08-17,0.006334946305095235
2023-08-18,0.0038866984514989156
2023-08-21,0.025519353181136628
2023-08-22,0.0004785140165883828
2023-08-23,0.019238976193312718
2023-08-24,-0.005422800750745638
2023-08-25,-0.005242782186937189
2023-08-28,-0.0005273072370944876
2023-08-29,0.042765508597099045
2023-08-30,0.00424766994346637
2023-08-31,0.0006043794410657277
2023-09-01,0.007800146918130357
2023-09-05,0.0026965552386470915
2023-09-06,-0.054631553189870896
2023-09-07,-0.011905168209515593
2023-09-08,-0.0167405288206951
2023-09-11,0.010247806538452142
2023-09-12,-0.010573223327996706
2023-09-13,0.0012476595161037274
2023-09-14,0.00428924457234281
2023-09-15,-0.00610909704416307
2023-09-18,-0.01207571533492724
2023-09-19,-0.008974813656218106
2023-09-20,-0.030835084126787038
2023-09-21,-0.0315293040689395
2023-09-22,-0.0043211604183902574
2023-09-25,-0.007847397664725975
2023-09-26,-0.019413913441295505
2023-09-27,-0.006232646244437756
2023-09-28,0.060074804315944696
2023-09-29,-0.013689135157924803
2023-10-02,-0.04487160571279347
2023-10-03,-0.03472708085881837
2023-10-04,0.01039733351794836
2023-10-05,-0.021275199181912563
2023-10-06,0.03102646704279355
2023-10-09,-0.02558820878208612
2023-10-10,0.04064212686041113
2023-10-11,0.01678167393808172
2023-10-12,0.03640772691250782
2023-10-13,-0.043442416875025924
2023-10-16,0.026624918021928234
2023-10-17,0.010433371860486318
2023-10-18,-0.09788764100003977
2023-10-19,-0.05448364396033012
2023-10-20,-0.040675219325829626
2023-10-23,-0.01730573860959983
2023-10-24,0.02171990302439908
2023-10-25,-0.028152721515977253
2023-10-26,-0.000812971935497453
2023-10-27,-0.005694968444076798
2023-10-30,-0.05229087679908462
2023-10-31,-0.0049447403384788036
2023-11-01,-0.030130883494917993
2023-11-02,0.013500273499042814
2023-11-03,0.026961925387869012
2023-11-06,-0.06657283681804105
2023-11-07,0.022183237425422497
2023-11-08,-0.02538704049316942
2023-11-09,-0.037055734008962005
2023-11-10,0.02076794717339281
2023-11-13,-0.02385024025713478
2023-11-14,0.09746906775347641
2023-11-15,0.019150964153373362
2023-11-16,-0.040087725979960576
2023-11-17,0.03907022597469645
2023-11-20,0.02331417423461346
2023-11-21,-0.032448572988203694
2023-11-22,0.0036469547292001803
2023-11-24,0.018010896883681182
2023-11-27,-0.06277636216203453
2023-11-28,0.025914951487035154
2023-11-29,-0.004277376820642997
2023-11-30,-0.017101668516721236
2023-12-01,0.04032338712093719
2023-12-04,-0.04898547537214237
2023-12-05,-0.056009318597241675
2023-12-06,0.04449942032060972
2023-12-07,0.05959418831513541
2023-12-08,0.021061074657023005
2023-12-11,-0.01132899729390291
2023-12-12,0.011063590489348352
2023-12-13,0.09473191918774648
2023-12-14,0.04460831944124366
2023-12-15,0.00801973347255025
2023-12-18,-0.007819945751732726
2023-12-19,0.020697785437572724
2023-12-20,-0.04297321886783034
2023-12-21,0.020486871174069554
2023-12-22,0.03190110576337757
2023-12-26,0.015324048539198776
2023-12-27,-0.02014567960675917
2023-12-28,0.0007365357442519205
2023-12-29,-0.03312590739663135
2024-01-02,0.016680712275761067
2024-01-03,-0.04568058262648744
2024-01-04,-0.030318094509863558
2024-01-05,-0.00073570365450637
2024-01-08,0.005521608903857
2024-01-09,-0.021306101590783166
2024-01-10,-0.0054612281315613576
2024-01-11,-0.032270146211039075
2024-01-12,-0.020209925642927673
2024-01-16,-0.0007933692448222063
2024-01-17,-0.04168321350495974
2024-01-18,-0.022452380992602272
2024-01-19,-0.024239349921866715
2024-01-22,0.048814431349982534
2024-01-23,0.015238098083351082
2024-01-24,-0.007341469154884095
2024-01-25,-0.026625127543466243
2024-01-26,0.01173488540536316
2024-01-29,0.028037369722776484
2024-01-30,-0.023457771974748964
2024-01-31,-0.04629709358804124
2024-02-01,0.017779336109624566
2024-02-02,-0.021664598325449425
2024-02-05,-0.048315038100225305
2024-02-06,0.039455467707162795
2024-02-07,0.017961440512316962
2024-02-08,-0.006258247383995719
2024-02-09,0.012682638270265834
2024-02-12,0.03722576387973531
2024-02-13,-0.06570068739235613
2024-02-14,0.01951864047779206
2024-02-15,0.027187722810289028
2024-02-16,0.043319178819741344
2024-02-20,-0.06338201567155011
2024-02-21,0.03248565421270566
2024-02-22,-0.003121018105477158
2024-02-23,0.02090030831440237
2024-02-26,0.007210892056448648
2024-02-27,0.05817968736891421
2024-02-28,0.02698512444999457
2024-02-29,0.043843714447611815
2024-03-01,0.0359087344697
2024-03-04,-0.06722695075032825
2024-03-05,-0.17867878829698336
2024-03-06,0.0931444018728751
2024-03-07,0.025671109901014955
2024-03-08,-0.035300929329859065
2024-03-11,0.05425504784738466
2024-03-12,-0.0065730828545012
2024-03-13,0.015008582923213165
2024-03-14,-0.04386321256702741
2024-03-15,0.018767122957185522
2024-03-18,0.019977185571496525
2024-03-19,-0.03242898529553595
2024-03-20,0.03243724727863473
2024-03-21,0.003294572219122216
2024-03-22,-0.03203583460585124
2024-03-25,-0.020767907553304044
2024-03-26,0.005576735983570336
2024-03-27,0.08226200462035749
2024-03-28,0.022826206957747397
2024-04-01,-0.019432516680737866
2024-04-02,-0.02090095860256358
2024-04-03,0.018896193467512257
2024-04-04,-0.060138064169308336
2024-04-05,0.019237125353600115
2024-04-08,0.06674776309373787
2024-04-09,-0.019211771311056225
2024-04-10,-0.011691024506042869
2024-04-11,0.020838229989644352
2024-04-12,-0.0593199855951978
2024-04-15,-0.01696853630056483
2024-04-16,-0.053029112202101714
2024-04-17,0.0024537042048173863
2024-04-18,-0.022641670352986698
2024-04-19,0.0031304851752078644
2024-04-22,0.0012483281506119326
2024-04-23,0.017098574333293204
2024-04-24,0.009281236990847264
2024-04-25,-0.002515885520087968
2024-04-26,0.016524632240910497
2024-04-29,0.07571864066491973
2024-04-30,-0.04310830170010238
2024-05-01,-0.010888469084209706
2024-05-02,0.052941242162172886
2024-05-03,0.022346367320923877
2024-05-06,0.02092118894208106
2024-05-07,0.005887660205889489
2024-05-08,-0.008285801622812894
2024-05-09,0.023685347449131644
2024-05-10,-0.029427052572169377
2024-05-13,0.014580931136553232
2024-05-14,0.030035880754773814
2024-05-15,-0.058246025937547685
2024-05-16,0.01269892763235747
2024-05-17,0.014939154081072603
2024-05-20,-0.007397816629371778
2024-05-21,-0.026968870692504532
2024-05-22,-0.0012633974793408997
2024-05-23,-0.027909511677182697
2024-05-24,0.03773889015344656
2024-05-28,0.0013323534394367176
2024-05-29,-0.033813305451470765
2024-05-30,0.00275429302278285
2024-05-31,-0.009613799673287682
2024-06-03,-0.01386739912949253
2024-06-04,-0.021341697823668904
2024-06-05,0.0028737872648136875
2024-06-06,-0.003961225934298929
2024-06-07,-0.02741564653056272
2024-06-10,-0.00765631313424997
2024-06-11,-0.0007889947568036071
2024-06-12,-0.011582043631182648
2024-06-13,-0.03923652369557462
2024-06-14,-0.04006309310038758
2024-06-17,-0.027823446122146822
2024-06-18,-0.01083171413457007
2024-06-20,-0.057765739678795947
2024-06-21,0.00927608503954036
2024-06-24,0.018381577957870876
2024-06-25,-0.037655654015703366
2024-06-26,0.0809528403003772
2024-06-27,-0.03998797410222443
2024-06-28,-0.007790591439191918
2024-07-01,0.0197864841457156
2024-07-02,-0.003593093207983289
2024-07-03,0.031217822468615264
2024-07-05,-0.017384433706799207
2024-07-08,0.0081342333411627
2024-07-09,-0.08754405477445859
2024-07-10,0.0710732789467754
2024-07-11,0.010835771597617727
2024-07-12,-0.0008166099903287316
2024-07-15,-0.024318021014135383
2024-07-16,0.02324850557031377
2024-07-17,-0.026916355886289378
2024-07-18,-0.013357265400862128
2024-07-19,-0.018334846569779684
2024-07-22,0.016071232843346106
2024-07-23,-0.02233625575473963
2024-07-24,-0.006558761864593032
2024-07-25,0.0013203783650601597
2024-07-26,0.01978032925620199
2024-07-29,-0.012176770641333268
2024-07-30,0.009163251362057867
2024-07-31,0.012539158825079388
2024-08-01,-0.005337807101427838
2024-08-02,-0.06633044244704267
2024-08-05,-0.03988955664004934
2024-08-06,-0.047772904532056404
2024-08-07,-0.00590990479988307
2024-08-08,0.035036800373244636
2024-08-09,-0.0021997513572842298
2024-08-12,-0.06919777975548314
2024-08-13,0.016052726695677144
2024-08-14,-0.056591717964883936
2024-08-15,0.0863418485520886
2024-08-16,0.0029063336264729678
2024-08-19,0.04296331157119537
2024-08-20,0.017395488293962647
2024-08-21,0.05200661986840904
2024-08-22,-0.01941317605087678
2024-08-23,0.04166681607596212
2024-08-26,-0.017237594165493753
2024-08-27,0.0004497555373741413
2024-08-28,-0.011013706913099441
2024-08-29,0.0414773368428365
2024-08-30,-0.015275558740601491
2024-09-03,-0.06792250013289913
2024-09-04,0.007489351584550219
2024-09-05,-0.025368793696637915
2024-09-06,-0.06900726848865113
2024-09-09,0.019636002859733104
2024-09-10,0.0026782145527681767
2024-09-11,0.1358432039812607
2024-09-12,-0.008958499825436728
2024-09-13,-0.007435244238713223
2024-09-16,0.021843576429464884
2024-09-17,0.005260166664931232
2024-09-18,-0.035960765930435845
2024-09-19,0.031643441199944444
2024-09-20,-0.03694179854597257
2024-09-23,0.03115200620725922
2024-09-24,0.019727208587662304
2024-09-25,-0.04289192023205157
2024-09-26,0.09921462283664884
2024-09-27,0.009246620537292527
2024-09-30,-0.013951022218835707
2024-10-01,-0.004117863308221281
2024-10-02,-0.0026505875152535996
2024-10-03,0.002551316639105794
2024-10-04,0.08249390942244972
2024-10-07,0.023312744599586654
2024-10-08,-0.040298646579581154
2024-10-09,0.016556940217256733
2024-10-10,0.01020410569471486
2024-10-11,-0.009129754376046573
2024-10-14,-0.023720862157326605
2024-10-15,-0.03875495260421691
2024-10-16,0.026216718034603792
2024-10-17,-0.036437603809136965
2024-10-18,0.004964570428265924
2024-10-21,-0.013664065842280082
2024-10-22,0.02791986958434145
2024-10-23,-0.02591743200376273
2024-10-24,0.01266499482200123
2024-10-25,-0.017235989026680554
2024-10-28,0.04951339812293698
2024-10-29,-0.015182432900542997
2024-10-30,-0.011691635812691614
2024-10-31,-0.008270509176987018
2024-11-01,0.037052701944681354
2024-11-04,0.02371743191550757
2024-11-05,-0.007855292408827319
2024-11-06,-0.03207048256886469
2024-11-07,0.034686278320409825
2024-11-08,0.009106337320916591
2024-11-11,0.09569613896301155
2024-11-12,-0.06959904892676227
2024-11-13,0.05243192103039385
2024-11-14,-0.056289847216998146
2024-11-15,0.014005852160618115
2024-11-18,0.0048294342982542204
2024-11-19,0.02326254540674144
2024-11-20,0.02912170378186385
2024-11-21,-0.005203021957841059
2024-11-22,-0.005505757626439012
2024-11-25,0.014763017375337473
2024-11-26,-0.029005336070509924
2024-11-27,0.011143393125237822
2024-11-29,-0.0025931340570682915
2024-12-02,0.033426296934375044
2024-12-03,-0.02003605558000887
2024-12-04,-0.059227944814126965
2024-12-05,-0.014715973476341015
2024-12-06,0.03818003102333134
2024-12-09,0.044779015533229716
2024-12-10,-0.05179640246535944
2024-12-11,-0.0013465563275845138
2024-12-12,-0.005200191429998502
2024-12-13,-0.0341610979475887
2024-12-16,0.0016099796201864969
2024-12-17,-0.01999189127921508
2024-12-18,-0.07186062149119066
2024-12-19,-0.017892714336048998
2024-12-20,-0.003036405954179866
2024-12-23,0.006204116036073293
2024-12-24,0.008856571520488021
2024-12-26,-0.009334292958673274
2024-12-27,-0.00964676767103656
2024-12-30,-0.024351573280863126
2024-12-31,-0.0006964835246997536
