Date,AVB
2015-01-05,0.006754638516402789
2015-01-06,0.013598774869325592
2015-01-07,0.01158384753507713
2015-01-08,0.0092894034255111
2015-01-09,0.0030681345863998732
2015-01-12,0.00865633009843636
2015-01-13,-0.001029990463508046
2015-01-14,0.012886704849495834
2015-01-15,0.003675546581463074
2015-01-16,0.008901558058044268
2015-01-20,-0.01960016314762003
2015-01-21,0.0078030894861729205
2015-01-22,0.011416531695363386
2015-01-23,-0.0003356319878664582
2015-01-26,0.007657906479836107
2015-01-27,-0.00449335395427819
2015-01-28,-0.010642920974747283
2015-01-29,-0.014924971770096551
2015-01-30,-0.010921137354626742
2015-02-02,-0.0019654752469553394
2015-02-03,0.005966156240230447
2015-02-04,-0.0019574179830509353
2015-02-05,0.009576415622083667
2015-02-06,-0.03337153603627152
2015-02-09,-0.004256520219697579
2015-02-10,0.009736756296610638
2015-02-11,0.002116589138877023
2015-02-12,0.017307914725319895
2015-02-13,-0.014821708976667014
2015-02-17,-0.00046891841305440884
2015-02-18,0.01440833106980799
2015-02-19,-0.02407601315265695
2015-02-20,0.011654795545642083
2015-02-23,0.014385909137951014
2015-02-24,-0.02628899326887446
2015-02-25,-0.00544684580930177
2015-02-26,-0.010417670522971934
2015-02-27,0.012693016432278714
2015-03-02,0.007841152760601489
2015-03-03,-0.004950956713178689
2015-03-04,-0.004027473003130555
2015-03-05,0.010645755995144501
2015-03-06,-0.031131000897272942
2015-03-09,0.011115336376790186
2015-03-10,0.0022227003151118474
2015-03-11,0.0026970357413114154
2015-03-12,0.02349226000128346
2015-03-13,-0.003153777066950858
2015-03-16,0.017225547014109388
2015-03-17,-0.004377481604421418
2015-03-18,0.016198318086391605
2015-03-19,-0.004953089012765366
2015-03-20,0.02883474588420576
2015-03-23,0.005838641475265138
2015-03-24,-0.0032623599773003997
2015-03-25,-0.01891332944959867
2015-03-26,-0.005201107393867921
2015-03-27,-0.0033775268592154406
2015-03-30,0.011658652922791113
2015-03-31,-0.01078641659472257
2015-04-01,-0.007689912106078278
2015-04-02,0.01058340685242265
2015-04-06,0.006123850897618022
2015-04-07,-0.018315488092747523
2015-04-08,0.007474563079080898
2015-04-09,-0.026742947369626013
2015-04-10,-0.005435989570791722
2015-04-13,-0.0035056401978550422
2015-04-14,0.010791972357972801
2015-04-15,-0.009025009834562225
2015-04-16,0.006190158641446786
2015-04-17,-0.004318101721714096
2015-04-20,-0.000356877567342484
2015-04-21,0.004754787256709747
2015-04-22,0.009405511486288098
2015-04-23,0.0034576485556581105
2015-04-24,0.00023379872048789885
2015-04-27,0.0016347089389581182
2015-04-28,-0.002098766209920111
2015-04-29,-0.020094451517209122
2015-04-30,-0.02032732475205168
2015-05-01,0.020019208052353132
2015-05-04,0.007934035462775935
2015-05-05,-0.031131520206606922
2015-05-06,-0.0016495731172271322
2015-05-07,0.015603202633410751
2015-05-08,0.01524233818063414
2015-05-11,-0.023381057847821962
2015-05-12,0.004132108877616059
2015-05-13,-0.00701975517114406
2015-05-14,0.018892006343660395
2015-05-15,0.0075363785609283696
2015-05-18,-0.0036213334427703803
2015-05-19,-0.0013105579967660486
2015-05-20,-0.0009548249559935273
2015-05-21,-0.01110671030494137
2015-05-22,0.0038645303218909355
2015-05-26,-0.008481751048591613
2015-05-27,0.015834566056943222
2015-05-28,0.002030385415327851
2015-05-29,-0.007629020843251344
2015-06-01,0.01075086091983124
2015-06-02,-0.017470132031795038
2015-06-03,-0.023888531533530766
2015-06-04,-0.00241633272246522
2015-06-05,0.0002485059733152717
2015-06-08,-0.0006206122333036745
2015-06-09,-0.001864389143445444
2015-06-10,0.00429515208688569
2015-06-11,0.010040821784317755
2015-06-12,-0.002577596983793895
2015-06-15,0.0013540164403114119
2015-06-16,0.010751998872280177
2015-06-17,0.01282587771026611
2015-06-18,0.010022828931375516
2015-06-19,-0.014439586595932918
2015-06-22,-0.005727611068800487
2015-06-23,-0.013400985661657816
2015-06-24,-0.0023356591704269958
2015-06-25,-0.005051708381421438
2015-06-26,0.010420888079732293
2015-06-29,-0.017539602820569544
2015-06-30,0.004966119583625472
2015-07-01,0.019265583043901247
2015-07-02,0.006320874845570312
2015-07-06,0.0059155045040861776
2015-07-07,0.01503489368386024
2015-07-08,-0.004658582345243856
2015-07-09,0.00018019130480095846
2015-07-10,0.003719502876266434
2015-07-13,0.00035866510066706603
2015-07-14,0.004959363747752743
2015-07-15,0.002556526225448774
2015-07-16,0.007235221558548499
2015-07-17,-0.0037090061045270684
2015-07-20,0.0011225233481468866
2015-07-21,-0.004663578592017936
2015-07-22,0.008421870526721609
2015-07-23,-0.008586660188493633
2015-07-24,0.004152627779255624
2015-07-27,-0.003899273911650014
2015-07-28,0.007591655250130724
2015-07-29,0.00429724263701714
2015-07-30,0.0035747990019614484
2015-07-31,0.0064826103977631
2015-08-03,0.009458362245317264
2015-08-04,-0.0075878584011553896
2015-08-05,-0.001563763877435731
2015-08-06,0.002262403580816752
2015-08-07,0.006251140848108738
2015-08-10,-0.0005175140926850785
2015-08-11,0.008402148908569496
2015-08-12,0.0027393838422531402
2015-08-13,0.002162603173739841
2015-08-14,0.005906585065022396
2015-08-17,0.00829935394448178
2015-08-18,0.006215510510442668
2015-08-19,-0.008680982519501113
2015-08-20,-0.004154437768314034
2015-08-21,-0.022322439439555808
2015-08-24,-0.045490833655975504
2015-08-25,-0.01854409146087166
2015-08-26,0.02467950670133634
2015-08-27,0.012913534816433536
2015-08-28,0.00041531714305875767
2015-08-31,-0.021634541098604076
2015-09-01,-0.01962946074982741
2015-09-02,0.008095311400682093
2015-09-03,0.0
2015-09-04,-0.015938104519248264
2015-09-08,0.013953694501449343
2015-09-09,-0.010075328977153686
2015-09-10,0.004530470458397495
2015-09-11,0.024156399936470674
2015-09-14,-0.005549607326111983
2015-09-15,0.013284451053747981
2015-09-16,0.009219665152410572
2015-09-17,0.007533292143777848
2015-09-18,0.005770142186761307
2015-09-21,0.008721855190898742
2015-09-22,-0.010446002439302604
2015-09-23,0.005219851164031564
2015-09-24,-0.012076285570850831
2015-09-25,0.007735878776265137
2015-09-28,-0.012750932759086453
2015-09-29,0.03330554682981757
2015-09-30,0.011631112078093198
2015-10-01,0.002459341043235863
2015-10-02,0.003138494198829056
2015-10-05,0.007053773503509664
2015-10-06,-0.008303429302489063
2015-10-07,0.006892089136677493
2015-10-08,0.008201875515091661
2015-10-09,0.003983951118592177
2015-10-12,0.006985777623103706
2015-10-13,-0.00255294037402487
2015-10-14,-0.011127808577905185
2015-10-15,0.01710461530687768
2015-10-16,0.014659277513201063
2015-10-19,0.01003159202690651
2015-10-20,-0.0030766188121977844
2015-10-21,-0.0024907380636391974
2015-10-22,0.003039465680196196
2015-10-23,-0.01049819989463352
2015-10-26,-0.004648371634533577
2015-10-27,-0.016978296835134188
2015-10-28,-0.010340204925860852
2015-10-29,0.005026119414091701
2015-10-30,-0.017532823473230374
2015-11-02,0.030429841910339928
2015-11-03,-0.013544319987792375
2015-11-04,0.0021944876709389938
2015-11-05,-0.0038180656672731628
2015-11-06,-0.02519438864135115
2015-11-09,-0.0158427662721623
2015-11-10,0.013395109469708899
2015-11-11,0.008406232425525184
2015-11-12,-0.0006894984919568747
2015-11-13,-0.006789011666191946
2015-11-16,0.010310457289875563
2015-11-17,0.004242965974023516
2015-11-18,0.007079122210028377
2015-11-19,0.005668817916210989
2015-11-20,0.014768892693711289
2015-11-23,0.008221485214360502
2015-11-24,-0.011294797549555202
2015-11-25,0.00886047665635692
2015-11-27,0.007235681558746876
2015-11-30,-0.003070917819797514
2015-12-01,0.017052532361763406
2015-12-02,-0.021796524947769957
2015-12-03,-0.02571067398049698
2015-12-04,0.03348316498084869
2015-12-07,-0.016913284241340754
2015-12-08,0.0018436547343492204
2015-12-09,-0.012488792937681903
2015-12-10,-0.018857924392863268
2015-12-11,0.006560513811585622
2015-12-14,-0.0034302858354594568
2015-12-15,0.01462809490587147
2015-12-16,0.022898457790369697
2015-12-17,-0.010723225494772448
2015-12-18,-0.004301885076782641
2015-12-21,0.009763321029124583
2015-12-22,0.004835045882092492
2015-12-23,0.012442869431132042
2015-12-24,-0.0018566311776774258
2015-12-28,0.006402946047392222
2015-12-29,0.01582229833946336
2015-12-30,-0.001185590237399059
2015-12-31,-0.006421152734359392
2016-01-04,-0.018519752515047117
2016-01-05,0.023018683599951073
2016-01-06,-0.007464196872326245
2016-01-07,-0.004577488051372147
2016-01-08,-0.01773801963809596
2016-01-11,0.006242650933888649
2016-01-12,-0.00570523310227411
2016-01-13,-0.013982407945677622
2016-01-14,-0.004632852583988822
2016-01-15,-0.002724385352447456
2016-01-19,0.015082612053624489
2016-01-20,-0.03829571346191418
2016-01-21,-0.0012828052399881384
2016-01-22,0.017688683857732146
2016-01-25,-0.00034416201593545637
2016-01-26,0.021403181846307184
2016-01-27,-0.013539228190710184
2016-01-28,-0.02762116459000008
2016-01-29,0.004392818520730701
2016-02-01,0.0027986488052265113
2016-02-02,-0.020642913088680603
2016-02-03,0.003978054283468202
2016-02-04,0.01200556480477677
2016-02-05,-0.028342621767152076
2016-02-08,-0.016358998336874597
2016-02-09,-0.01491902936373768
2016-02-10,0.021227791329797574
2016-02-11,-0.018051545119159296
2016-02-12,0.01770261134431328
2016-02-16,0.00577819116619116
2016-02-17,0.014451655820903131
2016-02-18,0.0035767811016955697
2016-02-19,0.010394496131647113
2016-02-22,0.005643875151994493
2016-02-23,-0.003507633019961487
2016-02-24,-0.004340880601095609
2016-02-25,0.017556971569357538
2016-02-26,-0.007469104173636221
2016-02-29,0.0012834925067208847
2016-03-01,0.03489868216024927
2016-03-02,0.005066582363111527
2016-03-03,0.007057551939451567
2016-03-04,0.0012794073872559597
2016-03-07,0.0010556220714803555
2016-03-08,-0.004772593922282797
2016-03-09,0.0061333635621676486
2016-03-10,-0.005597385102183661
2016-03-11,0.02100998008184307
2016-03-14,0.0004915357228529871
2016-03-15,0.003982441799738279
2016-03-16,0.006248967493627466
2016-03-17,0.020358503229681357
2016-03-18,-0.010108628165089506
2016-03-21,-0.01074649996283461
2016-03-22,0.004431909339871254
2016-03-23,-0.0018292709031124676
2016-03-24,-0.002263775628311482
2016-03-28,0.009941040190408978
2016-03-29,0.021715433077674984
2016-03-30,-0.004113501597130975
2016-03-31,0.007254726283051127
2016-04-01,-0.0017349631969224566
2016-04-04,-0.000895209474309433
2016-04-05,-0.00010541312851486406
2016-04-06,-0.00121248836716914
2016-04-07,-0.00797072889844297
2016-04-08,0.006704657402613501
2016-04-11,-0.019344654428844144
2016-04-12,0.0003772180465952957
2016-04-13,-0.013576632902311148
2016-04-14,-0.026271541471910242
2016-04-15,0.017613019596320667
2016-04-18,0.009315315542407054
2016-04-19,0.002785342351564024
2016-04-20,-0.022928039792123323
2016-04-21,-0.0099770918037968
2016-04-22,0.014356583958075486
2016-04-25,0.008214215460335517
2016-04-26,0.0005504231048623076
2016-04-27,-0.012269284004125525
2016-04-28,0.0002227814917674653
2016-04-29,-0.01542696044275016
2016-05-02,0.022852162887210703
2016-05-03,0.0030418595369456902
2016-05-04,0.02078481312657976
2016-05-05,0.007453596896591197
2016-05-06,0.0063258490361453035
2016-05-09,0.006765693671857198
2016-05-10,0.010689159817673044
2016-05-11,-0.02052350215850418
2016-05-12,0.003046236437992178
2016-05-13,-0.008312827185402938
2016-05-16,0.0084365736700307
2016-05-17,-0.01763807095769565
2016-05-18,-0.013507055886008978
2016-05-19,-0.014021752610490434
2016-05-20,0.006302108203174006
2016-05-23,-0.0012744622329251554
2016-05-24,-0.0006663620725670949
2016-05-25,0.003998414531277916
2016-05-26,-0.004811960923511105
2016-05-27,0.0011668730056100252
2016-05-31,-0.0014986321001272396
2016-06-01,-0.019235271590423486
2016-06-02,0.0007374697306321565
2016-06-03,-0.01778595512014225
2016-06-06,-0.018337755762063424
2016-06-07,-0.0025848222650787234
2016-06-08,-0.0010599673011473243
2016-06-09,0.003773506978383523
2016-06-10,-0.0011163193669688765
2016-06-13,0.003351600697969026
2016-06-14,-0.0036918053664666273
2016-06-15,0.01535261505443497
2016-06-16,0.009211883804587151
2016-06-17,-0.004018575395512314
2016-06-20,0.002881752884029254
2016-06-21,0.006149299898013494
2016-06-22,-0.0006850955387694979
2016-06-23,-0.0012577804820177452
2016-06-24,-0.01236166292739549
2016-06-27,0.01396556963891582
2016-06-28,0.02464997627662524
2016-06-29,0.001348697642463037
2016-06-30,0.01257347610990922
2016-07-01,0.0018297225984118537
2016-07-05,0.01211812011290192
2016-07-06,-0.005631070019454731
2016-07-07,-0.005662958535485374
2016-07-08,0.02261546501360523
2016-07-11,-0.0021090354603474637
2016-07-12,0.00606888757402535
2016-07-13,0.00947900889333364
2016-07-14,-0.010563888674905653
2016-07-15,-0.011809042180060403
2016-07-18,-0.0005455425616054388
2016-07-19,0.005896359480290547
2016-07-20,-0.002551206331666944
2016-07-21,0.0012520403880955655
2016-07-22,0.007173723058462755
2016-07-25,-0.0008093844070624634
2016-07-26,-0.014851513823591733
2016-07-27,-0.014581851868728735
2016-07-28,0.014019089976012644
2016-07-29,0.018487823435916928
2016-08-01,0.005817499116448133
2016-08-02,-0.010389304541584377
2016-08-03,-0.010606424219017696
2016-08-04,-0.007384231389205298
2016-08-05,0.006282139948752263
2016-08-08,0.017577268190909434
2016-08-09,0.0008069410695488166
2016-08-10,-0.012044226860628893
2016-08-11,-0.013224960383942386
2016-08-12,-0.002868081667348532
2016-08-15,0.005420545500077756
2016-08-16,-0.016119269727895458
2016-08-17,-0.0030193375311186044
2016-08-18,-0.006001203572402747
2016-08-19,-0.006037435451603068
2016-08-22,-0.001191965729463118
2016-08-23,-0.005570004644601223
2016-08-24,-0.0028002480307256494
2016-08-25,0.004011672210620043
2016-08-26,-0.009304484951785597
2016-08-29,0.01152391888830695
2016-08-30,-0.0064366568205157515
2016-08-31,0.0033823871313662934
2016-09-01,0.0045712548145144805
2016-09-02,-0.001990603441337724
2016-09-06,0.019206193229969415
2016-09-07,0.005536243658850415
2016-09-08,-0.021577188325200503
2016-09-09,-0.03552343488418552
2016-09-12,0.016854408895956796
2016-09-13,-0.021095459122153826
2016-09-14,0.013912709733505446
2016-09-15,0.01179489782823695
2016-09-16,0.0002888980651685191
2016-09-19,0.011999908607485121
2016-09-20,0.004218879881394466
2016-09-21,0.015100413569927307
2016-09-22,0.018455785328600705
2016-09-23,0.003624087125786435
2016-09-26,0.0038844466283014523
2016-09-27,-0.00937439680895713
2016-09-28,0.00654095944058164
2016-09-29,-0.012060341959416854
2016-09-30,-0.008695629349840361
2016-10-03,-0.023110624428925863
2016-10-04,-0.006331452175422525
2016-10-05,-0.0320924302218073
2016-10-06,-0.0008374788126130905
2016-10-07,-0.00790618457844261
2016-10-10,0.00899538373719766
2016-10-11,-0.001435892472835043
2016-10-12,0.004674127743870216
2016-10-13,0.0026838246158438217
2016-10-14,0.004878017888805708
2016-10-17,0.0009468229107270076
2016-10-18,-0.001892157266934258
2016-10-19,0.002192524890021863
2016-10-20,-0.006031019890001099
2016-10-21,-0.001070483166574543
2016-10-24,0.0016674545972763521
2016-10-25,-0.008025278095562638
2016-10-26,0.01354307587011827
2016-10-27,-0.020280244223354615
2016-10-28,0.010621598778823849
2016-10-31,0.022214691176065227
2016-11-01,-0.011216300954685954
2016-11-02,0.001831350192125214
2016-11-03,0.0061330234766203695
2016-11-04,0.005861278827744343
2016-11-07,-0.00518582339985818
2016-11-08,0.012886584802290546
2016-11-09,-0.020934582404707136
2016-11-10,-0.016361622574734058
2016-11-11,0.00678567173970257
2016-11-14,0.02111427596630988
2016-11-15,-0.035455569113994057
2016-11-16,0.009447075141051586
2016-11-17,-0.015598078966645001
2016-11-18,-0.010786699548046341
2016-11-21,-0.015832732803580662
2016-11-22,0.01658789668645766
2016-11-23,-0.012068535043618711
2016-11-25,0.002867063352810284
2016-11-28,0.015662182414228232
2016-11-29,0.008199422010215729
2016-11-30,-0.0016386257910280255
2016-12-01,-0.006018425746258882
2016-12-02,0.006911234213185624
2016-12-05,-6.099798675551771e-05
2016-12-06,-0.002551314033371388
2016-12-07,0.0237517088008794
2016-12-08,0.003985695074809614
2016-12-09,0.0016589506547246557
2016-12-12,0.007985634734643865
2016-12-13,0.0013499813410375872
2016-12-14,-0.003516366194026288
2016-12-15,-0.002529136788859021
2016-12-16,0.019634468988000142
2016-12-19,0.010755381864181679
2016-12-20,0.0025175982389227247
2016-12-21,-0.013125488082948
2016-12-22,0.004568317280627676
2016-12-23,0.004432755129435417
2016-12-27,0.007621976438646483
2016-12-28,-0.0030375592583725686
2016-12-29,0.00954304795876526
2016-12-30,0.008826930496961038
2017-01-03,-0.0029914917090322346
2017-01-04,0.004133134030662733
2017-01-05,0.006089413037997149
2017-01-06,0.008798853660050066
2017-01-09,-0.01544422113150401
2017-01-10,-0.002257090507277293
2017-01-11,-0.0093316610535914
2017-01-12,0.008106565904338447
2017-01-13,-0.0018689240554168318
2017-01-17,0.00028388913593269116
2017-01-18,0.001474583116559236
2017-01-19,-0.007645565355782424
2017-01-20,0.009987555556792316
2017-01-23,-0.0003959419451988744
2017-01-24,-0.00757468569349562
2017-01-25,-0.01213254507220296
2017-01-26,0.004497796260231723
2017-01-27,-0.006256777680194614
2017-01-30,-0.0058346258682143715
2017-01-31,0.006972431580624772
2017-02-01,-0.021349082222621774
2017-02-02,0.034962290061980594
2017-02-03,-0.011450288473523584
2017-02-06,0.0074346034587420284
2017-02-07,0.0051473274756863585
2017-02-08,0.015821089722326764
2017-02-09,-0.0014009496501495855
2017-02-10,0.009088687619630775
2017-02-13,-0.007338921482598626
2017-02-14,-0.0005038321624469821
2017-02-15,-0.0035304244102459803
2017-02-16,0.00697310618138447
2017-02-17,-0.0029597567027348504
2017-02-21,0.014338967814613968
2017-02-22,-0.0021538758041557138
2017-02-23,0.011288860898016173
2017-02-24,0.0016962046171049572
2017-02-27,0.002349224000306238
2017-02-28,0.0015801938992690001
2017-03-01,-0.002557352221819964
2017-03-02,-0.0025637982116917257
2017-03-03,-0.009133972635860688
2017-03-06,0.009162887250880436
2017-03-07,0.0012030915686360721
2017-03-08,-0.00830353173124243
2017-03-09,-0.015810167418625842
2017-03-10,-0.004981432346867876
2017-03-13,0.0013501328533469525
2017-03-14,0.0035390063345805967
2017-03-15,0.027597519092585676
2017-03-16,0.007245117721404126
2017-03-17,0.005191839981628865
2017-03-20,-0.005487919984758061
2017-03-21,0.003949330481210156
2017-03-22,0.0030716485535706717
2017-03-23,0.0032772553436715146
2017-03-24,-0.0006963461788044301
2017-03-27,-0.009431119504682561
2017-03-28,0.001082069224955573
2017-03-29,-0.0008713284844713565
2017-03-30,-0.0008719784835793387
2017-03-31,0.0015276240305124311
2017-04-03,-0.000381350939821945
2017-04-04,0.0036503045380609223
2017-04-05,0.006297900098009679
2017-04-06,0.0025355656781445024
2017-04-07,-0.005704236116753969
2017-04-10,0.010824395199588555
2017-04-11,0.002569854424568696
2017-04-12,0.0009616558568308342
2017-04-13,-0.00506901200570764
2017-04-17,0.012494444565165796
2017-04-18,-0.0009000030323984554
2017-04-19,-0.0032336959280631072
2017-04-20,-0.005265236221025371
2017-04-21,-0.0017105479153357583
2017-04-24,-0.0021957794866019897
2017-04-25,0.01594088073371469
2017-04-26,-0.0031700401753571583
2017-04-27,-0.0023847437092354706
2017-04-28,0.008552968814228734
2017-05-01,0.006216458886765475
2017-05-02,0.0009419372964214467
2017-05-03,-0.011088162708067117
2017-05-04,0.01031313103634468
2017-05-05,0.009004032760626446
2017-05-08,-0.0046168994291578835
2017-05-09,0.0014068775074027595
2017-05-10,0.0006767952308286418
2017-05-11,-0.0022886421754201303
2017-05-12,0.001146630739604193
2017-05-15,0.0014062945011219519
2017-05-16,-0.0010920272783528917
2017-05-17,-0.005778319485026384
2017-05-18,0.004555577346964768
2017-05-19,-0.00317984368728208
2017-05-22,0.0037646952667131917
2017-05-23,-0.001145945001361004
2017-05-24,0.002920612825084934
2017-05-25,-0.0007282627918515638
2017-05-26,-0.004422907134056908
2017-05-30,0.0
2017-05-31,-0.0004181229315137758
2017-06-01,-0.003294727929307628
2017-06-02,0.026389213532582945
2017-06-05,0.01768543168683201
2017-06-06,-0.027171995779642244
2017-06-07,0.005420921852314464
2017-06-08,-0.0027216242206128394
2017-06-09,0.0040162422692007205
2017-06-12,-0.007384766430112766
2017-06-13,0.0007232845869658
2017-06-14,0.008518576613013584
2017-06-15,0.003173972803777847
2017-06-16,0.0007142865961029532
2017-06-19,0.0029579122559364457
2017-06-20,-0.006558900800879175
2017-06-21,-0.004247767340097353
2017-06-22,-0.0036495624276092764
2017-06-23,0.0009287064408860513
2017-06-26,0.0019585524582950153
2017-06-27,-0.008230269601552598
2017-06-28,0.005956542169135659
2017-06-29,-0.0027009930249811687
2017-06-30,0.0008333576517574048
2017-07-03,0.010979894023857018
2017-07-05,-0.002779667616192416
2017-07-06,-0.02864636189365366
2017-07-07,0.005897895083949667
2017-07-10,-0.012995194141929511
2017-07-11,-0.0028362667271029096
2017-07-12,0.00354228660352085
2017-07-13,-0.0001069242037973206
2017-07-14,0.004065266919487165
2017-07-17,0.012412945522868535
2017-07-18,-0.008630039762101305
2017-07-19,0.009395057105908267
2017-07-20,-0.0002629702803595979
2017-07-21,0.00541762328540174
2017-07-24,-0.010410653494062894
2017-07-25,-0.006978362558746287
2017-07-26,0.017461917015011208
2017-07-27,-0.002982582597172434
2017-07-28,0.010233499121977241
2017-07-31,-0.0007790501825164498
2017-08-01,-0.0011960159435500106
2017-08-02,-0.004319812808111667
2017-08-03,-0.018192386104573854
2017-08-04,0.0003195509791962259
2017-08-07,0.0030337526148953575
2017-08-08,0.000584079645525204
2017-08-09,0.003817969472376559
2017-08-10,-0.0011620853760050398
2017-08-11,-0.002856142993875488
2017-08-14,0.0162325488767332
2017-08-15,0.002609857896246126
2017-08-16,-0.004529419346006147
2017-08-17,-0.004289207349123081
2017-08-18,-0.00730080995725535
2017-08-21,0.006984639680034155
2017-08-22,-0.00646353112290976
2017-08-23,0.003702385054819235
2017-08-24,-0.002318767592423332
2017-08-25,-0.0018482278066809243
2017-08-28,-0.0034922668963995873
2017-08-29,-0.005575373912393045
2017-08-30,-0.0019223046969415458
2017-08-31,0.004333355316293419
2017-09-01,0.0014382194561715078
2017-09-05,-0.0070209960342905164
2017-09-06,-0.006160317913439517
2017-09-07,0.002479206912656684
2017-09-08,0.004140048062775348
2017-09-11,0.009584816534518481
2017-09-12,-0.02079011898080496
2017-09-13,-0.004279580006327666
2017-09-14,-0.0005979325445442107
2017-09-15,0.00021751059397501216
2017-09-18,-0.0032648895657801935
2017-09-19,-0.007916049258088198
2017-09-20,-0.00506281440238221
2017-09-21,-0.005475527480241271
2017-09-22,-0.00717384752566308
2017-09-25,0.004424818937547981
2017-09-26,-0.0011715022616455295
2017-09-27,-0.005248166074902527
2017-09-28,0.010523965263602442
2017-09-29,-0.0010080568966920334
2017-10-02,-0.0046518215907142
2017-10-03,0.0005634030168220061
2017-10-04,0.013000019328142542
2017-10-05,0.0024443484189655695
2017-10-06,-0.008534523551630091
2017-10-09,-0.0008388050595513619
2017-10-10,-0.0013984786879711608
2017-10-11,0.008291184163493392
2017-10-12,0.005445052673563433
2017-10-13,-0.0019891627272680124
2017-10-16,-0.007752003597566337
2017-10-17,0.004575849595296777
2017-10-18,0.00033347875241895863
2017-10-19,0.0028875320965513485
2017-10-20,0.0032666975257718
2017-10-23,0.00436025984063293
2017-10-24,-0.013573039591350256
2017-10-25,0.0054039025678489505
2017-10-26,0.0009971161179942456
2017-10-27,0.005479609809936781
2017-10-30,0.0013213992471599045
2017-10-31,-0.00307894139424425
2017-11-01,0.01141577157070861
2017-11-02,-0.01663032882016635
2017-11-03,0.008982498641116887
2017-11-06,0.00780350216647574
2017-11-07,0.0020174721291805753
2017-11-08,0.015945123581594833
2017-11-09,0.004177889691972414
2017-11-10,-0.001653549985974223
2017-11-13,0.005075785154052381
2017-11-14,-0.0031894694950386215
2017-11-15,-0.015039381874756175
2017-11-16,0.0075803348129901416
2017-11-17,-0.009242778146121067
2017-11-20,-0.0023324663662162015
2017-11-21,0.0058716725902523415
2017-11-22,-0.0022701943270464486
2017-11-24,0.0001628176005181725
2017-11-27,-0.009695209694607576
2017-11-28,-0.008586882111422334
2017-11-29,0.004247942368691193
2017-11-30,-0.0039005225524622045
2017-12-01,0.0
2017-12-04,-0.0011578678852598445
2017-12-05,-0.012753612831280736
2017-12-06,0.003187153419131672
2017-12-07,0.003234023225824778
2017-12-08,0.012557823882689334
2017-12-11,0.00323787379765883
2017-12-12,0.004540112197501056
2017-12-13,-0.007242180357565409
2017-12-14,0.0003289632007672516
2017-12-15,-0.003893138338236013
2017-12-18,0.004403947039856693
2017-12-19,-0.02597836960124056
2017-12-20,-0.0005628791531188115
2017-12-21,-0.011653656377020205
2017-12-22,0.014639344955637679
2017-12-26,0.004884569637160219
2017-12-27,-0.0023466747824628653
2017-12-28,0.0080723699511418
2017-12-29,-0.0009519592527913456
2018-01-02,-0.006558020916917484
2018-01-03,0.0031030357659151964
2018-01-04,-0.01788612572694548
2018-01-05,-0.0020046169464967845
2018-01-08,0.0007461353983722052
2018-01-09,-0.007569174991095329
2018-01-10,-0.012191622103183919
2018-01-11,-0.00696084417155296
2018-01-12,-0.009071056317808912
2018-01-16,0.004755165018356156
2018-01-17,0.0052065206993743285
2018-01-18,-0.012477245422570116
2018-01-19,0.005423288201669152
2018-01-22,0.008298559971907427
2018-01-23,0.01522664795961659
2018-01-24,-0.005153650401628962
2018-01-25,-0.009429632095552254
2018-01-26,-0.0005287524936078425
2018-01-29,-0.010817776825748804
2018-01-30,-0.008202411841981894
2018-01-31,0.021154433311463938
2018-02-01,-0.036913108879582435
2018-02-02,-0.000914029394148419
2018-02-05,-0.030129485944984435
2018-02-06,0.0077354681546890625
2018-02-07,-0.012293640444936527
2018-02-08,-0.021101841042855285
2018-02-09,0.030140714076574593
2018-02-12,-0.005388498987061396
2018-02-13,0.004094733472940426
2018-02-14,-0.00301109754573492
2018-02-15,0.01371739044090936
2018-02-16,0.00912482643740642
2018-02-20,-0.01322533409047888
2018-02-21,-0.02742778803529522
2018-02-22,0.007050526861364981
2018-02-23,0.018393303148499962
2018-02-26,0.0008752324239951204
2018-02-27,-0.025413899242604066
2018-02-28,-0.0003843460861114867
2018-03-01,-0.006216972942664323
2018-03-02,-0.007417198203217734
2018-03-05,0.01416502771721695
2018-03-06,-0.000768755262519405
2018-03-07,0.013785922603279932
2018-03-08,0.00879091874321447
2018-03-09,0.012037765825532176
2018-03-12,0.00074301864439974
2018-03-13,-0.00012362258050557795
2018-03-14,0.012072981456393128
2018-03-15,0.0012231961260595892
2018-03-16,0.012708922971181424
2018-03-19,-0.0039821619297263355
2018-03-20,-0.0047245245159864835
2018-03-21,-0.006512135836362232
2018-03-22,-0.01825519841302159
2018-03-23,-0.014039811632604038
2018-03-26,0.0051895465470661595
2018-03-27,0.011395592777463603
2018-03-28,0.03065932095596402
2018-03-29,0.0024988205928415663
2018-04-02,-0.010944646942911307
2018-04-03,0.01414006589139949
2018-04-04,0.0064259358868545835
2018-04-05,0.0012647336771778317
2018-04-06,-0.0013839323447375484
2018-04-09,-0.003493602859208078
2018-04-10,0.00828173078783312
2018-04-11,-0.004556592727235298
2018-04-12,-0.004999042103939311
2018-04-13,0.008050961427038983
2018-04-16,-0.0031829698516051552
2018-04-17,0.005844105539980271
2018-04-18,-0.006109458353128483
2018-04-19,-0.020548251261445882
2018-04-20,-0.010274167900751419
2018-04-23,0.0008082430357574388
2018-04-24,0.005589984231808343
2018-04-25,-0.0006796165244024044
2018-04-26,-0.001298101834385279
2018-04-27,0.017019477633935853
2018-04-30,-0.008093406644299028
2018-05-01,0.009508906335401912
2018-05-02,-0.011728827404248299
2018-05-03,0.0014145344252176617
2018-05-04,0.009210844176199329
2018-05-07,0.005171845299632327
2018-05-08,-0.004418773787911334
2018-05-09,0.007600119075176437
2018-05-10,0.011947936641763857
2018-05-11,-0.007871362309457397
2018-05-14,-0.011058780699320203
2018-05-15,-0.023641711092322604
2018-05-16,-0.007158610843102653
2018-05-17,-0.006144049509643867
2018-05-18,-0.00479424791193761
2018-05-21,0.006402055307513699
2018-05-22,0.003023097291706023
2018-05-23,0.014065981491862
2018-05-24,-0.004768186584671152
2018-05-25,0.0064709486634997315
2018-05-29,-0.0017925271919100316
2018-05-30,0.02718756476934403
2018-05-31,-0.001929167764767925
2018-06-01,0.00948400724591636
2018-06-04,0.011309643154957305
2018-06-05,-0.012425713833080776
2018-06-06,0.0031752115326695307
2018-06-07,-0.0034039734157671475
2018-06-08,0.00575305115903646
2018-06-11,-0.007210266094260898
2018-06-12,0.011463756179467932
2018-06-13,-0.011630383139823675
2018-06-14,0.009725857901530244
2018-06-15,0.003211267049993527
2018-06-18,-0.006757049812510463
2018-06-19,-0.0017303900865183186
2018-06-20,0.01207505273365217
2018-06-21,0.0035437851733386427
2018-06-22,0.005414799456487263
2018-06-25,0.008194914218416116
2018-06-26,-0.005341408007070059
2018-06-27,-0.009923557950413997
2018-06-28,0.019447656324604212
2018-06-29,0.002800222961489629
2018-07-02,-0.007504669105461881
2018-07-03,0.0022275008130310248
2018-07-05,0.008246765060480943
2018-07-06,0.002900222580440648
2018-07-09,-0.005726159000048137
2018-07-10,0.009423980542994759
2018-07-11,0.0023630414783122333
2018-07-12,0.0018973434744464779
2018-07-13,-0.005222217325368206
2018-07-16,-0.004038161327591605
2018-07-17,-0.00741370445105749
2018-07-18,-0.0005252489175278097
2018-07-19,0.006539075428472874
2018-07-20,-0.010789056117207818
2018-07-23,-0.0011140288687859767
2018-07-24,0.0013506808878427368
2018-07-25,0.011255272418146722
2018-07-26,0.002203077916849372
2018-07-27,-0.003759882686199534
2018-07-30,-0.00034852973914523133
2018-07-31,0.027182775392075254
2018-08-01,0.007689835568782
2018-08-02,0.0016275089723041258
2018-08-03,0.0088515178605586
2018-08-06,0.0007214596430558107
2018-08-07,-0.006214721894039932
2018-08-08,-0.004634290400409302
2018-08-09,0.0035339792128445957
2018-08-10,-0.009447422461905441
2018-08-13,0.0026526125580865756
2018-08-14,0.005403555013956396
2018-08-15,0.009348326696954956
2018-08-16,0.005657558994510259
2018-08-17,0.010368500856289042
2018-08-20,-0.000709595205501734
2018-08-21,-0.011143377882188665
2018-08-22,0.0014914490928790158
2018-08-23,-0.0008274674374757485
2018-08-24,0.009108611880440654
2018-08-27,-0.001805067141047556
2018-08-28,0.01107007901338064
2018-08-29,-0.001246740151984893
2018-08-30,-0.007760750388898452
2018-08-31,0.002516225693202756
2018-09-04,-0.0023462135142954255
2018-09-05,0.005687529085879106
2018-09-06,0.0018488649666912327
2018-09-07,-0.005753285743130276
2018-09-10,0.006059674807308513
2018-09-11,-0.0020079703690796258
2018-09-12,-0.0010871524788149678
2018-09-13,0.010885778455881567
2018-09-14,-0.013083965933690878
2018-09-17,0.007856279593504434
2018-09-18,-0.003518695340108402
2018-09-19,-0.01075603974367767
2018-09-20,0.011147706984757644
2018-09-21,0.00575672262890814
2018-09-24,-0.024137221788191554
2018-09-25,0.002323915996484738
2018-09-26,-0.01617544346785993
2018-09-27,0.005601678983977676
2018-09-28,0.01924255616622128
2018-10-01,-0.006568982203327134
2018-10-02,0.00016662976220760406
2018-10-03,-0.007666996388691061
2018-10-04,-0.007782518705467867
2018-10-05,0.0005078346842752879
2018-10-08,0.011392618591598014
2018-10-09,0.010036974554732181
2018-10-10,-0.015292567347067187
2018-10-11,-0.028986587576058098
2018-10-12,-0.0023092431761786436
2018-10-15,0.0006364395625577668
2018-10-16,0.018739168711883192
2018-10-17,-0.0007947966254091554
2018-10-18,0.001704334623838566
2018-10-19,0.009472535621036782
2018-10-22,-0.02882513368136541
2018-10-23,0.0050337680599430445
2018-10-24,0.01703951688842853
2018-10-25,0.005716946584747529
2018-10-26,-0.01570201459157916
2018-10-29,0.018582985256826223
2018-10-30,0.0026386045508282052
2018-10-31,-0.018084449667664204
2018-11-01,-0.0002848594573011676
2018-11-02,-0.01226262334022632
2018-11-05,0.022462298158093752
2018-11-06,0.017167995331461627
2018-11-07,0.012437083852264275
2018-11-08,-0.0007678346914404832
2018-11-09,0.0017562790133502926
2018-11-12,0.009423029058552634
2018-11-13,0.009226772687103368
2018-11-14,-0.002312661997252663
2018-11-15,-0.015739183499607345
2018-11-16,0.01610066231455698
2018-11-19,0.011910857742238434
2018-11-20,-0.006497983417931064
2018-11-21,-0.0004286953088206147
2018-11-23,-0.003540002397525055
2018-11-26,0.003229776438379739
2018-11-27,0.0086376759621416
2018-11-28,0.004308232574552928
2018-11-29,-0.003918867742201959
2018-11-30,0.013292636100965538
2018-12-03,0.0007346144975270974
2018-12-04,-0.017775646407719337
2018-12-06,0.023222546450367476
2018-12-07,-0.01596516429358108
2018-12-10,-0.006150276575790259
2018-12-11,0.0025074517856191747
2018-12-12,-0.021764422904150038
2018-12-13,0.015068055105338374
2018-12-14,0.0016076210036568561
2018-12-17,-0.03761375325671035
2018-12-18,0.01134172331946326
2018-12-19,-0.006211955726157625
2018-12-20,-0.002157316878521276
2018-12-21,-0.018570829337936967
2018-12-24,-0.046317050640905855
2018-12-26,0.02635575744380869
2018-12-27,0.0006929489811746681
2018-12-28,0.004245646759976962
2018-12-31,0.007992358746706563
2019-01-02,-0.027865942000473876
2019-01-03,0.0047281337166358295
2019-01-04,0.007058881453245736
2019-01-07,-0.002803850054801438
2019-01-08,0.020735784164392257
2019-01-09,0.008607597645052367
2019-01-10,0.012688053081781003
2019-01-11,0.003371056706898079
2019-01-14,-0.0022957415288810123
2019-01-15,0.009035733933587586
2019-01-16,0.013181737096583435
2019-01-17,0.006477811685750456
2019-01-18,0.004091118962019857
2019-01-22,-0.00032581132496600773
2019-01-23,0.004944787836795639
2019-01-24,5.389802000888011e-05
2019-01-25,0.009191482761585767
2019-01-28,0.011733341975853406
2019-01-29,0.010008582584204007
2019-01-30,0.0026212704095454065
2019-01-31,0.00883751041260683
2019-02-01,-0.014099015743043064
2019-02-04,0.01125140557557569
2019-02-05,0.011230066528066018
2019-02-06,-0.002776240366511473
2019-02-07,0.006805552599670861
2019-02-08,-0.003994399171448282
2019-02-11,0.0028276848262023258
2019-02-12,-0.008151630886959804
2019-02-13,0.013491317753050458
2019-02-14,-0.0017852648752507694
2019-02-15,0.0017884577460456352
2019-02-19,0.001937974342869131
2019-02-20,-0.011962375990461682
2019-02-21,0.009325049453172918
2019-02-22,0.0006635762565541103
2019-02-25,-0.007243555066068663
2019-02-26,0.0015929154408897972
2019-02-27,-0.0033856977641649744
2019-02-28,0.0018531159128165609
2019-03-01,-0.001952508411805387
2019-03-04,0.007310205957473226
2019-03-05,0.0039351067578898835
2019-03-06,-0.0049377326636583785
2019-03-07,0.00015347017773725824
2019-03-08,0.004808026786312869
2019-03-11,0.005090832395787004
2019-03-12,0.007191709782657929
2019-03-13,0.0025645178215765174
2019-03-14,0.003511336059506265
2019-03-15,-0.005498112798881349
2019-03-18,-0.008895367997306947
2019-03-19,-0.003955603783280415
2019-03-20,0.001221629485607112
2019-03-21,0.010271743530550381
2019-03-22,0.004579984715192609
2019-03-25,-0.002103945285794828
2019-03-26,0.008535147359370665
2019-03-27,-9.962609908331643e-05
2019-03-28,0.007976754119694007
2019-03-29,-0.000945816888497375
2019-04-01,-0.0002490457166299809
2019-04-02,0.007624221326596681
2019-04-03,0.000741668621824898
2019-04-04,-0.003113091450291594
2019-04-05,0.0022305807520768273
2019-04-08,-0.0033139133095592133
2019-04-09,-0.004515780216477472
2019-04-10,0.007975849501520083
2019-04-11,0.004698588322751274
2019-04-12,0.004578015988625284
2019-04-15,0.00024495751078768
2019-04-16,-0.03032391766486142
2019-04-17,-0.02076405250532609
2019-04-18,0.011969402058771061
2019-04-22,-0.01274544424357793
2019-04-23,0.013477861503542465
2019-04-24,0.009681206239589457
2019-04-25,0.009033239409568239
2019-04-26,0.0028507432487105966
2019-04-29,-0.01251766940646426
2019-04-30,0.014746899225914767
2019-05-01,0.001144582405470329
2019-05-02,0.0013919748408430799
2019-05-03,0.003574254533444954
2019-05-06,-0.007864994884825727
2019-05-07,-0.018846371565666598
2019-05-08,-0.0017277622322879882
2019-05-09,0.010587958075233939
2019-05-10,0.010980828837430012
2019-05-13,-0.00034886794280786226
2019-05-14,-0.004435904594177864
2019-05-15,0.004756028371341481
2019-05-16,0.010264134160862914
2019-05-17,0.0018739088224084544
2019-05-20,-0.012749433260940246
2019-05-21,0.008276996751217292
2019-05-22,0.005440023572066188
2019-05-23,0.0021150031696726135
2019-05-24,0.00755854228695485
2019-05-28,-0.012519496762801618
2019-05-29,-0.006906283678796532
2019-05-30,0.0003972499351045933
2019-05-31,0.00804430408937451
2019-06-03,0.004088210188423869
2019-06-04,-0.009026681891428079
2019-06-05,0.028514768278722125
2019-06-06,0.004716962701283078
2019-06-07,0.0015330735914214078
2019-06-10,0.001435276558485965
2019-06-11,-9.549386197194032e-05
2019-06-12,-0.010270673847937783
2019-06-13,-0.0004824702037062867
2019-06-14,0.004828580690636519
2019-06-17,0.00740080942128718
2019-06-18,-0.004818165820696607
2019-06-19,0.002732270354409705
2019-06-20,0.006118921982436243
2019-06-21,-0.012685818519996173
2019-06-24,0.001636309852818485
2019-06-25,-0.017920661908128688
2019-06-26,-0.015312188813724426
2019-06-27,0.008409708560293883
2019-06-28,0.00863767623656364
2019-07-01,-0.004281898966955189
2019-07-02,0.016064446341946814
2019-07-03,0.01834052012704812
2019-07-05,-0.006974893712239916
2019-07-08,0.01077607943992076
2019-07-09,0.006663112222090595
2019-07-10,0.01068505649379703
2019-07-11,-0.011086577888968052
2019-07-12,-0.0043520417478360995
2019-07-15,0.0038483600851566546
2019-07-16,-0.0013253397945643952
2019-07-17,-0.0001894840440050949
2019-07-18,-0.003697237697810385
2019-07-19,-0.01598552805717257
2019-07-22,-0.008122608210025084
2019-07-23,0.008237895066204093
2019-07-24,4.846190518326132e-05
2019-07-25,0.0
2019-07-26,0.0073967399308740855
2019-07-29,0.009885904208807972
2019-07-30,0.0019954158499340124
2019-07-31,-0.009816729037699479
2019-08-01,-0.027060637166708923
2019-08-02,0.012897475235936318
2019-08-05,-0.02498060910449662
2019-08-06,0.012311977393299811
2019-08-07,0.00580997898971658
2019-08-08,0.011014882827508732
2019-08-09,-0.00246939901220411
2019-08-12,-0.002184569572038053
2019-08-13,-0.006615909299925837
2019-08-14,-0.01278162084711787
2019-08-15,0.014038338408123963
2019-08-16,0.006946742829824215
2019-08-19,0.009084645878035147
2019-08-20,-0.0056327622995958615
2019-08-21,0.006826541988590007
2019-08-22,0.004472358064709914
2019-08-23,-0.013022043092686841
2019-08-26,0.01236901094716547
2019-08-27,-0.0030182042936763853
2019-08-28,0.006583866568987906
2019-08-29,0.012031502554409768
2019-08-30,0.002783247691543256
2019-09-03,0.007197954321284783
2019-09-04,0.00966906021502556
2019-09-05,-0.006708136597326497
2019-09-06,0.004843781332785069
2019-09-09,-0.008667451140454085
2019-09-10,-0.016972157560223966
2019-09-11,-0.0025205852997789435
2019-09-12,-0.0009062552067908847
2019-09-13,-0.011549497007601883
2019-09-16,0.013470947333054095
2019-09-17,0.007670411613259098
2019-09-18,-0.0009455347533184888
2019-09-19,-0.002602725830843533
2019-09-20,-0.008066000155394049
2019-09-23,0.006601040733767327
2019-09-24,0.004419260268040404
2019-09-25,0.006481387915308279
2019-09-26,0.013349686322575716
2019-09-27,0.0009808728917013454
2019-09-30,0.004947225771452457
2019-10-01,-0.006176678883630826
2019-10-02,0.004672928070360349
2019-10-03,0.013813919729359858
2019-10-04,0.0047254897174402455
2019-10-07,0.0009130441024596259
2019-10-08,-0.006706127355311398
2019-10-09,0.004684814469709364
2019-10-10,-0.0003201177597914606
2019-10-11,-0.0027435662652200987
2019-10-14,0.0
2019-10-15,-0.0032557992724889795
2019-10-16,0.008464656138589488
2019-10-17,-0.000592808423328206
2019-10-18,0.004975326325071583
2019-10-21,0.0084932189784106
2019-10-22,-0.0009456210898136641
2019-10-23,-0.0013523456214654672
2019-10-24,-0.005823338737724004
2019-10-25,-0.0037684592161347785
2019-10-28,-0.011029496556112295
2019-10-29,-0.0077422264366742155
2019-10-30,0.017044969493491324
2019-10-31,-0.006027763906038541
2019-11-01,-0.0019297267321641831
2019-11-04,-0.013809360566453321
2019-11-05,-0.016710497922194367
2019-11-06,0.007737482669616158
2019-11-07,-0.014837960254790672
2019-11-08,0.003394795412049234
2019-11-11,0.003002008106006926
2019-11-12,-0.007078885717202499
2019-11-13,0.012440672175340284
2019-11-14,0.0048678001390976
2019-11-15,0.00898337016029771
2019-11-18,0.0034494687131358948
2019-11-19,0.008315013294307505
2019-11-20,-0.003224987512140731
2019-11-21,-0.016962425100206735
2019-11-22,-0.00662929522375677
2019-11-25,0.004117676272083148
2019-11-26,0.016309155216803095
2019-11-27,-0.00018542820757361245
2019-11-29,-0.005381176987586889
2019-12-02,-0.01497133725105726
2019-12-03,0.010890348127162497
2019-12-04,0.008524764383895267
2019-12-05,0.0027398936235933924
2019-12-06,0.00013898561012104516
2019-12-09,-0.00013896629580556485
2019-12-10,-0.0029178361534573094
2019-12-11,-0.014910831683108472
2019-12-12,-0.013721946060359813
2019-12-13,-0.0024859699997171747
2019-12-16,0.0034986083054051598
2019-12-17,-0.013039030366232218
2019-12-18,0.0040166594041364245
2019-12-19,0.0013013082847030955
2019-12-20,0.0012997961915273137
2019-12-23,-0.0044229076781076015
2019-12-24,0.004104414995093064
2019-12-26,0.0018273944727780211
2019-12-27,0.0024960837383851686
2019-12-30,0.0014472418177520208
2019-12-31,0.01001829165724133
2020-01-02,-0.01173100025012419
2020-01-03,0.009602392336907739
2020-01-06,0.0016727113777563751
2020-01-07,-0.021757754896913672
2020-01-08,0.0041460385671219235
2020-01-09,0.0023315725878472193
2020-01-10,0.010176700507555259
2020-01-13,0.012329315351187864
2020-01-14,-0.007155801493352709
2020-01-15,0.011407454800405503
2020-01-16,0.01411036581752012
2020-01-17,0.005491443120655859
2020-01-21,0.014948710475098048
2020-01-22,-0.012129532710485003
2020-01-23,0.0085395465745437
2020-01-24,0.003844534471270089
2020-01-27,-0.0021427639760679407
2020-01-28,0.0018731958317468322
2020-01-29,-0.012085372844583997
2020-01-30,0.006416546949667756
2020-01-31,-0.006054737633965912
2020-02-03,0.0
2020-02-04,0.009599212057645357
2020-02-05,-0.005302536059372587
2020-02-06,0.006985014325721073
2020-02-07,0.00018263870364454426
2020-02-10,0.011771598876290312
2020-02-11,0.005095938415651702
2020-02-12,0.00677494031116832
2020-02-13,0.005347511716895292
2020-02-14,0.008599859808654076
2020-02-18,0.002373419198509863
2020-02-19,-0.009953260254923935
2020-02-20,0.005978763802636733
2020-02-21,0.0038300042693824032
2020-02-24,-0.00977960295664071
2020-02-25,-0.019398527692008116
2020-02-26,-0.0008584124882625721
2020-02-27,-0.06125110806221812
2020-02-28,-0.03409256748554512
2020-03-02,0.04526662279753979
2020-03-03,-0.004483235674072605
2020-03-04,0.04306970873152438
2020-03-05,-0.020255402503840947
2020-03-06,-0.019923765078691646
2020-03-09,-0.0568738118621247
2020-03-10,0.05918734452150898
2020-03-11,-0.062200378093231756
2020-03-12,-0.07081983741910469
2020-03-13,0.06143560639082457
2020-03-16,-0.15370677165267
2020-03-17,0.11084582391276943
2020-03-18,-0.1525962887915704
2020-03-19,-0.04750462286906054
2020-03-20,-0.10199919583082007
2020-03-23,-0.08007887564737537
2020-03-24,0.05269238736137427
2020-03-25,0.10450341672661212
2020-03-26,0.07302171151531933
2020-03-27,0.06096900023290619
2020-03-30,-0.04146677274411792
2020-03-31,-0.03241315013422552
2020-04-01,-0.062172775722902474
2020-04-02,-0.019417657089814355
2020-04-03,-0.02305292330452724
2020-04-06,0.0971864305425365
2020-04-07,0.015716324053428155
2020-04-08,0.09080437696826915
2020-04-09,0.04124926280266039
2020-04-13,-0.035552072404098856
2020-04-14,0.03481837349766104
2020-04-15,-0.03562241353904816
2020-04-16,0.0010552616074803733
2020-04-17,0.056558007803153565
2020-04-20,-0.05787410051171793
2020-04-21,-0.014079720756913772
2020-04-22,0.010047116948177726
2020-04-23,-0.014952338733894788
2020-04-24,0.005906624466316179
2020-04-27,0.014964098148468219
2020-04-28,0.010699518822524068
2020-04-29,0.02055788477113185
2020-04-30,-0.01724871289989427
2020-05-01,-0.027677183167374664
2020-05-04,-0.0017671474003129184
2020-05-05,0.007460778079657837
2020-05-06,-0.015940955920290434
2020-05-07,0.023214363597392484
2020-05-08,0.02193969402068885
2020-05-11,-0.04098568803140423
2020-05-12,-0.03650468038540866
2020-05-13,-0.0029041282820503334
2020-05-14,0.005296135083310505
2020-05-15,-0.009943629506949825
2020-05-18,0.05407397659851454
2020-05-19,-0.024167183089052413
2020-05-20,0.007630229295880753
2020-05-21,-0.010588615897274778
2020-05-22,-0.0033078189339456054
2020-05-26,0.04385997582803047
2020-05-27,-0.009413230777017279
2020-05-28,0.0008180697558379801
2020-05-29,-0.018989943402823783
2020-06-01,0.028267259889919183
2020-06-02,-0.01028553894441342
2020-06-03,0.020344107896270947
2020-06-04,-0.01932117411100831
2020-06-05,0.08698958959532721
2020-06-08,0.031154408123318156
2020-06-09,-0.02162122586102133
2020-06-10,-0.01647328153259431
2020-06-11,-0.05532514808174038
2020-06-12,0.011614032134806385
2020-06-15,-0.01856495332827035
2020-06-16,0.041192273847377114
2020-06-17,-0.02743069029354306
2020-06-18,-0.01493161833187584
2020-06-19,-0.03256203147181691
2020-06-22,0.007350375070387605
2020-06-23,-0.005888961675927229
2020-06-24,-0.02408067640289746
2020-06-25,0.011875530327254413
2020-06-26,-0.0129749589301561
2020-06-29,0.02143014258375664
2020-06-30,0.010718736840163334
2020-07-01,0.028517921281570047
2020-07-02,0.0054698810147588706
2020-07-06,-0.002689005083958529
2020-07-07,-0.02990770768040818
2020-07-08,-0.009177673228289773
2020-07-09,-0.010828534493167341
2020-07-10,0.0072540615872167535
2020-07-13,-0.003928211144695437
2020-07-14,0.014854205726402503
2020-07-15,0.0009070137474691542
2020-07-16,-0.0011000747198474103
2020-07-17,-0.003109293397603907
2020-07-20,-0.0281371152199672
2020-07-21,-0.013907393407620816
2020-07-22,0.01986740220466321
2020-07-23,-0.015025838205683262
2020-07-24,-0.008774777355985308
2020-07-27,-0.007694897472315443
2020-07-28,0.031018334397224345
2020-07-29,0.00891910101223159
2020-07-30,-0.002507148787893154
2020-07-31,0.012698764096574777
2020-08-03,-0.020833690289419837
2020-08-04,0.011805721112005951
2020-08-05,-0.005075632052189083
2020-08-06,0.00026481347582918424
2020-08-07,0.01914271926674349
2020-08-10,-0.000389949968572334
2020-08-11,-0.0133939364065363
2020-08-12,0.00771049996387041
2020-08-13,-0.014453062600947808
2020-08-14,0.015594059554532524
2020-08-17,0.015158493645973214
2020-08-18,-0.004505356399217786
2020-08-19,-0.01629271079675032
2020-08-20,0.010187359074588676
2020-08-21,-0.00839335622887094
2020-08-24,0.022111437103327747
2020-08-25,-0.0016686856907908165
2020-08-26,-0.010738298134479574
2020-08-27,0.02989908507517791
2020-08-28,0.007384321582654563
2020-08-31,-0.009773061792642368
2020-09-01,0.0008854382553054041
2020-09-02,0.01959553598652808
2020-09-03,-0.0060755888821983906
2020-09-04,0.011102743318158081
2020-09-08,-0.022455118393413742
2020-09-09,-0.013379015548715234
2020-09-10,-0.024433606358357562
2020-09-11,-0.017375087163112646
2020-09-14,0.03129371458842933
2020-09-15,-0.012875156148611677
2020-09-16,0.0034082989113721762
2020-09-17,0.002678139092805898
2020-09-18,-0.015895783932570406
2020-09-21,-0.03395991066131687
2020-09-22,0.022407885560187912
2020-09-23,-0.014343017544166003
2020-09-24,-0.0006800093850399813
2020-09-25,0.007348840267205059
2020-09-28,0.02303424539123511
2020-09-29,-0.015614260032979055
2020-09-30,0.012337071994459992
2020-10-01,0.04191777568633892
2020-10-02,0.015038774870795413
2020-10-05,0.015765203581594278
2020-10-06,-0.011406511013969944
2020-10-07,-0.011034205608426162
2020-10-08,0.020720390526667076
2020-10-09,-0.010993114165120499
2020-10-12,0.004799804073015279
2020-10-13,-0.02639840091121859
2020-10-14,-0.008263551537973424
2020-10-15,-0.0029942401783398243
2020-10-16,-0.02755301070208449
2020-10-19,-0.023700960876405497
2020-10-20,0.0009631364672955112
2020-10-21,0.0028854606327679555
2020-10-22,0.003494034384732503
2020-10-23,-0.004710835318461837
2020-10-26,-0.016530626592792474
2020-10-27,-0.024410700783347283
2020-10-28,-0.05125807257958925
2020-10-29,0.02577037500965429
2020-10-30,0.02203775031098898
2020-11-02,0.04463461693869042
2020-11-03,0.03997533380631557
2020-11-04,-0.01865712258897323
2020-11-05,-0.0006069402534700785
2020-11-06,-0.0019559849934266405
2020-11-09,0.11314633891334913
2020-11-10,0.04311098674695546
2020-11-11,-0.017288354237011028
2020-11-12,-0.013742443506651991
2020-11-13,0.01705697777683146
2020-11-16,0.023680456460563493
2020-11-17,0.004441518661659538
2020-11-18,-0.02595886033258532
2020-11-19,0.004127080205817757
2020-11-20,0.009395470229244918
2020-11-23,-0.004944744096448184
2020-11-24,0.013212328911220927
2020-11-25,-0.013040039618762433
2020-11-27,-0.01859121034880462
2020-11-30,-0.007624986535358369
2020-12-01,0.005162432972251718
2020-12-02,0.010928743238364014
2020-12-03,0.010928521939379765
2020-12-04,0.015835960838198604
2020-12-07,-0.006672800633911957
2020-12-08,-0.019284248104265433
2020-12-09,-0.017124294169959087
2020-12-10,-0.023610705966680356
2020-12-11,-0.0009846231128654015
2020-12-14,-0.016567631312587205
2020-12-15,0.014404600107126742
2020-12-16,-0.002840320300939503
2020-12-17,0.01064939352108496
2020-12-18,-0.02934484237062507
2020-12-21,-0.003029595250549244
2020-12-22,0.003798416980566266
2020-12-23,-0.011604716544500793
2020-12-24,0.0065087335837972216
2020-12-28,0.0164193168273028
2020-12-29,-0.019459843832598134
2020-12-30,0.015615202561350072
2020-12-31,0.01505812161342246
2021-01-04,-0.030605029538572137
2021-01-05,-0.002893559141559199
2021-01-06,0.026826751208005595
2021-01-07,-0.01362817850314979
2021-01-08,0.008786483971109815
2021-01-11,-0.006690293504021616
2021-01-12,0.0
2021-01-13,0.011500845016116479
2021-01-14,0.008166382500958802
2021-01-15,0.021870650917330314
2021-01-19,-0.00969542930533196
2021-01-20,0.02161188329491348
2021-01-21,-0.00277221787791071
2021-01-22,-0.004411954510522231
2021-01-25,0.011412545666858342
2021-01-26,0.00900308197517874
2021-01-27,-0.02522171935111528
2021-01-28,0.013120199132515609
2021-01-29,-0.014154837698666767
2021-02-01,0.009531335575907018
2021-02-02,0.007323200524795848
2021-02-03,0.008111145350029547
2021-02-04,0.0241968005316604
2021-02-05,0.002153084537495298
2021-02-08,0.00644527326732014
2021-02-09,0.0028846772240147533
2021-02-10,0.011620623315875767
2021-02-11,0.01751475511542422
2021-02-12,0.003241589650684329
2021-02-16,-0.005292324254031144
2021-02-17,0.0024643183007171388
2021-02-18,-0.0068714263197122705
2021-02-19,0.0013498385826336001
2021-02-22,0.001516670683842758
2021-02-23,0.013798755278911168
2021-02-24,0.023569745606497827
2021-02-25,-0.025297383690269792
2021-02-26,-0.025343810680458545
2021-03-01,0.007226187920414517
2021-03-02,0.006778589955577008
2021-03-03,0.01784329214885605
2021-03-04,-0.018467314050927053
2021-03-05,-0.0022465251272889564
2021-03-08,0.03523762883630854
2021-03-09,-0.010276584010782797
2021-03-10,0.017360654712978985
2021-03-11,0.006156029370626204
2021-03-12,0.02238095922038319
2021-03-15,0.015381310470868437
2021-03-16,-0.016130727345545215
2021-03-17,-0.003047632848387938
2021-03-18,-0.005376400837095008
2021-03-19,-0.031319751883107094
2021-03-22,0.01280201061015318
2021-03-23,-0.00205281882543229
2021-03-24,0.0005412156536219737
2021-03-25,0.01347043744191212
2021-03-26,0.009501341570093524
2021-03-29,-0.009359157212925129
2021-03-30,0.008667075443087535
2021-03-31,-0.015263796551236108
2021-04-01,0.012953309401841917
2021-04-05,-0.004868814839496305
2021-04-06,0.0027419396591876755
2021-04-07,0.006863145993310393
2021-04-08,-0.011342796253385856
2021-04-09,0.0015618361119869029
2021-04-12,0.006346186740606052
2021-04-13,0.003634030292475776
2021-04-14,-0.008200154928930448
2021-04-15,0.011811213789790553
2021-04-16,0.0071634238346358625
2021-04-19,0.0028977398073870564
2021-04-20,0.012187478307361221
2021-04-21,0.004878526122239268
2021-04-22,-0.00630120220269359
2021-04-23,0.007692391997267345
2021-04-26,0.00459057092200954
2021-04-27,0.0027725210156208657
2021-04-28,-0.02027554625709871
2021-04-29,0.0008363096694827821
2021-04-30,0.002558490464934282
2021-05-03,-0.0018229079436064
2021-05-04,-0.006574563245306919
2021-05-05,-0.012763323320603481
2021-05-06,0.028357181287298694
2021-05-07,0.011588913000197376
2021-05-10,0.007466982140551082
2021-05-11,-0.004112046991764373
2021-05-12,-0.017025222276173535
2021-05-13,0.01897952316051832
2021-05-14,0.00743012261562348
2021-05-17,0.0015658181541879923
2021-05-18,0.0036818963503282287
2021-05-19,-0.01170848911156519
2021-05-20,0.016321721532097655
2021-05-21,0.0026514425570596245
2021-05-24,0.01491937817292266
2021-05-25,0.004916607899073
2021-05-26,0.002299485358189468
2021-05-27,-0.0039049084837732284
2021-05-28,0.014063681152848728
2021-06-01,0.018072950048213743
2021-06-02,0.009825468099068813
2021-06-03,0.001645032578946326
2021-06-04,-0.006335140719152421
2021-06-07,0.001841840236977088
2021-06-08,-0.005232408512369613
2021-06-09,-0.0012794898427691548
2021-06-10,0.018504585751603964
2021-06-11,-9.340168273652694e-05
2021-06-14,-0.002003207063365875
2021-06-15,-0.015125454003152017
2021-06-16,-0.006067103790436512
2021-06-17,0.0015737584905863855
2021-06-18,-0.018664832217145988
2021-06-21,0.02911190243188755
2021-06-22,-0.002451624288080767
2021-06-23,0.00534060396288516
2021-06-24,-0.0031966749821851215
2021-06-25,0.00900816831424689
2021-06-28,-0.007291698665092716
2021-06-29,-0.0022771234970897503
2021-06-30,-0.007703101615843533
2021-07-01,0.008721207425540944
2021-07-02,0.003895198159175939
2021-07-06,0.010505013426300502
2021-07-07,0.01020837508658956
2021-07-08,0.00713873931236475
2021-07-09,0.01638500499363693
2021-07-12,0.014218870735499767
2021-07-13,-0.012278369087717178
2021-07-14,0.012883212806724664
2021-07-15,0.003838103649424607
2021-07-16,0.004179013793994324
2021-07-19,-0.011953632159595329
2021-07-20,0.024958370284557496
2021-07-21,-0.0024481684636346035
2021-07-22,-0.01634673223570915
2021-07-23,0.010470072004910236
2021-07-26,-0.002645589714897034
2021-07-27,0.009195459017353969
2021-07-28,-0.0036358374543056238
2021-07-29,0.010859442057288504
2021-07-30,-0.009090145031797392
2021-08-02,0.004301579511703846
2021-08-03,0.0003933066525076967
2021-08-04,-0.004456027698626741
2021-08-05,0.005748644786820245
2021-08-06,-0.0011782679719538613
2021-08-09,-0.0060281098983463455
2021-08-10,-0.020919518821404415
2021-08-11,-0.0026033789204514823
2021-08-12,0.00045005980520906874
2021-08-13,0.010121319480070445
2021-08-16,0.002494005563532964
2021-08-17,-0.0023100732348300124
2021-08-18,-0.00765835717712493
2021-08-19,0.0048460964500589565
2021-08-20,0.0030361642857148485
2021-08-23,-0.006588658572375783
2021-08-24,-0.0060945686670237365
2021-08-25,0.002119128704612283
2021-08-26,0.009583435865501144
2021-08-27,0.0054814594540271155
2021-08-30,0.011523949370407571
2021-08-31,0.005959098115080552
2021-09-01,0.013154372286663829
2021-09-02,0.0018056745658867612
2021-09-03,-0.0007296649947765577
2021-09-07,-0.022589394178505806
2021-09-08,0.012742170592130897
2021-09-09,-0.019480151956792535
2021-09-10,-0.010840754829969601
2021-09-13,0.0007154818061192447
2021-09-14,0.002592790408624479
2021-09-15,0.0020508749168473006
2021-09-16,-0.0047607075179603164
2021-09-17,-0.01694404614596512
2021-09-20,0.002683200830959409
2021-09-21,0.0010432762274930063
2021-09-22,0.012550360151385664
2021-09-23,0.0169591337421231
2021-09-24,-0.00378413893879892
2021-09-27,-0.020979559113049717
2021-09-28,0.0022105395093319213
2021-09-29,0.012829198953465681
2021-09-30,-0.014933560580528304
2021-10-01,0.012315459903464054
2021-10-04,0.00911291607018061
2021-10-05,-0.0014677830290851235
2021-10-06,0.00842012514127588
2021-10-07,-0.0013696178013594684
2021-10-08,-0.009688413583940902
2021-10-11,-0.00017883829367226767
2021-10-12,0.012018968914944361
2021-10-13,0.007947223895566902
2021-10-14,0.0179149187360641
2021-10-15,-0.0075733828633650635
2021-10-18,-0.0027317214537547763
2021-10-19,-0.0065217677710436295
2021-10-20,0.019693665542473315
2021-10-21,-0.004249009684079819
2021-10-22,0.0032327457531589054
2021-10-25,4.2923716595755224e-05
2021-10-26,0.0070456591293524
2021-10-27,0.0094705587577959
2021-10-28,0.010860785862443212
2021-10-29,-0.010535111355365556
2021-11-01,-0.0066754745336492505
2021-11-02,0.0021266652893976445
2021-11-03,0.004796247667469888
2021-11-04,-0.012714923422273539
2021-11-05,0.01762785975146497
2021-11-08,0.0022704846316576877
2021-11-09,0.00734123961894162
2021-11-10,0.0009577383702785713
2021-11-11,0.0027458384871232866
2021-11-12,-4.152452181060973e-05
2021-11-15,0.018339585260567892
2021-11-16,-0.014423626066420114
2021-11-17,0.008309536646801785
2021-11-18,0.00910199438953252
2021-11-19,-0.01669914281129281
2021-11-22,-0.014999290603099014
2021-11-23,0.018248174387182292
2021-11-24,0.017014827249404396
2021-11-26,-0.03026016707019452
2021-11-29,0.005806507611018974
2021-11-30,-0.007932687968690622
2021-12-01,-0.03671434032908849
2021-12-02,0.036158106295572034
2021-12-03,-0.0019293602572266755
2021-12-06,0.012186848861928334
2021-12-07,0.0015362057579715316
2021-12-08,0.017535152959653244
2021-12-09,-0.011977363284242482
2021-12-10,0.00968976557244483
2021-12-13,0.013068177720089169
2021-12-14,-0.015439277396615325
2021-12-15,0.01907971876683967
2021-12-16,-0.012012875231041553
2021-12-17,-0.0056117855241450965
2021-12-20,-0.012186629008697603
2021-12-21,0.014986490774938632
2021-12-22,0.00819843832543743
2021-12-23,-0.005704561386450702
2021-12-27,0.01599056320963599
2021-12-28,0.0028436056423037925
2021-12-29,0.008545903364751029
2021-12-30,0.0011954443122876857
2021-12-31,0.005293297015204201
2022-01-03,0.00011886835959273867
2022-01-04,0.00989623242302562
2022-01-05,-0.015561390948830689
2022-01-06,0.003105831336381648
2022-01-07,-0.01214636394506996
2022-01-10,-0.0009240935227445846
2022-01-11,0.0022925790029408866
2022-01-12,0.006059169960204169
2022-01-13,0.0013959512267365248
2022-01-14,-0.009519340598023507
2022-01-18,-0.0028148748106171517
2022-01-19,-0.008105505204625496
2022-01-20,-0.01057042137163089
2022-01-21,-0.0056292116926067726
2022-01-24,-0.006652857561231795
2022-01-25,0.004617472557385316
2022-01-26,-0.004140764032878219
2022-01-27,-0.01367981412354291
2022-01-28,0.025926272755739888
2022-01-31,0.0035748846851875182
2022-02-01,0.0010235845750052874
2022-02-02,0.029245893590744476
2022-02-03,-0.005643137263482867
2022-02-04,-0.011630209083685394
2022-02-07,-0.011847910418258611
2022-02-08,-0.015877626101268305
2022-02-09,0.03434637570987786
2022-02-10,-0.02713556750983781
2022-02-11,-0.005495913046575707
2022-02-14,-0.010470758010728942
2022-02-15,0.007600168688732589
2022-02-16,-0.00037494433915796765
2022-02-17,-0.015550066168891874
2022-02-18,-0.004446643340236034
2022-02-22,0.004934335960812275
2022-02-23,-0.007915471391619189
2022-02-24,0.00849067400864012
2022-02-25,0.03249138284774866
2022-02-28,-0.022372464312215845
2022-03-01,-0.018483751680044347
2022-03-02,0.027756427282736418
2022-03-03,0.010055109003386686
2022-03-04,0.017441192183437648
2022-03-07,-0.011158552326635762
2022-03-08,-0.018930423475784997
2022-03-09,0.018795537568379705
2022-03-10,-0.0017999516315347908
2022-03-11,-0.0118842639675516
2022-03-14,-0.007465022269973032
2022-03-15,0.00376054802986614
2022-03-16,0.011614346120550456
2022-03-17,0.012180553427477259
2022-03-18,-0.0023986800753978965
2022-03-21,-0.0022414163535532383
2022-03-22,-0.007188504521049688
2022-03-23,-0.0067061796847287525
2022-03-24,0.007289793875236317
2022-03-25,0.016611841697988128
2022-03-28,0.01112276955674485
2022-03-29,0.03308142791402413
2022-03-30,-0.018389517455384308
2022-03-31,-0.014209205098163924
2022-04-01,0.0244394466776805
2022-04-04,-0.0134806034989714
2022-04-05,-0.00625479906222981
2022-04-06,0.02208950439358448
2022-04-07,-0.022004348633008375
2022-04-08,0.0010829169406820771
2022-04-11,-0.013460983412847405
2022-04-12,0.0009340088381541989
2022-04-13,0.004624961373666858
2022-04-14,-0.004078615204478053
2022-04-18,-0.010380862533973079
2022-04-19,0.011759756535321575
2022-04-20,0.026648485020572155
2022-04-21,0.009901404859331997
2022-04-22,-0.020155579027537285
2022-04-25,-0.009687107577319165
2022-04-26,-0.016383349620036625
2022-04-27,-0.014610141488835215
2022-04-28,-0.005316106760190453
2022-04-29,-0.050187982433267275
2022-05-02,-0.027826554597793374
2022-05-03,0.005833062568171288
2022-05-04,0.0001796597488823437
2022-05-05,-0.025889799734194363
2022-05-06,-0.01979504200363813
2022-05-09,-0.041001710195688434
2022-05-10,-0.01781879256882002
2022-05-11,0.01694241397905971
2022-05-12,0.002997939688576645
2022-05-13,0.015287420992899259
2022-05-16,-0.011389502841310017
2022-05-17,0.014596109551753056
2022-05-18,-0.030215550439237182
2022-05-19,-0.010914918644816973
2022-05-20,0.007975559265281928
2022-05-23,0.016123343076716257
2022-05-24,0.004015931404980577
2022-05-25,-0.0003414898013912593
2022-05-26,0.0024886205582503873
2022-05-27,0.026575662356497
2022-05-31,-0.013986838949587299
2022-06-01,-0.0018753972175509226
2022-06-02,0.006744738782453963
2022-06-03,-0.018902278355054203
2022-06-06,-0.02058339025942446
2022-06-07,0.020169298556153237
2022-06-08,-0.021283902682696976
2022-06-09,-0.028031301085043592
2022-06-10,-0.002206626830497216
2022-06-13,-0.0394981657843857
2022-06-14,-0.008406329840287108
2022-06-15,0.012905642717868648
2022-06-16,-0.006343939445184077
2022-06-17,0.02467949347225229
2022-06-21,0.0021466088638695258
2022-06-22,0.002560138461007888
2022-06-23,0.023972212402203708
2022-06-24,-0.006819773461541057
2022-06-27,0.018549867775716766
2022-06-28,-0.008602996229871263
2022-06-29,-0.00199527202188321
2022-06-30,-0.00425459246176052
2022-07-01,0.010296094471637707
2022-07-05,-0.01039488658634724
2022-07-06,-0.0009782993278024676
2022-07-07,-0.007370526636044317
2022-07-08,-0.010540292835429788
2022-07-11,-5.27848691682653e-05
2022-07-12,0.004146011901524416
2022-07-13,-0.004128893460098704
2022-07-14,-0.0073995296468559735
2022-07-15,0.019297859668610418
2022-07-18,-0.008039684156207927
2022-07-19,0.022066425364153375
2022-07-20,-0.004246407211637271
2022-07-21,0.007295832980731332
2022-07-22,0.011221641236085933
2022-07-25,-0.0035813065330416727
2022-07-26,0.0
2022-07-27,0.023033242006952337
2022-07-28,0.05022529345056337
2022-07-29,0.008009653142538209
2022-08-01,-0.028839839963490488
2022-08-02,-0.015353490393730795
2022-08-03,-0.012366662181065191
2022-08-04,0.008661008737572473
2022-08-05,0.005446769608353996
2022-08-08,0.007466554969383976
2022-08-09,0.019279127146137665
2022-08-10,0.015682899554892993
2022-08-11,0.0063635884546653365
2022-08-12,0.014320222406749794
2022-08-15,0.0010084431651307124
2022-08-16,0.003938131695517155
2022-08-17,0.004469914306139744
2022-08-18,-0.016801390510900016
2022-08-19,-0.007112492208997234
2022-08-22,-0.02162982530682067
2022-08-23,-0.017401409700156467
2022-08-24,0.015967628434148118
2022-08-25,0.016287980136002744
2022-08-26,-0.019073070233075806
2022-08-29,-0.017389754101515775
2022-08-30,-0.012494988932974405
2022-08-31,-0.010831665643768806
2022-09-01,0.015180948445816522
2022-09-02,-0.007109127122240655
2022-09-06,0.02281372324590314
2022-09-07,0.01602838783285465
2022-09-08,0.006557575511377811
2022-09-09,0.012415689620091097
2022-09-12,-0.0011191715188486606
2022-09-13,-0.029735775169328793
2022-09-14,-0.013327028788451822
2022-09-15,-0.018334299673539722
2022-09-16,0.00327830785424732
2022-09-19,-0.011634652755919572
2022-09-20,-0.03381275133843242
2022-09-21,-0.020271390944547774
2022-09-22,-0.0025932308685492345
2022-09-23,0.0018040520163831175
2022-09-26,-0.024520875025456634
2022-09-27,-0.012975538598400949
2022-09-28,0.0253575299953106
2022-09-29,-0.017963496463025974
2022-09-30,0.014820878174327312
2022-10-03,0.013192925083805429
2022-10-04,0.008252130891046372
2022-10-05,-0.03002783284561794
2022-10-06,-0.026738020147320407
2022-10-07,-0.030118838177353835
2022-10-10,-0.008242307479049193
2022-10-11,0.022533003948406405
2022-10-12,-0.017400257420079446
2022-10-13,0.024465342601495577
2022-10-14,-0.03576496733426149
2022-10-17,0.03420225062305193
2022-10-18,0.013570564576835364
2022-10-19,-0.024808833146133802
2022-10-20,-0.007614673407454031
2022-10-21,0.016625102281625725
2022-10-24,-0.009663367364895481
2022-10-25,0.032332593335514304
2022-10-26,-0.02371341376353009
2022-10-27,-0.012717893619462628
2022-10-28,0.01891594892551307
2022-10-31,-0.0027333538606229
2022-11-01,0.0009707241392722388
2022-11-02,-0.023446810131447338
2022-11-03,-0.0063091389672889076
2022-11-04,-0.016519895000667417
2022-11-07,-0.03150193490429831
2022-11-08,-0.005986877178763672
2022-11-09,-0.012853183200440044
2022-11-10,0.08076489277321763
2022-11-11,-0.02741257777520245
2022-11-14,-0.004248754095984908
2022-11-15,0.015444887593333734
2022-11-16,-0.017103740470316042
2022-11-17,-0.0057201213328385014
2022-11-18,0.024586745443218483
2022-11-21,-0.0029551978879232
2022-11-22,0.0012448021087660965
2022-11-23,-0.0022497270734749275
2022-11-25,0.009138355926239239
2022-11-28,-0.01170177290839014
2022-11-29,0.016183686351044724
2022-11-30,0.02406468769552439
2022-12-01,-0.004116631877415733
2022-12-02,-0.009243163432639201
2022-12-05,-0.013154282516671278
2022-12-06,-0.0200235190903002
2022-12-07,0.006471520723730029
2022-12-08,0.009703836689511691
2022-12-09,-0.00011780317310983168
2022-12-12,0.011616880367097293
2022-12-13,0.010784105355701845
2022-12-14,-0.0076123807680117395
2022-12-15,-0.01911927228118926
2022-12-16,-0.022453846747068185
2022-12-19,-0.016848268853115966
2022-12-20,-0.006226338787764241
2022-12-21,0.00719568934643422
2022-12-22,-0.0032024767173345348
2022-12-23,0.007290574322232013
2022-12-27,-0.0014106723579087044
2022-12-28,-0.010564979291929899
2022-12-29,0.019812879749994128
2022-12-30,-0.006947228541183348
2023-01-03,-0.00012391853500659522
2023-01-04,0.017461275040549173
2023-01-05,-0.038583325961071835
2023-01-06,0.03576412663291495
2023-01-09,-0.007089100906780499
2023-01-10,0.003200378150106431
2023-01-11,0.0422727451978393
2023-01-12,0.00229592866947681
2023-01-13,-0.014213045070630481
2023-01-17,0.012868572918358412
2023-01-18,-0.007999489117147207
2023-01-19,0.00029650169469030985
2023-01-20,0.009780668588338814
2023-01-23,5.884540237555136e-05
2023-01-24,0.016024751930396874
2023-01-25,0.0015598267739926897
2023-01-26,0.0005191645187696547
2023-01-27,0.023465004051798077
2023-01-30,-0.023940736810795227
2023-01-31,0.024066277669352765
2023-02-01,0.0032686813665829817
2023-02-02,0.03640060949544521
2023-02-03,-0.023035367810828267
2023-02-06,-0.008100062717493861
2023-02-07,0.0051458268332549295
2023-02-08,0.01051703431918738
2023-02-09,-0.006773182426531799
2023-02-10,-0.0004989873925596022
2023-02-13,0.005047876827039444
2023-02-14,-0.006126172126688756
2023-02-15,0.005886251293746314
2023-02-16,-0.005631089024083047
2023-02-17,-0.004719086498157887
2023-02-21,-0.01902167198996685
2023-02-22,0.004094273196912468
2023-02-23,0.007078804484921486
2023-02-24,-0.015914004149484406
2023-02-27,-0.010057046769444633
2023-02-28,-0.004156000243373703
2023-03-01,-0.02498263841131454
2023-03-02,0.008798435745650979
2023-03-03,0.017620227188670068
2023-03-06,0.011698127726764262
2023-03-07,-0.02261025949555795
2023-03-08,0.017276792828083032
2023-03-09,-0.015659388433627797
2023-03-10,-0.031874958670256914
2023-03-13,0.017217437421132686
2023-03-14,0.010868393544629207
2023-03-15,-0.001645210868155167
2023-03-16,-0.026304822168564335
2023-03-17,-0.02387291422470994
2023-03-20,0.0071201906030722295
2023-03-21,-0.009713278967443895
2023-03-22,-0.032840967439179414
2023-03-23,-0.011040305435873532
2023-03-24,0.023755368673114896
2023-03-27,0.0055791001904919035
2023-03-28,-0.008133194151113243
2023-03-29,0.031019530376357407
2023-03-30,0.01687938800643396
2023-03-31,0.029400997902712334
2023-04-03,-0.005831276070486058
2023-04-04,-0.0047281536100940436
2023-04-05,0.0001804934458875529
2023-04-06,0.01124327731217356
2023-04-10,0.0025566712960949367
2023-04-11,0.009963273088869684
2023-04-12,-0.0012333167607099238
2023-04-13,-0.00011725308390142519
2023-04-14,-0.0012349845149630667
2023-04-17,0.02449075042173643
2023-04-18,-0.004022543291118619
2023-04-19,0.011193162263764878
2023-04-20,-0.01158284092254569
2023-04-21,0.000577256127601844
2023-04-24,-0.0014421651000420255
2023-04-25,-0.008608921445044104
2023-04-26,-0.0030886892306036806
2023-04-27,0.03852449459984708
2023-04-28,0.01531104402734651
2023-05-01,0.007207359343318176
2023-05-02,-0.0188252162853082
2023-05-03,-0.002524633975231949
2023-05-04,0.0026435632752261906
2023-05-05,0.0083018895138256
2023-05-08,0.0033936559265694832
2023-05-09,-0.00576624334153697
2023-05-10,0.004628590048030512
2023-05-11,0.0011657001447038517
2023-05-12,-0.000998204000437597
2023-05-15,-0.008435901728271689
2023-05-16,-0.01891856560688021
2023-05-17,0.01078269919731567
2023-05-18,-0.006998997405459839
2023-05-19,0.0017621524248263576
2023-05-22,0.002723450148685691
2023-05-23,-0.008940563009522284
2023-05-24,-0.01764303593024963
2023-05-25,-0.009183429571848367
2023-05-26,0.007391361603555913
2023-05-30,0.005823078089578049
2023-05-31,0.007236731553510234
2023-06-01,0.015576610263585922
2023-06-02,0.02552474395964932
2023-06-05,0.0017108112299730749
2023-06-06,0.008594747949656423
2023-06-07,0.016605546448244857
2023-06-08,0.0015582502642914609
2023-06-09,0.010246610121082966
2023-06-12,-0.004141974440931451
2023-06-13,0.008265404919674202
2023-06-14,0.005711879794677355
2023-06-15,0.0019456143285694338
2023-06-16,0.010077184682582452
2023-06-20,-0.011691337721645989
2023-06-21,-0.004311047053742301
2023-06-22,-0.023181038525286746
2023-06-23,-0.01956865736005331
2023-06-26,0.025638203805367743
2023-06-27,0.010160152563549518
2023-06-28,-0.006119877176167576
2023-06-29,0.015828243144351273
2023-06-30,0.006541273435429096
2023-07-03,0.006498676933904601
2023-07-05,-0.0018373398920150663
2023-07-06,0.011885436216729994
2023-07-07,-0.006964206797622108
2023-07-10,0.006489695592561073
2023-07-11,0.009671861453179886
2023-07-12,0.0008238590662525969
2023-07-13,0.00715289710575262
2023-07-14,0.0111896040918813
2023-07-17,-0.019402842652030294
2023-07-18,-0.005255902083327935
2023-07-19,0.007148363751452447
2023-07-20,0.012138108978727136
2023-07-21,0.0029473921548264226
2023-07-24,-0.00450940854819315
2023-07-25,-0.020460089264697445
2023-07-26,-0.0036889512688170756
2023-07-27,-0.02800527476452186
2023-07-28,-0.0013413462916460617
2023-07-31,0.01353882217960889
2023-08-01,-0.004134612128871007
2023-08-02,-0.009314870087475557
2023-08-03,-0.009295103948363082
2023-08-04,0.0024946674788193235
2023-08-07,0.016283471403350847
2023-08-08,-0.012881936956052886
2023-08-09,-0.0005929797226659206
2023-08-10,-0.0008635085314220303
2023-08-11,0.011394912224671039
2023-08-14,-0.024241574133900157
2023-08-15,-0.01253169510088481
2023-08-16,-0.002826167904810717
2023-08-17,-0.00516837741438958
2023-08-18,0.0016757387939188018
2023-08-21,-0.009592273702507037
2023-08-22,0.0005629846946355599
2023-08-23,0.016658280279050253
2023-08-24,0.0011626034177609768
2023-08-25,0.003262095764198447
2023-08-28,0.004629369948134121
2023-08-29,0.008941930283647315
2023-08-30,0.006741897793465457
2023-08-31,-0.0072368933599564755
2023-09-01,-0.013437096959967199
2023-09-05,-0.008657311776909538
2023-09-06,-0.002280391982070862
2023-09-07,0.010313771222099977
2023-09-08,-0.01070520037577416
2023-09-11,0.0013944674370029997
2023-09-12,0.007909450801842022
2023-09-13,-0.005249945717457183
2023-09-14,0.019222183750364774
2023-09-15,0.0023438220729072867
2023-09-18,-0.010386567698408733
2023-09-19,-0.004011363315021388
2023-09-20,0.00788937319547367
2023-09-21,-0.01735266608067587
2023-09-22,-0.010417212708952128
2023-09-25,-0.00028150507086188714
2023-09-26,-0.014753050719309546
2023-09-27,-0.014459595651197144
2023-09-28,0.0029275085188689154
2023-09-29,0.0026272652759564696
2023-10-02,-0.021253132388163398
2023-10-03,-0.004045329639256745
2023-10-04,0.005316098258560498
2023-10-05,0.011645915334719481
2023-10-06,0.01021958756342034
2023-10-09,0.012848991262889076
2023-10-10,-0.0012627754310489125
2023-10-11,0.019713639632018998
2023-10-12,-0.004340023499910806
2023-10-13,-0.0013018477848391052
2023-10-16,0.010543002120633416
2023-10-17,0.005609123004456151
2023-10-18,-0.021363249060049383
2023-10-19,-0.013679109386026345
2023-10-20,-0.019878695488425135
2023-10-23,-0.016390516580834458
2023-10-24,0.014805466696525826
2023-10-25,-0.0243356186214585
2023-10-26,0.015740535940318878
2023-10-27,-0.030933526877829687
2023-10-30,0.00036910603394324504
2023-10-31,0.018998117050087693
2023-11-01,-0.0112829992950505
2023-11-02,0.024714762821059777
2023-11-03,0.02024770437817791
2023-11-06,-0.01284143486107625
2023-11-07,-0.01022934928407282
2023-11-08,0.009558579527379818
2023-11-09,-0.015503994725466819
2023-11-10,0.010999569061975967
2023-11-13,-0.01730086064682368
2023-11-14,0.03980882725645696
2023-11-15,-0.00529450800822695
2023-11-16,-0.006668433356363357
2023-11-17,-0.0045931367159192105
2023-11-20,0.012600654622969554
2023-11-21,-0.0024536630873012166
2023-11-22,0.010365946107807167
2023-11-24,0.004926980651755564
2023-11-27,-0.008594338844317262
2023-11-28,0.0016873209092516106
2023-11-29,-0.00778296050788474
2023-11-30,0.012351455526282917
2023-12-01,0.028911788343670253
2023-12-04,-0.0011240954246261037
2023-12-05,-0.011139994128316788
2023-12-06,-0.004380830178688178
2023-12-07,0.0022286708991965387
2023-12-08,0.002109683036430443
2023-12-11,-0.0019345538401257523
2023-12-12,-0.003306545023887719
2023-12-13,0.05233650810632806
2023-12-14,0.04054807420942663
2023-12-15,-0.01854376471479169
2023-12-18,0.010378369217486139
2023-12-19,-0.0012641542963730545
2023-12-20,-0.017932544814080797
2023-12-21,0.002416625759562141
2023-12-22,0.0034290397431739894
2023-12-26,0.0050189427399929265
2023-12-27,0.006694006709393685
2023-12-28,0.009369645844994334
2023-12-29,-0.012552826177217091
2024-01-02,0.005074337806626694
2024-01-03,-0.025934117414807
2024-01-04,0.0016368498345824545
2024-01-05,-0.005011207705512666
2024-01-08,0.010237089403047683
2024-01-09,-0.007748988907094856
2024-01-10,0.003276742199276761
2024-01-11,-0.005225507208416524
2024-01-12,-0.001149399663360029
2024-01-16,-0.013092980927849829
2024-01-17,-0.00982516314803028
2024-01-18,-0.004933228237876119
2024-01-19,0.01650700395989535
2024-01-22,0.004378472713618242
2024-01-23,-0.008994562230237868
2024-01-24,-0.019822880873195614
2024-01-25,0.0005112618847202821
2024-01-26,0.00783549477219303
2024-01-29,0.004394451917479669
2024-01-30,0.0008973390666828784
2024-01-31,0.0031944999123150186
2024-02-01,-0.004804312457092341
2024-02-02,-0.017344950413609284
2024-02-05,-0.028961377286684353
2024-02-06,0.016236194045518015
2024-02-07,0.0038785327441828166
2024-02-08,0.006400524302301314
2024-02-09,0.0005730021249326089
2024-02-12,-0.0015460819777064483
2024-02-13,-0.01290433503380839
2024-02-14,0.006391368679423026
2024-02-15,0.026499512778555
2024-02-16,-0.003824663227654179
2024-02-20,-0.00440378955917009
2024-02-21,0.01094492953149917
2024-02-22,-0.012060412820701583
2024-02-23,-0.0040881871790479085
2024-02-26,-0.010148299208625255
2024-02-27,0.004319902443981505
2024-02-28,0.011469821808979708
2024-02-29,0.003742177953207193
2024-03-01,0.006270095763834638
2024-03-04,0.03946334873472446
2024-03-05,-0.007722538145374713
2024-03-06,0.0027211392679984403
2024-03-07,0.004287927534773361
2024-03-08,0.010376630493860839
2024-03-11,-0.012088668596607288
2024-03-12,-0.004656559318611642
2024-03-13,0.013109991304504076
2024-03-14,-0.020725994136260195
2024-03-15,0.007895641290108335
2024-03-18,-0.006908871118259108
2024-03-19,-0.002136574157056148
2024-03-20,0.008344378663108554
2024-03-21,0.006043004416615982
2024-03-22,-0.00876654604300664
2024-03-25,-0.00633294798457229
2024-03-26,-0.007362238267071608
2024-03-27,0.02637327536032208
2024-03-28,0.010180117692311752
2024-04-01,-0.02284975319074456
2024-04-02,-0.008107169314260254
2024-04-03,0.0017791454889399816
2024-04-04,0.0
2024-04-05,0.005050787425114223
2024-04-08,0.028164345156556747
2024-04-09,0.014394585777390834
2024-04-10,-0.014613909904234612
2024-04-11,-0.0008060382948871236
2024-04-12,-0.011669683738113057
2024-04-15,-0.01665037438530026
2024-04-16,-0.009628251921997344
2024-04-17,0.011006930398009818
2024-04-18,0.005913224068992529
2024-04-19,0.011592123117425635
2024-04-22,0.014880762594751573
2024-04-23,0.009578868197120283
2024-04-24,0.014205363229101486
2024-04-25,-0.00010446214451320657
2024-04-26,0.000679490111683112
2024-04-29,-0.0022460563718321724
2024-04-30,-0.00759076731129138
2024-05-01,-0.00865123826190739
2024-05-02,0.02405153187093023
2024-05-03,0.0018705466467621168
2024-05-06,0.012291886740009028
2024-05-07,0.0036378073093650265
2024-05-08,-0.005053933360915974
2024-05-09,0.011493065657995682
2024-05-10,-0.0012680852662015907
2024-05-13,0.0005079911158445416
2024-05-14,0.0025380207068033123
2024-05-15,0.004911779525686555
2024-05-16,-0.002066006696308298
2024-05-17,0.0042414105399641855
2024-05-20,-0.007441308099345734
2024-05-21,0.005369556085844218
2024-05-22,-0.004383498652512086
2024-05-23,-0.018421138963944927
2024-05-24,0.007114865658016667
2024-05-28,-0.015818591790697445
2024-05-29,-0.01903773861533231
2024-05-30,0.007370450747159252
2024-05-31,0.014212209490256145
2024-06-03,0.009238079821858314
2024-06-04,0.012701763680376343
2024-06-05,0.007870851394485179
2024-06-06,-0.0010580353651342689
2024-06-07,-0.005346185419692451
2024-06-10,0.010800517882161742
2024-06-11,-0.010735327746438816
2024-06-12,0.00791067287813041
2024-06-13,0.005785936497148647
2024-06-14,0.00990444859304418
2024-06-17,-0.0014363355350953677
2024-06-18,0.00396803692194192
2024-06-20,-0.0023220510540369332
2024-06-21,0.009706386528517408
2024-06-24,0.01235961640575911
2024-06-25,-0.01027093654644018
2024-06-26,-0.002006814286731995
2024-06-27,0.01186972549404075
2024-06-28,0.011192526301196937
2024-07-01,-0.012422078298942374
2024-07-02,-0.0005873629055954677
2024-07-03,-0.015915731177251202
2024-07-05,0.011545128372213664
2024-07-08,-0.0007379187033592638
2024-07-09,0.0034463187599707013
2024-07-10,-0.0004906182594107689
2024-07-11,-0.0042215737595056035
2024-07-12,-0.0046829306335608445
2024-07-15,0.006438449355987252
2024-07-16,0.011318326288765057
2024-07-17,0.01216489958671052
2024-07-18,0.003076753387705189
2024-07-19,-0.006134707547296614
2024-07-22,0.009162395069235219
2024-07-23,-0.005160699500412758
2024-07-24,-0.010231208277125092
2024-07-25,-0.015674949903845325
2024-07-26,0.017995283203928514
2024-07-29,0.008911431795429303
2024-07-30,-0.01046475803797453
2024-07-31,-0.005918316334057705
2024-08-01,0.039576356104848776
2024-08-02,-0.014129409347225064
2024-08-05,-0.028330617279504478
2024-08-06,0.024942463900223588
2024-08-07,-0.006024220737971042
2024-08-08,0.0023569723580811885
2024-08-09,0.0099333687115295
2024-08-12,-0.00522668171299312
2024-08-13,0.01141576465820826
2024-08-14,0.008358864883324157
2024-08-15,0.005432657270793451
2024-08-16,0.0024688985648664286
2024-08-19,0.0038566284886902835
2024-08-20,0.0024995993857710452
2024-08-21,0.002123836449969385
2024-08-22,0.004515358229455035
2024-08-23,0.01701680655566462
2024-08-26,-0.008163073571135215
2024-08-27,0.006775157654953068
2024-08-28,0.007497410323902498
2024-08-29,0.0003585674847528253
2024-08-30,0.011561774899909283
2024-09-03,0.006246431971545396
2024-09-04,8.803562549930533e-05
2024-09-05,-0.0028173776044875254
2024-09-06,-0.012890676928361655
2024-09-09,0.008452592486831945
2024-09-10,0.017162654015665302
2024-09-11,0.0025722915537655933
2024-09-12,0.007610389815078555
2024-09-13,0.013163490241398845
2024-09-16,-0.008051050511026725
2024-09-17,-0.00888952468523685
2024-09-18,-0.001646428041795267
2024-09-19,0.0006076402780497148
2024-09-20,-0.0021254836384304587
2024-09-23,0.013518288621345631
2024-09-24,-0.012951897749392094
2024-09-25,-0.00217258568232348
2024-09-26,-0.013585788188835601
2024-09-27,-0.005738767944257872
2024-09-30,0.007694735923021279
2024-10-01,-0.013584924995445502
2024-10-02,0.004095659804178364
2024-10-03,-0.010757601003174466
2024-10-04,0.0014499966908643191
2024-10-07,-0.013663924390937443
2024-10-08,0.002293505257393358
2024-10-09,-0.00013727681870490116
2024-10-10,-0.007186332910780524
2024-10-11,0.01254028725994294
2024-10-14,0.009152279941603725
2024-10-15,0.009069134270139223
2024-10-16,0.00916649988860474
2024-10-17,-0.0009748102193205543
2024-10-18,0.007406714317689467
2024-10-21,-0.013163644650720174
2024-10-22,0.0025429334559776695
2024-10-23,0.02144897028783399
2024-10-24,0.0010019954063684722
2024-10-25,-0.01488447885947164
2024-10-28,0.010823954847851924
2024-10-29,-0.005157346080860603
2024-10-30,0.0006150489534857417
2024-10-31,-0.027002055975288486
2024-11-01,-0.024051355210874092
2024-11-04,0.010264491645693319
2024-11-05,0.03606415193380319
2024-11-06,-0.0064052395854583555
2024-11-07,0.013826530048225871
2024-11-08,0.025039509882013755
2024-11-11,-0.006588181802854809
2024-11-12,-0.008612889580409178
2024-11-13,0.012597079390009425
2024-11-14,-0.02222126660347512
2024-11-15,0.006493211106514796
2024-11-18,-0.000828186678144549
2024-11-19,0.000698016387659095
2024-11-20,-0.005405836585425705
2024-11-21,0.010914376629314493
2024-11-22,0.005680047840261659
2024-11-25,0.004138983709789157
2024-11-26,0.010691309481114741
2024-11-27,0.010280841128201157
2024-11-29,-0.010344372473165997
2024-12-02,-0.01933295311446892
2024-12-03,-0.010311973325348611
2024-12-04,-0.0027142095621184303
2024-12-05,-0.006145766470210701
2024-12-06,0.0006625024314550476
2024-12-09,0.0019422195214737759
2024-12-10,-0.008546672311536163
2024-12-11,0.004932176921286668
2024-12-12,0.007826323264816137
2024-12-13,-0.006624808461696219
2024-12-16,0.004769858917603509
2024-12-17,-0.0024614936209658156
2024-12-18,-0.03132979686326465
2024-12-19,-0.012145851521425666
2024-12-20,0.023070579149600423
2024-12-23,-0.002250527999828833
2024-12-24,0.007263057135391104
2024-12-26,0.00013433797782269608
2024-12-27,-0.009538326001061637
2024-12-30,-0.006284460613729337
2024-12-31,0.00862030628869248
