Date,AVGO
2015-01-05,-0.0159856250974848
2015-01-06,-0.022743443294409027
2015-01-07,0.027012983855821293
2015-01-08,0.04997476073604101
2015-01-09,0.010694579520629466
2015-01-12,-0.016586711383343
2015-01-13,-0.0056226446685022635
2015-01-14,0.007896014662686968
2015-01-15,-0.020020830570322
2015-01-16,0.02467406534151051
2015-01-20,0.010113507737638194
2015-01-21,0.004863225931670989
2015-01-22,-0.001708392521535873
2015-01-23,0.01692057686336712
2015-01-26,-0.0023369989119326195
2015-01-27,-0.018176680286108415
2015-01-28,0.0020037862033410736
2015-01-29,0.014571436376078939
2015-01-30,-0.03426232789481232
2015-02-02,-0.004471120399273554
2015-02-03,0.0076153466904360645
2015-02-04,0.015504254419438812
2015-02-05,0.013358477044909778
2015-02-06,-0.013747289762314097
2015-02-09,-0.02386900037394868
2015-02-10,0.046948454432758746
2015-02-11,0.008407493479133166
2015-02-12,0.0163058122394637
2015-02-13,0.004102044359554302
2015-02-17,0.0065366180233865645
2015-02-18,-0.007846784152845454
2015-02-19,0.00818159735850399
2015-02-20,0.010459661804759879
2015-02-23,0.00705004531939446
2015-02-24,0.002924079281776404
2015-02-25,-0.004417623901873946
2015-02-26,0.14705387514565138
2015-02-27,-0.012611296470047773
2015-03-02,0.010969969108272082
2015-03-03,-0.006200812689064805
2015-03-04,0.009202864190350546
2015-03-05,0.00904204523326646
2015-03-06,-0.020525492692755054
2015-03-09,-0.006020903680492573
2015-03-10,-0.015732944299665208
2015-03-11,-0.0036763316032003557
2015-03-12,0.01171170143855016
2015-03-13,-0.008880512067769297
2015-03-16,0.03896003387907787
2015-03-17,-0.005928721091963407
2015-03-18,0.013362030870445185
2015-03-19,0.012266091155360037
2015-03-20,0.009466876334528473
2015-03-23,0.008627915216125936
2015-03-24,-0.009818283800153593
2015-03-25,-0.06528000180906202
2015-03-26,0.0022505134116024283
2015-03-27,0.028065031240416927
2015-03-30,0.018251336461036383
2015-03-31,-0.02734578150026523
2015-04-01,-0.010631676592047445
2015-04-02,-0.004855294143605304
2015-04-06,0.006478690729801784
2015-04-07,-0.001430618872247269
2015-04-08,0.009072968065428455
2015-04-09,0.0033914820706411053
2015-04-10,-0.003144187482740257
2015-04-13,-0.011591094488431986
2015-04-14,-0.01092962555115673
2015-04-15,0.015486426411703835
2015-04-16,-0.0045271764583636465
2015-04-17,-0.027766766368156004
2015-04-20,0.009684076036847733
2015-04-21,0.0005689795141887721
2015-04-22,0.03899241622233518
2015-04-23,-0.029945015502513717
2015-04-24,-0.03683419592476722
2015-04-27,0.005439496724798154
2015-04-28,-0.022471974624957314
2015-04-29,-0.0035757487281224964
2015-04-30,-0.0012819344874780425
2015-05-01,0.0506499511883336
2015-05-04,-0.013355362966499307
2015-05-05,-0.03606760214143434
2015-05-06,-8.548759935789185e-05
2015-05-07,0.048809537107367795
2015-05-08,0.006940239348190325
2015-05-11,-0.004216132524224259
2015-05-12,0.0011395886859004722
2015-05-13,0.0014640277237945032
2015-05-14,0.030942996371206455
2015-05-15,0.007326105049334952
2015-05-18,0.018065233139097803
2015-05-19,-0.00545408087266841
2015-05-20,-0.0027805046333508887
2015-05-21,0.0037181622701492056
2015-05-22,0.023535397852784357
2015-05-26,-0.010102353086469673
2015-05-27,0.07760832163910836
2015-05-28,0.006290299474918992
2015-05-29,0.039963433913855706
2015-06-01,-0.009792762428117108
2015-06-02,-0.01677798839338618
2015-06-03,-0.007630369215763988
2015-06-04,-0.013001814178083992
2015-06-05,0.01848469556215404
2015-06-08,-0.03601976396865347
2015-06-09,0.011397394586540655
2015-06-10,0.018900395902990974
2015-06-11,-0.0060900242621144685
2015-06-12,-0.01070491263125628
2015-06-15,0.018865321585616712
2015-06-16,-0.007895620377120993
2015-06-17,-0.0063564835549242416
2015-06-18,0.01641932596591955
2015-06-19,-0.0007696920462123558
2015-06-22,0.0027293470854869994
2015-06-23,-0.01144617990009189
2015-06-24,-0.01179037870693933
2015-06-25,-0.005286445646295657
2015-06-26,-0.029304355731421317
2015-06-29,-0.023233596618615904
2015-06-30,0.006969562171081245
2015-07-01,0.019333413310563374
2015-07-02,0.015793232492432585
2015-07-06,-0.024992555383899995
2015-07-07,-0.010134335374671344
2015-07-08,-0.036058303181098816
2015-07-09,-0.02631820054546563
2015-07-10,0.04138661548635203
2015-07-13,-0.0050836265379696766
2015-07-14,0.024152316153382758
2015-07-15,-0.004383676074803722
2015-07-16,0.022623549286445055
2015-07-17,-0.007720665454729825
2015-07-20,0.007332036356524574
2015-07-21,-0.0009657453039055852
2015-07-22,-0.03657702322604994
2015-07-23,0.018365242300804496
2015-07-24,-0.02644526008108794
2015-07-27,-0.029809965425249163
2015-07-28,0.030244467676718623
2015-07-29,0.0012462700042601416
2015-07-30,-0.007233006563858391
2015-07-31,-0.019663278324831834
2015-08-03,0.0052741595466996305
2015-08-04,-0.018521440470313788
2015-08-05,0.010366830276152594
2015-08-06,-0.011863727896940235
2015-08-07,-0.0058405878596375915
2015-08-10,0.038596371978592225
2015-08-11,-0.02411987860021747
2015-08-12,0.012237026379630978
2015-08-13,-0.012248457278921765
2015-08-14,-0.01795605344295159
2015-08-17,0.02918976526599648
2015-08-18,-0.02613152403747465
2015-08-19,-0.006462584163952179
2015-08-20,-0.05286125665719277
2015-08-21,-0.031122069414394993
2015-08-24,-0.013548721889836135
2015-08-25,-0.013007387546291604
2015-08-26,0.07086938369868401
2015-08-27,0.08657459053554906
2015-08-28,0.010771547131016579
2015-08-31,-0.012928825550579393
2015-09-01,-0.05239367089110325
2015-09-02,0.03912205882013953
2015-09-03,-0.0021769139630442025
2015-09-04,-0.021168267587177825
2015-09-08,0.06611683214457864
2015-09-09,-0.01540738405170261
2015-09-10,0.012188442371434238
2015-09-11,0.01833428930701242
2015-09-14,0.0008392085085342504
2015-09-15,0.024315781967007455
2015-09-16,-0.01843799777996069
2015-09-17,-0.006692675616595256
2015-09-18,-0.023122538907562995
2015-09-21,-0.0025862249246608737
2015-09-22,-0.02011620523471236
2015-09-23,0.006736138447892559
2015-09-24,-0.011470754417995943
2015-09-25,0.02127335716899381
2015-09-28,-0.04647310040019126
2015-09-29,-0.009764047386344288
2015-09-30,0.0446226601161781
2015-10-01,-0.022958085269297546
2015-10-02,0.00974258776066872
2015-10-05,-0.017108400652769196
2015-10-06,-0.03390538657411124
2015-10-07,0.013064839343742918
2015-10-08,-0.01643656236042146
2015-10-09,0.0018859150673609104
2015-10-12,0.0065859315126259865
2015-10-13,-0.03619959409869722
2015-10-14,0.03561937577954999
2015-10-15,0.037544706504643255
2015-10-16,-0.006564150916950284
2015-10-19,-0.01742816763872579
2015-10-20,0.007817805277126055
2015-10-21,0.0050881378840126334
2015-10-22,0.04016554732111888
2015-10-23,0.03382824987436095
2015-10-26,-0.0460717201919123
2015-10-27,-0.017150941641488116
2015-10-28,0.04609441917374135
2015-10-29,-0.0550791811055511
2015-10-30,0.025314534266683397
2015-11-02,0.005441421882341535
2015-11-03,-0.013408672854004045
2015-11-04,0.01612889395220063
2015-11-05,-0.024575148900568
2015-11-06,0.07112184167447877
2015-11-09,-0.024446714982590212
2015-11-10,-0.05249002995473617
2015-11-11,0.00075074668972408
2015-11-12,-0.0008338606030802165
2015-11-13,-0.019273552995846654
2015-11-16,0.033435139897749266
2015-11-17,0.0048572081399911315
2015-11-18,0.031623849205611565
2015-11-19,-0.005638607305088361
2015-11-20,0.009504211237002291
2015-11-23,-0.01574363142129076
2015-11-24,0.03158903269386104
2015-11-25,0.00038957697963404314
2015-11-27,0.01285122808803063
2015-11-30,0.0031533455204908467
2015-12-01,0.01870432592913751
2015-12-02,-0.005116934579291965
2015-12-03,0.09507571106497581
2015-12-04,0.01920167568239295
2015-12-07,0.008606800064082654
2015-12-08,-0.007055208736244323
2015-12-09,-0.014413505635504031
2015-12-10,0.011534541474989224
2015-12-11,-0.019751422255919637
2015-12-14,-0.013225472950368578
2015-12-15,0.005333042395040399
2015-12-16,0.007351548099013838
2015-12-17,-0.02363060755767865
2015-12-18,-0.0019936136408440497
2015-12-21,0.039942878203381715
2015-12-22,-0.0048008559559915565
2015-12-23,0.009717591388114899
2015-12-24,-0.0012969704240347601
2015-12-28,0.0002050731042291254
2015-12-29,0.010864267910872805
2015-12-30,-0.003852629951586861
2015-12-31,-0.015064077449456148
2016-01-04,-0.0197730826050464
2016-01-05,-0.033455080565554574
2016-01-06,-0.030758932134479222
2016-01-07,-0.031810419938986256
2016-01-08,-0.006586659949942453
2016-01-11,-0.001248053310259678
2016-01-12,0.01468285442184536
2016-01-13,-0.0508772693547237
2016-01-14,0.015245763620806763
2016-01-15,-0.041696544687557124
2016-01-19,0.0008337513141658537
2016-01-20,0.03131494183096084
2016-01-21,0.0056530272344292865
2016-01-22,-0.00016070411158974895
2016-01-25,-0.0001606301092903495
2016-01-26,-0.0008030798807372452
2016-01-27,-0.016400273804229926
2016-01-28,0.032856854037831784
2016-01-29,0.05808345319664965
2016-02-01,0.029690777389077994
2016-02-02,-0.03224860231168736
2016-02-03,-0.014109915087317293
2016-02-04,0.03623630201053518
2016-02-05,-0.05700849543376829
2016-02-08,-0.05063915927648133
2016-02-09,-0.017643200099718426
2016-02-10,-0.004260049176378677
2016-02-11,-0.02424498256603269
2016-02-12,0.04599794829879689
2016-02-16,0.03764569189685529
2016-02-17,0.03517100616297064
2016-02-18,-0.02762438559236391
2016-02-19,0.012591322006641148
2016-02-22,0.01531047803534813
2016-02-23,-0.018983518394315335
2016-02-24,0.01701003535929546
2016-02-25,0.016341967975048943
2016-02-26,0.004830920140904027
2016-02-29,0.006461028249360901
2016-03-01,0.033291036733094304
2016-03-02,-0.010546966406989822
2016-03-03,0.0026285020224692257
2016-03-04,0.06356963435023788
2016-03-07,-0.01745841196831177
2016-03-08,-0.027036683423483643
2016-03-09,0.016687137230583238
2016-03-10,0.017328606341511232
2016-03-11,0.03046669220626974
2016-03-14,-0.0045691238681595525
2016-03-15,0.0022275024517881548
2016-03-16,0.004392358949762087
2016-03-17,0.019646168579517065
2016-03-18,0.006202393861942657
2016-03-21,0.002623329129702201
2016-03-22,0.012231158779955287
2016-03-23,-0.01143717284109147
2016-03-24,6.54316337818095e-05
2016-03-28,0.000653382808720071
2016-03-29,0.0067274959531120615
2016-03-30,0.018166947731573124
2016-03-31,-0.015484900635054255
2016-04-01,0.021359356896238024
2016-04-04,-0.011343476790317886
2016-04-05,-0.006281898871791425
2016-04-06,0.01619053136930937
2016-04-07,-0.01631343256351203
2016-04-08,0.007614372276569803
2016-04-11,-0.003458076661953524
2016-04-12,-0.0011569840772176487
2016-04-13,0.026057194052787835
2016-04-14,-0.004138475038795497
2016-04-15,-0.02096729918218121
2016-04-18,0.002636855291510587
2016-04-19,-0.030981392521247764
2016-04-20,0.014297850438801163
2016-04-21,-0.012269027442777136
2016-04-22,-0.006739224374858299
2016-04-25,-0.008182091042554407
2016-04-26,0.011133647644576694
2016-04-27,0.005107417996443431
2016-04-28,-0.02336177109133719
2016-04-29,-0.01513613936191538
2016-05-02,0.002263867324267421
2016-05-03,-0.019715181432641726
2016-05-04,-0.007890953132282164
2016-05-05,0.0035898457751117885
2016-05-06,-0.004839288071237013
2016-05-09,0.00359422458298031
2016-05-10,0.015519512732837137
2016-05-11,-0.005255319766871547
2016-05-12,-0.01953437169737271
2016-05-13,-0.007019285576940093
2016-05-16,0.0185647087506009
2016-05-17,-0.010374791593550148
2016-05-18,0.019196728444499822
2016-05-19,-0.007923231723787727
2016-05-20,0.02795278744551344
2016-05-23,0.009336695970264763
2016-05-24,0.022417568187282244
2016-05-25,0.014198853661372413
2016-05-26,-0.003581437321781289
2016-05-27,0.001829945427112012
2016-05-31,0.0069142922257448
2016-06-01,0.002655917894887949
2016-06-02,0.0009051076263182356
2016-06-03,0.049383288717363305
2016-06-06,0.0017224008133389646
2016-06-07,0.01228174153328343
2016-06-08,-0.006915541377692347
2016-06-09,0.00268791081912112
2016-06-10,-0.020226659839356897
2016-06-13,-0.005036756667976761
2016-06-14,-0.0063746414840027965
2016-06-15,-0.0005678301873707214
2016-06-16,0.001452231931403647
2016-06-17,-0.01657951974560745
2016-06-20,0.005961628940849062
2016-06-21,-0.007136914857306942
2016-06-22,-0.004300311095441489
2016-06-23,0.02243131981527191
2016-06-24,-0.062413239788348895
2016-06-27,-0.03422535448699915
2016-06-28,0.0427490047582777
2016-06-29,0.03492008989526019
2016-06-30,0.002580459485288067
2016-07-01,-0.00759334281925006
2016-07-05,-0.02243532198026832
2016-07-06,-0.0008624445929729108
2016-07-07,0.0023900038641813115
2016-07-08,0.02748519256394455
2016-07-11,0.014309799757375785
2016-07-12,0.00781654188872194
2016-07-13,-0.007440759065203029
2016-07-14,0.02147263980592551
2016-07-15,0.002300969092263516
2016-07-18,0.007260031876151762
2016-07-19,-0.011088488185324485
2016-07-20,0.01333064579102805
2016-07-21,-0.013893005514929224
2016-07-22,-0.004613224839643104
2016-07-25,0.0006887825287313909
2016-07-26,0.022906719173405365
2016-07-27,0.013582874850667226
2016-07-28,-0.008631970003035727
2016-07-29,-0.013700572980359649
2016-08-01,0.009445814732781166
2016-08-02,-0.003792050749807152
2016-08-03,0.0074897646454146205
2016-08-04,0.017549061499905427
2016-08-05,0.018743891125358347
2016-08-08,-0.010404468929172905
2016-08-09,0.01675084097895785
2016-08-10,0.003972792339383968
2016-08-11,0.0013964233136791737
2016-08-12,0.0022080100954007253
2016-08-15,0.017800387582328048
2016-08-16,-0.017887636756192093
2016-08-17,0.003654105257487217
2016-08-18,0.00520171584247886
2016-08-19,0.005749097065983699
2016-08-22,0.0057168692863518444
2016-08-23,0.008014210545084888
2016-08-24,-0.011503228556147382
2016-08-25,0.004221307308959865
2016-08-26,0.00636216992740124
2016-08-29,0.001354917389496002
2016-08-30,-0.0022550472973753566
2016-08-31,-0.003276692508911938
2016-09-01,0.0037979347237975247
2016-09-02,-0.02247438859924622
2016-09-06,-0.011611231874416372
2016-09-07,-0.012858354050416576
2016-09-08,-0.003078393371144239
2016-09-09,-0.045136357151842166
2016-09-12,0.023013128565988028
2016-09-13,0.0046207868733010304
2016-09-14,0.026446270738073485
2016-09-15,0.021407425470888253
2016-09-16,-0.008568623664289232
2016-09-19,-0.0029783722330370965
2016-09-20,-0.01464318065115422
2016-09-21,0.00951086160962622
2016-09-22,-0.005829151485074235
2016-09-23,-0.012971085543719951
2016-09-26,0.00024027519045621837
2016-09-27,0.02501615299991511
2016-09-28,-0.0009366265517809502
2016-09-29,0.010310819901441226
2016-09-30,0.0003479852446830467
2016-10-03,-0.014201337999595331
2016-10-04,-0.005997507862050111
2016-10-05,0.026205081970819055
2016-10-06,0.004092928629335191
2016-10-07,0.00011479592197383148
2016-10-10,0.0032146236610210988
2016-10-11,-0.020598705786620375
2016-10-12,-0.004089393336998648
2016-10-13,-0.008975187948853325
2016-10-14,0.00680698504023014
2016-10-17,-0.007113869693192165
2016-10-18,0.019481188924428405
2016-10-19,-0.001742142088136056
2016-10-20,0.008960250962393612
2016-10-21,-0.002826002661128868
2016-10-24,0.02099262039048555
2016-10-25,-0.01642590363811136
2016-10-26,-0.003743178395954061
2016-10-27,-0.004392963003083672
2016-10-28,-0.016779025820968685
2016-10-31,0.005491806133346877
2016-11-01,-0.008691910275114512
2016-11-02,0.022275069546905835
2016-11-03,0.0024917114204296986
2016-11-04,-0.004740279004403325
2016-11-07,0.02782127967917125
2016-11-08,0.00022606763729404733
2016-11-09,-0.02022580228220361
2016-11-10,-0.03159949580763899
2016-11-11,-0.00238180251846698
2016-11-14,-0.022442588112794537
2016-11-15,0.01630265341381909
2016-11-16,0.008290797597113375
2016-11-17,-0.004707226933370112
2016-11-18,0.006705141330739517
2016-11-21,0.0262843117729068
2016-11-22,0.025726936075173068
2016-11-23,0.0003391603860669612
2016-11-25,-0.001863845738517167
2016-11-28,-0.0118809453316846
2016-11-29,0.00458080052723453
2016-11-30,-0.028270334490195448
2016-12-01,-0.045163894479613
2016-12-02,0.008784362868961448
2016-12-05,0.011630612310848498
2016-12-06,-0.008246660119698324
2016-12-07,0.023003315750172115
2016-12-08,0.012814718261094038
2016-12-09,0.049089421545794654
2016-12-12,-0.0051927167072481906
2016-12-13,0.00718460671265464
2016-12-14,-0.004484251391456029
2016-12-15,0.013456347911485755
2016-12-16,-0.008833173038306108
2016-12-19,0.011433504546901174
2016-12-20,0.00892173560848164
2016-12-21,0.0012086327065128355
2016-12-22,-0.0092711395090872
2016-12-23,0.007420032549033229
2016-12-27,0.002033479091011481
2016-12-28,-0.011628534015644565
2016-12-29,-0.0017759451363542622
2016-12-30,-0.017234609107113052
2017-01-03,0.008881214013633398
2017-01-04,-0.007120906369568636
2017-01-05,-0.01575652890346002
2017-01-06,0.01325430691564522
2017-01-09,0.002151660036743497
2017-01-10,0.020342679675141362
2017-01-11,-0.006368775938920157
2017-01-12,-0.00312093587270712
2017-01-13,0.008889490033719971
2017-01-17,-0.007425726116304765
2017-01-18,0.03299595299441904
2017-01-19,0.0029190131825740373
2017-01-20,0.02974760781113628
2017-01-23,-0.0004184585923017181
2017-01-24,0.03534010035929036
2017-01-25,0.02391927231663038
2017-01-26,0.008346562121449796
2017-01-27,0.007542545737361017
2017-01-30,-0.0121041541584197
2017-01-31,-0.01830576308473031
2017-02-01,0.02100292506616741
2017-02-02,0.0017672382211517679
2017-02-03,0.01034046351575757
2017-02-06,0.0019402575045717185
2017-02-07,-0.0031464571920960527
2017-02-08,0.004759376946507077
2017-02-09,-0.0074920256868099555
2017-02-10,0.0008761611370931011
2017-02-13,0.005790528276988338
2017-02-14,-0.0066759938800970975
2017-02-15,0.003214735059978713
2017-02-16,0.010631480560680417
2017-02-17,0.010711713630708886
2017-02-21,0.01112140105424464
2017-02-22,0.0066269297182217635
2017-02-23,-0.016716253813934157
2017-02-24,-0.0009972076789642736
2017-02-27,0.013832841487071201
2017-02-28,-0.0110183573849848
2017-03-01,0.01995923294602031
2017-03-02,0.009993348693708048
2017-03-03,0.0047400014063481155
2017-03-06,-0.0017403327526990253
2017-03-07,0.0060107224304355444
2017-03-08,0.0017333972296245115
2017-03-09,0.010836475237395948
2017-03-10,0.01954832420167918
2017-03-13,0.00044212203866389466
2017-03-14,-0.009273431276620836
2017-03-15,0.007042494094601448
2017-03-16,-0.011337929674143155
2017-03-17,-0.0053067809391302845
2017-03-20,0.00027110780932648737
2017-03-21,-0.023594309645263434
2017-03-22,0.006481354328743416
2017-03-23,-0.002575891600884783
2017-03-24,0.009729500551555637
2017-03-27,0.0003654594001656353
2017-03-28,0.008673568799945075
2017-03-29,0.001629554251657117
2017-03-30,-0.005738492972904186
2017-03-31,-0.004908325054568952
2017-04-03,-0.0007305068662302183
2017-04-04,0.0007310408966245685
2017-04-05,-0.008357857969515936
2017-04-06,0.0017043629648729741
2017-04-07,0.003448202822644575
2017-04-10,-0.001053645334760267
2017-04-11,-0.0021559119089228362
2017-04-12,-0.03838202075975694
2017-04-13,0.010133992791295565
2017-04-17,0.012066843103817337
2017-04-18,-0.0036001872808578694
2017-04-19,0.0024868457174231917
2017-04-20,0.02143929450701454
2017-04-21,-0.0025206550731800004
2017-04-24,0.016447555191666963
2017-04-25,0.008859076581631209
2017-04-26,-0.006810058897541049
2017-04-27,0.0063607337753566195
2017-04-28,-0.010220013946315665
2017-05-01,0.0023096024132376325
2017-05-02,0.01866046435403046
2017-05-03,-0.002439276492493203
2017-05-04,-0.006669489696681019
2017-05-05,0.013652437212744228
2017-05-08,-0.006049893429346809
2017-05-09,0.015016552635474856
2017-05-10,0.012562765816473531
2017-05-11,-0.0010373768622073953
2017-05-12,0.02107392084627313
2017-05-15,0.013010747267522937
2017-05-16,0.0069028953694993955
2017-05-17,-0.03947146943254043
2017-05-18,0.028030193597093245
2017-05-19,-0.014979530197625213
2017-05-22,0.018282843196768983
2017-05-23,-0.0077190991899490635
2017-05-24,0.012936700460221662
2017-05-25,0.005258832594507323
2017-05-26,0.0014530550284630461
2017-05-30,-0.005762657534534532
2017-05-31,-0.0014177854676836743
2017-06-01,-0.020419081260431682
2017-06-02,0.08499916459061208
2017-06-05,-0.009114582585157072
2017-06-06,0.006541873528481901
2017-06-07,0.001654508860710724
2017-06-08,0.002635115198697191
2017-06-09,-0.04553845953803182
2017-06-12,-0.0027532830591553425
2017-06-13,0.0011127511864039707
2017-06-14,-0.00987921336730957
2017-06-15,-0.006387538215228639
2017-06-16,-0.007311408117907758
2017-06-19,0.020740545003857358
2017-06-20,-0.004810032938192488
2017-06-21,0.02137570662552646
2017-06-22,-0.004406051468495709
2017-06-23,0.0049992331671231405
2017-06-26,-0.01023414470588957
2017-06-27,-0.030566050413580625
2017-06-28,0.024306025776708484
2017-06-29,-0.02908120665912406
2017-06-30,-0.004229883474415885
2017-07-03,-0.014117393423568658
2017-07-05,0.008052071775534575
2017-07-06,0.014809323437116273
2017-07-07,0.019486250181493414
2017-07-10,0.008972632559047788
2017-07-11,-0.00363996063778671
2017-07-12,0.022956371387562013
2017-07-13,0.0036118563921407887
2017-07-14,0.012049681491905107
2017-07-17,-0.005073875751187451
2017-07-18,0.007469062880134825
2017-07-19,0.01403046724655388
2017-07-20,-0.003812742279726389
2017-07-21,-0.001262497596063561
2017-07-24,-0.00031626311633670134
2017-07-25,0.005019315611879849
2017-07-26,0.01065652717419674
2017-07-27,-0.023578905138703532
2017-07-28,-0.002311048074906785
2017-07-31,-0.014818221530337294
2017-08-01,0.007013776231056701
2017-08-02,0.020008966574883713
2017-08-03,-0.012117269772688677
2017-08-04,-0.00447485565380612
2017-08-07,0.0131236096292342
2017-08-08,-0.004278096461489023
2017-08-09,-0.008712789179837754
2017-08-10,-0.03395297952004628
2017-08-11,0.014374296798695951
2017-08-14,0.027603910177025126
2017-08-15,0.011079494475633833
2017-08-16,-0.0010643022649048373
2017-08-17,-0.025530721130979095
2017-08-18,0.009799559337789976
2017-08-21,0.0010027315723983854
2017-08-22,0.02231366096350551
2017-08-23,0.006779429197114606
2017-08-24,-0.007278416974067281
2017-08-25,-0.03709076706859715
2017-08-28,-0.00952797551818485
2017-08-29,-0.006248778911728259
2017-08-30,0.01774705412316324
2017-08-31,0.024591452971215233
2017-09-01,0.0026182509937000553
2017-09-05,-0.014561144976819929
2017-09-06,0.0013249516214794976
2017-09-07,-0.011347971798110423
2017-09-08,-0.009896380636900681
2017-09-11,0.014870497629118296
2017-09-12,-0.002422016335212329
2017-09-13,-0.003641796005210751
2017-09-14,0.002883198522856123
2017-09-15,0.014578003078954405
2017-09-18,0.0011623093628096992
2017-09-19,-0.0002401652476241578
2017-09-20,-0.027426452533369616
2017-09-21,-0.010415380222928428
2017-09-22,-0.004742440594543318
2017-09-25,-0.015590978851207304
2017-09-26,0.0074728703653808015
2017-09-27,0.013950453268238183
2017-09-28,0.00980958288172129
2017-09-29,-0.0016461794735628255
2017-10-02,-0.00853479974321747
2017-10-03,-0.004033872952302842
2017-10-04,0.010438518507752459
2017-10-05,0.006900872465663621
2017-10-06,0.008495121792975402
2017-10-09,0.00276693255896987
2017-10-10,-0.0017446711748537735
2017-10-11,0.017927473879270073
2017-10-12,-0.0066295990411781025
2017-10-13,-0.003135704700699904
2017-10-16,-0.0052026759460248595
2017-10-17,-0.016418470794343443
2017-10-18,0.005688024381716561
2017-10-19,0.0011885525654882212
2017-10-20,-0.00020483313174912698
2017-10-23,0.00012243019079027917
2017-10-24,0.013960479186743369
2017-10-25,-0.007509742315653378
2017-10-26,-0.008380208276482115
2017-10-27,0.03749605805713285
2017-10-30,0.03293759824277753
2017-10-31,0.0102591417414446
2017-11-01,-0.017505962716659385
2017-11-02,0.0008100647539044381
2017-11-03,0.054450715939052374
2017-11-06,0.014216768908928978
2017-11-07,-0.022341116160372487
2017-11-08,0.003980591165632097
2017-11-09,-0.024816484049227205
2017-11-10,-0.002559834656339244
2017-11-13,0.00018885377708932616
2017-11-14,-0.006603617226086711
2017-11-15,0.008888359581199712
2017-11-16,0.024510766259516092
2017-11-17,-0.000918924052224046
2017-11-20,0.011108721189077464
2017-11-21,0.006221226180349371
2017-11-22,-0.004411126961134548
2017-11-24,0.02545669570176079
2017-11-27,0.00793254834228363
2017-11-28,-0.02536716856817589
2017-11-29,-0.021269090379582467
2017-11-30,0.023719915387263146
2017-12-01,-0.0229543633250634
2017-12-04,-0.029274991056080446
2017-12-05,-0.007435476716817546
2017-12-06,0.0085610286020803
2017-12-07,0.0
2017-12-08,-0.01508189777455371
2017-12-11,0.0001540185160762153
2017-12-12,-0.004808896733283108
2017-12-13,0.012872110430515171
2017-12-14,-0.010266011282833554
2017-12-15,0.02463943041503125
2017-12-18,0.0015533015777542403
2017-12-19,-0.0026098592806819143
2017-12-20,0.00735667019243591
2017-12-21,-0.015471930119395183
2017-12-22,0.0031354300659158785
2017-12-26,-0.016199874085089383
2017-12-27,0.003952136691063091
2017-12-28,0.005016804855160206
2017-12-29,-0.013516570247297577
2018-01-02,0.03935393970790679
2018-01-03,0.010936072671276387
2018-01-04,0.00033343748065028933
2018-01-05,0.005925080192197951
2018-01-08,0.00239336375778354
2018-01-09,-0.013846795667286749
2018-01-10,-0.02111701560584911
2018-01-11,0.0025491492419982276
2018-01-12,0.0029977959902041107
2018-01-16,-0.003934807137661145
2018-01-17,0.00972440406530839
2018-01-18,0.015010860590812802
2018-01-19,-0.012639259219766497
2018-01-22,-0.01606651720398411
2018-01-23,0.003014060761112214
2018-01-24,-0.022974328676573563
2018-01-25,-0.03725772758685686
2018-01-26,0.014153345011661322
2018-01-29,-0.02121290523231112
2018-01-30,-0.018291479152933943
2018-01-31,0.029255569338503484
2018-02-01,-0.037253442457691466
2018-02-02,-0.013861874429855425
2018-02-05,-0.031339977625737925
2018-02-06,0.05383586811225616
2018-02-07,-0.012480172244478949
2018-02-08,-0.03290075338147613
2018-02-09,0.02583064699946358
2018-02-12,0.03779205797480367
2018-02-13,0.005974044349418728
2018-02-14,0.007320944388444772
2018-02-15,0.01683798092777611
2018-02-16,-0.011675001776048188
2018-02-20,0.0029332329377329547
2018-02-21,-0.004006452113777259
2018-02-22,0.002936612046242848
2018-02-23,0.017485450460297924
2018-02-26,-0.0029955371720910007
2018-02-27,-0.004506995935406266
2018-02-28,-0.02124599749302114
2018-03-01,-0.012781073713863944
2018-03-02,0.031071450073381524
2018-03-05,-0.01550591880659935
2018-03-06,0.01611465776965182
2018-03-07,-0.015580160784128383
2018-03-08,-0.0004048518849621985
2018-03-09,0.027657380507194684
2018-03-12,0.03570034871428396
2018-03-13,-0.0061634989589999245
2018-03-14,-0.0024117965949495
2018-03-15,0.02751450760757823
2018-03-16,-0.048140276120720804
2018-03-19,-0.03892172435987007
2018-03-20,-0.010573550897658213
2018-03-21,0.0298920674051093
2018-03-22,-0.009878302993825416
2018-03-23,-0.004474893982043482
2018-03-26,0.021651256119353146
2018-03-27,-0.013563240331286641
2018-03-28,-0.03146877257821146
2018-03-29,-0.0043515703232043235
2018-04-02,-0.033821473024263526
2018-04-03,0.03996817888679738
2018-04-04,0.0008870987652285223
2018-04-05,-0.0028693556373171614
2018-04-06,-0.03148407768472172
2018-04-09,0.02564778701981374
2018-04-10,0.021342806702338013
2018-04-11,0.00237768650885517
2018-04-12,-0.0037036267415500035
2018-04-13,0.03136610371142412
2018-04-16,0.009840222300408152
2018-04-17,0.009504122819006033
2018-04-18,-0.008540495006872484
2018-04-19,-0.026964440176912463
2018-04-20,-0.023634455163453527
2018-04-23,-0.015477756327195391
2018-04-24,-0.021674555425968633
2018-04-25,0.002670561645922387
2018-04-26,0.006201036999417431
2018-04-27,0.010241992415416012
2018-04-30,-0.014434221288869953
2018-05-01,0.004184639533908463
2018-05-02,-0.007118780544006498
2018-05-03,-0.015257507230349798
2018-05-04,0.02339610112263335
2018-05-07,0.02364203620032157
2018-05-08,0.012205352337512965
2018-05-09,-0.0033493893027429777
2018-05-10,0.02293624089510371
2018-05-11,-0.0005338771435269285
2018-05-14,0.005670114070349008
2018-05-15,-0.01299206252280205
2018-05-16,-0.004429362050187624
2018-05-17,-0.0044073450371167056
2018-05-18,-0.014449846940979283
2018-05-21,0.012966815746837446
2018-05-22,-0.002342472441049348
2018-05-23,0.008679261498143465
2018-05-24,0.012346228020241101
2018-05-25,0.026690695808480047
2018-05-29,-0.0013596648658963373
2018-05-30,-0.0011615161472924296
2018-05-31,0.010705890726198763
2018-06-01,0.016939569221016137
2018-06-04,0.007919318857699142
2018-06-05,0.0034445214310918626
2018-06-06,0.016431267224307655
2018-06-07,0.004402051919855543
2018-06-08,-0.025351220254150597
2018-06-11,0.011086294267217411
2018-06-12,0.0023006718088716127
2018-06-13,0.008223664407065456
2018-06-14,0.018514328239630284
2018-06-15,0.0065931828039651474
2018-06-18,-0.021204048006514653
2018-06-19,-0.00019166478312615531
2018-06-20,0.001034758654760104
2018-06-21,-0.006010273234713592
2018-06-22,0.00023115759767344812
2018-06-25,-0.028069805331150666
2018-06-26,-0.0034862780020122885
2018-06-27,-0.01761139997106964
2018-06-28,-0.00894376121289775
2018-06-29,-0.009228166879053368
2018-07-02,-0.0024315654794508923
2018-07-03,-0.011402366190225277
2018-07-05,0.025533853554140507
2018-07-06,0.009290920085353926
2018-07-09,-0.0010092016218510302
2018-07-10,0.012649897920754771
2018-07-11,-0.028416498799671785
2018-07-12,-0.13744641020182635
2018-07-13,-0.03581282322803003
2018-07-16,0.0039016562083040718
2018-07-17,0.024895544195695285
2018-07-18,0.002256372126729911
2018-07-19,0.007615757659550804
2018-07-20,-0.00019016773949176446
2018-07-23,0.03038066098134995
2018-07-24,0.002860641725152435
2018-07-25,0.03970758676773389
2018-07-26,-0.012346870732916293
2018-07-27,-0.009543919820399926
2018-07-30,0.018729039535702707
2018-07-31,-0.015187379425940395
2018-08-01,-0.022410241143322795
2018-08-02,-0.002075908601851695
2018-08-03,0.00674813493635984
2018-08-06,-0.003948358676605035
2018-08-07,0.015487455141958373
2018-08-08,-0.003858077448824382
2018-08-09,-0.0131230406105739
2018-08-10,-0.020084880515330306
2018-08-13,-0.0054188840030459096
2018-08-14,-0.01790780855910379
2018-08-15,-0.0034731496991848854
2018-08-16,0.010213947077581942
2018-08-17,0.002779462617083839
2018-08-20,-0.012185493224497024
2018-08-21,0.018334085367686104
2018-08-22,-0.014108651471277822
2018-08-23,-0.009395658075285418
2018-08-24,0.016586199367908838
2018-08-27,0.018995386501076794
2018-08-28,0.006855341815249272
2018-08-29,0.0026115043639611812
2018-08-30,0.007721446123520437
2018-08-31,0.010985216789518804
2018-09-04,0.0018262762208665073
2018-09-05,0.009068863398708382
2018-09-06,-0.024613689887041268
2018-09-07,0.07690896102803513
2018-09-10,0.03452578395872541
2018-09-11,-0.03349845535396412
2018-09-12,-0.011438444759559574
2018-09-13,0.024055176219498042
2018-09-14,0.0039075628751568114
2018-09-17,-0.006388933740269831
2018-09-18,0.02853104571799614
2018-09-19,0.008593152319960717
2018-09-20,0.012986457696106735
2018-09-21,0.01294252992787337
2018-09-24,0.005441290235780771
2018-09-25,-0.007216069211819054
2018-09-26,-0.008964085998316662
2018-09-27,0.00415584700151328
2018-09-28,0.0011363833025959114
2018-10-01,0.011267037440044092
2018-10-02,-0.005650788253606764
2018-10-03,0.005320111070001854
2018-10-04,-0.005011383721083673
2018-10-05,-0.01587625239592949
2018-10-08,-0.01171019356589964
2018-10-09,0.013796161348736957
2018-10-10,-0.052594988803560616
2018-10-11,-0.012638903706461924
2018-10-12,0.017693520251126582
2018-10-15,-0.002060384818110328
2018-10-16,0.025164642128781667
2018-10-17,-0.004825874217969317
2018-10-18,-0.03857987436996846
2018-10-19,0.0011406038185830525
2018-10-22,0.0014892190028243935
2018-10-23,0.0018808082629027112
2018-10-24,-0.045143007556370685
2018-10-25,0.01614031116054271
2018-10-26,-0.04090191588129022
2018-10-29,-0.0077407207105902875
2018-10-30,0.04496451093123821
2018-10-31,0.01122105821353303
2018-11-01,0.028591902625647148
2018-11-02,-0.03962967545377749
2018-11-05,-0.003079967652674931
2018-11-06,0.037075799027509015
2018-11-07,0.026944437589438763
2018-11-08,0.0249571406080773
2018-11-09,-0.005244630086566615
2018-11-12,-0.06427065838434132
2018-11-13,0.0053662562394349855
2018-11-14,0.006093545716129967
2018-11-15,0.0448275134135967
2018-11-16,0.0053736695781194665
2018-11-19,-0.03568829772652671
2018-11-20,-0.006197806164381037
2018-11-21,0.010056777995350652
2018-11-23,-0.0004348782648246896
2018-11-26,0.02353195734382796
2018-11-27,0.0022098447188325654
2018-11-28,-0.0025864411860828662
2018-11-29,0.002380583770739353
2018-11-30,0.006913025474287959
2018-12-03,0.0196288121882624
2018-12-04,-0.041434458202380675
2018-12-06,-0.020685947964511064
2018-12-07,0.005808482473514731
2018-12-10,0.04677150777302397
2018-12-11,0.03172399547463045
2018-12-12,0.032977042863600925
2018-12-13,0.013020674241961405
2018-12-14,-0.013434297793406658
2018-12-17,-0.0027469883551125562
2018-12-18,-0.007197379984758223
2018-12-19,-0.023150681508229964
2018-12-20,-0.008200212802237483
2018-12-21,0.012484804725250376
2018-12-24,-0.04536337133883939
2018-12-26,0.06133439816493147
2018-12-27,0.010921187595722914
2018-12-28,0.010922810614283573
2018-12-31,0.0027209622913213494
2019-01-02,-0.0030280475304322874
2019-01-03,-0.08895116937575931
2019-01-04,0.009828653561265499
2019-01-07,0.020366089196696358
2019-01-08,-0.008025822664654902
2019-01-09,0.04324978603693763
2019-01-10,0.013155560125592825
2019-01-11,0.00420827761228848
2019-01-14,0.0011972217278808372
2019-01-15,0.022402091599460272
2019-01-16,-0.018675145038230756
2019-01-17,0.014421911024874223
2019-01-18,0.021501666900694882
2019-01-22,-0.00970012246629981
2019-01-23,-0.002981479869771153
2019-01-24,0.02341553210016767
2019-01-25,0.01665757864691053
2019-01-28,-0.0011943457645969824
2019-01-29,-0.004857836956297157
2019-01-30,0.016897145581337814
2019-01-31,-0.009489578767493123
2019-02-01,-0.0053682163930439675
2019-02-04,0.01990171781049388
2019-02-05,-0.007790713690471018
2019-02-06,0.023000293271176586
2019-02-07,-0.025777971922711695
2019-02-08,0.01846969252924846
2019-02-11,0.0060573316805703215
2019-02-12,0.013310520321852426
2019-02-13,0.006907944591944437
2019-02-14,0.0006398311569806303
2019-02-15,0.0015277028557645345
2019-02-19,-0.0009576293361001076
2019-02-20,0.006248392580567197
2019-02-21,-0.00875011593818642
2019-02-22,-0.01580414722613588
2019-02-25,0.007594960861685873
2019-02-26,-0.012921804160273775
2019-02-27,-0.012763403258348016
2019-02-28,0.014254493801600487
2019-03-01,-0.00947873299563895
2019-03-04,0.00784605537114702
2019-03-05,0.007712126022886734
2019-03-06,-0.020432209399652623
2019-03-07,-0.021522070486141853
2019-03-08,-0.004971604592164058
2019-03-11,0.01843386552281956
2019-03-12,0.0021182981762788433
2019-03-13,0.005859945590412474
2019-03-14,-0.011098305085319171
2019-03-15,0.0823634066690746
2019-03-18,0.012229343835036488
2019-03-19,0.018615638960304492
2019-03-20,-0.018977965808654074
2019-03-21,0.01982623762627611
2019-03-22,-0.013982649956448379
2019-03-25,-0.001674322907995629
2019-03-26,0.016669056972571594
2019-03-27,-0.0035686941085547597
2019-03-28,0.010474109929567987
2019-03-29,0.005483770817666933
2019-04-01,0.016893094424654365
2019-04-02,-0.008960280076781957
2019-04-03,0.003794813162674382
2019-04-04,-0.007231937775021402
2019-04-05,0.0075494629395989055
2019-04-08,0.0006572217318630003
2019-04-09,-0.0033828123652455133
2019-04-10,0.013379682467423937
2019-04-11,0.006178394096623352
2019-04-12,0.02462751437441435
2019-04-15,-0.001987104224975611
2019-04-16,0.006637276084716426
2019-04-17,0.00637351282083487
2019-04-18,-0.005958920467268536
2019-04-22,-0.011361284877469902
2019-04-23,0.002031450162816917
2019-04-24,-0.004150030039746344
2019-04-25,-0.007985443295750794
2019-04-26,-0.004521753991705402
2019-04-29,0.007441752270304303
2019-04-30,0.018163133849612212
2019-05-01,0.001570547426640756
2019-05-02,-0.009658104071202711
2019-05-03,-0.0003485661240807403
2019-05-06,-0.013113162253616917
2019-05-07,-0.013736751472662623
2019-05-08,-0.012691766140695226
2019-05-09,0.002208481194262868
2019-05-10,-0.0003291476794864412
2019-05-13,-0.03480697232977603
2019-05-14,0.029381794939175032
2019-05-15,0.007847430414469114
2019-05-16,-0.023261131277829472
2019-05-17,-0.02489148380652151
2019-05-20,-0.05967778644485777
2019-05-21,0.010051675840897945
2019-05-22,-0.022191432899990038
2019-05-23,-0.033913059266487466
2019-05-24,-0.015955775265466987
2019-05-28,-0.005704514363885083
2019-05-29,-0.001414611144534228
2019-05-30,0.009837843466983465
2019-05-31,-0.019406308447832865
2019-06-03,0.0061199299185490386
2019-06-04,0.04945105518578896
2019-06-05,7.521378169750292e-05
2019-06-06,0.026607077418251412
2019-06-07,0.0076246783045836874
2019-06-10,0.019427422145729345
2019-06-11,0.01166995080366573
2019-06-12,-0.013228449113474428
2019-06-13,0.006720774109378214
2019-06-14,-0.05567973214670641
2019-06-17,0.0001502974401730306
2019-06-18,0.0454185659026185
2019-06-19,-0.0020139991378503863
2019-06-20,0.0056218361502187175
2019-06-21,-0.008719409940507017
2019-06-24,0.019015506054972375
2019-06-25,-0.009634690272852908
2019-06-26,0.017829397514375733
2019-06-27,0.015172005000284372
2019-06-28,0.0075250817667804615
2019-07-01,0.04338908517296369
2019-07-02,-0.016713889728215636
2019-07-03,-0.0353502118648914
2019-07-05,-0.00782751253073899
2019-07-08,-0.027241210768280233
2019-07-09,0.002073147469966452
2019-07-10,-0.0037384605954108308
2019-07-11,0.00568316574523231
2019-07-12,0.03379690840461835
2019-07-15,0.010336782031032277
2019-07-16,-0.01460080105641226
2019-07-17,0.0033437049372988525
2019-07-18,0.016486417527625807
2019-07-19,0.0007591678513203526
2019-07-22,0.021206873282607397
2019-07-23,0.015633982272245328
2019-07-24,0.00994077417707695
2019-07-25,-0.011126762223540587
2019-07-26,0.0017643504060629311
2019-07-29,0.0027248939250550386
2019-07-30,-0.007224720642393767
2019-07-31,-0.03194681171996272
2019-08-01,-0.016034961197798125
2019-08-02,-0.023866309459000257
2019-08-05,-0.03902625927691772
2019-08-06,-0.004558138924421584
2019-08-07,0.013549145318108025
2019-08-08,0.003443573551253687
2019-08-09,0.017528839798031992
2019-08-12,-0.0003262789030429314
2019-08-13,0.029241190310789866
2019-08-14,-0.042791473948303294
2019-08-15,-0.010752753264419712
2019-08-16,0.0191332410283227
2019-08-19,0.018262827413151106
2019-08-20,0.005703430038915824
2019-08-21,0.025430809240095664
2019-08-22,0.00041741104578196797
2019-08-23,-0.053855972708056865
2019-08-26,0.018704404553822274
2019-08-27,-0.005952010085867099
2019-08-28,0.0017782101269065986
2019-08-29,0.026479706306922424
2019-08-30,-0.0025760142753230575
2019-09-03,-0.030392133585127823
2019-09-04,0.032731346090936864
2019-09-05,0.028266405428708063
2019-09-06,0.003058244538848953
2019-09-09,0.0023978173551615356
2019-09-10,0.006254182794990459
2019-09-11,0.012124847102887859
2019-09-12,0.008623795018415814
2019-09-13,-0.03413409008224988
2019-09-16,-0.00571788040891974
2019-09-17,0.0005889236482217175
2019-09-18,-0.00377355136490376
2019-09-19,0.010078223745739523
2019-09-20,-0.012951813016727431
2019-09-23,0.004221738408588083
2019-09-24,-0.011035073821728192
2019-09-25,-0.023165784517403032
2019-09-26,0.004133643077406157
2019-09-27,-0.01000324263099217
2019-09-30,0.007040228353025535
2019-10-01,-0.0044189992395752276
2019-10-02,-0.017391470250118557
2019-10-03,0.01614423625334349
2019-10-04,0.02550709478581159
2019-10-07,-0.019009709536902952
2019-10-08,-0.020827507232985765
2019-10-09,0.010431789359061527
2019-10-10,0.0047591836567977275
2019-10-11,0.023537995613293727
2019-10-14,0.0026699633177924564
2019-10-15,0.03074616703805222
2019-10-16,-0.006337964515822581
2019-10-17,0.003293347564773841
2019-10-18,-0.009328597553265983
2019-10-21,0.009904542193430732
2019-10-22,-0.00728648892905559
2019-10-23,-0.02483831717119578
2019-10-24,0.007098907732985493
2019-10-25,0.026602088134410007
2019-10-28,0.005969093418914273
2019-10-29,-0.011627332957542147
2019-10-30,0.007218376866068965
2019-10-31,0.008992422731590066
2019-11-01,0.012770927703821489
2019-11-04,0.028355582794078016
2019-11-05,0.029639481948491087
2019-11-06,-0.002802186468573553
2019-11-07,-0.00453448913712029
2019-11-08,0.005356972345739841
2019-11-11,-0.0021058825020373595
2019-11-12,0.008888871448304192
2019-11-13,-0.005894801606033728
2019-11-14,-0.014983847985390986
2019-11-15,0.012752013315190602
2019-11-18,-0.005880263518298623
2019-11-19,0.021313646690604537
2019-11-20,-0.018980204353575725
2019-11-21,0.011486569981819184
2019-11-22,-0.0010467246324289414
2019-11-25,0.01492415694590532
2019-11-26,-0.01048093797992955
2019-11-27,0.006860928408267908
2019-11-29,-0.007002743217005669
2019-12-02,-0.017361845940494502
2019-12-03,-0.013516896533597333
2019-12-04,0.010439447122722267
2019-12-05,0.004746236504911794
2019-12-06,0.015617533662872773
2019-12-09,-0.0052838486248925065
2019-12-10,0.0021629809019731994
2019-12-11,0.014790751198141772
2019-12-12,0.025272120712999557
2019-12-13,-0.03776701966140383
2019-12-16,0.024443855698014216
2019-12-17,0.002073403525897799
2019-12-18,0.011241436351314693
2019-12-19,-0.010200371796130758
2019-12-20,-0.005765985984085176
2019-12-23,0.0016614798368033146
2019-12-24,0.0030357281371369282
2019-12-26,-0.007862760443859473
2019-12-27,-0.004559914862322656
2019-12-30,-0.009699050082528804
2019-12-31,0.008166976181455787
2020-01-02,0.020157011391360946
2020-01-03,-0.025435097385235972
2020-01-06,-0.0014959573575165086
2020-01-07,-0.003442610691858361
2020-01-08,-0.012474394698841484
2020-01-09,-0.008032607811390147
2020-01-10,-0.022986916418235803
2020-01-13,0.006550303772681509
2020-01-14,0.023242100000792076
2020-01-15,-0.016354314864608366
2020-01-16,0.01289833589088163
2020-01-17,0.005666924632398818
2020-01-21,-0.002331572635441148
2020-01-22,0.01590539938602986
2020-01-23,0.021343934670885467
2020-01-24,0.013608756995772353
2020-01-27,-0.04620378317742535
2020-01-28,0.030029349335147337
2020-01-29,-0.002513340671544184
2020-01-30,-0.007275160573872785
2020-01-31,-0.03185302567020187
2020-02-03,0.000229618448988278
2020-02-04,0.020869493977626608
2020-02-05,0.018549166634469483
2020-02-06,0.007278628256111697
2020-02-07,-0.013951235421828967
2020-02-10,-0.0032673262192399743
2020-02-11,0.018968741275413148
2020-02-12,0.014180390407840804
2020-02-13,-0.002248282747935315
2020-02-14,-0.019137339730925018
2020-02-18,-0.022091455415144456
2020-02-19,0.015896964281004733
2020-02-20,-0.02043159760922053
2020-02-21,-0.015328041781514812
2020-02-24,-0.04236437256127279
2020-02-25,-0.03058988391013373
2020-02-26,0.011320291149689243
2020-02-27,-0.04173082748133128
2020-02-28,-0.0048548617521126936
2020-03-02,0.045300950249797856
2020-03-03,-0.03761774099914239
2020-03-04,0.04083853639539048
2020-03-05,-0.03997183402473958
2020-03-06,-0.016749561624442966
2020-03-09,-0.08064571004649823
2020-03-10,0.061278851590911065
2020-03-11,-0.06439698372335545
2020-03-12,-0.11054199262777376
2020-03-13,0.07057317290503096
2020-03-16,-0.19912900817751444
2020-03-17,0.06359957505836111
2020-03-18,-0.15858848998225783
2020-03-19,0.15833687753247938
2020-03-20,0.005334610543779705
2020-03-23,0.0065029846403317215
2020-03-24,0.0997051427845197
2020-03-25,0.022513606039101797
2020-03-26,0.11776612575834022
2020-03-27,-0.05132199083475908
2020-03-30,0.04083388391599052
2020-03-31,-0.012535907017086512
2020-04-01,-0.05681134948094346
2020-04-02,0.060054565390809556
2020-04-03,-0.011811434499947815
2020-04-06,0.07760602463272104
2020-04-07,0.003288017155201217
2020-04-08,0.030915486139025505
2020-04-09,-0.026043565752060904
2020-04-13,0.02209979389333183
2020-04-14,0.029662892277823705
2020-04-15,-0.038074807214676376
2020-04-16,0.003301696156542855
2020-04-17,0.02938545760898248
2020-04-20,-0.028584427413215208
2020-04-21,-0.04115675038069477
2020-04-22,0.04974760059620875
2020-04-23,-0.004000479589658434
2020-04-24,0.022708929897904406
2020-04-27,0.013745683326865654
2020-04-28,-0.013857384555509111
2020-04-29,0.042647398727258645
2020-04-30,-0.01594084618344105
2020-05-01,-0.043884911474394106
2020-05-04,0.009857365289253961
2020-05-05,0.00995205231211016
2020-05-06,-0.0026051009856936647
2020-05-07,0.013513631289123751
2020-05-08,0.0271894183898036
2020-05-11,0.0013452956234611957
2020-05-12,-0.02523595238874554
2020-05-13,-0.019742988291095442
2020-05-14,0.013110394770369682
2020-05-15,-0.023218076163704526
2020-05-18,0.0503818347502778
2020-05-19,-0.00577613762228768
2020-05-20,0.024747234568141874
2020-05-21,-0.013922975813456362
2020-05-22,0.0067323446981353285
2020-05-26,0.019410534428413007
2020-05-27,0.01975036715243439
2020-05-28,-0.01547317358629341
2020-05-29,0.028713704061763545
2020-06-01,-0.004394624284978721
2020-06-02,0.0278285639596918
2020-06-03,0.03848190416613595
2020-06-04,-0.0020676173467930603
2020-06-05,0.026514485342022942
2020-06-08,0.0013876738094498187
2020-06-09,-0.006928754196518949
2020-06-10,-0.0008878688894089493
2020-06-11,-0.06757888605639284
2020-06-12,0.022127685565018096
2020-06-15,0.01278927722273604
2020-06-16,0.021802926504802977
2020-06-17,0.00875385739036294
2020-06-18,0.016813381794554605
2020-06-19,-0.04022700970288462
2020-06-22,0.03557153618136644
2020-06-23,-0.007144214837157548
2020-06-24,-0.013909316433875496
2020-06-25,0.0061243334307794495
2020-06-26,-0.004662451215263319
2020-06-29,0.00770958931356569
2020-06-30,0.018819859887059698
2020-07-01,-0.009125173171271483
2020-07-02,0.008761315493224009
2020-07-06,0.010524137829513114
2020-07-07,-0.01778605505626618
2020-07-08,0.020599130198524218
2020-07-09,0.0060395509451380835
2020-07-10,-0.006407739682867009
2020-07-13,-0.025450581374805492
2020-07-14,0.012110020375243336
2020-07-15,-0.004125845486148361
2020-07-16,-0.007776172097389011
2020-07-17,0.004400181144933679
2020-07-20,0.01413467307054228
2020-07-21,-0.00879771777692051
2020-07-22,-0.0017178998709984628
2020-07-23,-0.013161188798683887
2020-07-24,-0.012529553486342881
2020-07-27,0.022531764577507607
2020-07-28,-0.017046116741672446
2020-07-29,0.004880440436507927
2020-07-30,0.010522849860480799
2020-07-31,0.014899111842535895
2020-08-03,0.014143763319720781
2020-08-04,0.022289192751976605
2020-08-05,0.003501904511249654
2020-08-06,-0.0011529416354613131
2020-08-07,-0.009812948687325296
2020-08-10,0.004387315433408201
2020-08-11,-0.010172233649414775
2020-08-12,0.02965763447680758
2020-08-13,-0.012648300097516163
2020-08-14,-0.004856884799650074
2020-08-17,0.007626174853744061
2020-08-18,-0.0050860350385910635
2020-08-19,0.001734344662583931
2020-08-20,-0.0011544238656252537
2020-08-21,0.003619156750991781
2020-08-24,0.012059613772621436
2020-08-25,0.006407387407417531
2020-08-26,0.010501618415869274
2020-08-27,-0.001560232934865291
2020-08-28,0.01674828374023951
2020-08-31,0.006757005735898103
2020-09-01,0.03569033365482044
2020-09-02,0.04302742974503038
2020-09-03,-0.061118546259759654
2020-09-04,0.030844671407779467
2020-09-08,-0.034192040439442906
2020-09-09,0.027072501083288847
2020-09-10,-0.008193697819749435
2020-09-11,0.0073371751734090385
2020-09-14,0.00695033145615076
2020-09-15,0.013003853776361263
2020-09-16,0.00035415599481680715
2020-09-17,-0.0030513174519402053
2020-09-18,-0.01691651373764258
2020-09-21,-0.013156497316722193
2020-09-22,0.0278577894499501
2020-09-23,-0.02765568315930944
2020-09-24,0.0026452447071019236
2020-09-25,0.012141172153237845
2020-09-28,0.02942792389197213
2020-09-29,-0.008276307389395221
2020-09-30,0.00016458900826177292
2020-10-01,0.011747990315291057
2020-10-02,-0.031931751737314884
2020-10-05,0.02597885528101518
2020-10-06,-0.005790440523912088
2020-10-07,0.007582536027582298
2020-10-08,0.017969116626487036
2020-10-09,0.00902718656547008
2020-10-12,0.015210767156751404
2020-10-13,-0.0024578314058463224
2020-10-14,-0.0031195387965901045
2020-10-15,-0.0009727734362263707
2020-10-16,-0.0033691048375926735
2020-10-19,-0.007605886606030121
2020-10-20,0.003246628437997723
2020-10-21,-0.013103971169567963
2020-10-22,0.0035481206127367937
2020-10-23,-0.0017409687318363787
2020-10-26,-0.025971212428153367
2020-10-27,-0.009475659145286919
2020-10-28,-0.034454971636539655
2020-10-29,0.022464878359090168
2020-10-30,-0.015154743140597726
2020-11-02,0.004633817059805478
2020-11-03,0.007145791147271652
2020-11-04,0.03072704613751487
2020-11-05,0.04453837909823588
2020-11-06,-0.000656271413987497
2020-11-09,-0.013346753974723069
2020-11-10,-0.033045778936785175
2020-11-11,0.035221232645161527
2020-11-12,-0.015215925634909366
2020-11-13,0.00891428442514619
2020-11-16,0.0195716961653718
2020-11-17,-0.0005515293947040423
2020-11-18,5.2731526668292616e-05
2020-11-19,0.00974686955255244
2020-11-20,-0.002601897007763032
2020-11-23,0.009574032317319459
2020-11-24,0.013514406257315148
2020-11-25,-0.0035692655330406
2020-11-27,0.010541510577707136
2020-11-30,0.01678694822462612
2020-12-01,0.00744556445644351
2020-12-02,-0.00207623871026108
2020-12-03,-0.009734286311354423
2020-12-04,0.029714912526116022
2020-12-07,0.022371836558821023
2020-12-08,0.005987298302002619
2020-12-09,-0.016981262523628304
2020-12-10,-0.014847800143714451
2020-12-11,-0.010291754728749436
2020-12-14,0.014735651086124513
2020-12-15,0.015201283079390615
2020-12-16,0.016361471667108773
2020-12-17,0.0028242972801786337
2020-12-18,0.028544236726821826
2020-12-21,-0.013070712187362776
2020-12-22,0.009839571054598428
2020-12-23,-0.017640306362601166
2020-12-24,0.014102419854491233
2020-12-28,0.0009734708864048702
2020-12-29,-0.006575715129564563
2020-12-30,0.013494917297888875
2020-12-31,0.006945517318173833
2021-01-04,-0.02884565559426644
2021-01-05,0.006773001750855379
2021-01-06,-0.00616685819769236
2021-01-07,0.042142908427221126
2021-01-08,0.005074384345449934
2021-01-11,0.00026935216112211613
2021-01-12,0.008143315528904127
2021-01-13,0.004049909902761106
2021-01-14,0.001905825460359889
2021-01-15,-0.013758777687069235
2021-01-19,0.030099881544657592
2021-01-20,0.0056828212434276715
2021-01-21,0.010695577036823112
2021-01-22,-0.0038560661427798903
2021-01-25,-0.0004945385427512772
2021-01-26,-0.001979314733859261
2021-01-27,-0.04132606576389497
2021-01-28,0.01583092674743969
2021-01-29,-0.002745066386180439
2021-02-01,0.03604856957884128
2021-02-02,0.021725313885877284
2021-02-03,-0.02451349246787904
2021-02-04,0.011694108532553038
2021-02-05,-0.009816500583535337
2021-02-08,0.014355935372043493
2021-02-09,0.004082858456765592
2021-02-10,-0.009649648013641876
2021-02-11,0.017742845501409255
2021-02-12,0.016576306624578763
2021-02-16,0.005778188422511654
2021-02-17,-0.013595737152997556
2021-02-18,0.001616887932082367
2021-02-19,0.013863957225834111
2021-02-22,-0.027757237588870498
2021-02-23,-0.009362798923600035
2021-02-24,0.01902944724613298
2021-02-25,-0.04932619748771683
2021-02-26,0.02780210473237621
2021-03-01,0.0419478910732225
2021-03-02,-0.018526405359561515
2021-03-03,-0.03631546737666225
2021-03-04,-0.04204627261554239
2021-03-05,0.01476586840092553
2021-03-08,-0.06417999111510497
2021-03-09,0.05305618378495813
2021-03-10,-0.013548212276216054
2021-03-11,0.03679241448222603
2021-03-12,-0.005554356290494944
2021-03-15,0.04344277685405551
2021-03-16,0.015740086328559277
2021-03-17,0.011313786834352246
2021-03-18,-0.040199490780064795
2021-03-19,0.030203004306808445
2021-03-22,0.0017282195212551255
2021-03-23,-0.023607065969115104
2021-03-24,-0.014631838497531136
2021-03-25,0.009688019745146992
2021-03-26,0.04405460426075947
2021-03-29,-0.019541954087566094
2021-03-30,-0.03482686624199072
2021-03-31,0.0164412628495616
2021-04-01,0.026506689263795735
2021-04-05,0.026326324624629027
2021-04-06,-0.009437468872976695
2021-04-07,-0.0029139944076744806
2021-04-08,0.00625950621883975
2021-04-09,-0.0008032612649145898
2021-04-12,-0.0029273208256165306
2021-04-13,0.0026669572071638115
2021-04-14,-0.01579493298992285
2021-04-15,0.005656655370981145
2021-04-16,-0.0025208795959675845
2021-04-19,-0.03506734081027518
2021-04-20,-0.01026005111695616
2021-04-21,0.005533067758305421
2021-04-22,-0.010178436289035808
2021-04-23,0.024214001128237683
2021-04-26,0.012271093502388641
2021-04-27,-0.011656242272996109
2021-04-28,-0.015331925323836537
2021-04-29,0.015440191954553706
2021-04-30,-0.021639014581999128
2021-05-03,-0.013283748709320808
2021-05-04,-0.012440539144046747
2021-05-05,-0.0015972669260594374
2021-05-06,0.010702477547277933
2021-05-07,0.008916921009941348
2021-05-10,-0.03641335228193776
2021-05-11,0.009103365112165696
2021-05-12,-0.04019828688151805
2021-05-13,0.0194613518332436
2021-05-14,0.0255921786926272
2021-05-17,-0.0038041265465151852
2021-05-18,-0.01409298672557513
2021-05-19,0.018398294549397454
2021-05-20,0.030064140059012257
2021-05-21,-0.008263889419964143
2021-05-24,0.017618160100108193
2021-05-25,0.0007624264974204209
2021-05-26,0.002067045701068526
2021-05-27,0.015613978483268065
2021-05-28,0.009942537910878402
2021-06-01,-0.008510893995794078
2021-06-02,0.011573728843146336
2021-06-03,-0.01885050261428811
2021-06-04,0.021944968731865133
2021-06-07,-0.023621065972599165
2021-06-08,-0.000539110067039883
2021-06-09,0.0008629147616399102
2021-06-10,0.010217008412874762
2021-06-11,0.004331391622583114
2021-06-14,0.010898988656576458
2021-06-15,-0.010697429364120659
2021-06-16,-0.010600076072967757
2021-06-17,0.011637071422836431
2021-06-18,-0.016278653027435253
2021-06-21,0.010241138813622985
2021-06-22,-0.00034424955075207375
2021-06-23,0.004758190900478354
2021-06-24,0.007286086693369498
2021-06-25,-0.016721320353790592
2021-06-28,0.022933612832858552
2021-06-29,0.009200596404522088
2021-06-30,-0.0006496560013934394
2021-07-01,-0.015099229414666016
2021-07-02,-0.0031303398325690512
2021-07-06,0.010914981564320136
2021-07-07,-0.007902245559980203
2021-07-08,0.002044341370989855
2021-07-09,0.02057410696785089
2021-07-12,0.011599572366474797
2021-07-13,-0.0035819528425307112
2021-07-14,-0.004999741740886465
2021-07-15,-0.008825191368098562
2021-07-16,-0.019419876842802553
2021-07-19,-0.005127614940983682
2021-07-20,0.006270463353797551
2021-07-21,0.022258158814150386
2021-07-22,-0.005615580689877442
2021-07-23,0.014317823849363975
2021-07-26,-0.001883352669087457
2021-07-27,-0.014266737398700102
2021-07-28,0.004817348791156251
2021-07-29,0.013524686602617964
2021-07-30,0.0026647176500853575
2021-08-02,-0.0014834153139535733
2021-08-03,0.0043534389979562604
2021-08-04,0.0020745258699621516
2021-08-05,-0.0002664856553969974
2021-08-06,-0.004593048969235958
2021-08-09,-0.0015450218333951105
2021-08-10,-0.004992916060031716
2021-08-11,0.002674767275408385
2021-08-12,0.0014682729005581763
2021-08-13,0.0039234263989258444
2021-08-16,0.004072802194863945
2021-08-17,-0.01935911600326723
2021-08-18,-0.02030543354071901
2021-08-19,0.009723400814916516
2021-08-20,0.003463472779099863
2021-08-23,0.015320725884279351
2021-08-24,-0.0021141397494658376
2021-08-25,0.0041125570674860334
2021-08-26,0.004820080585655084
2021-08-27,0.02099897321187716
2021-08-30,0.005947963996172145
2021-08-31,-0.0033672097109447297
2021-09-01,-0.00814545121116339
2021-09-02,-0.002555086568191922
2021-09-03,0.011750508973364271
2021-09-07,-0.002190195639869108
2021-09-08,-0.004450317741026444
2021-09-09,-0.0018004364531249983
2021-09-10,0.009443167605372338
2021-09-13,0.0016258992192994537
2021-09-14,0.005832264415550625
2021-09-15,0.015681283877040153
2021-09-16,-0.004688697298466216
2021-09-17,-0.002660639022344924
2021-09-20,-0.022095004185628375
2021-09-21,-0.0004683293830913815
2021-09-22,0.01955238827431982
2021-09-23,0.007411251537342567
2021-09-24,0.0012294241972856668
2021-09-27,-0.00013862496304362093
2021-09-28,-0.02739420917194657
2021-09-29,-0.003136334816882247
2021-09-30,-0.009295693753101464
2021-10-01,0.004990397383053846
2021-10-04,-0.023391688491102514
2021-10-05,0.01989693808433035
2021-10-06,0.006921724243916572
2021-10-07,0.01051613398145923
2021-10-08,-0.0021663163433857102
2021-10-11,-0.0010346925742269475
2021-10-12,-0.014339828814141753
2021-10-13,-0.0005563484007196084
2021-10-14,0.025958334422440776
2021-10-15,0.01135421537009118
2021-10-18,0.00021884348235379214
2021-10-19,0.013966165356477322
2021-10-20,-0.0019593519227288914
2021-10-21,0.00934466930436928
2021-10-22,0.002450373885017232
2021-10-25,0.01292177025047625
2021-10-26,0.02260241650769279
2021-10-27,-0.020154708734191895
2021-10-28,0.012349175795375533
2021-10-29,0.003965560640054155
2021-11-01,-0.0068087666511404965
2021-11-02,0.017081717283854436
2021-11-03,0.009868453932734278
2021-11-04,0.011523257759000982
2021-11-05,0.018774404931217736
2021-11-08,5.371296206813092e-05
2021-11-09,-0.0020574579618909405
2021-11-10,-0.01618858930693745
2021-11-11,0.012081618082288914
2021-11-12,0.01407997580312026
2021-11-15,0.00452751839774046
2021-11-16,0.0053024679598767666
2021-11-17,0.0015296108350000281
2021-11-18,0.009075859621214377
2021-11-19,-0.01059462260078392
2021-11-22,-0.027148691762241217
2021-11-23,0.0033256380962674026
2021-11-24,0.006503066416750247
2021-11-26,-0.021727663425868515
2021-11-29,0.03247381241034608
2021-11-30,-0.018889357442810728
2021-12-01,0.0019506241639328792
2021-12-02,-0.0041640086436304236
2021-12-03,0.010263540094616497
2021-12-06,0.012291186632748197
2021-12-07,0.04499271287256068
2021-12-08,-0.003116616604539324
2021-12-09,-0.008733237182968256
2021-12-10,0.08271921894672518
2021-12-13,-0.015862452455984832
2021-12-14,-0.010857943467325382
2021-12-15,0.04057498958751227
2021-12-16,-0.02997528165113228
2021-12-17,0.023006950999171716
2021-12-20,0.015859269719315616
2021-12-21,0.008284868199847306
2021-12-22,0.013864818574469417
2021-12-23,0.014651983912765232
2021-12-27,0.0142598689956277
2021-12-28,-0.007830431306292795
2021-12-29,0.005396257739234134
2021-12-30,-0.01119541656407752
2021-12-31,0.0004961525045212856
2022-01-03,-0.003140823128258363
2022-01-04,0.011457559195523048
2022-01-05,-0.04161450132728439
2022-01-06,-0.009284639389369187
2022-01-07,-0.028067805990266814
2022-01-10,0.0032463930549218034
2022-01-11,0.0014327851361324306
2022-01-12,-8.040876942394526e-05
2022-01-13,-0.0398873421471686
2022-01-14,-0.001373214309516979
2022-01-18,-0.03115516326058254
2022-01-19,-0.023918690315212876
2022-01-20,-0.028813571036988117
2022-01-21,-0.026455112864445463
2022-01-24,0.01565931262743936
2022-01-25,-0.01373758731506125
2022-01-26,0.04302244903352204
2022-01-27,-0.026583222513747673
2022-01-28,0.03280421182706372
2022-01-31,0.04602743539495613
2022-02-01,0.011674656281288165
2022-02-02,0.018069352013913464
2022-02-03,-0.03741953505615203
2022-02-04,0.016028315447329966
2022-02-07,-0.004286912935995146
2022-02-08,0.02142490154097576
2022-02-09,0.018526777657339233
2022-02-10,-0.032682471995149176
2022-02-11,-0.030336823482008723
2022-02-14,0.008998651293550264
2022-02-15,0.04180920465451643
2022-02-16,-0.009224063749326716
2022-02-17,-0.03049174628606921
2022-02-18,0.0017097465973554549
2022-02-22,-0.0043620833380202395
2022-02-23,-0.021248132371788908
2022-02-24,0.026203438737608442
2022-02-25,0.01381052579748765
2022-02-28,-0.0009695440086729956
2022-03-01,-0.029483840873998024
2022-03-02,0.02746809570758746
2022-03-03,-0.01225719823640925
2022-03-04,0.03005520981459897
2022-03-07,-0.0424336010477987
2022-03-08,0.009199211738535773
2022-03-09,0.03658304177862748
2022-03-10,-0.015560655201398155
2022-03-11,-0.016810343082217627
2022-03-14,-0.017392092232552336
2022-03-15,0.04395910450908502
2022-03-16,0.024225663632583494
2022-03-17,-0.007329663106242723
2022-03-18,0.012842899381231732
2022-03-21,-0.008279579144360616
2022-03-22,0.016714012359360986
2022-03-23,-0.019563626787735156
2022-03-24,0.045129969587915486
2022-03-25,0.003895115042458208
2022-03-28,0.006376455462511643
2022-03-29,0.013572916042134064
2022-03-30,-0.016181544987397878
2022-03-31,-0.002234254579088435
2022-04-01,-0.004287962216637187
2022-04-04,0.01255233280560386
2022-04-05,-0.03265337383336331
2022-04-06,-0.019735618266145116
2022-04-07,0.001744274728279649
2022-04-08,-0.026614833243254976
2022-04-11,-0.010885696094516506
2022-04-12,0.007681568755620871
2022-04-13,0.012767622198422979
2022-04-14,-0.03154231867111468
2022-04-18,0.022044227233645186
2022-04-19,0.018959920440869027
2022-04-20,0.00016735840108483835
2022-04-21,-0.008348450345966207
2022-04-22,-0.009751387610987705
2022-04-25,0.001584365904712337
2022-04-26,-0.047305625103212234
2022-04-27,-0.0009460902480297184
2022-04-28,0.03467130489101855
2022-04-29,-0.042405204489492365
2022-05-02,0.039611158426916315
2022-05-03,0.008362830932227894
2022-05-04,0.038697922967279696
2022-05-05,-0.039210769532720846
2022-05-06,0.0001895917768608424
2022-05-09,-0.029615535372644053
2022-05-10,0.032811128092630204
2022-05-11,-0.024561922017681703
2022-05-12,0.007864500416542297
2022-05-13,0.029165252125590957
2022-05-16,-0.009468997289266867
2022-05-17,0.043729824367512604
2022-05-18,-0.06179409772713296
2022-05-19,-0.04269419251977491
2022-05-20,-0.005528830190087097
2022-05-23,-0.030983772537912513
2022-05-24,-0.004103614226657615
2022-05-25,0.014174080659221433
2022-05-26,0.03579563936544394
2022-05-27,0.05923793003861011
2022-05-31,-0.005400488481198562
2022-06-01,-0.011221714752202683
2022-06-02,0.0054392835725878275
2022-06-03,-0.023268734549497183
2022-06-06,-0.0037102897631975384
2022-06-07,0.020954040150236608
2022-06-08,-0.013316121840356021
2022-06-09,-0.01616661190255153
2022-06-10,-0.026878024807294176
2022-06-13,-0.043693394163175414
2022-06-14,0.0049261940945983795
2022-06-15,0.012572990248640004
2022-06-16,-0.05606523781615569
2022-06-17,0.002956859364489084
2022-06-21,0.018643259600628515
2022-06-22,-0.015225082466622353
2022-06-23,0.0009676390097035359
2022-06-24,0.025192168561327666
2022-06-27,-0.006639467038679903
2022-06-28,-0.014356105397255514
2022-06-29,-0.016129759491817053
2022-06-30,-0.009380003387621794
2022-07-01,-0.016405650473686473
2022-07-05,-0.0032227065591895476
2022-07-06,0.013247864589755798
2022-07-07,0.033007921562800746
2022-07-08,0.00030104918031192973
2022-07-11,-0.031743308028388206
2022-07-12,-0.003085565832031678
2022-07-13,0.0007478527155047043
2022-07-14,0.006040527391768302
2022-07-15,0.02026246455590841
2022-07-18,-0.006876217699316012
2022-07-19,0.0365334503081578
2022-07-20,0.0054419725564232024
2022-07-21,0.011548131576777365
2022-07-22,-0.009967638904993303
2022-07-25,0.0011512384390131025
2022-07-26,-0.003936824886997647
2022-07-27,0.03267538816002391
2022-07-28,0.011027053356166272
2022-07-29,0.0035044695375596735
2022-08-01,0.0016620613622064795
2022-08-02,-0.009620237443632607
2022-08-03,0.029235107483254863
2022-08-04,0.011083937867963467
2022-08-05,-0.0024602420756528742
2022-08-08,-0.010717371716852497
2022-08-09,-0.023335149916253184
2022-08-10,0.03305178633381445
2022-08-11,-0.009047745712233213
2022-08-12,0.023467785857269163
2022-08-15,0.0013075818822647634
2022-08-16,-0.013077979384714666
2022-08-17,-0.023674262061074147
2022-08-18,0.03687401045785066
2022-08-19,-0.017942457497163056
2022-08-22,-0.03588420772478684
2022-08-23,0.001948029609560864
2022-08-24,0.0020007031683471066
2022-08-25,0.036338766981196535
2022-08-26,-0.05320570701912153
2022-08-29,-0.012825053726156943
2022-08-30,-0.015150164428067714
2022-08-31,-0.014376496828358287
2022-09-01,-0.014225154389901795
2022-09-02,0.01668659356931612
2022-09-06,-0.004038110088196434
2022-09-07,0.013909961473815624
2022-09-08,0.013462018285663513
2022-09-09,0.02045196941600702
2022-09-12,0.012748712357767422
2022-09-13,-0.04802844495623937
2022-09-14,0.014097083672787614
2022-09-15,-0.020773525471916576
2022-09-16,0.004718779004415641
2022-09-19,-0.0013134374269496707
2022-09-20,-0.017495606585940737
2022-09-21,-0.013947902612919894
2022-09-22,-0.009395628986017202
2022-09-23,-0.018697306161117977
2022-09-26,-0.013698033782462149
2022-09-27,0.005386630199659459
2022-09-28,0.00260341488612692
2022-09-29,-0.03397278450527341
2022-09-30,-0.01359588383263366
2022-10-03,0.02876042658903999
2022-10-04,0.05052760479279961
2022-10-05,0.010294673404311894
2022-10-06,-0.010932361295945103
2022-10-07,-0.03966630237317992
2022-10-10,-0.04947011877278573
2022-10-11,-0.015855567348246336
2022-10-12,-0.00044118483206356807
2022-10-13,0.017186618183497426
2022-10-14,-0.024819216745779693
2022-10-17,0.01936309006043868
2022-10-18,-0.0012399336529153038
2022-10-19,0.0010805157049513792
2022-10-20,-0.011486171462501416
2022-10-21,0.04515450850600966
2022-10-24,0.015097998075103147
2022-10-25,0.007776222921492826
2022-10-26,0.00241259841641539
2022-10-27,-0.012533048841098071
2022-10-28,0.03842774464714038
2022-10-31,-0.005878624277145028
2022-11-01,-0.004722131697857956
2022-11-02,-0.025368673691388843
2022-11-03,-0.026116631815483626
2022-11-04,0.0476897024302505
2022-11-07,0.021319599029025804
2022-11-08,0.01449845405326533
2022-11-09,-0.026218007916636754
2022-11-10,0.07902541643858374
2022-11-11,0.022740974974276407
2022-11-14,-0.009399859694579238
2022-11-15,0.021823109290659337
2022-11-16,-0.024198216008834983
2022-11-17,0.0007425191334389236
2022-11-18,0.005955784048818469
2022-11-21,0.00442591907851253
2022-11-22,0.024369932001120587
2022-11-23,0.006772882394695534
2022-11-25,-0.00698955214104191
2022-11-28,-0.014530919582269708
2022-11-29,-0.0015703772413357964
2022-11-30,0.05684807047905416
2022-12-01,-0.0005080600334327334
2022-12-02,-0.018066260861173022
2022-12-05,-0.01878698289544678
2022-12-06,-0.009083345319262914
2022-12-07,-0.013921172942925608
2022-12-08,0.024262440577384137
2022-12-09,0.025683307416368262
2022-12-12,0.021864534038688488
2022-12-13,0.02588795566216895
2022-12-14,0.005954051895207257
2022-12-15,-0.028619205086357624
2022-12-16,-0.003745540591224894
2022-12-19,-0.003047126407938583
2022-12-20,-0.01020686552547434
2022-12-21,0.03163480046542255
2022-12-22,-0.014504005826450617
2022-12-23,-0.001193279083051113
2022-12-27,0.0020093087947521404
2022-12-28,-0.015626558657443668
2022-12-29,0.02371110967628498
2022-12-30,0.0023664350356391584
2023-01-03,-0.010104970828006765
2023-01-04,0.012213620384213364
2023-01-05,-0.009317606701075731
2023-01-06,0.06019623576913924
2023-01-09,-0.019611537681752833
2023-01-10,-0.0033974863300841873
2023-01-11,0.0055832029023306085
2023-01-12,0.006572828513185636
2023-01-13,-0.005051971005782474
2023-01-17,0.0004145642931339122
2023-01-18,-0.008545833025352834
2023-01-19,-0.019276061925731613
2023-01-20,0.013422887006270923
2023-01-23,0.019009168044884506
2023-01-24,0.005845594984732916
2023-01-25,0.0011110754743084428
2023-01-26,0.022025663551809016
2023-01-27,-0.01268016189707255
2023-01-30,-0.016142289136908627
2023-01-31,0.006122730691533684
2023-02-01,0.030324133061789826
2023-02-02,0.005010514363562368
2023-02-03,-0.013454051906518938
2023-02-06,0.006157690191332721
2023-02-07,0.021869420277791818
2023-02-08,-0.02073395991182958
2023-02-09,-0.003822553142824092
2023-02-10,-0.01027675968966646
2023-02-13,0.013265903400389023
2023-02-14,0.0019796160520977324
2023-02-15,0.008932253399236867
2023-02-16,-0.011765701770746095
2023-02-17,-0.008242662806789647
2023-02-21,-0.02359022902670993
2023-02-22,-0.009233979595694164
2023-02-23,0.013242695914906344
2023-02-24,-0.010363059118723927
2023-02-27,0.013327304856740163
2023-02-28,0.015099611697885651
2023-03-01,-0.0012115612590979374
2023-03-02,0.008558525192292166
2023-03-03,0.056978084110992144
2023-03-06,0.00025287404704954497
2023-03-07,-0.012276459326777678
2023-03-08,0.01137331225685334
2023-03-09,-0.015405071213456245
2023-03-10,-0.012352940838392001
2023-03-13,0.002667207380012915
2023-03-14,0.025938142441852996
2023-03-15,-0.010150935898614821
2023-03-16,0.016708245562778057
2023-03-17,-0.008688038431352685
2023-03-20,0.020191168227246203
2023-03-21,-0.0036927674313660397
2023-03-22,-0.009155832128944774
2023-03-23,0.013171130863011138
2023-03-24,-0.004786885245901651
2023-03-27,-0.014665863091726017
2023-03-28,-0.0034139528850700707
2023-03-29,0.0012805664314055054
2023-03-30,0.01318947257695613
2023-03-31,0.0122919702919555
2023-04-03,0.0014496098167413596
2023-04-04,-0.012545345315532308
2023-04-05,-0.008511835996193207
2023-04-06,-0.010127148447071632
2023-04-10,0.007628884290806992
2023-04-11,-0.009276573707164393
2023-04-12,-0.007834992838486654
2023-04-13,0.012226424832198157
2023-04-14,-0.007529219669852427
2023-04-17,0.01262232238805816
2023-04-18,0.007906125564368205
2023-04-19,0.0034476602687942837
2023-04-20,-0.0023325943073079225
2023-04-21,-0.0001895478690985275
2023-04-24,0.0025912488989017213
2023-04-25,-0.01973088217987351
2023-04-26,-0.009372650817105588
2023-04-27,0.0036027966351777074
2023-04-28,0.013081944627673536
2023-05-01,0.01827615806110705
2023-05-02,-0.04014416318878
2023-05-03,0.0014043890962220917
2023-05-04,-0.00495764452217351
2023-05-05,0.03271275572102561
2023-05-08,-0.0016823376036529947
2023-05-09,-0.016770849587895653
2023-05-10,0.012546151881664303
2023-05-11,0.002235436528066348
2023-05-12,0.0055444962297714895
2023-05-15,0.013705014805710958
2023-05-16,0.0025633649667984315
2023-05-17,0.02499050087391952
2023-05-18,0.031073691884582866
2023-05-19,0.006416794593054442
2023-05-22,-0.00568697885366265
2023-05-23,0.011984767689814824
2023-05-24,-0.01015308684449856
2023-05-25,0.07250609007384767
2023-05-26,0.11516176361955721
2023-05-30,-0.011553624037505594
2023-05-31,0.005750788173602972
2023-06-01,-0.02229039426231938
2023-06-02,0.02791306825205253
2023-06-05,-0.011945679327756809
2023-06-06,-0.015331107267079425
2023-06-07,0.003329336078286005
2023-06-08,0.01459672423717917
2023-06-09,0.0005224986566985113
2023-06-12,0.06306060419061921
2023-06-13,-0.0049568647283788625
2023-06-14,0.04119256881558453
2023-06-15,-0.0031030350149909847
2023-06-16,-0.017341461930463486
2023-06-20,-9.229623764162032e-05
2023-06-21,-0.01826433772519065
2023-06-22,-0.006170066820467501
2023-06-23,-0.02407319705944888
2023-06-26,-0.0006324458271277367
2023-06-27,0.03258182464563686
2023-06-28,-0.000542445554838733
2023-06-29,0.01725377839059683
2023-06-30,0.005634200533953138
2023-07-03,0.010387046403476097
2023-07-05,-0.016635560773318292
2023-07-06,-0.016081357207074043
2023-07-07,-0.0014740257022525238
2023-07-10,0.036586877838586274
2023-07-11,0.0049217676281931855
2023-07-12,0.008956481068193689
2023-07-13,0.00046065225924740716
2023-07-14,-0.0019991798327034793
2023-07-17,0.024499753942943903
2023-07-18,-0.007601521235784947
2023-07-19,-0.0022801066819450044
2023-07-20,-0.014455935204795267
2023-07-21,0.009467161264985924
2023-07-24,0.005397298146171625
2023-07-25,0.018190291398776592
2023-07-26,-0.02712472028776247
2023-07-27,0.0004927062506259183
2023-07-28,0.007006006667591658
2023-07-31,-0.001267011808630314
2023-08-01,0.023757840619527126
2023-08-02,-0.030108574744493466
2023-08-03,-0.008203639996205547
2023-08-04,-0.0037628764950469185
2023-08-07,0.017478812096980878
2023-08-08,-0.015495061087687279
2023-08-09,-0.03672065932064994
2023-08-10,-0.009203796559158262
2023-08-11,-0.015589036103769383
2023-08-14,0.02933385569554603
2023-08-15,-0.01355825061260263
2023-08-16,-0.011311119486473453
2023-08-17,-0.007070922354180165
2023-08-18,-0.001523424539125351
2023-08-21,0.04758782968279984
2023-08-22,-0.01080735355661544
2023-08-23,0.024293125003784777
2023-08-24,-0.02523439010202211
2023-08-25,-0.003089612832116617
2023-08-28,0.010870802635429833
2023-08-29,0.033504509971726826
2023-08-30,0.002640450042942888
2023-08-31,0.034305589777887224
2023-09-01,-0.05457851257951396
2023-09-05,-0.00040118971017688576
2023-09-06,0.00011451730057521203
2023-09-07,-0.017471430665013665
2023-09-08,0.0006066143224747744
2023-09-11,0.001854175039068151
2023-09-12,-0.017016968986749537
2023-09-13,0.009958293341634228
2023-09-14,0.021936095150436374
2023-09-15,-0.022899370150211595
2023-09-18,-0.0019726102567988457
2023-09-19,-0.0009410496634409959
2023-09-20,-0.016611620996436538
2023-09-21,-0.026740558921441338
2023-09-22,0.025632140011637716
2023-09-25,0.005801684534439522
2023-09-26,-0.02122587018940858
2023-09-27,0.0007595319683255664
2023-09-28,0.018596896045945055
2023-09-29,-0.0017068379962562608
2023-10-02,0.005261468408341408
2023-10-03,-0.024097236356126484
2023-10-04,0.011020668581668502
2023-10-05,6.067071858595341e-05
2023-10-06,0.025975350603343106
2023-10-09,0.012564062527429032
2023-10-10,0.0029560935657402254
2023-10-11,0.018813946004987647
2023-10-12,0.03549196184663206
2023-10-13,-0.0247570466224194
2023-10-16,0.021954788447539952
2023-10-17,-0.02013142568295201
2023-10-18,0.0029738824981744294
2023-10-19,-0.021645377622715012
2023-10-20,-0.01636260132136902
2023-10-23,0.010062772480816662
2023-10-24,0.021908726155460245
2023-10-25,-0.035727659820377844
2023-10-26,-0.026929324104977836
2023-10-27,0.014042743359329313
2023-10-30,0.0034473041824192308
2023-10-31,0.00014268391696958815
2023-11-01,0.013751300749174078
2023-11-02,0.021525579691899166
2023-11-03,0.013060948133464478
2023-11-06,-0.0020958957461517658
2023-11-07,0.01928844511736405
2023-11-08,0.014824951295745903
2023-11-09,0.0002743668113700526
2023-11-10,0.05062662895421988
2023-11-13,-0.011059891296546387
2023-11-14,0.02748877633795721
2023-11-15,0.002507909204777281
2023-11-16,-0.016249620691394573
2023-11-17,0.01894615188971982
2023-11-20,0.018389551029484474
2023-11-21,-0.014572590597804913
2023-11-22,-0.009376082449545131
2023-11-24,0.0070678066900877745
2023-11-27,-0.02924807220401171
2023-11-28,-0.004093638718836501
2023-11-29,-0.005832883377239639
2023-11-30,-0.016049665452467
2023-12-01,0.004612523867845386
2023-12-04,-0.006483777540225555
2023-12-05,-0.011743025563257015
2023-12-06,-0.010381922596694237
2023-12-07,0.02060573397837384
2023-12-08,0.023897694223118604
2023-12-11,0.08995038621442863
2023-12-12,0.0418170451823372
2023-12-13,0.016236500718116664
2023-12-14,0.01541729253445756
2023-12-15,0.02101237153203095
2023-12-18,0.015277758863861735
2023-12-19,-0.0019005065452851744
2023-12-20,-0.025623457285324225
2023-12-21,0.01522899962782498
2023-12-22,-0.004710391859833796
2023-12-26,0.00883257558136763
2023-12-27,-0.0050535352906828646
2023-12-28,-0.0033387817712510204
2023-12-29,-0.0054881605956025314
2024-01-02,-0.027655120479934903
2024-01-03,-0.024691717023551774
2024-01-04,-0.009040435729233076
2024-01-05,0.0002573706340180948
2024-01-08,0.024369091139030186
2024-01-09,0.007107988424593925
2024-01-10,-0.0017737373548770696
2024-01-11,0.01796277388940659
2024-01-12,0.007000229896901189
2024-01-16,0.00657223908164517
2024-01-17,-0.010126044795475297
2024-01-18,0.036460275825937805
2024-01-19,0.058824496816973104
2024-01-22,0.007678369184292988
2024-01-23,0.004760271475026778
2024-01-24,0.02247400489334561
2024-01-25,-0.019037141888017417
2024-01-26,-0.020422744800569825
2024-01-29,0.010698278229818392
2024-01-30,-0.007891522510191207
2024-01-31,-0.023308170677101114
2024-02-01,0.016957575098778488
2024-02-02,0.02027483165471211
2024-02-05,0.015322532051866178
2024-02-06,-0.016450695565483175
2024-02-07,0.028143709490950908
2024-02-08,0.014080496945910959
2024-02-09,0.006809125913060932
2024-02-12,-0.014367650916604191
2024-02-13,-0.010553329248755072
2024-02-14,0.00844482841289218
2024-02-15,0.002258014788478757
2024-02-16,-0.015485428695943049
2024-02-20,-0.01519889847947975
2024-02-21,0.0007337440702963605
2024-02-22,0.06309840972115865
2024-02-23,-0.006536992398480268
2024-02-26,0.009842754236970563
2024-02-27,-0.009853764762832729
2024-02-28,-0.005253706237206335
2024-02-29,0.008585180362943312
2024-03-01,0.07587929599652621
2024-03-04,0.002208404292887156
2024-03-05,-0.042438784574834965
2024-03-06,0.005399490133066287
2024-03-07,0.042229629541761016
2024-03-08,-0.0698574745656837
2024-03-11,-0.01192011400066173
2024-03-12,-0.0009587410121787432
2024-03-13,-0.026326052373256692
2024-03-14,0.003497957557414555
2024-03-15,-0.021207674520250075
2024-03-18,0.001408220114474723
2024-03-19,0.0006223495558699277
2024-03-20,0.03507573248718798
2024-03-21,0.05642643745359521
2024-03-22,0.004057740250644759
2024-03-25,-0.0013962994575628107
2024-03-26,-0.014864171867108866
2024-03-27,-0.00958302036412173
2024-03-28,0.005065272349078942
2024-04-01,0.018749004222330834
2024-04-02,-0.008516955657872916
2024-04-03,0.018263337364998078
2024-04-04,-0.033531361591058295
2024-04-05,0.016645133315824623
2024-04-08,-0.002485983689228477
2024-04-09,-0.0015117845500184357
2024-04-10,-0.008777611068901958
2024-04-11,0.04544112969212821
2024-04-12,-0.02776940056658439
2024-04-15,-0.024834830317364887
2024-04-16,0.014015357775213344
2024-04-17,-0.03493449120385339
2024-04-18,-0.018430872745364923
2024-04-19,-0.043113943580924796
2024-04-22,0.016393974568585046
2024-04-23,0.0201966408893568
2024-04-24,0.006107952899458979
2024-04-25,0.0299167595505776
2024-04-26,0.03835700521087482
2024-04-29,-0.004054976468834681
2024-04-30,-0.028648903587751517
2024-05-01,-0.04415222148216602
2024-05-02,-0.0034516958152890354
2024-05-03,0.03192384017055505
2024-05-06,0.02519348623593176
2024-05-07,-0.005494933960835224
2024-05-08,0.017082235024456827
2024-05-09,-0.014863875134477844
2024-05-10,0.020778567551243077
2024-05-13,0.003534141080588693
2024-05-14,0.031790400756727344
2024-05-15,0.040680156155187275
2024-05-16,-0.016738938319254548
2024-05-17,-0.01192517202054888
2024-05-20,0.013430870230427105
2024-05-21,-0.010487797374235108
2024-05-22,-0.004974232598816353
2024-05-23,0.0007541572054150514
2024-05-24,0.010442795136940575
2024-05-28,0.0032745068692945356
2024-05-29,-0.01541997685063401
2024-05-30,-0.0191200218910218
2024-05-31,-0.02604719661229815
2024-06-03,-0.005005226984922895
2024-06-04,0.006747924717722009
2024-06-05,0.06181900756320258
2024-06-06,-0.008364725659699035
2024-06-07,0.0038322214852990477
2024-06-10,0.024050188903978365
2024-06-11,0.014273217825341744
2024-06-12,0.02359970465665917
2024-06-13,0.12268720911863573
2024-06-14,0.033383101238837254
2024-06-17,0.054079539946647825
2024-06-18,-0.014407878697583754
2024-06-20,-0.03770266182412352
2024-06-21,-0.04377483331993037
2024-06-24,-0.03699697335081409
2024-06-25,-0.0071724397024715
2024-06-26,0.007091385720695564
2024-06-27,-0.0033540879643497723
2024-06-28,0.01189271259983049
2024-07-01,0.021967923882107776
2024-07-02,0.010165648308504638
2024-07-03,0.04328260986154264
2024-07-05,-0.01498368306356801
2024-07-08,0.02498090292579591
2024-07-09,-0.007188617158026878
2024-07-10,0.0065655972533489315
2024-07-11,-0.02220436607553855
2024-07-12,-0.003095129969405086
2024-07-15,0.007955679557194895
2024-07-16,-0.011900593800801329
2024-07-17,-0.07911212428510639
2024-07-18,0.029106307413722776
2024-07-19,-0.0197481988554703
2024-07-22,0.023577918017209987
2024-07-23,0.01682608788138773
2024-07-24,-0.07589916071548386
2024-07-25,-0.013743896626530527
2024-07-26,0.01587831197527878
2024-07-29,-0.009298895407578778
2024-07-30,-0.044601289371596464
2024-07-31,0.11956521388489683
2024-08-01,-0.08501373122527589
2024-08-02,-0.021765518967230113
2024-08-05,-0.012098588868169391
2024-08-06,0.012950395467866693
2024-08-07,-0.05315449923994686
2024-08-08,0.06949428893416654
2024-08-09,0.017291084592255368
2024-08-12,0.002428154391355797
2024-08-13,0.050733462565517806
2024-08-14,0.009797716840735715
2024-08-15,0.05352259807688986
2024-08-16,-0.0024678543072306214
2024-08-19,0.012008193885577834
2024-08-20,-0.0104943334979265
2024-08-21,-0.0010243506230822597
2024-08-22,-0.020750522777633007
2024-08-23,0.024762924752885995
2024-08-26,-0.04051449940123686
2024-08-27,0.01108886737350323
2024-08-28,-0.01988978815373743
2024-08-29,-0.007902395363288073
2024-08-30,0.037532698442669155
2024-09-03,-0.06160172309171519
2024-09-04,0.008704682094767824
2024-09-05,-0.008435003748523351
2024-09-06,-0.1035204529989916
2024-09-09,0.027883362724893335
2024-09-10,0.05247823156097908
2024-09-11,0.06787661685988833
2024-09-12,0.039742152242272955
2024-09-13,0.019020386689218016
2024-09-16,-0.021885529787175506
2024-09-17,-0.009450047256822636
2024-09-18,-0.0049239816753182675
2024-09-19,0.038972219933884
2024-09-20,0.021980713678602548
2024-09-23,0.010753886854175887
2024-09-24,0.010986533244934149
2024-09-25,0.00388924720407835
2024-09-26,0.014642167500359848
2024-09-27,-0.03032169201082313
2024-09-30,-0.0011002348509721038
2024-10-01,-0.02915944600227105
2024-10-02,0.01904818239316164
2024-10-03,0.007207300912992709
2024-10-04,0.027633888561511943
2024-10-07,-0.008831465360907398
2024-10-08,0.03227102207867483
2024-10-09,0.02888288573524722
2024-10-10,-0.0013983265082470053
2024-10-11,-0.022672200872245418
2024-10-14,0.004573518683500533
2024-10-15,-0.034721031621748555
2024-10-16,0.004773272401685347
2024-10-17,0.02663723290128006
2024-10-18,-0.009034276307159805
2024-10-21,0.0005558039571702533
2024-10-22,-0.0033890335502869684
2024-10-23,-0.03272385514356291
2024-10-24,-0.012448845310488399
2024-10-25,0.009629448294230958
2024-10-28,-0.005664787651152414
2024-10-29,0.04197194776134361
2024-10-30,-0.014505796774841873
2024-10-31,-0.03889254873411685
2024-11-01,-0.005006857473903614
2024-11-04,-0.002190299540058005
2024-11-05,0.031741219524437536
2024-11-06,0.03248999854582202
2024-11-07,0.023725940267121493
2024-11-08,-0.0009248835861783711
2024-11-11,-0.025756875201029317
2024-11-12,-0.015035516969218676
2024-11-13,-0.014981257715812935
2024-11-14,-0.018435289373003982
2024-11-15,-0.032515630587551914
2024-11-18,0.005035198988760925
2024-11-19,-0.0019315121429097637
2024-11-20,-0.012700293920237304
2024-11-21,0.00422670588777363
2024-11-22,0.0017688368884121175
2024-11-25,0.003592682122936175
2024-11-26,-0.0004854848703147452
2024-11-27,-0.030775755311064357
2024-11-29,0.01509365617704006
2024-12-02,0.02733205712365394
2024-12-03,0.00984930429553943
2024-12-04,0.014332557749156205
2024-12-05,-0.0005278573967945066
2024-12-06,0.053147300906511985
2024-12-09,-0.003286418805954816
2024-12-10,-0.039845663332190084
2024-12-11,0.06629410398062219
2024-12-12,-0.013864618811354146
2024-12-13,0.24432633289084071
2024-12-16,0.11209964144952922
2024-12-17,-0.03907998126338508
2024-12-18,-0.0691420498075398
2024-12-19,-0.023700948871649974
2024-12-20,0.011313571332498773
2024-12-23,0.05517724830089188
2024-12-24,0.031547097447566674
2024-12-26,0.023698328422677495
2024-12-27,-0.014713052429579099
2024-12-30,-0.025522258198003245
2024-12-31,-0.015875750915750886
