Date,BAX
2015-01-05,-0.02482619109631834
2015-01-06,-0.0053157049834061665
2015-01-07,0.004781320621111584
2015-01-08,0.0258923032981615
2015-01-09,-0.012551087639930292
2015-01-12,0.004697772367161512
2015-01-13,-0.01031385939742413
2015-01-14,-0.0033348904293469817
2015-01-15,-0.0034850936048059777
2015-01-16,0.007414911997303042
2015-01-20,-0.0027773953044671895
2015-01-21,-0.0062665732347342296
2015-01-22,0.012612064376484655
2015-01-23,-0.011486725034543732
2015-01-26,-0.007699244061866617
2015-01-27,-0.003104277615935569
2015-01-28,-0.007076090860336448
2015-01-29,0.017388815478774466
2015-01-30,-0.014990209786275188
2015-02-02,0.0032711787941741566
2015-02-03,-0.0012760695444854475
2015-02-04,-0.005393703924919002
2015-02-05,0.018410506396694837
2015-02-06,-0.005465036383548005
2015-02-09,-0.017613417919019048
2015-02-10,0.007314726078956779
2015-02-11,-0.007688843483518504
2015-02-12,0.005596477891643081
2015-02-13,0.004423264406741456
2015-02-17,-0.00852389063183312
2015-02-18,-0.019916758787573152
2015-02-19,-0.014327539604561124
2015-02-20,0.007119533375007814
2015-02-23,0.010898504976797563
2015-02-24,0.006118851709636219
2015-02-25,-0.002896035909246031
2015-02-26,-0.002759425419327055
2015-02-27,0.006989815566029067
2015-03-02,0.01171408936554097
2015-03-03,-0.0077186931156308924
2015-03-04,-0.002448858717936986
2015-03-05,-0.0005777871296648307
2015-03-06,-0.02138413594189048
2015-03-09,0.007290288843089687
2015-03-10,0.0
2015-03-11,-0.010191931225788764
2015-03-12,-0.00014924445690656096
2015-03-13,0.00537304476998246
2015-03-16,0.01588513565191918
2015-03-17,0.0005843470579867116
2015-03-18,0.0011683147509908842
2015-03-19,-0.008315156935551404
2015-03-20,0.002942115135102119
2015-03-23,0.009680310045630192
2015-03-24,-0.004939057220214149
2015-03-25,-0.0052552658111302275
2015-03-26,-0.0017614160149520552
2015-03-27,0.007791956685148316
2015-03-30,0.00306336093626447
2015-03-31,-0.003781175437375217
2015-04-01,-0.014014365391184058
2015-04-02,0.006810879015588744
2015-04-06,0.009264289174126805
2015-04-07,0.0103453855588036
2015-04-08,0.0023076715830816497
2015-04-09,0.009352913256445383
2015-04-10,0.005986623482808762
2015-04-13,-0.009918916782047149
2015-04-14,0.001574191950646897
2015-04-15,0.003143672824528876
2015-04-16,-0.0007117804754522838
2015-04-17,-0.003421654769958815
2015-04-20,0.006436872908755609
2015-04-21,-0.0044060006195330015
2015-04-22,0.0047110345785623675
2015-04-23,0.016055618959353035
2015-04-24,-0.005174377629132976
2015-04-27,-0.010823680726044893
2015-04-28,-0.0019894217650835433
2015-04-29,-0.006834572604536127
2015-04-30,-0.0144801191716456
2015-05-01,0.010037910917768178
2015-05-04,0.007345448087760165
2015-05-05,-0.004146474742628969
2015-05-06,-0.010624521598505021
2015-05-07,0.006094351844354806
2015-05-08,0.003750208980334069
2015-05-11,-0.004597928802318685
2015-05-12,-0.009094678787950672
2015-05-13,-0.007867332287403994
2015-05-14,0.01380357869384663
2015-05-15,0.00463455426584769
2015-05-18,-0.016003478225894097
2015-05-19,0.0033697704962387665
2015-05-20,-0.007739070871372489
2015-05-21,-0.0060338231344452264
2015-05-22,-0.002517553045146337
2015-05-26,-0.0022260887869581802
2015-05-27,-0.002677760451544553
2015-05-28,0.0094708305046447
2015-05-29,-0.008041666914599288
2015-06-01,-0.003903371473026662
2015-06-02,0.0003011685226930183
2015-06-03,-0.007081132504540677
2015-06-04,-0.004248588262797504
2015-06-05,-0.009143850198596315
2015-06-08,-0.0073823573405343845
2015-06-09,-0.007127264260607835
2015-06-10,0.03027462887130361
2015-06-11,0.03392886022419961
2015-06-12,0.0
2015-06-15,-0.004688268948010443
2015-06-16,-0.0013245421792653644
2015-06-17,0.004421482084097317
2015-06-18,0.01614121855670758
2015-06-19,0.002310354623968891
2015-06-22,0.008932759616078423
2015-06-23,0.009138720153311963
2015-06-24,0.013725931589857243
2015-06-25,0.00977041856596883
2015-06-26,-0.0058054603625520285
2015-06-29,-0.01765840680168207
2015-06-30,-0.010191042694538077
2015-07-01,0.02304063911964116
2015-07-02,-0.01441048100307829
2015-07-06,-0.006788834451193715
2015-07-07,-0.024447594844026366
2015-07-08,-0.01643784672094417
2015-07-09,0.014247071432932579
2015-07-10,0.015936921753273436
2015-07-13,-0.00026593143466613345
2015-07-14,0.003457552182544843
2015-07-15,-0.0007950196637789286
2015-07-16,0.0018564822865594355
2015-07-17,-0.010855225158246107
2015-07-20,0.008030371723010798
2015-07-21,0.005045037208887271
2015-07-22,-0.003698959595197615
2015-07-23,0.006895051578493572
2015-07-24,-0.00869111622321661
2015-07-27,0.001593959811335699
2015-07-28,0.01034454720646294
2015-07-29,0.010764146174146783
2015-07-30,0.039220862124597744
2015-07-31,0.00174963283211782
2015-08-03,-0.01422160034371045
2015-08-04,0.02024804162463667
2015-08-05,0.04515012147287911
2015-08-06,-0.004747052251671158
2015-08-07,-0.0011926636934921353
2015-08-10,0.003820974230355656
2015-08-11,-0.006660693583718791
2015-08-12,-0.022509712494724998
2015-08-13,0.0
2015-08-14,0.0019597142562086667
2015-08-17,-0.00342333932264538
2015-08-18,-0.004170469963415857
2015-08-19,-0.011086353984525399
2015-08-20,-0.01320399835759678
2015-08-21,-0.03357726610167533
2015-08-24,-0.028996946742291585
2015-08-25,-0.00538014360052097
2015-08-26,0.018934177095677462
2015-08-27,0.024421843483946493
2015-08-28,0.004146734494420601
2015-08-31,-0.007741965137309292
2015-09-01,-0.03172961029928312
2015-09-02,0.007678820391640917
2015-09-03,-0.009358325288657099
2015-09-04,-0.02456153638260805
2015-09-08,0.010237991091049725
2015-09-09,-0.005477772678329607
2015-09-10,-0.006610097907467805
2015-09-11,-0.0013859785010071901
2015-09-14,-0.0013882117371856184
2015-09-15,0.0077844081892650685
2015-09-16,-0.0011033629772524423
2015-09-17,0.0038658820569625885
2015-09-18,-0.0027506665725743895
2015-09-21,-0.008276053036001874
2015-09-22,-0.013073310347279543
2015-09-23,0.00789184982047697
2015-09-24,-0.013143575939406515
2015-09-25,-0.023802582997141886
2015-09-28,-0.053991483831316356
2015-09-29,0.0030682232736796156
2015-09-30,0.004894905152683204
2015-10-01,-0.0036533642281163514
2015-10-02,0.025053889169559973
2015-10-05,-0.007451868721532029
2015-10-06,-0.030930604917009275
2015-10-07,0.019832577069604396
2015-10-08,0.010330982944680489
2015-10-09,-0.001202780516740165
2015-10-12,0.007828865023123743
2015-10-13,-0.011054704442355012
2015-10-14,-0.0015102719857587044
2015-10-15,0.019666877195757992
2015-10-16,0.006528446617975137
2015-10-19,0.002947851754759867
2015-10-20,0.007054784272281678
2015-10-21,0.03911234324429369
2015-10-22,-0.01910077933209775
2015-10-23,0.013745917831232468
2015-10-26,0.014406212612633418
2015-10-27,0.020328725204046272
2015-10-28,0.016648723638237328
2015-10-29,0.009127498564780678
2015-10-30,-0.005320567421170264
2015-11-02,0.010162925135572154
2015-11-03,0.011914375620029727
2015-11-04,-0.01700684401130914
2015-11-05,-0.0005325656471765194
2015-11-06,0.011185560861740385
2015-11-09,-0.008164456059519987
2015-11-10,0.008497131847813977
2015-11-11,-0.002633024964638131
2015-11-12,-0.011087876013457065
2015-11-13,0.0029365812539694502
2015-11-16,0.009582381849687849
2015-11-17,-0.00421867529502673
2015-11-18,0.00794264147841206
2015-11-19,-0.004202694955875441
2015-11-20,0.010551668755857557
2015-11-23,-0.0062651290447032215
2015-11-24,-0.0007879467121153505
2015-11-25,-0.004205774513630356
2015-11-27,-0.005279952175165525
2015-11-30,-0.0007961019891420396
2015-12-01,0.007702297430039806
2015-12-02,-0.012293588532004462
2015-12-03,-0.013115599348229035
2015-12-04,0.01817234093795883
2015-12-07,0.005061160327697101
2015-12-08,-0.014047087877921638
2015-12-09,-0.01155942269840815
2015-12-10,0.013870122527731565
2015-12-11,-0.01180257741146451
2015-12-14,-0.008414373105299133
2015-12-15,0.019983200365651932
2015-12-16,0.01529788204612137
2015-12-17,-0.007665693420702113
2015-12-18,-0.02370806116376356
2015-12-21,0.0008185428783886728
2015-12-22,0.025626963025028093
2015-12-23,0.013822683710036365
2015-12-24,0.0002617996422265012
2015-12-28,-0.00026173112111271823
2015-12-29,0.011011794394572227
2015-12-30,-0.013226195311042854
2015-12-31,0.002628047011451251
2016-01-04,-0.025688122595090346
2016-01-05,0.0040354593932272476
2016-01-06,0.002411901478865719
2016-01-07,-0.01657363911237586
2016-01-08,-0.01603649782844574
2016-01-11,-0.01685043958616672
2016-01-12,-0.0030910048746374263
2016-01-13,-0.01832053863046712
2016-01-14,0.01378148876114671
2016-01-15,-0.00594749584376264
2016-01-19,0.007407541630951586
2016-01-20,-0.016968539081908873
2016-01-21,0.014096946512482944
2016-01-22,0.023261993608842513
2016-01-25,-0.0005541413620286928
2016-01-26,0.013592318653728785
2016-01-27,-0.0010950006149944569
2016-01-28,-0.02191743898406684
2016-01-29,0.025209867842265865
2016-02-01,0.01857921053560574
2016-02-02,0.017972421043539244
2016-02-03,0.008168258435558684
2016-02-04,0.0007843308664943205
2016-02-05,-0.020893638552470284
2016-02-08,-0.039743930291106566
2016-02-09,0.005278285863600685
2016-02-10,0.019895160620330143
2016-02-11,-0.02790632015584593
2016-02-12,0.020346034057982187
2016-02-16,0.021851942697951765
2016-02-17,0.02138428995492636
2016-02-18,-0.0036639532049492773
2016-02-19,-0.011032047719515048
2016-02-22,0.020186086665608283
2016-02-23,-0.0018228420332875306
2016-02-24,0.016431825487577267
2016-02-25,0.022325145468392593
2016-02-26,-0.010291176792041612
2016-02-29,0.002029035465933582
2016-03-01,0.011895263058121275
2016-03-02,-0.003887660776510926
2016-03-03,-0.009569570361068536
2016-03-04,0.0033058117765472073
2016-03-07,0.00912309536530942
2016-03-08,-0.0060270779697804144
2016-03-09,0.00025244557349624053
2016-03-10,0.005304387870928906
2016-03-11,0.017085341799879528
2016-03-14,-0.0009878796576986426
2016-03-15,-0.007913484210811395
2016-03-16,-0.002242868005836063
2016-03-17,-0.007744375987892127
2016-03-18,0.010322052919181424
2016-03-21,-0.0019934337587200757
2016-03-22,0.013732757370161996
2016-03-23,0.0022167882109773718
2016-03-24,-0.014253982025028922
2016-03-28,0.009224696490568451
2016-03-29,0.019763290142128964
2016-03-30,-0.00048495802867676296
2016-03-31,-0.0043622255175144176
2016-04-01,0.014848766976820693
2016-04-04,0.009354854391808498
2016-04-05,-0.018298329740703556
2016-04-06,0.022028313052850912
2016-04-07,-0.011605809007461554
2016-04-08,0.002635956667988326
2016-04-11,0.002390004971227322
2016-04-12,0.0021465948766383747
2016-04-13,0.007374694765444945
2016-04-14,0.007321963722955127
2016-04-15,0.000937617111153477
2016-04-18,0.00960424785130276
2016-04-19,0.006264509205683
2016-04-20,-0.002536485303621494
2016-04-21,-0.0057785785498450926
2016-04-22,0.007207385193070737
2016-04-25,0.007155912885393301
2016-04-26,0.00779291932581172
2016-04-27,0.0047759000364211435
2016-04-28,0.0018109959102270423
2016-04-29,-0.0009036105644880665
2016-05-02,0.01108059466780742
2016-05-03,-0.007157021092942251
2016-05-04,0.01644484576107197
2016-05-05,0.003989826100708749
2016-05-06,-0.005077209593567722
2016-05-09,0.001774839686820462
2016-05-10,0.0077518664092501854
2016-05-11,0.01956028540784005
2016-05-12,-0.01638279183544855
2016-05-13,-0.0024105645747892757
2016-05-16,-0.0010982968361296086
2016-05-17,-0.019133698196229454
2016-05-18,0.010762554880478392
2016-05-19,-0.04259103566777389
2016-05-20,-0.005560870248758509
2016-05-23,-0.005125848693898982
2016-05-24,0.022482279926528292
2016-05-25,-0.0036646229548195075
2016-05-26,-0.0016088955479033329
2016-05-27,-0.002762843069267884
2016-05-31,-0.0034636338921055776
2016-06-01,0.006972101114578466
2016-06-02,0.0023073982666144133
2016-06-03,0.0011512468345293847
2016-06-06,0.011269713074486098
2016-06-07,-0.0009097468204866122
2016-06-08,0.01525170706432033
2016-06-09,0.0033631370085747125
2016-06-10,-0.00580983871549412
2016-06-13,-0.001798326279494944
2016-06-14,0.0006755250552092917
2016-06-15,-0.005175894036150708
2016-06-16,0.008143475588375582
2016-06-17,-0.0029168985976208983
2016-06-20,0.0117008316930034
2016-06-21,0.0011123647738238152
2016-06-22,-0.0015551480794495642
2016-06-23,0.022696783825353783
2016-06-24,-0.04590934038315109
2016-06-27,-0.034207804354897564
2016-06-28,0.02432133440605444
2016-06-29,0.03319489471452042
2016-06-30,0.00892474078268557
2016-07-01,0.005086321979757447
2016-07-05,-0.0030801852119201056
2016-07-06,0.015007333431567904
2016-07-07,0.0028270289929825942
2016-07-08,0.011491657769924002
2016-07-11,-0.0034296461896048402
2016-07-12,0.0077433319010209445
2016-07-13,-0.0006399655413333871
2016-07-14,0.0027764393996771997
2016-07-15,-0.0038340624694519487
2016-07-18,-0.004703629018916078
2016-07-19,-0.0075189712497183425
2016-07-20,0.010822408075280121
2016-07-21,-0.012847807196355032
2016-07-22,0.004772181012175025
2016-07-25,-0.004749515464657517
2016-07-26,0.041431635121318644
2016-07-27,0.006457033494479791
2016-07-28,-0.00206966303876277
2016-07-29,-0.004147819160402966
2016-08-01,0.009996044379556812
2016-08-02,-0.0004121593668298118
2016-08-03,-0.007425940557271082
2016-08-04,-0.0008311958478799397
2016-08-05,-0.00041594365457864324
2016-08-08,-0.0016649269435908831
2016-08-09,0.0035434899062789516
2016-08-10,0.009345906817701977
2016-08-11,0.008847603509455348
2016-08-12,-0.008973997213616802
2016-08-15,-0.0037046557983295703
2016-08-16,-0.003511831492734818
2016-08-17,-0.00538979251901861
2016-08-18,0.0006255385801472446
2016-08-19,-0.0012496503806280757
2016-08-22,0.0006252842410665593
2016-08-23,0.0
2016-08-24,-0.019174397815443833
2016-08-25,0.0008497301467889073
2016-08-26,0.001698674564462932
2016-08-29,0.004875021062707541
2016-08-30,-0.010968019975123422
2016-08-31,-0.0006416825680730653
2016-09-01,-0.011769343771781515
2016-09-02,0.002164914257976047
2016-09-06,-0.00713038444491787
2016-09-07,-0.0010878757367054348
2016-09-08,0.0037035934097287004
2016-09-09,-0.021272066922117805
2016-09-12,0.014193368709188192
2016-09-13,-0.007653214708858935
2016-09-14,0.0011017344228316794
2016-09-15,0.03609962368341857
2016-09-16,0.004461258849685512
2016-09-19,-0.0006342522514742877
2016-09-20,0.002962842133612087
2016-09-21,0.01118357857394603
2016-09-22,0.005843387534296696
2016-09-23,-0.014730526421904644
2016-09-26,-0.006106314568789295
2016-09-27,0.0027542985235862183
2016-09-28,0.01246529086548187
2016-09-29,-0.020867939864985363
2016-09-30,0.01449298379189301
2016-10-03,0.0008399842118538281
2016-10-04,-0.007346284777957068
2016-10-05,0.013321509396244435
2016-10-06,0.006260759213438494
2016-10-07,0.004769911045602981
2016-10-10,-0.0030964077247472854
2016-10-11,-0.026707946445712616
2016-10-12,-0.0006380826044500854
2016-10-13,0.015751359994053304
2016-10-14,-0.00565803914640528
2016-10-17,-0.001686023004958681
2016-10-18,0.014566321722193631
2016-10-19,-0.0047857912532977
2016-10-20,0.007526456771409729
2016-10-21,-0.00020715063117349164
2016-10-24,0.005396275512879578
2016-10-25,0.014863626673569996
2016-10-26,-0.03498768570441191
2016-10-27,-0.013068782100000287
2016-10-28,0.008115991818839152
2016-10-31,0.008262335070448268
2016-11-01,-0.014708656438962131
2016-11-02,-0.0031990476203909157
2016-11-03,0.002995077070241159
2016-11-04,0.002346469348045055
2016-11-07,0.013407222157789445
2016-11-08,0.009660115848427075
2016-11-09,-0.030782343447352867
2016-11-10,0.02660947105508238
2016-11-11,-0.021320718250146586
2016-11-14,-0.038445673615078224
2016-11-15,0.023323397293224746
2016-11-16,-0.0006511974414563637
2016-11-17,0.023023203251596458
2016-11-18,-0.002547640712822652
2016-11-21,0.0017029841688640524
2016-11-22,-0.018699291884143654
2016-11-23,0.008228278244855503
2016-11-25,0.0034364082180604605
2016-11-28,-0.002354315964378184
2016-11-29,-0.03969127359197833
2016-11-30,-0.005825634842296701
2016-12-01,-0.0166779261849892
2016-12-02,0.008709794601610144
2016-12-05,-0.002726885853798877
2016-12-06,0.00227856832544604
2016-12-07,0.002955094910236822
2016-12-08,-0.0009066959179651057
2016-12-09,0.01724165960935098
2016-12-12,0.003345194501322979
2016-12-13,0.0006664565015959134
2016-12-14,0.0004446269089024568
2016-12-15,0.0011099507164702427
2016-12-16,-0.00820575723212924
2016-12-19,-0.001788865150083363
2016-12-20,-0.01209706965479096
2016-12-21,-0.00022680174546618748
2016-12-22,0.0015878726574789503
2016-12-23,0.001358861761874941
2016-12-27,0.0036182832020210665
2016-12-28,-0.0042814497193416345
2016-12-29,0.001584279143538092
2016-12-30,0.0018073576292394478
2017-01-03,0.0022552451678063967
2017-01-04,0.006975676888775428
2017-01-05,0.0067039447532939445
2017-01-06,0.010433233715931411
2017-01-09,0.014279230800657405
2017-01-10,0.007363623698927402
2017-01-11,0.01032068107307027
2017-01-12,-0.010215252707792333
2017-01-13,-0.0012895416020848316
2017-01-17,0.0015069125745565959
2017-01-18,0.005374043400617312
2017-01-19,-0.004276329147621882
2017-01-20,-0.007300943186396847
2017-01-23,-0.004542537574886318
2017-01-24,-0.003693717947223729
2017-01-25,0.0063249616112552864
2017-01-26,-0.0019505850516445822
2017-01-27,0.022366683345539373
2017-01-30,-0.003822906905241119
2017-01-31,0.021534980422617256
2017-02-01,0.003965718412519692
2017-02-02,0.0006239139660482174
2017-02-03,0.010388276269596153
2017-02-06,-0.005757713339701542
2017-02-07,0.004964048565693435
2017-02-08,-0.004939528506296642
2017-02-09,0.01199602636059649
2017-02-10,0.0014305352102956803
2017-02-13,0.004693807859476928
2017-02-14,-0.005484193270793969
2017-02-15,0.009803590552131425
2017-02-16,-0.0004045209237091285
2017-02-17,0.006272567239565152
2017-02-21,0.004625172868234051
2017-02-22,0.0020017286656661692
2017-02-23,0.006591884634553846
2017-02-24,0.001984821684942517
2017-02-27,-0.00099066267557113
2017-02-28,0.009516375827987034
2017-03-01,0.008269617558572362
2017-03-02,-0.008592190284928303
2017-03-03,0.0027575958697734215
2017-03-06,-0.004517976033563187
2017-03-07,0.00710351718199731
2017-03-08,0.006269671930156484
2017-03-09,0.01499212048750942
2017-03-10,-0.002302145419174728
2017-03-13,0.005576025442992627
2017-03-14,-0.007648343716903705
2017-03-15,0.005009904389937869
2017-03-16,-0.013995436022299135
2017-03-17,0.003888819396961951
2017-03-20,-0.008522295113240319
2017-03-21,0.004102541785488967
2017-03-22,0.007587486576605462
2017-03-23,-0.0019308090761489538
2017-03-24,0.0063840047128800315
2017-03-27,-0.0036521744701506487
2017-03-28,0.0011576081558155593
2017-03-29,0.0017340664318408194
2017-03-30,0.005194628139995938
2017-03-31,-0.007464137770182067
2017-04-03,0.00829153432451335
2017-04-04,0.001721137052425048
2017-04-05,0.0032456461349912313
2017-04-06,-0.00038077721778950746
2017-04-07,0.0049492345741508625
2017-04-10,0.0009475741536792981
2017-04-11,0.002460347989109879
2017-04-12,0.010571926311769397
2017-04-13,-0.00523066495145641
2017-04-17,-0.008075262387557736
2017-04-18,-0.001703950193911119
2017-04-19,-0.00037939431469058427
2017-04-20,0.0034151792195371566
2017-04-21,-0.00018904035240441264
2017-04-24,0.010778996000957664
2017-04-25,-0.004490419216552577
2017-04-26,0.04472870807659701
2017-04-27,-0.0030582289377182326
2017-04-28,0.00469177906052054
2017-05-01,-0.0016165840129087616
2017-05-02,0.0016192015883100819
2017-05-03,0.00413061393963865
2017-05-04,0.000893989462093403
2017-05-05,-0.00017851280962632998
2017-05-08,-0.0044682413450700675
2017-05-09,0.007899571254309068
2017-05-10,0.0008904830792593188
2017-05-11,0.0028476349832675663
2017-05-12,-0.002839548984243323
2017-05-15,0.009076485315418825
2017-05-16,0.01552034182277895
2017-05-17,-0.012504555263485595
2017-05-18,0.0036933648768242566
2017-05-19,0.002452798553939317
2017-05-22,0.007691225724904216
2017-05-23,0.0046833442679066195
2017-05-24,0.0072515449792942555
2017-05-25,0.013712553524494853
2017-05-26,-0.008454525568824311
2017-05-30,0.012107793439953607
2017-05-31,0.002027406750298777
2017-06-01,0.011633983525540792
2017-06-02,-0.004666727068409204
2017-06-05,-0.0021770418023808746
2017-06-06,-0.003356133966176178
2017-06-07,0.0035357005310103773
2017-06-08,0.002684735830858598
2017-06-09,-0.014223413576812227
2017-06-12,-0.029876057320491922
2017-06-13,0.01277320845640495
2017-06-14,0.001727907988370747
2017-06-15,-0.0008626145957014719
2017-06-16,0.0
2017-06-19,0.027964734533988622
2017-06-20,0.005541792691610814
2017-06-21,0.0028391423165277097
2017-06-22,0.01049132002455222
2017-06-23,0.011535786227875988
2017-06-26,-0.0065168043447452195
2017-06-27,-0.004755750257954827
2017-06-28,0.002965910548518247
2017-06-29,-0.011664170410810915
2017-06-30,0.0063166653508612836
2017-07-03,-0.0049555994213567045
2017-07-05,0.007802237325257533
2017-07-06,-0.00905954971312739
2017-07-07,0.00930848685728547
2017-07-10,-0.0027998657435818197
2017-07-11,0.0013214150054239315
2017-07-12,0.010720678233800296
2017-07-13,0.00032657894425081047
2017-07-14,0.013213567835969275
2017-07-17,0.0014491212677909537
2017-07-18,-0.0009646829026830339
2017-07-19,0.004988538607333393
2017-07-20,0.009447632786977023
2017-07-21,-0.005869148377551592
2017-07-24,0.0009572388422218747
2017-07-25,-0.01020240982066134
2017-07-26,-0.014011981008000496
2017-07-27,-0.013721115405788464
2017-07-28,0.0057968432149910765
2017-07-31,-0.004116542743580753
2017-08-01,0.0038029492217950267
2017-08-02,-0.019931066999145264
2017-08-03,0.0015126145541466407
2017-08-04,0.004866757540402666
2017-08-07,-0.002505000981973815
2017-08-08,-0.00016738040080943595
2017-08-09,0.005023277899371514
2017-08-10,-0.005164669518787801
2017-08-11,0.0021772596704798808
2017-08-14,0.006517150017818052
2017-08-15,0.009463804400864362
2017-08-16,0.009210501897041423
2017-08-17,-0.008800646034060722
2017-08-18,0.0008221190508634901
2017-08-21,0.003942901146974931
2017-08-22,0.017018610674715662
2017-08-23,-0.01126307785216063
2017-08-24,0.000976172175249701
2017-08-25,0.0
2017-08-28,0.0021136880927861146
2017-08-29,-0.0037313814064805495
2017-08-30,0.00375489979705379
2017-08-31,0.009108525399276202
2017-09-01,0.0030628379575070586
2017-09-05,-0.0008033606987197794
2017-09-06,0.005628467151338912
2017-09-07,0.004957764132784259
2017-09-08,0.007002073626693361
2017-09-11,0.015802678893563016
2017-09-12,-0.002022287301194803
2017-09-13,0.007170783116534407
2017-09-14,-0.004488608514482184
2017-09-15,-0.00559704668319827
2017-09-18,0.005472169125339432
2017-09-19,-0.00450941256699211
2017-09-20,0.004061204854313383
2017-09-21,-0.01400135882288911
2017-09-22,0.0020511417928588127
2017-09-25,-0.01180898667347452
2017-09-26,-0.0038242755696953346
2017-09-27,-0.0009596868720697094
2017-09-28,-0.001921147674303736
2017-09-29,0.006576689867345165
2017-10-02,0.006533928162659519
2017-10-03,-0.008549730339836525
2017-10-04,0.004471386850890546
2017-10-05,-0.003020683547718561
2017-10-06,0.0031894032681576423
2017-10-09,-0.023207679211970977
2017-10-10,0.004231125984498485
2017-10-11,0.004861275897428907
2017-10-12,0.008385621096179685
2017-10-13,0.004637919633715626
2017-10-16,0.013212373423575396
2017-10-17,0.004241955529300512
2017-10-18,-0.0012515565125194028
2017-10-19,-0.005795736683344654
2017-10-20,0.0018903700812131774
2017-10-23,0.008334901896653646
2017-10-24,0.0035870356498743927
2017-10-25,0.0004662314043795135
2017-10-26,0.00854300525183982
2017-10-27,0.011550726868264638
2017-10-30,-0.016899984213566976
2017-10-31,-0.001548764602507413
2017-11-01,-0.004187934375473601
2017-11-02,-0.002024943295404813
2017-11-03,0.01295473763185817
2017-11-06,-0.008320573802824915
2017-11-07,-0.000621432304882874
2017-11-08,0.010727441099647406
2017-11-09,0.0058450837097738795
2017-11-10,-0.020645132541409317
2017-11-13,0.005777636433595745
2017-11-14,0.0007761027532955378
2017-11-15,-0.0006203330377045901
2017-11-16,0.00884816133172106
2017-11-17,-0.017079610165801173
2017-11-20,0.0
2017-11-21,0.005792244531117374
2017-11-22,-0.0032685633576422513
2017-11-24,0.0012492113246660441
2017-11-27,0.009669308756161676
2017-11-28,0.020235096455684554
2017-11-29,-0.013172116188667093
2017-11-30,0.0078437440208734
2017-12-01,-0.0006104324654718774
2017-12-04,-0.018934101195286157
2017-12-05,-0.003579862237034992
2017-12-06,-0.00468592197280282
2017-12-07,-0.003138655476531138
2017-12-08,0.00834367272854819
2017-12-11,0.0014051928274567693
2017-12-12,0.0026504758495917713
2017-12-13,0.006375274951197385
2017-12-14,0.0009270748619842895
2017-12-15,0.008490371052724655
2017-12-18,0.0018365705325609216
2017-12-19,0.005042407213092126
2017-12-20,-0.0074494260604691664
2017-12-21,-0.011640119464243703
2017-12-22,0.0029442344609416082
2017-12-26,0.004635374309921225
2017-12-27,-0.0036911894034034054
2017-12-28,0.0018524323804749443
2017-12-29,-0.004006227006836283
2018-01-02,0.03913975894628163
2018-01-03,0.016078685160244577
2018-01-04,0.0023444823917404545
2018-01-05,0.011255854572840063
2018-01-08,0.0014452174103378734
2018-01-09,0.0014432573865115206
2018-01-10,-0.013692345534871309
2018-01-11,0.0004385015836227968
2018-01-12,-0.001753237537054697
2018-01-16,-0.00980383105511129
2018-01-17,0.007832238699247984
2018-01-18,0.014662526835234058
2018-01-19,0.01170573083364923
2018-01-22,0.002713464365813545
2018-01-23,-0.008546925371161973
2018-01-24,0.007758719588075502
2018-01-25,0.012973852967383737
2018-01-26,0.01703057667146246
2018-01-29,-0.0029062152733408952
2018-01-30,-0.004164035545858313
2018-01-31,0.003902781124230703
2018-02-01,-0.028877005218374885
2018-02-02,-0.020014553731798057
2018-02-05,-0.04420136885851944
2018-02-06,0.017551834917769238
2018-02-07,-0.01679880844295001
2018-02-08,-0.04561419021106228
2018-02-09,0.02797326778909648
2018-02-12,0.010729228527655454
2018-02-13,-0.005692122506520736
2018-02-14,0.021661707842679956
2018-02-15,0.006209074629029532
2018-02-16,-0.00165551702127964
2018-02-20,0.010703919817723673
2018-02-21,0.0001494791110567828
2018-02-22,0.005667416308426931
2018-02-23,0.013791916971015672
2018-02-26,0.011410425612821795
2018-02-27,-0.00650890836148299
2018-02-28,-0.01310202672223304
2018-03-01,-0.01951832962946365
2018-03-02,-0.0004521731479461
2018-03-05,0.00859989199785316
2018-03-06,0.0023929966648310597
2018-03-07,0.00014951700759202602
2018-03-08,0.01193644870782018
2018-03-09,0.015777225855122756
2018-03-12,-0.00566112912931005
2018-03-13,-0.005985445774642106
2018-03-14,-0.011896019945474623
2018-03-15,0.004607650602110436
2018-03-16,0.004438412039370787
2018-03-19,-0.016644319883338476
2018-03-20,0.0022469262367701415
2018-03-21,-0.006725666633491945
2018-03-22,-0.013692254905181889
2018-03-23,-0.019222117962102492
2018-03-26,0.018665413262220154
2018-03-27,-0.00946704441514179
2018-03-28,-0.015723857350602888
2018-03-29,0.018637463839636492
2018-04-02,-0.024753835574371164
2018-04-03,0.009301455936893355
2018-04-04,0.0060920416818979195
2018-04-05,0.017232954678716883
2018-04-06,-0.024877730852108426
2018-04-09,0.01408689183751699
2018-04-10,0.02176250822446657
2018-04-11,-0.01903318636951279
2018-04-12,0.012781013952775089
2018-04-13,-0.0007602933482219187
2018-04-16,0.0086733047928782
2018-04-17,0.008598463483788565
2018-04-18,0.005384427894310262
2018-04-19,-0.0035702864340352303
2018-04-20,0.001045143037021301
2018-04-23,0.0019388054573237223
2018-04-24,-0.015332066947716605
2018-04-25,0.0055934182016892375
2018-04-26,0.052164645664199094
2018-04-27,0.0031430555126557014
2018-04-30,-0.010112207477889323
2018-05-01,0.009352484148784423
2018-05-02,0.00399153350828696
2018-05-03,-0.00951306954559128
2018-05-04,0.008887567436787203
2018-05-07,-0.0007105546853864997
2018-05-08,-0.012512124127362245
2018-05-09,-0.0018720557703852947
2018-05-10,0.01846522263668393
2018-05-11,-0.0011332831633203977
2018-05-14,0.00964294349943895
2018-05-15,-0.010534042898902807
2018-05-16,0.0041165063858656925
2018-05-17,-0.001272796315278879
2018-05-18,-0.0007071022050860742
2018-05-21,0.021246461449218934
2018-05-22,-0.00527042539707312
2018-05-23,0.008783896250734724
2018-05-24,0.0008295686938799562
2018-05-25,0.0016571027003202676
2018-05-29,-0.011030132405759452
2018-05-30,0.0019521089385237111
2018-05-31,-0.011718947248127054
2018-06-01,0.02625672094681386
2018-06-04,0.020632562301104995
2018-06-05,0.0008082638501833994
2018-06-06,0.013735918403994463
2018-06-07,-0.01235399210555499
2018-06-08,0.005783045700910261
2018-06-11,0.005483002991792052
2018-06-12,0.0021282201998500394
2018-06-13,-0.010218929618175165
2018-06-14,0.011129160329734544
2018-06-15,-0.0025196575892929562
2018-06-18,-0.012230884171119838
2018-06-19,-0.0017497747517549733
2018-06-20,-0.01132517480843831
2018-06-21,0.005591182300836106
2018-06-22,0.007865557238950105
2018-06-25,-0.0098226182370319
2018-06-26,-0.006114698787014872
2018-06-27,-0.008066882043981871
2018-06-28,0.017229292656044448
2018-06-29,0.0005419587414401406
2018-07-02,-0.0012188932439962663
2018-07-03,-0.00922025019566719
2018-07-05,0.009990418896282938
2018-07-06,0.007723762726027816
2018-07-09,0.004033827565020021
2018-07-10,-0.000535992064255919
2018-07-11,-0.00415332349419395
2018-07-12,0.006188741167846068
2018-07-13,0.0
2018-07-16,-0.010296595827609667
2018-07-17,0.009999017203616622
2018-07-18,-0.000669099178893906
2018-07-19,0.0005351972463250032
2018-07-20,0.0034791804705247564
2018-07-23,-0.0008004504597596274
2018-07-24,0.008006641677566595
2018-07-25,0.01284083316167517
2018-07-26,-0.03659654134740975
2018-07-27,-0.027133315594494833
2018-07-30,-0.004880802224206393
2018-07-31,0.015274653074797806
2018-08-01,0.004140729093411677
2018-08-02,-0.007010212069731625
2018-08-03,0.0015226608627432192
2018-08-06,0.0023495765071313013
2018-08-07,0.00027623989443781305
2018-08-08,0.0017916912296298548
2018-08-09,-0.00825626855125361
2018-08-10,-0.00790910634277231
2018-08-13,-0.011048998788750208
2018-08-14,0.0
2018-08-15,0.007636904018398338
2018-08-16,0.004631574981595499
2018-08-17,0.006426608882631912
2018-08-20,0.002220435931684861
2018-08-21,-0.007755747009433489
2018-08-22,0.006979282739758341
2018-08-23,-0.002218318502331895
2018-08-24,0.005140567263880236
2018-08-27,0.008707669488556169
2018-08-28,0.0010965709791221911
2018-08-29,0.012318228994873115
2018-08-30,0.0017622680291189408
2018-08-31,0.006360095545770994
2018-09-04,0.005647600199611302
2018-09-05,-0.009627031629448224
2018-09-06,0.006075324367307289
2018-09-07,0.0009392560707131015
2018-09-10,0.0040219035921895685
2018-09-11,0.013085773946386325
2018-09-12,0.002768199886867828
2018-09-13,0.01380097417038506
2018-09-14,0.007260678398641973
2018-09-17,-0.008366633741461404
2018-09-18,0.0025958881042740245
2018-09-19,0.005178669290087479
2018-09-20,0.0006442071857524212
2018-09-21,-0.004118893157245562
2018-09-24,0.004911429172641313
2018-09-25,-0.003730248180365381
2018-09-26,-0.007229300946802519
2018-09-27,-0.0039009774176165246
2018-09-28,0.006396823608882718
2018-10-01,0.009209620884312653
2018-10-02,-0.006426492928182315
2018-10-03,-0.017981829901500324
2018-10-04,-0.021868139895110272
2018-10-05,-0.0009429043827954287
2018-10-08,-0.011458263474392494
2018-10-09,-0.004773316071330136
2018-10-10,-0.02452715727963639
2018-10-11,-0.0143280338997136
2018-10-12,0.015391507213782463
2018-10-15,-0.005333174616556802
2018-10-16,0.012558102038760621
2018-10-17,0.009475666317026565
2018-10-18,-0.027194652279155296
2018-10-19,-0.014332252547282653
2018-10-22,-0.006334673568470395
2018-10-23,-0.004201694079705831
2018-10-24,-0.018041654752141145
2018-10-25,0.005186166690106964
2018-10-26,-0.010908403189258453
2018-10-29,-0.0008940665631654854
2018-10-30,0.024164941982791843
2018-10-31,-0.08957189148663713
2018-11-01,0.008958408966008191
2018-11-02,-0.01411119325311716
2018-11-05,0.005146368095226395
2018-11-06,0.014879982787020074
2018-11-07,0.0011035423512035791
2018-11-08,0.005826842006008803
2018-11-09,-0.006106270279268244
2018-11-12,-0.03024565551573699
2018-11-13,0.023879126164282782
2018-11-14,0.012692380844324447
2018-11-15,0.03133346142761062
2018-11-16,0.010329565643676819
2018-11-19,-0.02240286841902961
2018-11-20,-0.012919008675481014
2018-11-21,0.021034626426843284
2018-11-23,-0.0009156844723308133
2018-11-26,0.007789824983875926
2018-11-27,-0.00030310281462153643
2018-11-28,0.03577933317197002
2018-11-29,-0.004391325764717902
2018-11-30,0.010614922169554175
2018-12-03,0.009482021556416864
2018-12-04,-0.028034558356385242
2018-12-06,-0.006988108786436742
2018-12-07,-0.026500803054637978
2018-12-10,0.0070750004222268625
2018-12-11,0.010843034915964056
2018-12-12,0.012237439321742372
2018-12-13,-0.0007464825368785899
2018-12-14,-0.018670665975329626
2018-12-17,-0.022983111372130605
2018-12-18,0.014332359661822558
2018-12-19,-0.0162800611002476
2018-12-20,-0.021389445629642956
2018-12-21,0.0035097569318987
2018-12-24,-0.023052432990210203
2018-12-26,0.04361269461505879
2018-12-27,0.022298308597986427
2018-12-28,-0.005338641649878406
2018-12-31,0.009354712703568469
2019-01-02,-0.007900399691447846
2019-01-03,-0.012557491530010956
2019-01-04,0.03132733440627811
2019-01-07,-0.0049624437984508996
2019-01-08,-0.0027200442235781885
2019-01-09,0.01712373017491009
2019-01-10,0.002830715755332669
2019-01-11,-0.007428207958345534
2019-01-14,-0.010327713764292645
2019-01-15,0.021475967784973626
2019-01-16,0.010660434971506039
2019-01-17,0.012599040974925702
2019-01-18,0.021845607592740235
2019-01-22,-0.013733421212921204
2019-01-23,-0.000287030434313551
2019-01-24,0.004451516763420038
2019-01-25,0.005432691783808563
2019-01-28,-0.002275775745803843
2019-01-29,0.0011403913011378553
2019-01-30,0.020925594935422343
2019-01-31,0.01073629541066401
2019-02-01,-0.004966092510054865
2019-02-04,0.006099921794955998
2019-02-05,-0.00716579247353244
2019-02-06,-0.0038860857712168517
2019-02-07,-0.009195932114545391
2019-02-08,0.005484627980516965
2019-02-11,0.003216415953900098
2019-02-12,0.010456114086696555
2019-02-13,0.002621617591051617
2019-02-14,-0.0031652827024002406
2019-02-15,0.013666406286225952
2019-02-19,0.0005450569248444115
2019-02-20,0.008982854420480635
2019-02-21,-0.0013489037804045312
2019-02-22,0.008780531957927717
2019-02-25,0.001472750483199503
2019-02-26,0.0016046301421952514
2019-02-27,0.0021357726395521137
2019-02-28,-0.002002952915691636
2019-03-01,0.01485330003783325
2019-03-04,-0.004878749443382624
2019-03-05,0.0031801491848200136
2019-03-06,-0.012943980564511959
2019-03-07,-0.00013392847391779927
2019-03-08,-0.007896399750365268
2019-03-11,0.013354882800435508
2019-03-12,0.00745476989766547
2019-03-13,0.009249594545552187
2019-03-14,0.0017018844228029462
2019-03-15,0.005620341833201037
2019-03-18,0.00012974661000697552
2019-03-19,0.008317331094508384
2019-03-20,-0.00528445801116284
2019-03-21,0.0164550796250873
2019-03-22,-0.015423774064843743
2019-03-25,0.005049140586132372
2019-03-26,0.015071877849984538
2019-03-27,0.0036798334486427553
2019-03-28,0.0075863178415278565
2019-03-29,0.020328869493597468
2019-04-01,0.005657613731010702
2019-04-02,-0.002813155262090139
2019-04-03,-0.008216523613786886
2019-04-04,-0.003956816343042124
2019-04-05,0.0014894206340376748
2019-04-08,-0.012520002462169222
2019-04-09,0.005146815378327174
2019-04-10,0.0011238964088318149
2019-04-11,-0.004116720140516339
2019-04-12,-0.006388718766266788
2019-04-15,0.0036561441731901567
2019-04-16,-0.024996687065136802
2019-04-17,-0.04161295467406956
2019-04-18,-0.0008065508000547617
2019-04-22,0.012377095023399454
2019-04-23,0.014485114449392045
2019-04-24,-0.0007857235538246687
2019-04-25,-0.0003937338208455099
2019-04-26,-0.0009177972100812282
2019-04-29,-0.008794971904559246
2019-04-30,0.010462298952473192
2019-05-01,-0.01114055834752592
2019-05-02,0.011133645879898513
2019-05-03,0.013238690448105217
2019-05-06,0.00025895155516519885
2019-05-07,-0.008148084610126616
2019-05-08,0.0
2019-05-09,-0.008997606986050344
2019-05-10,-0.0007892388603942813
2019-05-13,-0.00658418402093508
2019-05-14,0.005832497752329857
2019-05-15,0.0007907132405520212
2019-05-16,0.012641642370464723
2019-05-17,-0.011963787899404554
2019-05-20,-0.00868606000494565
2019-05-21,-0.000265986871745727
2019-05-22,0.0035859595496552377
2019-05-23,-0.007145951735751499
2019-05-24,0.000933178681389979
2019-05-28,-0.01225019275338779
2019-05-29,-0.004583508403118053
2019-05-30,0.007177598799312346
2019-05-31,-0.012505130379505403
2019-06-03,0.007080763636903908
2019-06-04,0.030421499811303043
2019-06-05,0.010235101273900593
2019-06-06,0.0010419853827461356
2019-06-07,0.00949897202966521
2019-06-10,0.007605320146479411
2019-06-11,-0.006652480261185367
2019-06-12,0.00412125903100935
2019-06-13,0.0030781755736764005
2019-06-14,-0.0035800201033161505
2019-06-17,0.011805452959343654
2019-06-18,0.02168645326201779
2019-06-19,0.009309707765561726
2019-06-20,0.008978148515252027
2019-06-21,0.004509900354288998
2019-06-24,-0.0016987312321746773
2019-06-25,-0.006563666240133159
2019-06-26,-0.013581437001290109
2019-06-27,0.013024209752542815
2019-06-28,0.002816208834749867
2019-07-01,-0.005738559176485802
2019-07-02,0.003438244156888981
2019-07-03,0.004406081644450666
2019-07-05,-0.0007312821110191381
2019-07-08,-0.005243054003226444
2019-07-09,-0.0022064983386945736
2019-07-10,0.008845300482908103
2019-07-11,0.004992660858429643
2019-07-12,-0.010662922202020919
2019-07-15,0.0044090041718931605
2019-07-16,0.0007318172759016583
2019-07-17,0.0070671119909599955
2019-07-18,0.005202557176823719
2019-07-19,0.0002406598658428738
2019-07-22,-0.004933783432874539
2019-07-23,0.007376920788230823
2019-07-24,0.007563027456968463
2019-07-25,0.01465507888240336
2019-07-26,-0.00011729033572904779
2019-07-29,0.009630002161976847
2019-07-30,0.0022100104835747203
2019-07-31,-0.025417687508239806
2019-08-01,0.013218828776717206
2019-08-02,-0.004466258093695719
2019-08-05,-0.032939952339562706
2019-08-06,0.018312958061878604
2019-08-07,0.004915137922315349
2019-08-08,0.022906745581578347
2019-08-09,0.0026823256053740696
2019-08-12,-0.004303736092523325
2019-08-13,0.03014008094864673
2019-08-14,-0.026536566163927966
2019-08-15,-0.000698965443324151
2019-08-16,0.013872544320079339
2019-08-19,0.010348652387068169
2019-08-20,-0.010242654713913169
2019-08-21,0.003909703220893013
2019-08-22,-0.0011457864630008974
2019-08-23,-0.024996935301864864
2019-08-26,0.008702526544514422
2019-08-27,0.0072290728179771335
2019-08-28,0.006250440641488719
2019-08-29,0.009110874978061734
2019-08-30,0.005142761609176594
2019-09-03,-0.001932695034558396
2019-09-04,-0.0031899190381610154
2019-09-05,0.004685544780394402
2019-09-06,0.02127223627770025
2019-09-09,-0.028736985407514903
2019-09-10,-0.014793665644597054
2019-09-11,0.009312084375192597
2019-09-12,0.012801045353336482
2019-09-13,-0.010134303825955815
2019-09-16,-0.00011510285044202817
2019-09-17,0.007478024474017131
2019-09-18,-0.0014840353740795953
2019-09-19,0.00022856977568785908
2019-09-20,-0.0006860411245602771
2019-09-23,-0.00640728332438445
2019-09-24,-0.004491202825470775
2019-09-25,0.0040488923219406114
2019-09-26,0.01071419535888829
2019-09-27,-0.02051769641332335
2019-09-30,0.017921680142721996
2019-10-01,-0.017834639808032016
2019-10-02,-0.019555526380177768
2019-10-03,0.011990939714488169
2019-10-04,0.016424467109013685
2019-10-07,-0.009810669542001382
2019-10-08,-0.009092143233277561
2019-10-09,0.02223260648935832
2019-10-10,0.008170403949892213
2019-10-11,0.004794066024180754
2019-10-14,-0.00942852655624804
2019-10-15,0.006192387324351456
2019-10-16,-0.008205930774358605
2019-10-17,0.009538057769585384
2019-10-18,0.001593591397096361
2019-10-21,0.0052280325715867715
2019-10-22,-0.015941418552079867
2019-10-23,0.010454838537404365
2019-10-24,-0.10085242411721262
2019-10-25,-0.022762087513542917
2019-10-28,0.007375919930651342
2019-10-29,0.00012841804662100387
2019-10-30,-0.012586974221686309
2019-10-31,-0.0023413571068624517
2019-11-01,0.01577613443430903
2019-11-04,-0.0010267725288666263
2019-11-05,-0.004497213545677892
2019-11-06,0.011487206158742103
2019-11-07,-0.004721575336902206
2019-11-08,0.006538589035432363
2019-11-11,0.004458262304027905
2019-11-12,0.015723791081053484
2019-11-13,0.009738123451332514
2019-11-14,-0.0017313447027222928
2019-11-15,0.008670149825057205
2019-11-18,-0.003929383364536743
2019-11-19,0.00678006914370699
2019-11-20,0.004040729329620296
2019-11-21,0.003048804314967901
2019-11-22,-0.002796544746845653
2019-11-25,0.00024377823764587525
2019-11-26,-0.00036568238979428624
2019-11-27,0.005487346626286138
2019-11-29,-0.0059424584495765265
2019-12-02,-0.0013417024599928773
2019-12-03,-0.010383954764870973
2019-12-04,0.01752890218375569
2019-12-05,0.0032844846790218707
2019-12-06,0.008365400789126065
2019-12-09,-0.01947800511930864
2019-12-10,0.009074212922929092
2019-12-11,0.008749453722248557
2019-12-12,0.006023357346207625
2019-12-13,0.005388584772219707
2019-12-16,-0.0011912031232744758
2019-12-17,-0.007273826257397031
2019-12-18,0.004925012104728177
2019-12-19,-0.017212653694776314
2019-12-20,0.003283566774408664
2019-12-23,0.02460906688981357
2019-12-24,0.002011507638586929
2019-12-26,-0.0042507036709222845
2019-12-27,-0.0033203508494296097
2019-12-30,-0.007376416232982463
2019-12-31,0.0022772142113529625
2020-01-02,0.026907381593314295
2020-01-03,-0.004308703052196439
2020-01-06,-0.002456310387370264
2020-01-07,0.0023449560314499074
2020-01-08,0.014504734413974596
2020-01-09,-0.0021906667084591325
2020-01-10,-0.0073954906030268
2020-01-13,0.04039595347996028
2020-01-14,-0.0017903974394340993
2020-01-15,0.003923280240566651
2020-01-16,0.004801152801918951
2020-01-17,-0.002888972981326954
2020-01-21,0.014933469942591593
2020-01-22,0.0009880653607248213
2020-01-23,-0.0006581223563509875
2020-01-24,-0.003512609238171649
2020-01-27,-0.002753717457549154
2020-01-28,0.00022102619979436078
2020-01-29,-0.0005522551689925992
2020-01-30,0.0015469429091623521
2020-01-31,-0.015666387710588592
2020-02-03,0.005267992007988109
2020-02-04,0.013156500760550971
2020-02-05,0.004841943327036802
2020-02-06,0.02179397582985021
2020-02-07,-0.021972247543436296
2020-02-10,0.00032882992301863645
2020-02-11,0.006244501074764486
2020-02-12,-0.004572803850782181
2020-02-13,0.012468701019612283
2020-02-14,0.006157481506658069
2020-02-18,-0.009877629639714502
2020-02-19,0.010193146283870247
2020-02-20,-0.0010735659807651343
2020-02-21,-0.004191004148696664
2020-02-24,-0.03388331560037483
2020-02-25,-0.028370715582476946
2020-02-26,0.00046004148798339806
2020-02-27,-0.02925961797100818
2020-02-28,-0.009493165892952904
2020-03-02,0.044447370581083945
2020-03-03,-0.014567669127112826
2020-03-04,0.059946413197800696
2020-03-05,-0.03744802658066826
2020-03-06,-0.025898222016320527
2020-03-09,-0.0817524028440969
2020-03-10,0.05841852339917741
2020-03-11,-0.060375939033192494
2020-03-12,-0.03206371467464009
2020-03-13,0.07314201310527002
2020-03-16,-0.1163109251476574
2020-03-17,0.12491301557756063
2020-03-18,0.05067662091807601
2020-03-19,-0.07589527202713608
2020-03-20,-0.030958298608271706
2020-03-23,-0.052013307966443656
2020-03-24,0.02924402613921062
2020-03-25,-0.004600171088917193
2020-03-26,0.08971049449929835
2020-03-27,-0.0047402641260284595
2020-03-30,0.030079185019022736
2020-03-31,-0.01216696800878192
2020-04-01,-0.031161543677086012
2020-04-02,0.04525826994420612
2020-04-03,-0.009729856698829309
2020-04-06,0.043109672779876096
2020-04-07,-0.028494175685758738
2020-04-08,0.023876098465262396
2020-04-09,0.02852712120612977
2020-04-13,-0.010242832042637984
2020-04-14,0.026163024297583437
2020-04-15,-0.015410992715670369
2020-04-16,0.04189219595612559
2020-04-17,0.026731587515118393
2020-04-20,0.012802530930861034
2020-04-21,-0.0429148776174777
2020-04-22,0.004883621518011472
2020-04-23,0.008614837190852764
2020-04-24,0.01752093496120377
2020-04-27,-0.0026907231754210725
2020-04-28,-0.018020612833657856
2020-04-29,0.005384389976975212
2020-04-30,-0.02962083271509064
2020-05-01,-0.010587862783090762
2020-05-04,-0.006489000343634976
2020-05-05,0.0168443531277096
2020-05-06,-0.0092405589529021
2020-05-07,0.005914501259927762
2020-05-08,-0.004070653206624586
2020-05-11,0.009650376982930142
2020-05-12,-0.034184133985211584
2020-05-13,-0.003958634795033111
2020-05-14,0.016013923353591863
2020-05-15,0.002761356268355053
2020-05-18,-0.003900856339296266
2020-05-19,-0.0034556702952754925
2020-05-20,0.010402370599644106
2020-05-21,-0.009837487135646139
2020-05-22,0.004274451464053808
2020-05-26,-0.016335164768542576
2020-05-27,0.010876049439660918
2020-05-28,0.02036091656723804
2020-05-29,0.02052141135035579
2020-06-01,0.004221959515803508
2020-06-02,0.006527123198216023
2020-06-03,-0.0054956374523674745
2020-06-04,-0.017787032674556058
2020-06-05,0.0063186724369830305
2020-06-08,-0.004597114689390613
2020-06-09,-0.01993682359678095
2020-06-10,-0.0019537615292438693
2020-06-11,-0.037655590176164155
2020-06-12,0.004786567341624082
2020-06-15,-0.002262753162735942
2020-06-16,0.014442499309657686
2020-06-17,0.0012942983742769698
2020-06-18,-0.014688670650999658
2020-06-19,0.007632468721922248
2020-06-22,-0.006272697226696655
2020-06-23,-0.005597834169981053
2020-06-24,-0.012217207618407055
2020-06-25,0.03467932451543687
2020-06-26,-0.01195356667227987
2020-06-29,-0.0009488909077106644
2020-06-30,0.02220110231043959
2020-07-01,0.014053637862460722
2020-07-02,-0.0011456251856943878
2020-07-06,0.010320022170851928
2020-07-07,-0.029622033748440302
2020-07-08,-0.015438341274138567
2020-07-09,0.01793773048298375
2020-07-10,-0.005368277509367747
2020-07-13,-0.02076752709243579
2020-07-14,0.01425836472989217
2020-07-15,0.028824678265331638
2020-07-16,-0.014697425190991598
2020-07-17,0.020393908935948835
2020-07-20,0.002969210943906564
2020-07-21,0.009679093393805571
2020-07-22,0.005977088814139941
2020-07-23,0.0032510543260035885
2020-07-24,-0.00256983177775838
2020-07-27,0.0003358278236580414
2020-07-28,-0.00033571508119301097
2020-07-29,0.016468574787935175
2020-07-30,-0.052022563476596284
2020-07-31,0.004301866313733527
2020-08-03,-0.037276994153280674
2020-08-04,-0.025012227765294548
2020-08-05,-0.007646680393434746
2020-08-06,-0.0011186215026088853
2020-08-07,0.004479285913264963
2020-08-10,0.029357045761338796
2020-08-11,-0.001925108966411071
2020-08-12,0.0065105285929409895
2020-08-13,0.013895664515300998
2020-08-14,-0.013468948613332365
2020-08-17,0.002395493000987736
2020-08-18,0.006809548377844088
2020-08-19,-0.01637551147695182
2020-08-20,0.0
2020-08-21,0.0024126098803687324
2020-08-24,0.009146668383431145
2020-08-25,0.008944667356786784
2020-08-26,-0.0029550563880673675
2020-08-27,0.022762176740437123
2020-08-28,5.817324799028967e-05
2020-08-31,0.012088719654761881
2020-09-01,-0.01745707986480549
2020-09-02,0.004208171904632518
2020-09-03,-0.028401940903268086
2020-09-04,-0.014016759347113994
2020-09-08,-0.012272482535159224
2020-09-09,0.0193136427982179
2020-09-10,0.003258488750868427
2020-09-11,-0.0003609913738314985
2020-09-14,0.0010829583092586414
2020-09-15,-0.03221501279426764
2020-09-16,0.014532405917035307
2020-09-17,0.007835134212650141
2020-09-18,0.007896215823669506
2020-09-21,-0.032782943512366214
2020-09-22,-0.014953331473783305
2020-09-23,-0.009108282318575633
2020-09-24,0.004723725055049588
2020-09-25,0.011943855917980528
2020-09-28,-0.0012555762701286222
2020-09-29,-0.005657355672973097
2020-09-30,0.01681617501117727
2020-10-01,-0.008704312685888227
2020-10-02,-0.01116403907816621
2020-10-05,0.022072837349964125
2020-10-06,-0.0013654118740682453
2020-10-07,0.014790228716090148
2020-10-08,-0.03429274728769749
2020-10-09,-0.004438919693129706
2020-10-12,0.01439473031013927
2020-10-13,0.00590223619157082
2020-10-14,-0.0007489772666350314
2020-10-15,0.006496916984976897
2020-10-16,0.015640597116035604
2020-10-19,-0.007699816366503298
2020-10-20,-0.0006159590235237378
2020-10-21,0.007394501229812223
2020-10-22,-0.003547821439489285
2020-10-23,-0.004419898103741549
2020-10-26,-0.013318456747800855
2020-10-27,0.007623923355903894
2020-10-28,-0.03063739586329306
2020-10-29,-0.0008957360433216044
2020-10-30,-0.00653181950559889
2020-11-02,0.014180664141465238
2020-11-03,-0.01792278108111134
2020-11-04,-0.020579833290789606
2020-11-05,0.027619843970894342
2020-11-06,0.01504624257034215
2020-11-09,0.02584569948406279
2020-11-10,0.0071633285684993275
2020-11-11,-0.007602785576879767
2020-11-12,0.009020264416018886
2020-11-13,0.008571929895389685
2020-11-16,-0.016755618247098036
2020-11-17,-0.002470016781332851
2020-11-18,-0.004456348504556784
2020-11-19,-0.01914942484031812
2020-11-20,-0.023580075076613416
2020-11-23,-0.016229631193835803
2020-11-24,0.003431412581258453
2020-11-25,-0.008417832048290164
2020-11-27,0.007693411718008081
2020-11-30,0.0013163424640172394
2020-12-01,-0.007361493737035207
2020-12-02,0.011124074850256571
2020-12-03,0.0028252956856058553
2020-12-04,0.02201249286088336
2020-12-07,-0.0029487285714578926
2020-12-08,0.0020574078438064802
2020-12-09,0.01757981022783639
2020-12-10,-0.0017651399106082266
2020-12-11,0.0022734481943766927
2020-12-14,-0.006427745925030148
2020-12-15,0.010021618588244685
2020-12-16,0.004772396530432266
2020-12-17,0.01300000653028488
2020-12-18,-0.0022210204965849023
2020-12-21,-0.022384275589837355
2020-12-22,-0.004933761012649973
2020-12-23,0.0011441642694669518
2020-12-24,0.010666733434062214
2020-12-28,-0.004146282770259746
2020-12-29,0.009336297979940289
2020-12-30,-0.009999761960585274
2020-12-31,0.013131103788096343
2021-01-04,-0.0014953727978036513
2021-01-05,0.013729339602411184
2021-01-06,-0.0034474480481094805
2021-01-07,0.0067949685314598884
2021-01-08,0.0025771748790592852
2021-01-11,0.009424525362524028
2021-01-12,-0.023159669528827975
2021-01-13,0.022840095068481947
2021-01-14,-0.028519323034723043
2021-01-15,-0.00012515576050176058
2021-01-19,-0.015117213197679336
2021-01-20,0.00875293614633299
2021-01-21,0.006161956720074135
2021-01-22,-0.006249227258548151
2021-01-25,0.007420140259588814
2021-01-26,0.008864420836659281
2021-01-27,-0.034525509892331496
2021-01-28,-0.01115112396840956
2021-01-29,-0.0041477742178758215
2021-02-01,-0.005856864945868678
2021-02-02,0.0018328412182977427
2021-02-03,0.010062514666241862
2021-02-04,-0.0014229321232377412
2021-02-05,0.001554551164428597
2021-02-08,0.003880727236576842
2021-02-09,-0.00786066666471219
2021-02-10,0.008053076473089282
2021-02-11,0.0032214019824579054
2021-02-12,0.011173823412054418
2021-02-16,-0.011812482380810785
2021-02-17,-0.0015425961450150627
2021-02-18,0.014804597471735459
2021-02-19,-0.00494763705356549
2021-02-22,0.00548195483811087
2021-02-23,-0.009255650568582463
2021-02-24,0.004735112556378374
2021-02-25,0.004919185047068453
2021-02-26,-0.012205829376632948
2021-03-01,0.003218096766712364
2021-03-02,-0.00333634776131031
2021-03-03,-0.006822847325490544
2021-03-04,-0.00946219433803508
2021-03-05,0.02146047335445278
2021-03-08,0.0028183606332987665
2021-03-09,-0.01290263458745633
2021-03-10,0.00582393188780439
2021-03-11,0.0002572273870646846
2021-03-12,0.002830286332831111
2021-03-15,0.009106798685671436
2021-03-16,0.0033052842586103193
2021-03-17,0.00962851850649682
2021-03-18,0.0021334367726919545
2021-03-19,0.005509672587743264
2021-03-22,0.011706167017202063
2021-03-23,0.004431235511011655
2021-03-24,0.005882179760286377
2021-03-25,0.016204052410012437
2021-03-26,0.030451846125044257
2021-03-29,0.000930681115304477
2021-03-30,-0.0052306163732323
2021-03-31,-0.014489544468069715
2021-04-01,-0.00023713675051939553
2021-04-05,0.011385263889413189
2021-04-06,-0.004221412068148189
2021-04-07,-0.0027082983626862678
2021-04-08,-0.008147257036571709
2021-04-09,0.010952140098754448
2021-04-12,-0.004474726126048267
2021-04-13,0.00295724616722004
2021-04-14,-0.0017691358022244863
2021-04-15,0.013705180136906803
2021-04-16,0.008857857420195847
2021-04-19,-0.0004623038023031656
2021-04-20,0.006356898949413159
2021-04-21,0.009532662044015705
2021-04-22,0.0012514767875233535
2021-04-23,-0.0015907370561372147
2021-04-26,-0.0058040127844100065
2021-04-27,-0.00686816951023117
2021-04-28,0.0026510542786468694
2021-04-29,-0.018852844549730685
2021-04-30,0.00398361910471956
2021-05-03,0.00991948311094104
2021-05-04,0.010399775589102767
2021-05-05,-0.008462993173465327
2021-05-06,0.009573440182638837
2021-05-07,-0.010396731792188252
2021-05-10,-0.0015005742794935717
2021-05-11,-0.033645644213057935
2021-05-12,-0.005743033039826706
2021-05-13,0.0036102298200979543
2021-05-14,0.005515718801476277
2021-05-17,-0.01204419821987901
2021-05-18,0.0009658087872985721
2021-05-19,-0.005426242423346217
2021-05-20,0.005819522791594922
2021-05-21,0.0012054069055791317
2021-05-24,-0.003491623077842565
2021-05-25,-0.005074026925081632
2021-05-26,0.0008496779893822914
2021-05-27,-0.007400904439482714
2021-05-28,0.003789340357429616
2021-06-01,0.0002437519511406805
2021-06-02,-0.006574381194257128
2021-06-03,0.004549934293595959
2021-06-04,0.006855370827819396
2021-06-07,-0.012036608730831122
2021-06-08,-0.0020923517132900304
2021-06-09,0.01553853700876684
2021-06-10,0.02112941855267847
2021-06-11,-0.022000573599928908
2021-06-14,0.006444716920020799
2021-06-15,-0.00990681194837073
2021-06-16,-0.002196699669427593
2021-06-17,-0.0075822714587291395
2021-06-18,-0.004066384186036109
2021-06-21,0.008537710560746703
2021-06-22,-0.0022084547543551603
2021-06-23,-0.004918162204968657
2021-06-24,0.005807399751630138
2021-06-25,0.009705179451671153
2021-06-28,-0.006570040850016001
2021-06-29,0.002571907766872439
2021-06-30,-0.016613567837397425
2021-07-01,0.012049533342373353
2021-07-02,0.003559367905744404
2021-07-06,-0.008439040617131965
2021-07-07,0.009621084606502128
2021-07-08,-0.006353002468157509
2021-07-09,-0.01106589069293662
2021-07-12,0.004724446818827666
2021-07-13,0.0034646494090952995
2021-07-14,-0.0011098438847818581
2021-07-15,0.0007410969412879886
2021-07-16,0.004441016803244491
2021-07-19,-0.014124485471047166
2021-07-20,0.0033639615091971553
2021-07-21,-0.003352683211919838
2021-07-22,0.0029903038817844507
2021-07-23,0.007824767464372329
2021-07-26,-0.004559822105243416
2021-07-27,0.01659017295965759
2021-07-28,-0.002435568557941581
2021-07-29,-0.0553047611689349
2021-07-30,-0.00038761300060274895
2021-08-02,-0.001809922822873511
2021-08-03,-0.012045168786643745
2021-08-04,-0.014813740164311029
2021-08-05,-0.009181649444274464
2021-08-06,0.004969344355035377
2021-08-09,-0.011092009095284183
2021-08-10,-0.002027152761005846
2021-08-11,0.0017605855318454378
2021-08-12,-0.0016222735659930931
2021-08-13,0.009477449378121117
2021-08-16,0.015021418269603126
2021-08-17,0.0033036246404583025
2021-08-18,-0.008692643869281036
2021-08-19,-0.0033213978764407015
2021-08-20,0.002266166367118405
2021-08-23,-0.005053806776558867
2021-08-24,-0.0037429731134800415
2021-08-25,-0.009794574952916357
2021-08-26,-0.00040618904612155227
2021-08-27,0.0027109186019740328
2021-08-30,0.027443412764993402
2021-08-31,0.002894953596811689
2021-09-01,0.018105398187955535
2021-09-02,0.048370351879895246
2021-09-03,0.020355236281404565
2021-09-07,0.007737901832687966
2021-09-08,-0.007078665683977303
2021-09-09,-0.012566406322438217
2021-09-10,-0.009789579263655535
2021-09-13,-0.0035837214031803066
2021-09-14,0.014138482544366227
2021-09-15,0.02201313931661919
2021-09-16,-0.004187991629406307
2021-09-17,0.004686491470723864
2021-09-20,-0.01578775835459112
2021-09-21,-0.00413170617987213
2021-09-22,-0.010982442280448645
2021-09-23,-0.0032077032628526903
2021-09-24,0.0007425101406008938
2021-09-27,-0.0034632329387805916
2021-09-28,0.0019860896085119872
2021-09-29,0.013377594698554596
2021-09-30,-0.016867974735811808
2021-10-01,0.010692112116029717
2021-10-04,-0.010702332832546957
2021-10-05,0.0054713374745805066
2021-10-06,0.0
2021-10-07,-0.0034625983062068766
2021-10-08,-0.0047160270807460325
2021-10-11,-0.015960042952266273
2021-10-12,-0.002660892187839492
2021-10-13,0.0011433037887131903
2021-10-14,0.013832583432866086
2021-10-15,-0.002378223205524166
2021-10-18,-0.019071664339879724
2021-10-19,0.019186627153773284
2021-10-20,0.019703795108166222
2021-10-21,0.002584791297017164
2021-10-22,0.00896144747839811
2021-10-25,-0.010098628849131153
2021-10-26,0.005285101565949635
2021-10-27,0.0018340897785162902
2021-10-28,-0.04063950315652409
2021-10-29,0.004452343783074575
2021-11-01,0.010891485392790612
2021-11-02,0.005888335630324093
2021-11-03,-0.0031134049170605804
2021-11-04,-0.021614716823325053
2021-11-05,-0.0034476445107746168
2021-11-08,0.00896962066444651
2021-11-09,-0.013208078613744956
2021-11-10,0.016988608886496337
2021-11-11,0.001771929354199564
2021-11-12,0.0037896281189016
2021-11-15,0.0011326173106542825
2021-11-16,-0.003016860889821449
2021-11-17,0.003404278053270371
2021-11-18,-0.005905883600807238
2021-11-19,0.0018958008554035288
2021-11-22,-0.00012617563543215748
2021-11-23,-0.010599354118138837
2021-11-24,-0.010074974052516672
2021-11-26,-0.017134953799196606
2021-11-29,-0.0034080613354828815
2021-11-30,-0.019202826169449683
2021-12-01,0.006839228413786591
2021-12-02,0.019117631865245288
2021-12-03,0.023875224994244437
2021-12-06,0.01524638201458628
2021-12-07,0.008076833051727572
2021-12-08,0.009138429955608096
2021-12-09,-0.0006203703522349446
2021-12-10,0.0037242232536971454
2021-12-13,0.028938999936695575
2021-12-14,-0.00829326445301204
2021-12-15,0.002302678323874874
2021-12-16,0.01463097850710171
2021-12-17,-0.0033367727028343896
2021-12-20,-0.013392173577195798
2021-12-21,0.016482721301698033
2021-12-22,0.017288668973421073
2021-12-23,0.0026958947891997376
2021-12-27,0.012273360360317564
2021-12-28,0.0017320924753723155
2021-12-29,0.005072057703636723
2021-12-30,-0.008487109840362161
2021-12-31,-0.007056121484326994
2022-01-03,0.011999081126589983
2022-01-04,0.013007853841862538
2022-01-05,-0.0015908440207985652
2022-01-06,-0.012292482197086563
2022-01-07,0.007720748099306007
2022-01-10,-0.013035990462749725
2022-01-11,0.0005793041033639312
2022-01-12,0.0009265231269468543
2022-01-13,-0.006362856636922487
2022-01-14,-0.0017465072274168714
2022-01-18,0.0013995921304950087
2022-01-19,-0.0030281307032109517
2022-01-20,0.004556089271119834
2022-01-21,0.0033723124997342424
2022-01-24,-0.003708758624322961
2022-01-25,-0.010353636881347605
2022-01-26,-0.009404165793233332
2022-01-27,0.004271921479160445
2022-01-28,0.007798770397074994
2022-01-31,0.0017588913012385188
2022-02-01,-0.005969224574628895
2022-02-02,0.007300306344191654
2022-02-03,0.006428662525620021
2022-02-04,0.007084903314025226
2022-02-07,0.0018453749093412242
2022-02-08,0.01772767761827243
2022-02-09,0.011763161112691822
2022-02-10,-0.019004931873555453
2022-02-11,-0.020968587649247472
2022-02-14,-0.005354373207241081
2022-02-15,0.0016380260094490673
2022-02-16,-0.005374490543791799
2022-02-17,-0.027369844550238942
2022-02-18,-0.005434554073215914
2022-02-22,0.025622368076373414
2022-02-23,0.015155001918049527
2022-02-24,-0.009477994100798193
2022-02-25,0.019019272790036013
2022-02-28,-0.014954785078975297
2022-03-01,-0.009768058684968883
2022-03-02,0.012954691948801056
2022-03-03,-0.0004691825398013272
2022-03-04,0.009742635441853942
2022-03-07,-0.0120901820277024
2022-03-08,-0.05330674217764764
2022-03-09,-0.008825276896009648
2022-03-10,-0.009531024049894254
2022-03-11,-0.026968606102388715
2022-03-14,0.014833895206973535
2022-03-15,0.008719200145792527
2022-03-16,0.003686165519275919
2022-03-17,0.006079157439730087
2022-03-18,-0.004028178797130688
2022-03-21,-0.0008846854263385717
2022-03-22,-0.013156404424640722
2022-03-23,-0.01204975595451141
2022-03-24,0.007914850446639754
2022-03-25,-0.006050313220783088
2022-03-28,0.022147311762439337
2022-03-29,0.0074759665841064304
2022-03-30,-0.0016350623367515915
2022-03-31,-0.023179615727898062
2022-04-01,0.013412291201700288
2022-04-04,-0.03957744149603859
2022-04-05,0.013515236838477884
2022-04-06,0.0066676679285671
2022-04-07,0.013116853934276307
2022-04-08,0.0255096044170795
2022-04-11,-0.01537521143944054
2022-04-12,-0.008886481671217528
2022-04-13,0.0047392389485214625
2022-04-14,-0.02549721523146853
2022-04-18,-0.01923084424534205
2022-04-19,0.02054180000099426
2022-04-20,0.026793818929487845
2022-04-21,-0.00738265470453936
2022-04-22,-0.06283670658171914
2022-04-25,-0.0023262247757616095
2022-04-26,-0.03264308200678334
2022-04-27,0.007656215760699858
2022-04-28,-0.0037989052085919406
2022-04-29,0.003672306833630623
2022-05-02,-0.006332826073172315
2022-05-03,0.020393797509751233
2022-05-04,0.01596100495335584
2022-05-05,-0.002868928279056049
2022-05-06,-0.002739876810508801
2022-05-09,0.01140289441808684
2022-05-10,-0.015756976959122593
2022-05-11,-0.006348209528749704
2022-05-12,0.009027812767962606
2022-05-13,0.005230412687062591
2022-05-16,0.00903760461004377
2022-05-17,0.008820656321032017
2022-05-18,-0.02986262279907581
2022-05-19,0.006655485377731418
2022-05-20,0.008677685196128992
2022-05-23,0.0019117971900211028
2022-05-24,0.007223489956675877
2022-05-25,0.017456017555991687
2022-05-26,0.007447848427494019
2022-05-27,0.005412616024851102
2022-05-31,-0.0014442361708949525
2022-06-01,-0.020775892375993976
2022-06-02,0.001078284931927298
2022-06-03,-0.023161654626103756
2022-06-06,-0.0005515020954008909
2022-06-07,0.0011036128355930153
2022-06-08,0.0037199336152411444
2022-06-09,-0.011256154497348514
2022-06-10,0.01513286587051832
2022-06-13,-0.0211983952433199
2022-06-14,-0.05714682266220528
2022-06-15,0.0051869155336286
2022-06-16,-0.03744654542146131
2022-06-17,-0.022361881927196126
2022-06-21,0.002976551505741387
2022-06-22,0.011402745942931114
2022-06-23,0.005096616749366678
2022-06-24,0.026121662420950154
2022-06-27,-0.001048096426600864
2022-06-28,-0.02188582097475744
2022-06-29,0.008582201085582053
2022-06-30,-0.024008269661366266
2022-07-01,0.01961697065357293
2022-07-05,-0.0015269893253103684
2022-07-06,-0.004282134079662936
2022-07-07,0.0015359648809356585
2022-07-08,-0.0004601523791377682
2022-07-11,-0.010279146912322568
2022-07-12,0.0026352277579200223
2022-07-13,-0.013914564062602941
2022-07-14,-0.005644467981566148
2022-07-15,0.02349432017383246
2022-07-18,-0.00847348457285102
2022-07-19,0.014916079307493169
2022-07-20,0.00413363982920556
2022-07-21,0.006708459316631998
2022-07-22,0.001968751743422592
2022-07-25,0.0015112760849131934
2022-07-26,0.007244399010355895
2022-07-27,0.000899021441893133
2022-07-28,-0.10928148011328431
2022-07-29,-0.014117810189879454
2022-08-01,0.0001706048419847228
2022-08-02,0.0035793484105133277
2022-08-03,-0.011888677959337901
2022-08-04,-0.004640717851714382
2022-08-05,0.011742329101495086
2022-08-08,0.019115854669571553
2022-08-09,-0.012728081671736446
2022-08-10,0.016115270382414115
2022-08-11,0.0011686853749528492
2022-08-12,0.008170628920577405
2022-08-15,0.025802212557841875
2022-08-16,-0.0029023234950320553
2022-08-17,-0.0074384603803208105
2022-08-18,-0.00537637299233662
2022-08-19,0.003276018937298897
2022-08-22,-0.02579592679019882
2022-08-23,-0.016926499121939442
2022-08-24,0.0008523209747963723
2022-08-25,0.020609867191208053
2022-08-26,-0.04589459167390286
2022-08-29,-0.0031484692972651995
2022-08-30,-0.008948789894929976
2022-08-31,0.01735115894602024
2022-09-01,-0.007171605284735261
2022-09-02,-0.00968985563522995
2022-09-06,-0.0275752048053034
2022-09-07,0.07446021994729657
2022-09-08,-0.0005107909033513769
2022-09-09,0.014139826301072578
2022-09-12,0.004199571445285821
2022-09-13,-0.027601148231274797
2022-09-14,0.016858576350955
2022-09-15,-0.002368389934374049
2022-09-16,-0.013396616205647471
2022-09-19,0.004296947199259549
2022-09-20,-0.031661853781480676
2022-09-21,-0.0196181467730705
2022-09-22,-0.0018028982221556245
2022-09-23,0.0007225062895925838
2022-09-26,-0.009023660015524126
2022-09-27,-0.01110897251665266
2022-09-28,0.02320435524409814
2022-09-29,-0.004679676207893224
2022-09-30,-0.0260396604115668
2022-10-03,0.03267718746554138
2022-10-04,0.032901861734078386
2022-10-05,0.004525580611145497
2022-10-06,-0.025298872756098434
2022-10-07,-0.01119997034647413
2022-10-10,-0.011506663640176718
2022-10-11,0.015096390435011209
2022-10-12,-0.014513584018054804
2022-10-13,0.019636440486218598
2022-10-14,-0.028174128965813172
2022-10-17,0.013761572217490192
2022-10-18,0.006334824620259694
2022-10-19,-0.005035883967457799
2022-10-20,-0.005784680035256562
2022-10-21,0.026000134921426277
2022-10-24,0.0
2022-10-25,0.012050284519293353
2022-10-26,0.00910533421979598
2022-10-27,-0.06350870728287239
2022-10-28,0.019084615010221073
2022-10-31,-0.011818236362040713
2022-11-01,-0.011223360660225445
2022-11-02,-0.03368062527365878
2022-11-03,-0.028692559654054817
2022-11-04,0.0027755674228941984
2022-11-07,0.034796395728514895
2022-11-08,0.005922773786254387
2022-11-09,-0.018993390230975127
2022-11-10,0.04027093685114491
2022-11-11,0.02140338939133901
2022-11-14,-0.02186594950099674
2022-11-15,0.012295181615535666
2022-11-16,0.011041657791768245
2022-11-17,-0.011285188941245416
2022-11-18,0.012518442030556853
2022-11-21,0.01509112569244242
2022-11-22,-0.009134932030368526
2022-11-23,0.017715063256954044
2022-11-25,-0.005328665690271905
2022-11-28,-0.014464268490643084
2022-11-29,0.0027179189517714253
2022-11-30,0.02150337545182035
2022-12-01,-0.06863439614142486
2022-12-02,0.01603666521305902
2022-12-05,-0.036076761777471544
2022-12-06,0.004093729377035338
2022-12-07,0.016307442881341228
2022-12-08,0.005157518341513345
2022-12-09,-0.004560929006336756
2022-12-12,0.00477273907233422
2022-12-13,0.010260314973654427
2022-12-14,-0.016362545006944007
2022-12-15,-0.029445525083731106
2022-12-16,-0.020685512065047096
2022-12-19,0.004827923047629801
2022-12-20,-0.00040048241004253526
2022-12-21,0.00801154872059251
2022-12-22,-0.0037753293657245557
2022-12-23,0.0005982436426636983
2022-12-27,0.013354685550725831
2022-12-28,-0.009441390802836236
2022-12-29,0.015091352124306123
2022-12-30,-0.0029343540523096845
2023-01-03,0.0013733578667938229
2023-01-04,0.02527439287079747
2023-01-05,0.0045863602736320175
2023-01-06,-0.07837181516850589
2023-01-09,-0.07739926443253442
2023-01-10,0.023266140642424826
2023-01-11,-0.006558725495613649
2023-01-12,-0.007702558803046267
2023-01-13,-0.005544470137017421
2023-01-17,-0.0022301530719152085
2023-01-18,-0.016539928240121515
2023-01-19,-0.00818172993525923
2023-01-20,0.005499450709903986
2023-01-23,0.02871450631041328
2023-01-24,-0.005095262880900897
2023-01-25,0.027388129473868705
2023-01-26,0.00043355217732754525
2023-01-27,-0.0034662066524028257
2023-01-30,-0.018695752558299583
2023-01-31,0.01218441473903864
2023-02-01,0.012913118168021098
2023-02-02,0.015773473801974802
2023-02-03,-0.007019614182235179
2023-02-06,-0.032562317145859776
2023-02-07,0.009964577624154591
2023-02-08,0.0015348417767386824
2023-02-09,-0.12127862412035373
2023-02-10,0.02017969379909701
2023-02-13,-0.010989315610775097
2023-02-14,-0.014567812162434413
2023-02-15,0.003758561531711946
2023-02-16,-0.00649037050204837
2023-02-17,0.030150775422172815
2023-02-21,-0.007317078271823041
2023-02-22,0.007616612638994047
2023-02-23,-0.005156949266185373
2023-02-24,-0.00863990244554702
2023-02-27,-0.008466241342193093
2023-02-28,0.003264923948429921
2023-03-01,-0.022277830618948058
2023-03-02,0.014336746795046373
2023-03-03,0.008076619463255996
2023-03-06,-0.005758525642021284
2023-03-07,-0.018131283800506215
2023-03-08,0.01154123317371436
2023-03-09,-0.011409552863706485
2023-03-10,-0.024878310014402105
2023-03-13,0.023145744813809932
2023-03-14,0.01208219209207484
2023-03-15,-0.028956148234470458
2023-03-16,0.003662241475892225
2023-03-17,-0.020588922126899223
2023-03-20,0.01623183896396574
2023-03-21,0.037182569084244
2023-03-22,-0.011360686572835177
2023-03-23,-0.026557633374433287
2023-03-24,0.029118268636587397
2023-03-27,0.02141219337810596
2023-03-28,-0.005490425348600336
2023-03-29,0.01731510207644682
2023-03-30,-0.005673297398215982
2023-03-31,0.006201834197995915
2023-04-03,-0.014299951618771956
2023-04-04,0.013006721040075275
2023-04-05,0.04345674607536498
2023-04-06,0.0009465445989345067
2023-04-10,-0.0030735046473986394
2023-04-11,0.01707407238263725
2023-04-12,-0.005129619696892629
2023-04-13,0.01195224612605994
2023-04-14,-0.0030107735270143987
2023-04-17,-0.0018581615295202303
2023-04-18,-0.0034907511512232148
2023-04-19,0.01868274499644751
2023-04-20,-0.008482229581702416
2023-04-21,0.047167558812387655
2023-04-24,0.002428717195084973
2023-04-25,0.0008809895231458587
2023-04-26,0.014084674183834522
2023-04-27,0.015624852897247798
2023-04-28,0.01880353327753581
2023-05-01,-0.006292014828250259
2023-05-02,-0.007809093811556034
2023-05-03,-0.010848890539446598
2023-05-04,-0.02602140179601542
2023-05-05,0.016780708053869775
2023-05-08,-0.009554801018317072
2023-05-09,-0.055470178405451986
2023-05-10,0.0176412724800441
2023-05-11,-0.010492588924124635
2023-05-12,-0.02097731511489176
2023-05-15,0.008241169187119368
2023-05-16,0.004436955464556691
2023-05-17,-0.005347489233755609
2023-05-18,0.005843758224596929
2023-05-19,-0.0009295126046714453
2023-05-22,-0.009537004971318153
2023-05-23,-0.0018789573629124368
2023-05-24,-0.00894110948976412
2023-05-25,-0.01851839373839359
2023-05-26,-0.0012096588720789114
2023-05-30,-0.02325016209362807
2023-05-31,0.009670206072070364
2023-06-01,0.01978743728930077
2023-06-02,0.0024252900340302475
2023-06-05,0.007742638148132919
2023-06-06,-0.016566813967399452
2023-06-07,0.028808550368550456
2023-06-08,-0.018984007358718524
2023-06-09,0.015239546614213006
2023-06-12,0.017631377854057995
2023-06-13,0.017794525097919678
2023-06-14,-0.00046015569357238384
2023-06-15,0.0232450861857314
2023-06-16,0.02024302348501461
2023-06-20,-0.009259301989169355
2023-06-21,-0.0022252506922892934
2023-06-22,0.009143587970170008
2023-06-23,-0.004640728111692027
2023-06-26,-0.007326969195590394
2023-06-27,0.015432695121347262
2023-06-28,-0.007048352919332701
2023-06-29,-0.008429371066368652
2023-06-30,0.019239347168924725
2023-07-03,-0.01931514012296842
2023-07-05,0.010295159994518466
2023-07-06,0.010412216991757761
2023-07-07,-0.006796749408347069
2023-07-10,0.007726305802998157
2023-07-11,0.008324118948587422
2023-07-12,0.007604035347552607
2023-07-13,0.007330617633980907
2023-07-14,0.00299650297410059
2023-07-17,-0.006615530298637373
2023-07-18,0.010741177294673054
2023-07-19,0.017003317209163704
2023-07-20,0.030094049847352977
2023-07-21,-0.014810339257076977
2023-07-24,-0.005766255031318224
2023-07-25,0.010770604860146138
2023-07-26,0.0030737731964205484
2023-07-27,-0.07088861991565332
2023-07-28,0.03364124204747654
2023-07-31,-0.03786442119483446
2023-08-01,-0.00508494111416935
2023-08-02,-0.0242224602168144
2023-08-03,0.000683271330409907
2023-08-04,-0.0004552337312345722
2023-08-07,-0.008651913700288616
2023-08-08,-0.01768506167027306
2023-08-09,0.004910007202134414
2023-08-10,0.00023274774873915938
2023-08-11,0.0058153733210477565
2023-08-14,-0.009944435465671808
2023-08-15,-0.010745430443947601
2023-08-16,-0.006375297116221312
2023-08-17,-0.007842269523737344
2023-08-18,0.0009582261419480709
2023-08-21,0.005742985988593796
2023-08-22,-0.009992908592096894
2023-08-23,-0.004806476485686106
2023-08-24,0.0012074711756477896
2023-08-25,0.0016882849935369038
2023-08-28,0.0028895187046658055
2023-08-29,0.016326537318704037
2023-08-30,-0.008504442277026403
2023-08-31,-0.025912101026088763
2023-09-01,0.0
2023-09-05,-0.03965489874498607
2023-09-06,0.016670632959907117
2023-09-07,-0.016901837991175173
2023-09-08,-0.0076982844509077
2023-09-11,0.0007757697659240836
2023-09-12,-0.009560685904217325
2023-09-13,0.02034955425704732
2023-09-14,0.0010226887668294271
2023-09-15,-0.0017880045420012314
2023-09-18,-0.008955933847065056
2023-09-19,0.005938492241056137
2023-09-20,-0.012576864860782577
2023-09-21,-0.009357946034192266
2023-09-22,-0.010758537753593034
2023-09-25,-0.0053049022441834515
2023-09-26,-0.004800056117566287
2023-09-27,0.0002680154994798567
2023-09-28,0.005625532313183967
2023-09-29,0.00532751144716892
2023-10-02,-0.010333843908164275
2023-10-03,-0.015260974109968295
2023-10-04,0.004894021383219149
2023-10-05,0.001623215255519339
2023-10-06,-0.01080490587822902
2023-10-09,-0.0035500386346035695
2023-10-10,0.022746019435643028
2023-10-11,-0.1227222833463717
2023-10-12,-0.031460075016783384
2023-10-13,0.00409960303139667
2023-10-16,0.0043970714817134215
2023-10-17,-0.004377821885946709
2023-10-18,0.006909531294817972
2023-10-19,0.017155355549538287
2023-10-20,0.0024531959187283903
2023-10-23,0.004894507244630253
2023-10-24,-0.008523577248238823
2023-10-25,-0.012588269041202249
2023-10-26,0.009017470334888866
2023-10-27,-0.008936882264185098
2023-10-30,-0.0037312834488836266
2023-10-31,0.01217219789870505
2023-11-01,0.011100963019513133
2023-11-02,0.04452569152371311
2023-11-03,-0.0084670318594543
2023-11-06,0.015606475815165721
2023-11-07,-0.008118338578069095
2023-11-08,-0.0046770369440694015
2023-11-09,-0.03582958860993568
2023-11-10,-0.00030460978165758323
2023-11-13,0.02711755667373894
2023-11-14,0.018985397763591427
2023-11-15,0.02794785134701061
2023-11-16,0.003964790028823106
2023-11-17,0.00028192784970126894
2023-11-20,0.0045122799651906575
2023-11-21,0.002246005377528615
2023-11-22,0.004761785848303557
2023-11-24,0.00418196513465019
2023-11-27,0.011104650459445642
2023-11-28,-0.0021964504877141078
2023-11-29,0.0016511291406526851
2023-11-30,-0.0008309581212921913
2023-12-01,0.013026642452184545
2023-12-04,0.009302310945729086
2023-12-05,-0.029547310485637857
2023-12-06,0.003631445452877635
2023-12-07,0.016698998263199982
2023-12-08,-0.010402284038287024
2023-12-11,0.007468702407989802
2023-12-12,0.007413552205592033
2023-12-13,0.025620127898507983
2023-12-14,0.03507833759466794
2023-12-15,-0.0064184241977962575
2023-12-18,-0.009560759076885028
2023-12-19,0.009392105991510524
2023-12-20,-0.0023262300323123597
2023-12-21,0.008031127077403166
2023-12-22,-0.013621104593824263
2023-12-26,0.005211038805034374
2023-12-27,0.0020736098605638187
2023-12-28,0.0036213080758524807
2023-12-29,-0.0036082415216903696
2024-01-02,0.004914683680519394
2024-01-03,-0.018532787317002697
2024-01-04,0.013113011852103229
2024-01-05,0.013719832235707718
2024-01-08,0.038559743007288594
2024-01-09,-0.00024583233259778403
2024-01-10,-0.00909988611487067
2024-01-11,-0.006205052789901466
2024-01-12,-0.0009989003676864616
2024-01-16,-0.02375000954291473
2024-01-17,-0.009219036174776929
2024-01-18,0.0038770158857914794
2024-01-19,-0.006179288717582887
2024-01-22,0.003108906242214049
2024-01-23,-0.007748023611775734
2024-01-24,-0.014055157831367793
2024-01-25,0.02930306863130938
2024-01-26,-0.005129410587199512
2024-01-29,0.007476192155846384
2024-01-30,-0.009723728513759688
2024-01-31,-0.00025844874798386375
2024-02-01,0.012923317949846469
2024-02-02,-0.005358450278416527
2024-02-05,-0.011544514379339788
2024-02-06,0.030625437773503794
2024-02-07,-0.0083100866363085
2024-02-08,0.027425041924798332
2024-02-09,-0.022491459032664807
2024-02-12,0.019216152180967283
2024-02-13,-0.017117265314611663
2024-02-14,0.000504894847439985
2024-02-15,0.0327949005341841
2024-02-16,0.00683955766501243
2024-02-20,0.01334296614631958
2024-02-21,0.011012575288471549
2024-02-22,-0.005209464674726383
2024-02-23,0.012854155529032463
2024-02-26,-0.012925993762140542
2024-02-27,-0.0035715641400003717
2024-02-28,-0.00692945193809158
2024-02-29,-0.008480757098875524
2024-03-01,0.0021994133486191725
2024-03-04,0.03633258880834811
2024-03-05,-0.002117646949807206
2024-03-06,0.013676122279442815
2024-03-07,0.011630599815795284
2024-03-08,0.006438150084772554
2024-03-11,-0.006625502421412133
2024-03-12,-0.013569446201856628
2024-03-13,-0.004896368239947324
2024-03-14,-0.015463764371528188
2024-03-15,-0.00975724691707347
2024-03-18,-0.001682329764081003
2024-03-19,0.009869993448951675
2024-03-20,-0.002860485477051422
2024-03-21,0.004303036990395359
2024-03-22,-0.0016662177859326777
2024-03-25,-0.0035765062750838794
2024-03-26,-0.005982333546405871
2024-03-27,0.02768419964865143
2024-03-28,0.0011713163383453296
2024-04-01,0.01895170556688619
2024-04-02,-0.014695820719143993
2024-04-03,0.008622769703160005
2024-04-04,-0.015018533170211734
2024-04-05,-0.00023464842690867904
2024-04-08,-0.008681257400898978
2024-04-09,0.013727819586016876
2024-04-10,-0.019378988900729976
2024-04-11,0.0028571739342022617
2024-04-12,-0.042497642635180854
2024-04-15,-0.007190730619165642
2024-04-16,-0.011738119410495407
2024-04-17,-0.0012636717801399744
2024-04-18,0.0032894845016051555
2024-04-19,-0.004539821496129748
2024-04-22,0.023562332436334543
2024-04-23,0.01534645700684667
2024-04-24,-0.002194051588486401
2024-04-25,-0.01710241193214268
2024-04-26,-0.0024855875373496206
2024-04-29,0.012708662499141266
2024-04-30,-0.006643797119987638
2024-05-01,-0.0007430610564597151
2024-05-02,-0.08502724191399524
2024-05-03,-0.0005419178064652863
2024-05-06,-0.01030084686006727
2024-05-07,-0.010682040117570346
2024-05-08,-0.010243498703780385
2024-05-09,0.005594245516027607
2024-05-10,-0.0072322912932940575
2024-05-13,-0.007284868033973879
2024-05-14,-0.005362661889975695
2024-05-15,0.0053915750842066235
2024-05-16,-0.007338437930898389
2024-05-17,0.0022746906789079535
2024-05-20,-0.006524809795459774
2024-05-21,-0.016276449539756488
2024-05-22,-0.0029028463853201236
2024-05-23,-0.01018902509771591
2024-05-24,-0.0029411502385456867
2024-05-28,-0.001475029231647662
2024-05-29,-0.019497705016294997
2024-05-30,0.007231052911358837
2024-05-31,0.02866637584597065
2024-06-03,-0.0002935194725490753
2024-06-04,-0.022887265052473293
2024-06-05,-0.003303318653480325
2024-06-06,0.003916753750075941
2024-06-07,-0.004801794457139019
2024-06-10,-0.008142463441328074
2024-06-11,-0.000607982542520813
2024-06-12,0.01338600969990722
2024-06-13,0.012909150256705137
2024-06-14,0.0011854472208119304
2024-06-17,0.0038484595240271258
2024-06-18,-0.005308172416476853
2024-06-20,0.008004749213692097
2024-06-21,0.008529315683200034
2024-06-24,-0.002916253851392825
2024-06-25,-0.0067270928517629835
2024-06-26,-0.0017667090984944123
2024-06-27,-0.011209459639208275
2024-06-28,-0.0020884104227880673
2024-07-01,-0.011659046279626883
2024-07-02,-0.006352169841511657
2024-07-03,0.00943686723342152
2024-07-05,0.05277437134907759
2024-07-08,-0.03723866572966483
2024-07-09,0.011901255057493287
2024-07-10,0.007056906380625172
2024-07-11,0.02832105808974905
2024-07-12,0.00283924858234319
2024-07-15,-0.03822199918978797
2024-07-16,0.04621731205509105
2024-07-17,0.003939201835980066
2024-07-18,0.0
2024-07-19,-0.009248922255678749
2024-07-22,0.0002829470090612851
2024-07-23,-0.002545250711004088
2024-07-24,0.006237624814482867
2024-07-25,-0.011270812799211494
2024-07-26,0.011969156558303329
2024-07-29,0.014362309500266068
2024-07-30,-0.0030538729592750613
2024-07-31,-0.0025063760166320614
2024-08-01,0.005304254880635018
2024-08-02,-0.020549767480789294
2024-08-05,-0.01786221880213512
2024-08-06,0.06581975979047061
2024-08-07,-0.008938076070824863
2024-08-08,0.02268382030103755
2024-08-09,-0.0072153974384133734
2024-08-12,-0.005922070333846174
2024-08-13,-0.06552937197860287
2024-08-14,0.029556635199712966
2024-08-15,0.005629172364422619
2024-08-16,0.010915168047324952
2024-08-19,0.009412953901190901
2024-08-20,-0.0065824900880916415
2024-08-21,-0.0011042792031727977
2024-08-22,0.008568191382603452
2024-08-23,0.028774956391044437
2024-08-26,0.010388891864360872
2024-08-27,-0.000527093110828214
2024-08-28,-0.002374148209708493
2024-08-29,0.008989947329390402
2024-08-30,0.0018483876099613106
2024-09-03,-0.0023722158885975952
2024-09-04,-0.008454237569889833
2024-09-05,0.03437245463113903
2024-09-06,0.0036062080312857514
2024-09-09,0.0069302300095694935
2024-09-10,-0.0005098025892678049
2024-09-11,0.0015303854836297148
2024-09-12,0.002801057714752808
2024-09-13,0.00863382822365355
2024-09-16,0.013595057569961488
2024-09-17,-0.011177195003876816
2024-09-18,-0.011052641259904572
2024-09-19,-0.015493981620849362
2024-09-20,-0.006965888955005717
2024-09-23,0.013250200740027918
2024-09-24,-0.0005128090501558269
2024-09-25,-0.01641870663871836
2024-09-26,0.009650482150210582
2024-09-27,0.005166508295138428
2024-09-30,-0.02415817592020786
2024-10-01,-0.027916764793154858
2024-10-02,-0.025467308456961546
2024-10-03,-0.024742933187133054
2024-10-04,0.035347761020945834
2024-10-07,-0.015143154213266508
2024-10-08,0.03774103993926636
2024-10-09,0.01939664237698291
2024-10-10,-0.021406056197770362
2024-10-11,-0.013232429921356204
2024-10-14,0.010125982061213179
2024-10-15,-0.007044213915356035
2024-10-16,0.003001297309731532
2024-10-17,-0.0029923164783350886
2024-10-18,0.005729960835453962
2024-10-21,-0.007867746349794369
2024-10-22,0.0005469901398749144
2024-10-23,-0.0032795113134246323
2024-10-24,0.007128987440718326
2024-10-25,-0.02069138872667986
2024-10-28,0.0011119051837744642
2024-10-29,-0.0005552813159941383
2024-10-30,-0.0036121412470596637
2024-10-31,-0.004461804128127689
2024-11-01,0.004761689776931144
2024-11-04,-0.0019513402746004216
2024-11-05,0.008379917893427624
2024-11-06,0.0002768948029421292
2024-11-07,-0.0019383708371860653
2024-11-08,-0.03884582588163654
2024-11-11,-0.012124553296953944
2024-11-12,-0.01139692812129911
2024-11-13,-0.03547148453488769
2024-11-14,-0.028501336560440405
2024-11-15,0.008201831518709568
2024-11-18,0.03316632440544742
2024-11-19,-0.015142236846258261
2024-11-20,0.00338257760467231
2024-11-21,0.011032901839956866
2024-11-22,0.006668420453064039
2024-11-25,0.006323489729156195
2024-11-26,-0.016457192726922032
2024-11-27,0.013386121724633382
2024-11-29,0.01719964505973426
2024-12-02,-0.004746279091227268
2024-12-03,-0.012518570764334824
2024-12-04,-0.00332033765569828
2024-12-05,-0.033918797119573685
2024-12-06,-0.0031347988897763024
2024-12-09,0.0015723283781423625
2024-12-10,-0.012872816042574287
2024-12-11,-0.013994959217970782
2024-12-12,-0.005161257512288464
2024-12-13,-0.016861220816955624
2024-12-16,-0.029683402214950028
2024-12-17,0.007477899550653921
2024-12-18,-0.024628914356378373
2024-12-19,-0.0003458613865161553
2024-12-20,0.020761263673770625
2024-12-23,-0.010847453773618398
2024-12-24,-0.0034270076950807526
2024-12-26,0.007565330164107209
2024-12-27,-0.003412906423479911
2024-12-30,-0.01952068221270309
2024-12-31,0.01851214827544334
