Date,BR
2015-01-05,-0.014912105855515723
2015-01-06,0.007569023679130371
2015-01-07,0.01634995612342882
2015-01-08,0.01500038220966693
2015-01-09,0.0004283751280111936
2015-01-12,-0.000642533243822907
2015-01-13,0.0021424333680701846
2015-01-14,-0.008336704905512415
2015-01-15,-0.009701116435859913
2015-01-16,0.01784972528392159
2015-01-20,-0.005560345242276887
2015-01-21,0.0010752646773084518
2015-01-22,0.019764033122261937
2015-01-23,0.0035812135646116072
2015-01-26,0.018261329487226696
2015-01-27,-0.007008687805276859
2015-01-28,-0.007680833804741161
2015-01-29,0.01297067818685349
2015-01-30,-0.008880573348799325
2015-02-02,0.010001832759017892
2015-02-03,0.017743207170928033
2015-02-04,0.0014191206830465042
2015-02-05,0.03076874898769577
2015-02-06,0.009230419166038395
2015-02-09,-0.008561800157608324
2015-02-10,0.01687927752731455
2015-02-11,-0.0005791958896850247
2015-02-12,0.021243993687831253
2015-02-13,-0.0054844737082431205
2015-02-17,-0.0011409492635024998
2015-02-18,0.008376343671631759
2015-02-19,-0.001321601441230169
2015-02-20,0.0172024268770814
2015-02-23,-0.005017736707109699
2015-02-24,0.0011203614788393157
2015-02-25,0.0029851150200659315
2015-02-26,-0.011718518515988485
2015-02-27,0.0018821683471021977
2015-03-02,0.02630102670229717
2015-03-03,-0.01098301630155063
2015-03-04,-0.01184525803100811
2015-03-05,0.0009367591692344135
2015-03-06,-0.008982324233841266
2015-03-09,0.0020769097150592497
2015-03-10,-0.022046373382218043
2015-03-11,-0.0021304731964324475
2015-03-12,0.02173924990329601
2015-03-13,-0.014817676345790343
2015-03-16,0.019668455569971544
2015-03-17,0.004727769805470183
2015-03-18,0.016751081468398876
2015-03-19,-0.0011104628151348273
2015-03-20,-0.0003707632408007644
2015-03-23,-0.00333734486362558
2015-03-24,-0.007812363955755686
2015-03-25,-0.015185702195858908
2015-03-26,0.004188378356292599
2015-03-27,0.014407508692387605
2015-03-30,0.018874988553565952
2015-03-31,0.008987675722327948
2015-04-01,-0.001999403126075272
2015-04-02,0.009653377430230092
2015-04-06,0.001804324133100943
2015-04-07,-0.019088872302582494
2015-04-08,0.001836291621520214
2015-04-09,-0.005864726675803289
2015-04-10,-0.0018429812625188058
2015-04-13,-0.002585561822706861
2015-04-14,-0.0016660872070882737
2015-04-15,-0.0005567691534644759
2015-04-16,-0.002041042356925149
2015-04-17,-0.022127417698622587
2015-04-20,0.010648863970084577
2015-04-21,0.008278264617152642
2015-04-22,-0.0007464759051467595
2015-04-23,0.005975841992512443
2015-04-24,0.013179890638340908
2015-04-27,-0.014840445879377495
2015-04-28,0.007996731937329304
2015-04-29,0.003505686123808749
2015-04-30,-0.008641157261354504
2015-05-01,0.007789347822091619
2015-05-04,-0.0009202160885874999
2015-05-05,-0.00847311280573737
2015-05-06,-0.0009289346341359028
2015-05-07,0.005950369826234647
2015-05-08,-0.05674669065284421
2015-05-11,0.003919171725406567
2015-05-12,0.003903782641832443
2015-05-13,0.0019441236055941502
2015-05-14,0.003493341347012402
2015-05-15,0.020112319046001748
2015-05-18,0.01952593838959915
2015-05-19,0.007251408219943967
2015-05-20,0.006830636448972749
2015-05-21,-0.0067842953935768335
2015-05-22,-0.001661082375910894
2015-05-26,-0.004068080220961168
2015-05-27,0.015967421454410324
2015-05-28,-0.002740810020271933
2015-05-29,-0.007147096921800933
2015-06-01,0.0018456145183285422
2015-06-02,-0.00865883721998495
2015-06-03,0.007805187622466514
2015-06-04,-0.011432817460932276
2015-06-05,-0.0011192110069235817
2015-06-08,-0.013818926743042081
2015-06-09,-0.004354854818716336
2015-06-10,0.004183785719856559
2015-06-11,0.0032199904758165587
2015-06-12,-0.01548048791590173
2015-06-15,-0.005011553605260732
2015-06-16,0.005617737730538419
2015-06-17,-0.002696996861569767
2015-06-18,0.010430696209307477
2015-06-19,-0.003058675786793308
2015-06-22,0.009588003248646837
2015-06-23,-0.006458023708757699
2015-06-24,-0.01319028421654167
2015-06-25,-0.001162411955523135
2015-06-26,-0.017067638890712278
2015-06-29,-0.012627843106812309
2015-06-30,-0.0005998296472907727
2015-07-01,0.03279332009894098
2015-07-02,0.0029039908060228825
2015-07-06,0.004826350147576708
2015-07-07,0.007300892737676756
2015-07-08,-0.006294408995087597
2015-07-09,0.01612279623872337
2015-07-10,0.011900575416021075
2015-07-13,0.0022400287385833106
2015-07-14,0.00018598390435387024
2015-07-15,-0.0020478959089880178
2015-07-16,0.003358703611615166
2015-07-17,-0.009857012236902829
2015-07-20,0.001690477791434386
2015-07-21,-0.003750069320315075
2015-07-22,-0.0013176615125095603
2015-07-23,0.01036563819961911
2015-07-24,-0.009326630971922878
2015-07-27,-0.012238681185165134
2015-07-28,0.014106194598301869
2015-07-29,0.020864496948901134
2015-07-30,0.0
2015-07-31,-0.0007366139281430595
2015-08-03,0.0005527421300168811
2015-08-04,0.000737084353656936
2015-08-05,0.0003678527157855438
2015-08-06,-0.004782917585577251
2015-08-07,0.03604406877184463
2015-08-10,0.019268813948263297
2015-08-11,-0.01540375403136951
2015-08-12,-0.0076443263349585955
2015-08-13,0.0064492122702526355
2015-08-14,0.002136043014884681
2015-08-17,0.007637456094250039
2015-08-18,-0.007403149481701066
2015-08-19,-0.009767532595150508
2015-08-20,-0.025465879802904934
2015-08-21,-0.026868045963865606
2015-08-24,-0.03555218363818624
2015-08-25,-0.007647263650702785
2015-08-26,0.03517099873270446
2015-08-27,0.01813299466045648
2015-08-28,0.0035619920071086053
2015-08-31,-0.013823808103280988
2015-09-01,-0.03371875967879501
2015-09-02,0.014507000746239118
2015-09-03,0.000193395037147992
2015-09-04,-0.018547061696711165
2015-09-08,0.040157730926828394
2015-09-09,-0.005110080466830036
2015-09-10,-0.0036139917999891136
2015-09-11,0.012672473727375344
2015-09-14,-0.006067325888764463
2015-09-15,0.008584384404775047
2015-09-16,0.03726132049639608
2015-09-17,-0.00164114686720096
2015-09-18,-0.01022813758794161
2015-09-21,0.014947236809202291
2015-09-22,0.001454462193098971
2015-09-23,0.0021787707298126513
2015-09-24,-0.0025364548385512498
2015-09-25,0.0072647977132642705
2015-09-28,-0.015326240304123773
2015-09-29,0.007141616446015631
2015-09-30,0.006363497942974972
2015-10-01,-0.006865458780724976
2015-10-02,0.03383713192740179
2015-10-05,0.009501596197263096
2015-10-06,-0.013072977115440199
2015-10-07,-0.002649148952821534
2015-10-08,0.010270952206576922
2015-10-09,0.0049079319378753095
2015-10-12,0.002965453857126654
2015-10-13,-0.008173895679214893
2015-10-14,-0.009293632745990932
2015-10-15,0.01380544053509003
2015-10-16,0.01204605031461825
2015-10-19,0.008625319789247854
2015-10-20,-0.002394446028553099
2015-10-21,-0.008057509232167415
2015-10-22,0.021085377852191334
2015-10-23,0.009816900932491324
2015-10-26,-0.002514160560575962
2015-10-27,-0.00655358191939448
2015-10-28,0.013193476563055029
2015-10-29,-0.0025040871359282013
2015-10-30,-0.0028451956102221176
2015-11-02,0.0010068022074138927
2015-11-03,-0.005700812288688573
2015-11-04,-0.006239276018209838
2015-11-05,-0.027150836918301113
2015-11-06,-0.002791015394942753
2015-11-09,-0.004023076732846742
2015-11-10,0.0014052248280396196
2015-11-11,-0.0014032529421652562
2015-11-12,-0.010010303183959901
2015-11-13,-0.02909358487082625
2015-11-16,0.007856858888922735
2015-11-17,-0.003988209711224711
2015-11-18,0.003458098722342706
2015-11-19,0.005260340695199428
2015-11-20,0.00775871104690018
2015-11-23,-0.017009503012657246
2015-11-24,0.00327837668437847
2015-11-25,-0.0032676640507421917
2015-11-27,0.003642613335027134
2015-11-30,-0.002177488156495877
2015-12-01,0.004182914134090998
2015-12-02,-0.010142920478767081
2015-12-03,-0.011162148160368535
2015-12-04,0.016839567605140493
2015-12-07,-0.005459484110974411
2015-12-08,-0.009148979290239168
2015-12-09,-0.029178411603998033
2015-12-10,0.011287425733667256
2015-12-11,-0.0035943942912470828
2015-12-14,0.009683126139264697
2015-12-15,0.009025781589327764
2015-12-16,0.014535761810730241
2015-12-17,-0.010469896747221541
2015-12-18,-0.005940088221344175
2015-12-21,0.005788975149106479
2015-12-22,0.005941273699011207
2015-12-23,0.008305378779915884
2015-12-24,-0.0005489229083525116
2015-12-28,0.002747355793432993
2015-12-29,0.0016437330442349296
2015-12-30,-0.005470664707054929
2015-12-31,-0.014851304148905231
2016-01-04,-0.024939501051161606
2016-01-05,0.010307697279801742
2016-01-06,-0.007746508810248409
2016-01-07,-0.0321780014971762
2016-01-08,-0.006885925120633796
2016-01-11,0.003763860021952281
2016-01-12,0.011841239429269068
2016-01-13,-0.03179229639207093
2016-01-14,0.02195786590479365
2016-01-15,-0.006307758855907841
2016-01-19,0.007934994059712874
2016-01-20,-0.011218242932259481
2016-01-21,-0.0019901032990731204
2016-01-22,0.03410416180733722
2016-01-25,-0.006171851409903284
2016-01-26,0.010867836292784316
2016-01-27,0.002303532404907882
2016-01-28,0.0030646045231346175
2016-01-29,0.0227228113229343
2016-02-01,0.005601321327878495
2016-02-02,-0.024508233479631825
2016-02-03,0.008374602276914
2016-02-04,-0.004718459032880817
2016-02-05,-0.02351624999201496
2016-02-08,0.008933614870581641
2016-02-09,0.005197501153487272
2016-02-10,0.025086054556305193
2016-02-11,-0.002428160724254891
2016-02-12,0.017790055927031423
2016-02-16,0.013431167096917163
2016-02-17,0.006354443246450181
2016-02-18,0.001623730710905713
2016-02-19,0.004142861164401657
2016-02-22,0.006995374763094864
2016-02-23,0.006769099963464198
2016-02-24,-0.014154464831801827
2016-02-25,0.016151827240543426
2016-02-26,-0.0008830078107958661
2016-02-29,-0.007777844290364544
2016-03-01,0.025298672327391802
2016-03-02,-0.002259327853280313
2016-03-03,0.0015677701988661141
2016-03-04,-0.00017391533876276455
2016-03-07,-0.0036522325412755574
2016-03-08,-0.01344016331016662
2016-03-09,0.0031843552912194095
2016-03-10,-0.010638251526270848
2016-03-11,0.0071684539030714145
2016-03-14,0.00017782254740605907
2016-03-15,-0.0010675403669662131
2016-03-16,0.007658351713557776
2016-03-17,0.014139261389127133
2016-03-18,0.010456324978052267
2016-03-21,-0.00500154333425229
2016-03-22,-0.0015601524050600224
2016-03-23,-0.005034616722515928
2016-03-24,-0.00593253012724404
2016-03-28,0.013866891796996628
2016-03-29,0.021814269025532296
2016-03-30,0.0027109590111171755
2016-03-31,0.002196798114472154
2016-04-01,0.001854609799799789
2016-04-04,-0.00740485672590907
2016-04-05,-0.006781955183362776
2016-04-06,0.014339301362960688
2016-04-07,-0.013463321186130361
2016-04-08,0.004946630982151756
2016-04-11,0.002546455233303435
2016-04-12,-0.009143167491733273
2016-04-13,0.020677104855682416
2016-04-14,-0.0003352249634744897
2016-04-15,-0.0020097048821590136
2016-04-18,0.012921643601219168
2016-04-19,0.011431380115759282
2016-04-20,-0.01015543196698454
2016-04-21,-0.009598047965917789
2016-04-22,0.0038429550774943255
2016-04-25,-0.0028293933300646
2016-04-26,0.00784509651640164
2016-04-27,0.004968547135200119
2016-04-28,-0.015655712154233004
2016-04-29,0.0018413439035653845
2016-05-02,0.019050903917916973
2016-05-03,-0.012135083213265507
2016-05-04,-0.010956384484337445
2016-05-05,-0.007720740266688231
2016-05-06,0.018944764518315838
2016-05-09,0.001825903399839346
2016-05-10,0.017067112397340933
2016-05-11,-0.0029325745846107143
2016-05-12,0.0004901756463948637
2016-05-13,0.008492701602800468
2016-05-16,0.010202436847276841
2016-05-17,-0.005450499655991203
2016-05-18,0.018375122414885592
2016-05-19,-0.008388758355295067
2016-05-20,0.018196355865645497
2016-05-23,-0.0034488595533430644
2016-05-24,0.028157912509187755
2016-05-25,-0.008108757443001213
2016-05-26,-0.00539901504445961
2016-05-27,0.0017062540894809963
2016-05-31,-0.006193180674587073
2016-06-01,-0.0003115156824761156
2016-06-02,0.0004676976064157401
2016-06-03,0.0021804783343886136
2016-06-06,0.001709758377895998
2016-06-07,-0.010240486033530005
2016-06-08,0.0
2016-06-09,-0.00015673451001874117
2016-06-10,-0.0037629883968162137
2016-06-13,-0.006137680744700003
2016-06-14,0.017893744801270817
2016-06-15,-0.003594927819970839
2016-06-16,0.011137360429884335
2016-06-17,-0.01597903777828591
2016-06-20,0.009459433123816918
2016-06-21,0.003747955187317187
2016-06-22,-0.0006220500017227737
2016-06-23,0.01370067950258469
2016-06-24,-0.036553485397366026
2016-06-27,-0.01801354911276931
2016-06-28,0.02175290828236265
2016-06-29,0.011757423338099926
2016-06-30,0.023869189184659856
2016-07-01,0.002607520138820485
2016-07-05,0.0015298062580979543
2016-07-06,0.002596494440459285
2016-07-07,0.0007618246071923185
2016-07-08,0.014157350343264152
2016-07-11,0.0055538783938913205
2016-07-12,-0.0002984295344877763
2016-07-13,-0.0025386698140373865
2016-07-14,0.005538846880894788
2016-07-15,-0.006997082154911682
2016-07-18,-0.0007497176892242718
2016-07-19,0.005701689104465224
2016-07-20,0.008205164605463722
2016-07-21,-0.0029596888951264333
2016-07-22,0.00994361798736465
2016-07-25,-0.006465600468899657
2016-07-26,0.0112409327321088
2016-07-27,-0.002778897135280123
2016-07-28,-0.007773676860784562
2016-07-29,0.0004435399827829034
2016-08-01,0.013593190698278246
2016-08-02,-0.007579918259520091
2016-08-03,-0.0014688452175205535
2016-08-04,0.00441275605242164
2016-08-05,0.007030054948536479
2016-08-08,-0.003926707326473711
2016-08-09,0.0020440345179804087
2016-08-10,0.01282243410884365
2016-08-11,-0.005610704683090995
2016-08-12,-0.009259191949746004
2016-08-15,-0.007155554681132048
2016-08-16,-0.013678889066705335
2016-08-17,-0.006262670105900203
2016-08-18,0.0039015620260418604
2016-08-19,0.0014948864395434303
2016-08-22,0.016119560006878197
2016-08-23,0.00396579717918244
2016-08-24,0.0002926216282643779
2016-08-25,0.010384898845490875
2016-08-26,-0.0011581815423337138
2016-08-29,0.0004344752992222478
2016-08-30,0.00043486634832734516
2016-08-31,0.003475100638649309
2016-09-01,0.012265870723533245
2016-09-02,0.010975775720853287
2016-09-06,0.004230704530773233
2016-09-07,0.002667506616477855
2016-09-08,-0.005041111039502666
2016-09-09,-0.022941876561502816
2016-09-12,0.0076348874309521975
2016-09-13,-0.012783565209906866
2016-09-14,-0.011057807499533334
2016-09-15,0.008533124318287566
2016-09-16,0.002042165632983872
2016-09-19,-0.0014555052289884074
2016-09-20,0.0018950890667988052
2016-09-21,0.011641147252121398
2016-09-22,0.00460314351114266
2016-09-23,-0.01532052436479947
2016-09-26,0.01599540515407849
2016-09-27,-0.011449922582161265
2016-09-28,0.0043432609486409035
2016-09-29,-0.0286867607604141
2016-09-30,0.006084965811311793
2016-10-03,-0.0030977217284908765
2016-10-04,-0.003551478727374602
2016-10-05,-0.0002968580431672585
2016-10-06,0.008912461681976236
2016-10-07,-0.015164641721468586
2016-10-10,-0.004186154494646099
2016-10-11,-0.022519117899727825
2016-10-12,0.00383968587576744
2016-10-13,-0.0015299996323288045
2016-10-14,0.007355129700967078
2016-10-17,-0.003346394700485922
2016-10-18,-0.00030523915072055985
2016-10-19,-0.007786278976337324
2016-10-20,-0.012617341459433495
2016-10-21,0.002960811506909078
2016-10-24,0.0035735523705684447
2016-10-25,0.007586551803500985
2016-10-26,-0.00891219013687794
2016-10-27,-0.009612532520414163
2016-10-28,0.002974599720067861
2016-10-31,0.00920872047510457
2016-11-01,-0.008196797048799942
2016-11-02,-0.0017153755952782346
2016-11-03,0.001561816601544308
2016-11-04,-0.0014035327474869463
2016-11-07,0.017960472363174107
2016-11-08,0.007671056118502273
2016-11-09,-0.05374545732891012
2016-11-10,-0.023169759540222157
2016-11-11,-0.001317546203234099
2016-11-14,-0.0011547570845843458
2016-11-15,0.0072655491645698955
2016-11-16,0.029016386532460414
2016-11-17,0.033774203207566744
2016-11-18,0.004160905912470758
2016-11-21,0.007980267656181761
2016-11-22,-0.0009134193539518387
2016-11-23,0.004266902950230911
2016-11-25,-0.0006070252545742338
2016-11-28,0.0012146535220316501
2016-11-29,0.014407216366841613
2016-11-30,-0.032142436303409405
2016-12-01,-0.008495381322137674
2016-12-02,-0.010593851655465114
2016-12-05,0.008345222494436921
2016-12-06,0.0009368803067510978
2016-12-07,0.021529113454215043
2016-12-08,0.0019853001010829985
2016-12-09,0.0022860520136023244
2016-12-12,-0.0041264517367337605
2016-12-13,0.002301979672784338
2016-12-14,-0.0058183916381614464
2016-12-15,0.006160470354783731
2016-12-16,0.0022961918278299187
2016-12-19,0.006261242574243875
2016-12-20,0.006829628780153918
2016-12-21,-0.011305303121871835
2016-12-22,0.0
2016-12-23,0.007470653091692814
2016-12-27,0.0031778622634037745
2016-12-28,0.0034695693288795404
2016-12-29,0.004961225428704807
2016-12-30,-0.008227449506461704
2017-01-03,-0.005580811381486583
2017-01-04,0.006673673259970814
2017-01-05,-0.005122645328713538
2017-01-06,0.004089088062739776
2017-01-09,-0.002262397759067891
2017-01-10,-0.0019653815922326956
2017-01-11,0.0013631692063291734
2017-01-12,0.0015126445696227453
2017-01-13,0.00015096948680559663
2017-01-17,-0.0003018269005768959
2017-01-18,-0.0013596621285174582
2017-01-19,-0.005596984728550858
2017-01-20,0.0018256580919366883
2017-01-23,0.0
2017-01-24,0.017461109483817516
2017-01-25,0.00850640502090072
2017-01-26,-0.0028117041747343086
2017-01-27,-0.00222547857035138
2017-01-30,-0.012344282751907132
2017-01-31,0.0018071729549058446
2017-02-01,-0.009920363083237071
2017-02-02,0.03203275740782918
2017-02-03,0.008531806963713695
2017-02-06,-0.007146835533443308
2017-02-07,0.006170111782131116
2017-02-08,-0.004526186108286145
2017-02-09,-0.01466706502533599
2017-02-10,0.0020841040463186467
2017-02-13,0.008318162623382586
2017-02-14,-0.004714051569981725
2017-02-15,0.008881142623025529
2017-02-16,0.006748694391896626
2017-02-17,-0.0005829900258973453
2017-02-21,0.008165850924839901
2017-02-22,-0.004049982326585599
2017-02-23,0.001597586999684486
2017-02-24,0.020153748893407153
2017-02-27,-0.007675011010032207
2017-02-28,-0.007017923151105276
2017-03-01,0.018318104184539052
2017-03-02,-0.009206822631417144
2017-03-03,-0.004574487318494858
2017-03-06,-0.008042647399946423
2017-03-07,-0.0063703444632294826
2017-03-08,-0.004808630049234819
2017-03-09,0.004685450417651449
2017-03-10,0.003075055810787042
2017-03-13,0.003503658059043735
2017-03-14,0.00043662738273986257
2017-03-15,0.0005816608724671379
2017-03-16,0.00697536339199023
2017-03-17,-0.0001441342392561884
2017-03-20,-0.011547265956834418
2017-03-21,-0.010806424725703812
2017-03-22,0.009152704321305327
2017-03-23,-0.005119995753690154
2017-03-24,-0.0036756845781303893
2017-03-27,-0.00309910814626313
2017-03-28,0.0042928801298873775
2017-03-29,-0.00442193881103814
2017-03-30,0.005330219458976604
2017-03-31,0.0007360694421012504
2017-04-03,-0.00456214412260858
2017-04-04,-0.010348602897792825
2017-04-05,-0.0007470183258763141
2017-04-06,0.0008970790325775191
2017-04-07,-0.004331679482423967
2017-04-10,0.003600105420248134
2017-04-11,0.013303518569247608
2017-04-12,-0.0017701446802216303
2017-04-13,-0.009457534379995747
2017-04-17,0.012083932648493168
2017-04-18,0.0014744102455912511
2017-04-19,0.004268172451143748
2017-04-20,0.0035177157160324324
2017-04-21,-0.00014605236521314513
2017-04-24,0.013292258586806716
2017-04-25,0.005045323705649363
2017-04-26,0.0
2017-04-27,0.0067417052399176836
2017-04-28,-0.0035620831624735283
2017-05-01,-0.0005718679562090045
2017-05-02,0.0008586375736316931
2017-05-03,-0.00843375010891323
2017-05-04,-0.0028830872400632535
2017-05-05,-0.0037586160953815284
2017-05-08,-0.0076914760883030064
2017-05-09,-0.0002925533414782633
2017-05-10,0.03510859725809157
2017-05-11,0.000565240782230747
2017-05-12,0.003813328210025224
2017-05-15,0.013648799158605396
2017-05-16,0.014020154641429805
2017-05-17,-0.007529422746255787
2017-05-18,-0.002344815614067519
2017-05-19,0.014102323698991226
2017-05-22,0.010769841718868411
2017-05-23,-0.000404530074836873
2017-05-24,0.01038970284927121
2017-05-25,0.012019131448708809
2017-05-26,-0.008181172189404173
2017-05-30,0.0010644179244341245
2017-05-31,0.008639083430570293
2017-06-01,0.01976539435683944
2017-06-02,0.003359789681039116
2017-06-05,-0.009916493635664603
2017-06-06,-0.013397551046093414
2017-06-07,0.003031785564319156
2017-06-08,-0.01761237544559424
2017-06-09,-0.006690112726130293
2017-06-12,0.0035022279392458167
2017-06-13,0.013752027287591062
2017-06-14,-0.0003985067023164479
2017-06-15,0.00718422296666632
2017-06-16,-0.004491437440948043
2017-06-19,0.009156093222687067
2017-06-20,-0.005259799780420016
2017-06-21,0.003569019576723509
2017-06-22,0.00382009488518964
2017-06-23,0.003018066378912332
2017-06-26,0.001177339602889349
2017-06-27,-0.012413657543038248
2017-06-28,0.005821955684837343
2017-06-29,-0.012365398554571416
2017-06-30,0.006393235032013278
2017-07-03,-0.004631982516463018
2017-07-05,0.005451383055837367
2017-07-06,-0.014942793198416182
2017-07-07,0.009933874517963126
2017-07-10,-0.00611453165689213
2017-07-11,-0.003344015979389936
2017-07-12,0.010736052469777935
2017-07-13,-0.006638613922750669
2017-07-14,0.005212502542342845
2017-07-17,-0.005451383055837367
2017-07-18,-0.002540106265681019
2017-07-19,0.012330801883962517
2017-07-20,-0.003707427030391619
2017-07-21,0.00013288426337254577
2017-07-24,0.009699842044095908
2017-07-25,0.008816888098378106
2017-07-26,-0.00756598267172337
2017-07-27,-0.0076235484853600655
2017-07-28,-0.000529314732735986
2017-07-31,0.005300575836335142
2017-08-01,0.008173033291975162
2017-08-02,-0.010067982785650131
2017-08-03,0.008321302162429767
2017-08-04,-0.008907449552055802
2017-08-07,-0.0007933306254683803
2017-08-08,-0.007142874455558834
2017-08-09,-0.005462161624277817
2017-08-10,-0.03174821177786591
2017-08-11,0.027531878986005065
2017-08-14,0.019658036816230684
2017-08-15,0.0046213535361379066
2017-08-16,0.013275578587314651
2017-08-17,-0.008171777446768003
2017-08-18,-0.0020928426015520696
2017-08-21,0.0013103267194121138
2017-08-22,0.006413889149667229
2017-08-23,0.0009106898648785222
2017-08-24,-0.00480780895657229
2017-08-25,0.0036556602295769736
2017-08-28,0.0005203350076603552
2017-08-29,-0.001690436204015433
2017-08-30,-0.0002602452237330244
2017-08-31,0.017847580049932255
2017-09-01,-0.0015356076706674049
2017-09-05,0.003717411826816841
2017-09-06,0.0030648809089333096
2017-09-07,0.006748398917554299
2017-09-08,0.00012646436855390242
2017-09-11,0.013656866108270993
2017-09-12,0.003992049862198366
2017-09-13,-0.011555350377673856
2017-09-14,0.0014521458226868234
2017-09-15,-0.0017654805668989582
2017-09-18,-0.0042953824857721035
2017-09-19,0.0036794097957812966
2017-09-20,0.007331732946576297
2017-09-21,0.002258966054909717
2017-09-22,0.013271065234696122
2017-09-25,0.00778470612616311
2017-09-26,-0.0026975729085343403
2017-09-27,-0.0019666924435999267
2017-09-28,-0.0068984856862600585
2017-09-29,0.0024810206605920815
2017-10-02,0.0034645531867698587
2017-10-03,0.007521418854675277
2017-10-04,0.0
2017-10-05,-0.00024501560659062616
2017-10-06,-0.00012248466522823964
2017-10-09,0.005265040051118053
2017-10-10,-0.0019489888529473642
2017-10-11,0.0006098443116437924
2017-10-12,0.0025613950461971235
2017-10-13,0.004622334334305478
2017-10-16,0.006174963576159653
2017-10-17,-0.0013236340695298443
2017-10-18,0.0074703804892446435
2017-10-19,0.0007179279628735102
2017-10-20,0.008246667133799956
2017-10-23,-0.0003559269560049483
2017-10-24,0.000592942165222432
2017-10-25,-0.0014219296884899757
2017-10-26,0.009731626745810518
2017-10-27,0.010225856385356558
2017-10-30,-0.003606808553467844
2017-10-31,0.0032696631868622816
2017-11-01,0.005819085516821421
2017-11-02,-0.0018514870590884414
2017-11-03,0.006723913946628857
2017-11-06,0.0036850647856874197
2017-11-07,0.0024093576109311954
2017-11-08,0.035596007562416876
2017-11-09,-0.029288338632538213
2017-11-10,0.007058813524006391
2017-11-13,-0.009835753917514678
2017-11-14,0.024320769645312046
2017-11-15,-0.011035825260145682
2017-11-16,-0.0006762836393106042
2017-11-17,0.006654655520746511
2017-11-20,0.006386542191409328
2017-11-21,0.009797127942184458
2017-11-22,-0.02149922083662792
2017-11-24,0.006647809285148076
2017-11-27,-0.0033576605009260074
2017-11-28,0.013139645792115795
2017-11-29,-0.012082673202265082
2017-11-30,0.012791912288262486
2017-12-01,-0.0014406335053767094
2017-12-04,0.00044415598557767666
2017-12-05,-0.01785535053672871
2017-12-06,0.0010163563443614798
2017-12-07,0.006993814780450691
2017-12-08,0.0029124419766426435
2017-12-11,0.0030157431571704585
2017-12-12,-0.0046771479582199404
2017-12-13,0.0011186869305259695
2017-12-14,-0.0030856671831932525
2017-12-15,0.013394857959687645
2017-12-18,0.00988573231043377
2017-12-19,0.0026396610958669964
2017-12-20,0.0
2017-12-21,0.004936251276739467
2017-12-22,-0.007204323462773776
2017-12-26,-0.0009898911833013946
2017-12-27,-0.00033006853944150816
2017-12-28,0.0005505498260449659
2017-12-29,-0.003301100598475548
2018-01-02,0.0024283983467141557
2018-01-03,-0.0008806375953372969
2018-01-04,0.007936633556121286
2018-01-05,0.012248209311325642
2018-01-08,0.0061583633072683774
2018-01-09,0.0019326965007957497
2018-01-10,-0.0035365347521620905
2018-01-11,0.00505462665983436
2018-01-12,0.0063137212939459175
2018-01-16,0.0003191830385949057
2018-01-17,0.011799751263795955
2018-01-18,-0.000525751508843264
2018-01-19,0.00840981123730522
2018-01-22,0.009694500423309327
2018-01-23,-0.0021678031841183554
2018-01-24,-0.0048631385873225685
2018-01-25,0.0020795222548992687
2018-01-26,0.010894162657370421
2018-01-29,-0.006260806567818578
2018-01-30,-0.0041312844487754186
2018-01-31,-0.00010388775242342607
2018-02-01,-0.0023855393321494667
2018-02-02,-0.014659813470756955
2018-02-05,-0.043790290509249874
2018-02-06,0.0027587459003257653
2018-02-07,0.00847364854843935
2018-02-08,-0.00982126389010285
2018-02-09,0.01597987494193287
2018-02-12,0.018331645028972554
2018-02-13,0.017149531263590756
2018-02-14,0.019373896425914694
2018-02-15,0.017053670029235857
2018-02-16,-0.002222298335644135
2018-02-20,-0.0019237313382385324
2018-02-21,0.00557885207518205
2018-02-22,0.007161970880433577
2018-02-23,0.015322647365217934
2018-02-26,-0.004044181734083496
2018-02-27,-0.0015845589120344616
2018-02-28,-0.004265518051805195
2018-03-01,-0.008866518527991252
2018-03-02,0.0286463973424107
2018-03-05,0.009576005603570081
2018-03-06,0.021583224097339038
2018-03-07,0.004926439012237216
2018-03-08,0.0066940499336458625
2018-03-09,0.014703122092538656
2018-03-12,0.002030286727005448
2018-03-13,-0.0018421275716964391
2018-03-14,-0.00180537761151367
2018-03-15,-0.006400299260110098
2018-03-16,0.00149362559323718
2018-03-19,-0.0033556655967291737
2018-03-20,0.018518543902161122
2018-03-21,-0.0015610425094539915
2018-03-22,-0.02207295081343308
2018-03-23,-0.015423588851318337
2018-03-26,0.03161697562082688
2018-03-27,-0.006111172442617829
2018-03-28,-0.0018631451686287326
2018-03-29,0.02380052899183771
2018-04-02,-0.019874046445579552
2018-04-03,0.0044645413132051726
2018-04-04,0.00546374668639471
2018-04-05,0.003960038514224884
2018-04-06,-0.02256684083445848
2018-04-09,0.0031911058120199787
2018-04-10,0.011787922565359654
2018-04-11,-0.008506771012522285
2018-04-12,-0.0002799433456414091
2018-04-13,-0.0015860392517774713
2018-04-16,0.025039816667333792
2018-04-17,0.02196725307457692
2018-04-18,-0.0037461987090027238
2018-04-19,-0.006624665839657484
2018-04-20,-0.010003577839769462
2018-04-23,-0.0003639890944535651
2018-04-24,-0.009289027000741634
2018-04-25,-0.0131447495451964
2018-04-26,0.007172231440210952
2018-04-27,-0.006658494533640313
2018-04-30,-0.001862011010417275
2018-05-01,0.007461938252854905
2018-05-02,-0.005740257155028017
2018-05-03,0.003911120273450974
2018-05-04,0.007049213270727384
2018-05-07,-0.0011050795943959857
2018-05-08,0.0345781226425399
2018-05-09,0.014973264908300088
2018-05-10,0.02976819212507742
2018-05-11,0.0021316154161754586
2018-05-14,-0.012678346442974386
2018-05-15,-0.0036200322817541153
2018-05-16,-0.004497820104197747
2018-05-17,-0.011121908482551679
2018-05-18,0.00834724591485192
2018-05-21,0.0067973409208577085
2018-05-22,-0.010646194344792193
2018-05-23,0.015047198690627095
2018-05-24,0.0018961295478503448
2018-05-25,-0.0029250586376255994
2018-05-29,-0.014925318739437143
2018-05-30,0.017516231953411898
2018-05-31,-0.0062835804803258455
2018-06-01,0.00718937151654897
2018-06-04,0.013587939078547828
2018-06-05,-0.000594019646316557
2018-06-06,0.01562122158706658
2018-06-07,-0.007189091778312173
2018-06-08,0.005304562686059722
2018-06-11,-0.01742041584563181
2018-06-12,-0.009290870468352863
2018-06-13,-0.004215709136911827
2018-06-14,-0.004203687723713823
2018-06-15,-0.004438877967620214
2018-06-18,0.01818472654575931
2018-06-19,-0.002576004454674652
2018-06-20,0.006456754452899727
2018-06-21,-0.0010266119336322932
2018-06-22,-0.002654229880398873
2018-06-25,-0.01734190107891176
2018-06-26,0.004455553483309949
2018-06-27,-0.015308381297461926
2018-06-28,0.011659759327640407
2018-06-29,0.004976953974806131
2018-07-02,0.00703722106970206
2018-07-03,0.0025883761292866403
2018-07-05,-0.0026675505257230947
2018-07-06,0.005953236308513077
2018-07-09,0.006432793625938293
2018-07-10,-0.0003407791090761503
2018-07-11,0.001705062503695176
2018-07-12,0.01617011977070093
2018-07-13,-0.011976495269731324
2018-07-16,-0.002119132392668699
2018-07-17,0.004587163330492583
2018-07-18,-0.0007609151096041877
2018-07-19,0.004400247233009802
2018-07-20,-0.0016005245636896426
2018-07-23,0.0033753011097548136
2018-07-24,-0.006308032635386485
2018-07-25,0.015319685205232192
2018-07-26,-0.004835059092858307
2018-07-27,-0.017255657570814043
2018-07-30,-0.03597014902413853
2018-07-31,-0.0010608916231049648
2018-08-01,-0.003717444407578263
2018-08-02,0.01732406235737094
2018-08-03,0.004191838901300704
2018-08-06,0.01052250743541605
2018-08-07,0.11161789800177546
2018-08-08,0.0021677143753220385
2018-08-09,0.002162892779469905
2018-08-10,-0.0027750875412533293
2018-08-13,-0.0027050890908424385
2018-08-14,0.008370808318001188
2018-08-15,-0.0018447963966491399
2018-08-16,0.018866551032468593
2018-08-17,0.006953122767271447
2018-08-20,0.0006754817290319792
2018-08-21,-0.0035254496701643268
2018-08-22,-0.0009782136894285198
2018-08-23,0.003767175000136014
2018-08-24,0.008331910384614227
2018-08-27,-0.0034242195656364327
2018-08-28,-0.005677297160266548
2018-08-29,0.01682841001494917
2018-08-30,-0.005172034694499894
2018-08-31,0.003639335948516953
2018-09-04,0.010951611944218342
2018-09-05,-0.007173211455751338
2018-09-06,0.009878894634289592
2018-09-07,-0.005694014612498188
2018-09-10,0.004625326763672
2018-09-11,-0.0008767789552952543
2018-09-12,0.0008045660174422764
2018-09-13,0.00029226002738313994
2018-09-14,0.006283795447111551
2018-09-17,-0.017815879325666306
2018-09-18,0.004154200792364948
2018-09-19,-0.019874209745834315
2018-09-20,0.002487470498647726
2018-09-21,-0.0025567018912640016
2018-09-24,0.006106428971131672
2018-09-25,0.005170020745403736
2018-09-26,-0.013865101246518519
2018-09-27,-0.007936675420749495
2018-09-28,0.005409899262819762
2018-10-01,-0.014248004634894618
2018-10-02,-0.0037673824684578694
2018-10-03,0.0010805221638225948
2018-10-04,-0.01657421944909543
2018-10-05,-0.005252047109531421
2018-10-08,-0.013711331669975402
2018-10-09,0.0034352037120206624
2018-10-10,-0.053666382033164206
2018-10-11,-0.02625151213116661
2018-10-12,0.013997883864425464
2018-10-15,-0.013634179710361516
2018-10-16,0.02505379869024682
2018-10-17,0.0013485877359713516
2018-10-18,-0.0018516756619614272
2018-10-19,-0.013745005679426159
2018-10-22,0.011285787566245542
2018-10-23,-0.011836207085043182
2018-10-24,-0.037645553987297076
2018-10-25,0.036806827574849876
2018-10-26,-0.020836770832530216
2018-10-29,-0.007794411247998179
2018-10-30,0.008384948949744286
2018-10-31,0.02354485415317953
2018-11-01,-0.0019667459775148943
2018-11-02,-0.003427254291570425
2018-11-05,0.002321383803619348
2018-11-06,-0.09701492208404094
2018-11-07,0.032392864115579956
2018-11-08,-0.0106737066167919
2018-11-09,-0.002882950704067744
2018-11-12,-0.009047759858305637
2018-11-13,-0.0077185603498932664
2018-11-14,0.0007589571443065157
2018-11-15,0.003696775299570021
2018-11-16,-0.011049235843272776
2018-11-19,-0.03399529936976298
2018-11-20,-0.027184697624850984
2018-11-21,0.018189167340339596
2018-11-23,-0.012475006954679402
2018-11-26,-0.0004040749168223723
2018-11-27,-0.0022243060872360054
2018-11-28,0.03799763424267133
2018-11-29,-0.006540365174708018
2018-11-30,0.04028680022729536
2018-12-03,-0.011523382569231688
2018-12-04,-0.014906957635841933
2018-12-06,-0.022989588504358394
2018-12-07,-0.020651401124926694
2018-12-10,0.007502048645376291
2018-12-11,-0.005936665230504068
2018-12-12,0.01214690747006908
2018-12-13,-0.016029142275595265
2018-12-14,-0.01307346554417399
2018-12-17,-0.019041842878360637
2018-12-18,0.012870497218455679
2018-12-19,0.001979297923081935
2018-12-20,-0.005613454147460062
2018-12-21,-0.018084822443520943
2018-12-24,-0.02278306793340079
2018-12-26,0.04052733055802338
2018-12-27,0.0036647064817443287
2018-12-28,-0.007615492103048571
2018-12-31,0.011773511346335752
2019-01-02,-0.012155975223212545
2019-01-03,-0.015039901450104587
2019-01-04,0.03449017343228644
2019-01-07,0.002787158960071645
2019-01-08,0.012454854835466822
2019-01-09,0.0016265120158975854
2019-01-10,0.0060903155177534085
2019-01-11,-0.00343029872521472
2019-01-14,0.0012147189077469367
2019-01-15,0.01152686299696204
2019-01-16,-0.006697327398364261
2019-01-17,0.007447005850832911
2019-01-18,0.011986744785534853
2019-01-22,-0.01648413442858565
2019-01-23,0.0017061131931010998
2019-01-24,0.009918954209525488
2019-01-25,0.01031755318141614
2019-01-28,-0.0126670365340249
2019-01-29,-0.006464609789288089
2019-01-30,0.00900919345321638
2019-01-31,0.0002975940870759697
2019-02-01,0.021323118750693038
2019-02-04,0.004272508749378678
2019-02-05,0.008992363808059345
2019-02-06,-0.007762178721702817
2019-02-07,-0.06422629606364327
2019-02-08,0.006605284843563597
2019-02-11,0.007997830220143776
2019-02-12,0.010883745766517183
2019-02-13,0.003622241097142709
2019-02-14,-0.002806864707087575
2019-02-15,0.008948110930082409
2019-02-19,-0.005181909929422246
2019-02-20,0.0033057691797142574
2019-02-21,-0.005591378746736764
2019-02-22,0.012449841187647026
2019-02-25,-0.012693186208873497
2019-02-26,0.013057355726469488
2019-02-27,0.011897865626968596
2019-02-28,-0.007936676261931508
2019-03-01,0.0023705924991472838
2019-03-04,-0.018130076501610803
2019-03-05,-0.0015052277609460818
2019-03-06,-0.006532657807542308
2019-03-07,-0.0023268499081803284
2019-03-08,0.0032447940929711816
2019-03-11,0.005558860675595634
2019-03-12,0.009548955151800875
2019-03-13,0.030266885571379465
2019-03-14,0.005971007703904352
2019-03-15,-0.0005790337234545806
2019-03-18,-0.0021248998104128614
2019-03-19,-0.0034838637864339494
2019-03-20,-0.011751091849459772
2019-03-21,0.010023699123819174
2019-03-22,-0.023448000849692674
2019-03-25,-0.000199269918287448
2019-03-26,0.004085678461660969
2019-03-27,0.003076560451378052
2019-03-28,0.016127684079907167
2019-03-29,0.009639412961542915
2019-04-01,0.012537498134909564
2019-04-02,0.0018095999361440462
2019-04-03,0.023008445056007965
2019-04-04,-0.002416364906810742
2019-04-05,0.01704845328670701
2019-04-08,0.0004579401333790756
2019-04-09,9.156163612500379e-05
2019-04-10,0.0024720154940098826
2019-04-11,0.007305734460093083
2019-04-12,0.010788687300631983
2019-04-15,0.008610721965911283
2019-04-16,0.007114455161749689
2019-04-17,0.006622455547588224
2019-04-18,-0.010614194893421636
2019-04-22,0.005319662952147475
2019-04-23,0.014816208947249887
2019-04-24,0.01633795541189209
2019-04-25,0.0009403892164061567
2019-04-26,0.007432282911937316
2019-04-29,-0.0013567859363786683
2019-04-30,0.00305662784806926
2019-05-01,-0.009057787084704838
2019-05-02,-0.000512503773311801
2019-05-03,0.006581289667728196
2019-05-06,0.002207628576791132
2019-05-07,-0.023722633769579393
2019-05-08,0.004773013548345029
2019-05-09,0.011141709468958538
2019-05-10,0.01819424847924811
2019-05-13,-0.0159397465568627
2019-05-14,0.012020535147161393
2019-05-15,0.016342581656461075
2019-05-16,0.014753387607798318
2019-05-17,-0.006452760732540974
2019-05-20,0.0042748547888205035
2019-05-21,0.014161850774568663
2019-05-22,-0.005811748293727104
2019-05-23,-0.0018674054660845485
2019-05-24,0.007808832559455192
2019-05-28,-0.0006456368816594171
2019-05-29,-0.00024229593794322657
2019-05-30,0.006704802980119551
2019-05-31,0.0020061031164499976
2019-06-03,-0.014014471213804947
2019-06-04,0.025828496835482273
2019-06-05,0.011955823659710374
2019-06-06,0.003990109540200404
2019-06-07,0.02104104721840039
2019-06-10,0.008548298895446838
2019-06-11,-0.008248676305185665
2019-06-12,0.0031286896680815524
2019-06-13,0.0013360581426282714
2019-06-14,-0.0076249007363999866
2019-06-17,-0.0034577085531926066
2019-06-18,0.0026214353044062833
2019-06-19,0.0039990428863345695
2019-06-20,-7.68958467116665e-05
2019-06-21,-0.014017611409321229
2019-06-24,-0.0021751300393724193
2019-06-25,-0.0029587589700684758
2019-06-26,-0.005700283225811287
2019-06-27,0.010759293681469329
2019-06-28,-0.007925149346335258
2019-07-01,0.013236041740534388
2019-07-02,0.013295228514597968
2019-07-03,0.005797572514298688
2019-07-05,0.004550600992237364
2019-07-08,-0.009286731405131143
2019-07-09,-0.0012190580852293742
2019-07-10,0.0007629299113596222
2019-07-11,0.007852921932429258
2019-07-12,0.0013616883298708249
2019-07-15,0.0016620012990589128
2019-07-16,-0.002564105996050059
2019-07-17,0.007183383900608797
2019-07-18,0.01253747573653241
2019-07-19,-0.01297554888853203
2019-07-22,-0.0036056102195500817
2019-07-23,0.011534953205672549
2019-07-24,-7.46379257534624e-05
2019-07-25,0.0034287506089587527
2019-07-26,-0.0016340346248359117
2019-07-29,-0.004985329037941355
2019-07-30,-0.01861938949529085
2019-07-31,-0.03139304832892087
2019-08-01,0.010619779299889887
2019-08-02,-0.00576010630075352
2019-08-05,-0.052062762693303344
2019-08-06,0.016104913587876135
2019-08-07,0.004633125442226715
2019-08-08,0.02127824976476611
2019-08-09,-0.0038026825444613666
2019-08-12,-0.010099201050302375
2019-08-13,0.018235836547803475
2019-08-14,-0.009230781949887246
2019-08-15,0.008679711109669475
2019-08-16,0.012236514482405036
2019-08-19,0.00023384306243712238
2019-08-20,-0.0005457258928618369
2019-08-21,0.02410667046417636
2019-08-22,-0.00822706771263959
2019-08-23,-0.0209695303409404
2019-08-26,0.006825729932088853
2019-08-27,0.008727289154333517
2019-08-28,-0.006720474418686617
2019-08-29,0.013610166695475545
2019-08-30,-0.0068288993610595705
2019-09-03,-0.008420941162245676
2019-09-04,0.011141397545988863
2019-09-05,0.013330324097558188
2019-09-06,-0.009276898513945753
2019-09-09,-0.008596196689531599
2019-09-10,-0.03228312178802406
2019-09-11,-0.0027999118685232416
2019-09-12,0.00153090259185662
2019-09-13,-0.0022526006242730157
2019-09-16,0.006773058869456561
2019-09-17,0.018580916820835514
2019-09-18,-0.0066047704714738975
2019-09-19,0.004195028848523963
2019-09-20,-0.0012611633449267634
2019-09-23,-0.010101980685997325
2019-09-24,0.0002393506566948922
2019-09-25,0.00924585899382624
2019-09-26,0.00023696827336383564
2019-09-27,-0.021871321500659624
2019-09-30,0.00443964855295409
2019-10-01,0.0037774161218666613
2019-10-02,-0.02618099473376878
2019-10-03,0.0003288048927938547
2019-10-04,0.010931295657426121
2019-10-07,-0.009837461542808068
2019-10-08,-0.01822818720725894
2019-10-09,0.010621401530158447
2019-10-10,0.014068247793230348
2019-10-11,0.014689157457762114
2019-10-14,-0.005951362267540339
2019-10-15,0.01326851520108474
2019-10-16,-7.961345350460114e-05
2019-10-17,0.0011975891798785554
2019-10-18,-0.019141728057162077
2019-10-21,0.0054481354663089565
2019-10-22,-0.016013182307046625
2019-10-23,0.011753072274433896
2019-10-24,0.013647562539793823
2019-10-25,-0.009857414993509672
2019-10-28,0.009712490159918152
2019-10-29,-0.0012021976529221767
2019-10-30,0.002086659580127659
2019-10-31,0.0028833653868249876
2019-11-01,0.004711718363418438
2019-11-04,-0.018599515093601138
2019-11-05,-0.0005667824333018823
2019-11-06,-0.05316054882725352
2019-11-07,0.031153588425264056
2019-11-08,-0.007469948229263945
2019-11-11,-0.008028077054847649
2019-11-12,-0.0032880648085135133
2019-11-13,0.0054133781215972565
2019-11-14,0.004206021434287388
2019-11-15,0.0036025075448735677
2019-11-18,0.00659416389770584
2019-11-19,0.012107079511407548
2019-11-20,0.003195522518120386
2019-11-21,-0.008902359375377977
2019-11-22,-0.0012362967289655247
2019-11-25,0.002227949843220056
2019-11-26,0.015806263155145883
2019-11-27,-0.0023502935753028087
2019-11-29,0.004955405248841638
2019-12-02,-0.012125216365042824
2019-12-03,-0.006136814338387531
2019-12-04,0.0024697305429832728
2019-12-05,0.0008213765776652338
2019-12-06,0.009437249852669138
2019-12-09,-0.014795622143520037
2019-12-10,0.0017328227299018284
2019-12-11,-0.01630969181067954
2019-12-12,0.005635843139410124
2019-12-13,0.0014221537901890624
2019-12-16,0.009689067723705147
2019-12-17,0.013153585815253388
2019-12-18,0.010124866906754404
2019-12-19,-0.009457548180636266
2019-12-20,0.008731766951920017
2019-12-23,-0.006067317421436846
2019-12-24,0.001627705143684599
2019-12-26,-0.0035753362512944697
2019-12-27,0.004811521256196549
2019-12-30,-0.0034087091257086755
2019-12-31,0.006107970833723053
2020-01-02,0.0019424949622257603
2020-01-03,0.0008080405892030296
2020-01-06,0.009040908569660555
2020-01-07,-0.0035198469836852375
2020-01-08,0.0064225658146730424
2020-01-09,0.021857289653053114
2020-01-10,-0.003981631127668028
2020-01-13,0.0070538899890155715
2020-01-14,-0.003034934009611634
2020-01-15,0.0014049777156686094
2020-01-16,0.008341120921702139
2020-01-17,0.012756049585072926
2020-01-21,0.011984756740858193
2020-01-22,-0.00030176017925664933
2020-01-23,-0.009582640063474757
2020-01-24,-0.0017521825067376984
2020-01-27,-0.012363644360097292
2020-01-28,0.002781705173556137
2020-01-29,-0.0017724301650573482
2020-01-30,-0.0006173137662909278
2020-01-31,-0.07963873346046535
2020-02-03,-0.02282803989212767
2020-02-04,0.007815695764546104
2020-02-05,0.02863477821272431
2020-02-06,-0.00803649406333029
2020-02-07,-0.015701883189199184
2020-02-10,0.003308939887615825
2020-02-11,0.013278249095957761
2020-02-12,0.03021450515210722
2020-02-13,-0.00858784712749916
2020-02-14,-0.0007354174267372171
2020-02-18,0.001880790862385462
2020-02-19,0.003020216663317532
2020-02-20,-0.01220699513717427
2020-02-21,-0.01458230124122939
2020-02-24,-0.026502880065815693
2020-02-25,-0.034266561468810686
2020-02-26,0.000800666216265622
2020-02-27,-0.04309599586002166
2020-02-28,-0.030922106600644983
2020-03-02,0.018110428975145254
2020-03-03,-0.0351059119871292
2020-03-04,0.035407732860941454
2020-03-05,-0.04484234233701068
2020-03-06,-0.010158658875610516
2020-03-09,-0.08808320901856681
2020-03-10,0.08708503896608333
2020-03-11,-0.018293096692707955
2020-03-12,-0.014619830381667032
2020-03-13,0.08327251988393103
2020-03-16,-0.03906261360794283
2020-03-17,0.05209287851769995
2020-03-18,-0.03739736442026964
2020-03-19,-0.07393469050054224
2020-03-20,-0.028574528308026093
2020-03-23,-0.07171969330661165
2020-03-24,0.12544509764591427
2020-03-25,-0.009385287639750328
2020-03-26,0.03182884820557064
2020-03-27,-0.055297803810761326
2020-03-30,0.058643709850754844
2020-03-31,-0.021765863224571746
2020-04-01,-0.03701376285156177
2020-04-02,0.00854161357157146
2020-04-03,0.003148505029902271
2020-04-06,0.06732360887916933
2020-04-07,0.02180296391168013
2020-04-08,0.01329909150018005
2020-04-09,0.03731623533462214
2020-04-13,-0.031347405422925245
2020-04-14,0.04249907924710672
2020-04-15,-0.0035528065232194317
2020-04-16,0.004503974617102058
2020-04-17,0.02699690944994937
2020-04-20,-0.0013646368649856688
2020-04-21,-0.022133062708700524
2020-04-22,0.019094552183510194
2020-04-23,0.0076775710970735656
2020-04-24,0.010793771583841094
2020-04-27,0.026022580479753366
2020-04-28,-0.016354523334256132
2020-04-29,0.027118432173702134
2020-04-30,0.004155026180638011
2020-05-01,-0.025344812865421118
2020-05-04,0.006987433376620444
2020-05-05,0.013175148147709148
2020-05-06,0.005635097368523523
2020-05-07,0.00594827460541647
2020-05-08,0.0010284307162351514
2020-05-11,0.020974277566725652
2020-05-12,-0.011822867709129103
2020-05-13,-0.031735407089476975
2020-05-14,0.006660198550389573
2020-05-15,0.005919988710847424
2020-05-18,0.03366511515717385
2020-05-19,0.0010881614409508078
2020-05-20,0.011625160890671893
2020-05-21,-0.026207221495590516
2020-05-22,-0.008319769132912547
2020-05-26,0.002653829969046173
2020-05-27,-0.003585972007512761
2020-05-28,0.02193659294654271
2020-05-29,0.015428447382437982
2020-06-01,0.009331175424213356
2020-06-02,0.00859013732293712
2020-06-03,0.008273999981756486
2020-06-04,-0.0024133664568934954
2020-06-05,0.021532085617537167
2020-06-08,0.006473473200757418
2020-06-09,-0.031218201312358418
2020-06-10,-0.01400691028346246
2020-06-11,-0.019053091086186025
2020-06-12,0.022702309732471893
2020-06-15,0.006331030332641596
2020-06-16,0.02214027515397876
2020-06-17,0.007993068745282939
2020-06-18,-0.0013479947074488408
2020-06-19,-0.02072421528177526
2020-06-22,0.011189428586509731
2020-06-23,-0.0004811077274345932
2020-06-24,-0.015643893274535636
2020-06-25,0.017033646092541987
2020-06-26,-0.0012022306691961138
2020-06-29,0.009066339671199186
2020-06-30,0.0033394357852924994
2020-07-01,0.008558436626226129
2020-07-02,0.00746449839550789
2020-07-06,0.003665563731363397
2020-07-07,-0.012277692486936553
2020-07-08,0.011643558160410628
2020-07-09,-0.007932176303689809
2020-07-10,-0.011836505128229091
2020-07-13,-0.0074568091085550625
2020-07-14,0.013267137934954043
2020-07-15,0.015538704819030746
2020-07-16,-0.010019337371367065
2020-07-17,0.012866770627952606
2020-07-20,0.001704117992875398
2020-07-21,0.004871581987382134
2020-07-22,0.010311752696109178
2020-07-23,-0.012034487587441078
2020-07-24,0.012103784500120618
2020-07-27,0.019271836607633208
2020-07-28,-0.009416046813431667
2020-07-29,0.011014597643698387
2020-07-30,-0.0008957490442249583
2020-07-31,0.0033610639952406096
2020-08-03,0.020098336671924066
2020-08-04,0.0017512220248649957
2020-08-05,-0.01653536785826193
2020-08-06,0.002592221431557018
2020-08-07,-0.0008123781930491347
2020-08-10,0.009981490800246462
2020-08-11,0.04033656676426878
2020-08-12,-0.021039950047851308
2020-08-13,-0.002012833804973635
2020-08-14,0.0002883153614567924
2020-08-17,-0.005328445347324018
2020-08-18,0.007962935525940074
2020-08-19,-0.013932968519956734
2020-08-20,0.0
2020-08-21,-0.0031316626501890488
2020-08-24,0.010959232288440424
2020-08-25,-0.0007227871968855659
2020-08-26,0.005424465114956867
2020-08-27,-0.001510696296476599
2020-08-28,-0.002449507326476974
2020-08-31,-0.007727040275030905
2020-09-01,0.014192098292869382
2020-09-02,0.02712599560593798
2020-09-03,-0.03367579406004839
2020-09-04,-0.020967400751736864
2020-09-08,-0.02267210697776001
2020-09-09,0.030527731784578016
2020-09-10,-0.018331274303459155
2020-09-11,0.0041082184127942956
2020-09-14,0.016248677384458565
2020-09-15,-0.00294050516884492
2020-09-16,-0.0042023081645166105
2020-09-17,-0.01169865803468828
2020-09-18,-0.014758653771145602
2020-09-21,-0.004562322852169731
2020-09-22,0.008631699842610363
2020-09-23,-0.023932084675275966
2020-09-24,-0.007992086527940478
2020-09-25,0.019945391984473426
2020-09-28,0.012269841528161463
2020-09-29,-0.002121089189025982
2020-09-30,0.0021255977714793595
2020-10-01,0.014697114381612808
2020-10-02,-0.003956944127460615
2020-10-05,0.021737373157187045
2020-10-06,-0.004108165372435413
2020-10-07,0.012964820244728115
2020-10-08,0.011199287092635624
2020-10-09,0.012873233996673061
2020-10-12,0.012851386597283465
2020-10-13,-0.003995737293644552
2020-10-14,-0.00267447276249011
2020-10-15,0.0110796018079804
2020-10-16,0.0004884010795311866
2020-10-19,-0.010813430844506478
2020-10-20,0.0119898029602723
2020-10-21,0.007108535364108937
2020-10-22,0.001868271969566404
2020-10-23,0.0065616630240865614
2020-10-26,-0.02436027090942139
2020-10-27,-0.015402630010254104
2020-10-28,-0.03221683735735359
2020-10-29,0.019486384459115547
2020-10-30,-0.0037649134814212726
2020-11-02,0.023037851366404904
2020-11-03,0.020529998822131024
2020-11-04,0.008213832083572292
2020-11-05,-0.0011049775412830254
2020-11-06,0.013201458389431986
2020-11-09,0.0019786450984624615
2020-11-10,-0.004289148926577169
2020-11-11,0.017640970349917406
2020-11-12,-0.02203871208283703
2020-11-13,0.007832476900830887
2020-11-16,0.012406986722183655
2020-11-17,-0.008282201118549715
2020-11-18,-0.010252679422730893
2020-11-19,0.005694022347159766
2020-11-20,-0.011459651832782747
2020-11-23,0.01835499714079214
2020-11-24,-0.004336730069270822
2020-11-25,-0.0045598345237838345
2020-11-27,0.007725501278607494
2020-11-30,-0.0035277146770565926
2020-12-01,0.010688972444857558
2020-12-02,-0.00821846487419764
2020-12-03,0.00529813135794277
2020-12-04,0.008175278944614783
2020-12-07,-0.0205741067598455
2020-12-08,0.007389684138349617
2020-12-09,0.007335477278259228
2020-12-10,-0.014091870474741364
2020-12-11,0.009642896471883766
2020-12-14,-0.006494279387134427
2020-12-15,0.008967033501561472
2020-12-16,-0.004070825534581823
2020-12-17,0.02738236184608467
2020-12-18,0.020221343680388415
2020-12-21,-0.029373543157184434
2020-12-22,-0.005891489363576863
2020-12-23,-0.007206058757503575
2020-12-24,0.01763741686601561
2020-12-28,0.01366581999854799
2020-12-29,-0.004538000166387168
2020-12-30,0.004888849185441746
2020-12-31,0.007165709713809587
2021-01-04,-0.011031274713982242
2021-01-05,0.0013860925815600833
2021-01-06,0.02676001040461662
2021-01-07,-0.001027072646540006
2021-01-08,0.0037913695971185657
2021-01-11,-0.00768226111578918
2021-01-12,-0.0016126801914883027
2021-01-13,-0.003489190207052184
2021-01-14,-0.0042145956789274575
2021-01-15,-0.01302348261023678
2021-01-19,-6.598859764783693e-05
2021-01-20,0.006136042083532134
2021-01-21,-0.009115135792264528
2021-01-22,-0.014295150331355755
2021-01-25,0.011615292516766296
2021-01-26,0.007433560181168142
2021-01-27,-0.053758569741457984
2021-01-28,0.00835466333266588
2021-01-29,-0.024304301784746185
2021-02-01,0.03368489626685478
2021-02-02,0.0029435627008023157
2021-02-03,-0.013310406710989042
2021-02-04,-0.00954674172926595
2021-02-05,0.006705204703157053
2021-02-08,-0.007215818028211363
2021-02-09,-0.009923748810820587
2021-02-10,0.019128982596883892
2021-02-11,0.006718514128921438
2021-02-12,0.018713367692029026
2021-02-16,-0.012359024649945427
2021-02-17,0.008137048340159492
2021-02-18,0.012548473864115506
2021-02-19,0.0017418028044722256
2021-02-22,-0.013641885999072456
2021-02-23,-0.026033806798632653
2021-02-24,0.00988448708077394
2021-02-25,-0.012544680943705089
2021-02-26,-0.005375055032047826
2021-03-01,0.028001722053261124
2021-03-02,-0.018022759124049936
2021-03-03,-0.01355666524127852
2021-03-04,-0.019170044334792635
2021-03-05,0.02378411271105807
2021-03-08,-0.004632182003649676
2021-03-09,0.001127940123129223
2021-03-10,0.0028178319170213406
2021-03-11,0.014819061523368537
2021-03-12,0.001007704481979399
2021-03-15,0.016173576974083836
2021-03-16,0.008470424531928922
2021-03-17,-0.005960671289721886
2021-03-18,-0.008790296675443732
2021-03-19,0.004949747815406358
2021-03-22,0.0096455039395551
2021-03-23,-0.0021681645282732864
2021-03-24,0.010864489659592858
2021-03-25,-0.004232016324482113
2021-03-26,0.035078353305614485
2021-03-29,0.025221756748488255
2021-03-30,-0.027525490982773793
2021-03-31,0.0007845486858246709
2021-04-01,0.011887537788010105
2021-04-05,0.023754256884124247
2021-04-06,-0.01557372095365761
2021-04-07,-0.009287081265398012
2021-04-08,-0.002004378447243327
2021-04-09,0.010559034097971098
2021-04-12,-0.00044869745397801974
2021-04-13,-0.001025994523265572
2021-04-14,0.0007064375436001136
2021-04-15,-0.0019887377737825007
2021-04-16,0.009191595437094469
2021-04-19,-0.006751463145758918
2021-04-20,0.01866120513414038
2021-04-21,0.011960803042114998
2021-04-22,0.003297083456666794
2021-04-23,0.00837039891441127
2021-04-26,-0.009899823989247936
2021-04-27,0.00130443157707405
2021-04-28,-0.0013643170670831761
2021-04-29,0.002794641476969284
2021-04-30,-0.017527380665457337
2021-05-03,0.00851033238140575
2021-05-04,0.01800210983428574
2021-05-05,0.013385590461719277
2021-05-06,-0.0008483396964601431
2021-05-07,-0.004244803121917551
2021-05-10,0.008708805828675281
2021-05-11,-0.01110902818137971
2021-05-12,-0.02912269385318289
2021-05-13,0.012262694421387055
2021-05-14,0.01372933423722178
2021-05-17,-0.005760259461196293
2021-05-18,-0.010478771746319504
2021-05-19,-0.006976339498723005
2021-05-20,0.005018283857099792
2021-05-21,-0.00592936690253576
2021-05-24,0.0011298839860265364
2021-05-25,-0.001756058963463869
2021-05-26,-0.002575774155397337
2021-05-27,0.005543102579030457
2021-05-28,-0.0010021504564075023
2021-06-01,-0.008277165240426543
2021-06-02,0.002212951375363703
2021-06-03,0.0005679092411983166
2021-06-04,0.014312715176027835
2021-06-07,-0.016100033855782514
2021-06-08,-0.0003157335515241444
2021-06-09,0.005308587744799365
2021-06-10,0.014458926157614904
2021-06-11,0.008614091503082122
2021-06-14,-0.007553052725699949
2021-06-15,0.0041626265578151855
2021-06-16,-0.00872379507763843
2021-06-17,-0.0031209254146109533
2021-06-18,-0.008702795372425132
2021-06-21,0.016169152946257315
2021-06-22,0.0011185132926709862
2021-06-23,-0.008505678663143668
2021-06-24,0.0038824225580660343
2021-06-25,0.002307816318555922
2021-06-28,0.0007468070189700082
2021-06-29,0.007711145518694229
2021-06-30,-0.0032091044219868525
2021-07-01,0.008666934590797704
2021-07-02,0.00908379148285321
2021-07-06,0.0015205952168977355
2021-07-07,0.021377279821930495
2021-07-08,-0.010286347144896957
2021-07-09,0.013517431823318216
2021-07-12,-0.0014223090765889124
2021-07-13,-0.001187365753816838
2021-07-14,0.010638057349114938
2021-07-15,0.0035873606768890287
2021-07-16,-0.004629400640475789
2021-07-19,-0.019131977310596793
2021-07-20,0.0151841726195725
2021-07-21,0.0032515268257238272
2021-07-22,0.004949901585011407
2021-07-23,0.011434353994518087
2021-07-26,-0.0006957180870800217
2021-07-27,-0.0027848097908608205
2021-07-28,-0.006108545751972283
2021-07-29,0.009541108555364053
2021-07-30,0.005914006080240508
2021-08-02,-0.0005764233893318371
2021-08-03,0.009227905189813868
2021-08-04,-0.005428941522482855
2021-08-05,-0.0006320150077531173
2021-08-06,-0.003219710837130463
2021-08-09,-0.0025379240668262915
2021-08-10,-0.008095587699351925
2021-08-11,0.0034394246164533016
2021-08-12,0.004531889275628975
2021-08-13,0.008444214284473173
2021-08-16,0.015083492537520282
2021-08-17,-0.0010732237680781687
2021-08-18,-0.017703761048401212
2021-08-19,0.0003454955280186578
2021-08-20,0.004662531738193421
2021-08-23,-0.011688106742419713
2021-08-24,-0.007130272066830479
2021-08-25,-0.001693247467898229
2021-08-26,-0.006843109431310168
2021-08-27,0.010423559378713199
2021-08-30,0.004371347377572166
2021-08-31,-0.0006385704510902812
2021-09-01,-0.004586993318029475
2021-09-02,-0.002391782166770051
2021-09-03,-0.0015788686315042488
2021-09-07,-0.011536948901855637
2021-09-08,0.01795219821779126
2021-09-09,-0.006286149469503677
2021-09-10,-0.004510163551524782
2021-09-13,0.002059432267993211
2021-09-14,0.0
2021-09-15,-0.00011791658082560552
2021-09-16,-0.005835449770097867
2021-09-17,-0.012451044024453628
2021-09-20,-0.01272814542713041
2021-09-21,-0.011736799883674598
2021-09-22,0.009783887683571857
2021-09-23,0.02419259394651374
2021-09-24,0.005592709850255506
2021-09-27,-0.004555688957006532
2021-09-28,-0.008321611448848132
2021-09-29,0.009350385688298157
2021-09-30,-0.010451244925999914
2021-10-01,-0.003720610888055309
2021-10-04,-0.020901258447142523
2021-10-05,0.011627405481612563
2021-10-06,0.015446057547452652
2021-10-07,0.011498556896577083
2021-10-08,0.00023690831186073957
2021-10-11,-0.00361103323017109
2021-10-12,0.01413923790954219
2021-10-13,0.011481421417846693
2021-10-14,0.031157717836304055
2021-10-15,0.010615006208492872
2021-10-18,-0.010670200771236815
2021-10-19,0.016346364349717923
2021-10-20,0.0020451565238326364
2021-10-21,0.005625912482595918
2021-10-22,0.00959852116326343
2021-10-25,-0.003476901395656151
2021-10-26,0.004361157508185665
2021-10-27,-0.015903787252125268
2021-10-28,-0.009266557109691154
2021-10-29,-0.006736415173773103
2021-11-01,-0.0065578221418785
2021-11-02,0.009196348294989054
2021-11-03,-0.05031569905427147
2021-11-04,0.008830266005323884
2021-11-05,0.014237987747847347
2021-11-08,0.007249646815197686
2021-11-09,0.018792278166188447
2021-11-10,0.0026351178448047463
2021-11-11,-0.016999342110588955
2021-11-12,0.004664786588835623
2021-11-15,0.0026613204481804598
2021-11-16,0.00022568897138741661
2021-11-17,-0.0139455700786133
2021-11-18,-0.009447283880272717
2021-11-19,0.006531696450901681
2021-11-22,-0.00034440890856102246
2021-11-23,-0.00580239741474442
2021-11-24,0.00040462366897142665
2021-11-26,-0.009010673892392629
2021-11-29,0.0229644480382043
2021-11-30,-0.03954193365424363
2021-12-01,-0.0018984941057909044
2021-12-02,0.031203516849993784
2021-12-03,-0.0163108742130198
2021-12-06,0.006093351265998859
2021-12-07,0.014617792096049742
2021-12-08,-0.0014349958994782641
2021-12-09,0.008507252889122574
2021-12-10,0.016585900218709648
2021-12-13,0.005718739221734159
2021-12-14,-0.0070495613825892756
2021-12-15,0.0030429250508592354
2021-12-16,0.011459133766219542
2021-12-17,-0.023714292169505713
2021-12-20,-0.022356067172479066
2021-12-21,0.01867804195076106
2021-12-22,0.023990272577429916
2021-12-23,0.0056898430686782575
2021-12-27,0.023240117313525932
2021-12-28,-0.0028182571190907835
2021-12-29,-0.0040772205861181465
2021-12-30,-0.0018558267324153555
2021-12-31,-0.00027351175174350484
2022-01-03,-0.010228645153328664
2022-01-04,-0.002100065063860068
2022-01-05,-0.017223186131907764
2022-01-06,-0.01797565404311796
2022-01-07,-0.01589496915535049
2022-01-10,-0.01895058320936538
2022-01-11,-0.0018424327896393589
2022-01-12,0.014886340232899586
2022-01-13,-0.040835541246725726
2022-01-14,-0.020920064041801467
2022-01-18,-0.0008745863258321496
2022-01-19,0.003501610284660117
2022-01-20,-0.0042994760660546305
2022-01-21,-0.019963853862329795
2022-01-24,0.008429269698232655
2022-01-25,-0.03742406084225869
2022-01-26,-0.019998720525437608
2022-01-27,0.007921090467763792
2022-01-28,0.026639961399338663
2022-01-31,0.032890209481031496
2022-02-01,-0.036992782760059906
2022-02-02,0.006326124748342821
2022-02-03,-0.0383021638019857
2022-02-04,0.010041396979017847
2022-02-07,-0.013410640552897202
2022-02-08,0.006289089649395674
2022-02-09,0.013844113969625926
2022-02-10,-0.029232489358229863
2022-02-11,-0.012495512297522215
2022-02-14,0.001521030669747736
2022-02-15,0.019262753555123302
2022-02-16,-0.011244415997611057
2022-02-17,-0.024593976431096398
2022-02-18,0.0
2022-02-22,0.0035117911375597277
2022-02-23,-0.013927903006746845
2022-02-24,0.03122978561812184
2022-02-25,0.020373078251433085
2022-02-28,-0.01376045836927009
2022-03-01,0.0006157856626918257
2022-03-02,0.012849980020054108
2022-03-03,-0.012686952928408712
2022-03-04,0.007792123481050517
2022-03-07,-0.001085206400826988
2022-03-08,-0.014937468464616854
2022-03-09,0.013716253701426817
2022-03-10,-0.00958678236061139
2022-03-11,-0.007277348055232724
2022-03-14,-0.004515189600862501
2022-03-15,0.020724256815945363
2022-03-16,0.031446460403466325
2022-03-17,0.009345045770736027
2022-03-18,0.00853664751798
2022-03-21,-0.010612950722621806
2022-03-22,0.005001568365775588
2022-03-23,-0.01414372878662562
2022-03-24,0.00903309982419298
2022-03-25,0.005594920174458284
2022-03-28,0.010800468331881863
2022-03-29,0.01981619452658867
2022-03-30,-0.010414221409433377
2022-03-31,-0.0008339286145094826
2022-04-01,0.0038531180857064307
2022-04-04,0.0019195771995728084
2022-04-05,0.01851709895211262
2022-04-06,0.0005643708504226019
2022-04-07,-0.004636675464969264
2022-04-08,0.012463608659853964
2022-04-11,-0.037366242609804146
2022-04-12,-0.004908544373088963
2022-04-13,0.00915187244520177
2022-04-14,-0.012606072858611483
2022-04-18,-0.012376542797883583
2022-04-19,0.019918532412765533
2022-04-20,0.005302530787954396
2022-04-21,-0.006368356404591324
2022-04-22,-0.0399428642998918
2022-04-25,0.018475890543255602
2022-04-26,-0.030455542057838958
2022-04-27,0.002595160475282743
2022-04-28,0.0231575092653995
2022-04-29,-0.04054067118142601
2022-05-02,-0.0060359177071349635
2022-05-03,0.02219708722926339
2022-05-04,0.019871841913825072
2022-05-05,-0.04204890868306199
2022-05-06,-0.008597185858781331
2022-05-09,-0.02911727830254307
2022-05-10,-0.006825960561637534
2022-05-11,-0.01345327878764635
2022-05-12,0.010968849243079726
2022-05-13,0.021478947962363826
2022-05-16,-0.0027269324765752945
2022-05-17,0.010938252601431886
2022-05-18,-0.02761959174334372
2022-05-19,0.010395795282001075
2022-05-20,0.006955245685297262
2022-05-23,0.010145203154845683
2022-05-24,-0.004986082850971352
2022-05-25,0.005941872021786754
2022-05-26,0.0278961586270845
2022-05-27,0.01633899382086046
2022-05-31,-0.003950903885777235
2022-06-01,-0.010190338016365819
2022-06-02,0.020037507613403394
2022-06-03,-0.009076736812341002
2022-06-06,-0.006357117243556476
2022-06-07,0.01630395990420075
2022-06-08,-0.015162477507559058
2022-06-09,-0.020620128850712405
2022-06-10,-0.016843212661484697
2022-06-13,-0.03526315031689764
2022-06-14,-0.000669080282649448
2022-06-15,0.02626088364228618
2022-06-16,-0.02747355666751028
2022-06-17,-0.0055902144194374115
2022-06-21,0.00981927268128846
2022-06-22,0.006828904507153233
2022-06-23,0.022633683951295502
2022-06-24,0.0495997258372356
2022-06-27,0.008929130842630695
2022-06-28,-0.03900889034080146
2022-06-29,0.019340006933068254
2022-06-30,-0.009312756724431992
2022-07-01,0.027148321606054182
2022-07-05,-0.001843968986398381
2022-07-06,0.01785829271825068
2022-07-07,0.004167981485905692
2022-07-08,-0.0005357139977455461
2022-07-11,-0.010783701865043072
2022-07-12,-0.01083340491954976
2022-07-13,-0.0011637133382479403
2022-07-14,0.005962037191525216
2022-07-15,0.01723570532698604
2022-07-18,-0.015068400626896405
2022-07-19,0.03583331040197146
2022-07-20,0.0011159701270841982
2022-07-21,0.02222786640513874
2022-07-22,0.0018601939307283377
2022-07-25,-0.007938905459050183
2022-07-26,-6.446640010193683e-05
2022-07-27,0.021040308090484627
2022-07-28,0.016687565121561665
2022-07-29,-0.0018027608851111099
2022-08-01,0.004920507757269377
2022-08-02,0.012024191918839966
2022-08-03,0.011758973452584254
2022-08-04,0.011622307052496117
2022-08-05,0.004368052665328914
2022-08-08,-0.0016680549583636406
2022-08-09,0.008533810735021019
2022-08-10,0.00899432345582718
2022-08-11,-0.004633284340843868
2022-08-12,0.0794792538536695
2022-08-15,-0.02772633823760784
2022-08-16,-0.004603048276518584
2022-08-17,0.0017484238599674296
2022-08-18,-0.0027021851644175587
2022-08-19,-0.0063227565750050285
2022-08-22,-0.007839398524501995
2022-08-23,-0.0056685367155130395
2022-08-24,0.004779686374523084
2022-08-25,0.011404438187541999
2022-08-26,-0.014109023086309347
2022-08-29,-0.0008622836468302753
2022-08-30,-0.007190420409656451
2022-08-31,-0.00822762324871873
2022-09-01,0.0031548751339902648
2022-09-02,-0.030458421868732155
2022-09-06,0.008349291961674554
2022-09-07,0.010067215539360186
2022-09-08,0.008139003607821493
2022-09-09,0.00859940784124169
2022-09-12,0.0036540911681262056
2022-09-13,-0.026236611551678557
2022-09-14,-0.006049939521572845
2022-09-15,-0.018889421820220242
2022-09-16,0.00012236478349358926
2022-09-19,0.008800195916057074
2022-09-20,-0.017931695477073295
2022-09-21,-0.013262711191482812
2022-09-22,-0.017441798277212817
2022-09-23,-0.017369685896670872
2022-09-26,-0.007964289963064641
2022-09-27,-0.025194138258251786
2022-09-28,-0.0030802181131471817
2022-09-29,-0.013365260632570375
2022-09-30,-0.017563092241529854
2022-10-03,0.031804378794377364
2022-10-04,0.02383980854788681
2022-10-05,-0.012396568094962923
2022-10-06,-0.034070575461339625
2022-10-07,-0.01767057490470736
2022-10-10,0.004619302623193544
2022-10-11,-0.00787270077364477
2022-10-12,-0.019171415997841335
2022-10-13,0.02176560198439259
2022-10-14,-0.025295823097199577
2022-10-17,0.026527437090452022
2022-10-18,0.019399131749207488
2022-10-19,-0.014152183928956341
2022-10-20,-0.021602882969619208
2022-10-21,0.00420274494448547
2022-10-24,0.010000323234981012
2022-10-25,0.013974728950402415
2022-10-26,-0.00041562667709738044
2022-10-27,0.0046423742117895905
2022-10-28,0.026896453385446994
2022-10-31,0.007790239053087733
2022-11-01,-0.0030650056551767557
2022-11-02,-0.07934512518172354
2022-11-03,-0.027735262487140422
2022-11-04,-0.003509824433548636
2022-11-07,0.015437465353330682
2022-11-08,0.00730641792455633
2022-11-09,-0.02014809337164769
2022-11-10,0.05607888740390332
2022-11-11,-0.008850248835413077
2022-11-14,0.009500747837644541
2022-11-15,0.009057623157208816
2022-11-16,0.002524389989546849
2022-11-17,-0.002727981468204077
2022-11-18,0.014238573894945983
2022-11-21,0.0172891994146549
2022-11-22,0.008565404765515261
2022-11-23,0.0004718684286824093
2022-11-25,0.0006063094970820693
2022-11-28,-0.01360096709566394
2022-11-29,-0.02511938299593197
2022-11-30,0.04404160798893453
2022-12-01,0.005029644241222986
2022-12-02,-0.005805385616340031
2022-12-05,-0.02691445947199045
2022-12-06,-0.011380848572816737
2022-12-07,-0.006558524514391761
2022-12-08,0.017066116602741266
2022-12-09,-0.018713031226847088
2022-12-12,0.021251237601062956
2022-12-13,0.00048226005771700997
2022-12-14,-0.02509076424335377
2022-12-15,-0.041817399917921994
2022-12-16,-0.011929510721534364
2022-12-19,-0.001049792824456941
2022-12-20,0.001501305662345187
2022-12-21,0.021887254286654168
2022-12-22,-0.01415678314640001
2022-12-23,0.0005952289346609074
2022-12-27,0.007361398774614614
2022-12-28,-0.015501176944801132
2022-12-29,0.02466807226468637
2022-12-30,-0.018512871901069428
2023-01-03,0.003205617137050698
2023-01-04,0.015680791786810477
2023-01-05,-0.026706602985246963
2023-01-06,0.030672142537055302
2023-01-09,0.01137826280056009
2023-01-10,0.0026685289149153135
2023-01-11,0.03265477783105619
2023-01-12,0.009890715511796877
2023-01-13,-0.006069509990494604
2023-01-17,0.007147374338831725
2023-01-18,-0.007854474403018785
2023-01-19,-0.011527711222502846
2023-01-20,0.02775041981478865
2023-01-23,0.026317563996089754
2023-01-24,0.0007992417482687308
2023-01-25,-0.00845204556635304
2023-01-26,0.013088193127737568
2023-01-27,-0.00980506971583972
2023-01-30,0.0034120715070204977
2023-01-31,0.0026005332833143324
2023-02-01,0.02008513829920866
2023-02-02,-0.0005868207953854121
2023-02-03,0.0018917581372794867
2023-02-06,-0.029626061237069568
2023-02-07,0.01080308070735847
2023-02-08,-0.02575690474804837
2023-02-09,-0.007426816504672695
2023-02-10,0.002608595641024891
2023-02-13,0.01109213864459746
2023-02-14,-0.02112818780065473
2023-02-15,0.000830149735149055
2023-02-16,-0.007465260402632845
2023-02-17,0.0018802693165289597
2023-02-21,-0.007507183351876945
2023-02-22,0.0005602938846174244
2023-02-23,0.0005597573864921657
2023-02-24,-0.012872448940974057
2023-02-27,-0.0038977158005207846
2023-02-28,0.001636006635947096
2023-03-01,-0.005611112008975461
2023-03-02,0.016500863953199385
2023-03-03,0.012719579341506915
2023-03-06,-0.006939258413955707
2023-03-07,-0.009991995197118242
2023-03-08,0.005293481236817499
2023-03-09,-0.008916579710837813
2023-03-10,-0.029540997490656862
2023-03-13,0.001167834346153196
2023-03-14,0.004434682144763391
2023-03-15,-0.006421977871705065
2023-03-16,0.00984233548031166
2023-03-17,-0.01694680155624828
2023-03-20,0.007842548565991425
2023-03-21,0.005212118381463071
2023-03-22,-0.008398369009045115
2023-03-23,0.015318810861920884
2023-03-24,0.01987525658157563
2023-03-27,0.0023470793546054303
2023-03-28,-0.0021286612018114326
2023-03-29,0.016710439230300578
2023-03-30,0.014897300664686197
2023-03-31,0.010061434617416598
2023-04-03,-0.009347239500431037
2023-04-04,-0.011501496873166817
2023-04-05,-0.018462911533853266
2023-04-06,0.0022713028446108563
2023-04-10,0.005594999258550892
2023-04-11,0.014508170975320756
2023-04-12,0.01027412611752676
2023-04-13,0.0070774130592021756
2023-04-14,-0.009415804175807785
2023-04-17,0.005992678231813153
2023-04-18,-0.0015064748510158488
2023-04-19,-0.010697219007399839
2023-04-20,-0.011506196399463486
2023-04-21,0.007573015078555567
2023-04-24,0.006959539484807209
2023-04-25,-0.024189817916516088
2023-04-26,-0.008853182224675349
2023-04-27,0.025510664540777883
2023-04-28,0.013239668739745136
2023-05-01,-0.008458675361163848
2023-05-02,0.06297643328860958
2023-05-03,0.01187548967458496
2023-05-04,-0.01302577498340085
2023-05-05,-0.0012410183340243464
2023-05-08,-0.0020281417872991536
2023-05-09,-6.535610049407392e-05
2023-05-10,0.01507697791898388
2023-05-11,-0.0009687053393161449
2023-05-12,-0.0008402291013088758
2023-05-15,-0.0008410380707443155
2023-05-16,-0.01243209874518969
2023-05-17,0.0014423617708965164
2023-05-18,0.009493442665077234
2023-05-19,-0.005966543262237223
2023-05-22,0.0029357635602877963
2023-05-23,-0.016979048459176638
2023-05-24,-0.0071470315923535255
2023-05-25,-0.012397304919036456
2023-05-26,0.009583300532710615
2023-05-30,-0.012032684856354448
2023-05-31,-0.007240010503198335
2023-06-01,0.015539722776549247
2023-06-02,0.028523581715599988
2023-06-05,0.0018920597519513915
2023-06-06,0.004950100598685614
2023-06-07,-0.002333159169519705
2023-06-08,0.00032467348878517654
2023-06-09,-0.0009740126598006826
2023-06-12,0.0029902135472947844
2023-06-13,0.022488569089389898
2023-06-14,0.002451474832257272
2023-06-15,0.014419104482869205
2023-06-16,0.006888079703879502
2023-06-20,-0.012562200886857666
2023-06-21,0.005668021255650135
2023-06-22,-0.0070764929553245315
2023-06-23,-0.0034060244672565743
2023-06-26,0.012024789363293653
2023-06-27,0.010005462755484862
2023-06-28,0.0013621578218583341
2023-06-29,0.009707599228955921
2023-06-30,0.01426815644613888
2023-07-03,-0.010505400603406656
2023-07-05,0.0003050987245258874
2023-07-06,-0.0026230103040792985
2023-07-07,-0.0012841230060348652
2023-07-10,0.011451377325690126
2023-07-11,0.007144109338389271
2023-07-12,0.0007211622237139892
2023-07-13,0.008830544341091873
2023-07-14,0.00029774102365687227
2023-07-17,-0.007500484130597562
2023-07-18,0.0035986327349910585
2023-07-19,0.013984399640353917
2023-07-20,-0.0028289467697844017
2023-07-21,0.003782629884973465
2023-07-24,0.00017661941169788697
2023-07-25,0.00712362826472579
2023-07-26,0.005319388957720994
2023-07-27,-0.012617712816041626
2023-07-28,-0.011718927211340047
2023-07-31,0.0005957200341135671
2023-08-01,0.0017866589936523791
2023-08-02,-0.009095297875219677
2023-08-03,-0.004739188681518902
2023-08-04,-0.0010850098473237368
2023-08-07,0.002594646021038871
2023-08-08,0.06445981699588343
2023-08-09,0.009725307560702667
2023-08-10,0.00436771943840264
2023-08-11,0.014161310651790604
2023-08-14,0.005058024992023569
2023-08-15,-0.010775794097721225
2023-08-16,0.002764780258812216
2023-08-17,-0.015274298887703042
2023-08-18,0.0023517810690225627
2023-08-21,-0.00597773888314912
2023-08-22,-0.0007306274382654632
2023-08-23,0.026434257917890447
2023-08-24,5.481466557322179e-05
2023-08-25,0.006465445434085115
2023-08-28,0.012847738200308045
2023-08-29,0.0010211828548987167
2023-08-30,0.003167935696259727
2023-08-31,-0.003318480067828311
2023-09-01,0.008216589015726639
2023-09-05,-0.00026633974176626385
2023-09-06,-0.012787041998546966
2023-09-07,0.009930288348720229
2023-09-08,0.0032064115097099055
2023-09-11,0.006765003912650336
2023-09-12,-0.0010580899201390048
2023-09-13,-0.003495879141510394
2023-09-14,0.0036830646849486115
2023-09-15,-0.015369893676085988
2023-09-18,-0.000972187177127326
2023-09-19,0.004325243961807557
2023-09-20,-0.0068365578209623745
2023-09-21,-0.005366377058200311
2023-09-22,0.0040872109305514215
2023-09-25,0.00455901522955271
2023-09-26,-0.01631637484557047
2023-09-27,-0.004668485007903733
2023-09-28,-0.0012139506684519796
2023-09-29,-0.010773473480587326
2023-10-02,-0.011505224446540896
2023-10-03,-0.007119033714503509
2023-10-04,0.021168698926630647
2023-10-05,-0.0007242431047641551
2023-10-06,0.0020632924990491297
2023-10-09,0.012298829402094924
2023-10-10,-0.0023638912697979686
2023-10-11,0.0050697163801076695
2023-10-12,-0.006414753037512488
2023-10-13,-0.01953435677753923
2023-10-16,0.010806063833619373
2023-10-17,0.00840747821683352
2023-10-18,-0.01915948679256263
2023-10-19,-0.009795085687682614
2023-10-20,-0.015406448117031735
2023-10-23,-0.0030604672572392966
2023-10-24,0.0011006950141740912
2023-10-25,-0.016546180132005373
2023-10-26,-0.0038826268091902705
2023-10-27,-0.011516059617557417
2023-10-30,0.01248667420486882
2023-10-31,0.006903705330088439
2023-11-01,-0.0006446090021687834
2023-11-02,0.04855439751998447
2023-11-03,-0.009451316067667137
2023-11-06,0.0011858120235086478
2023-11-07,-0.002425076426088024
2023-11-08,0.005879149119107474
2023-11-09,-0.009890974129067365
2023-11-10,0.005335375286871447
2023-11-13,0.003839253522076147
2023-11-14,0.018054063286933264
2023-11-15,-0.003811863044704933
2023-11-16,0.0049356276194014725
2023-11-17,0.008222233783744981
2023-11-20,0.0055284291492496695
2023-11-21,0.00838281916568695
2023-11-22,0.007827157449555644
2023-11-24,-0.0005891594823294044
2023-11-27,0.005520110698144398
2023-11-28,0.005063564616718086
2023-11-29,0.010977287827852678
2023-11-30,0.016680671591265517
2023-12-01,0.008151940345039188
2023-12-04,-0.001433008881925546
2023-12-05,-0.003997682027788385
2023-12-06,-0.015179599076031391
2023-12-07,0.003239492365874508
2023-12-08,-0.00338515682871543
2023-12-11,-0.001410962387507042
2023-12-12,0.014391185229733372
2023-12-13,-0.002785820767911895
2023-12-14,0.005921961702867629
2023-12-15,0.0005681135194397502
2023-12-18,0.01527746287588938
2023-12-19,0.0015759299805511162
2023-12-20,-0.003349964882022105
2023-12-21,0.0
2023-12-22,0.016856802464691345
2023-12-26,0.011769518019416836
2023-12-27,0.011137473265594666
2023-12-28,0.007636893801144851
2023-12-29,-0.00038874521136411655
2024-01-02,-0.028481156101964333
2024-01-03,-0.013857461797669446
2024-01-04,-0.00015224070420316593
2024-01-05,-0.003754679974366404
2024-01-08,0.018589317986440257
2024-01-09,0.0
2024-01-10,0.009850004670951096
2024-01-11,-0.0037630416879984585
2024-01-12,0.006908237322618138
2024-01-16,-0.002171723200095288
2024-01-17,-0.0010388075728554602
2024-01-18,-0.0035652301986578427
2024-01-19,0.018188195307185184
2024-01-22,0.0072721289546746615
2024-01-23,-0.0002906683646544117
2024-01-24,-0.0012117731897377526
2024-01-25,0.010578960583084607
2024-01-26,-0.001776659418200266
2024-01-29,0.0013468148077786513
2024-01-30,0.003843263358437765
2024-01-31,-0.022779535267606343
2024-02-01,-0.01258566040137754
2024-02-02,0.0005455233460129882
2024-02-05,-0.017398599479491628
2024-02-06,0.0031276919976777062
2024-02-07,-0.00301730304314185
2024-02-08,0.0037829842929875124
2024-02-09,-0.00010048264641149274
2024-02-12,-0.006784594901971697
2024-02-13,-0.02059399939339901
2024-02-14,0.015034030680476373
2024-02-15,0.009314466285947898
2024-02-16,-0.0019163822081960102
2024-02-20,-0.013944955808427584
2024-02-21,0.007276003365162653
2024-02-22,0.01658363933330076
2024-02-23,0.008256692762335094
2024-02-26,-0.0004468165426169124
2024-02-27,-0.0069017203339583055
2024-02-28,0.007199701323969077
2024-02-29,0.010573502120803324
2024-03-01,0.0007858530791613472
2024-03-04,0.008932874168480653
2024-03-05,-0.021210263434703225
2024-03-06,0.009045722582053273
2024-03-07,0.009260109958179052
2024-03-08,-0.006588497134801252
2024-03-11,-0.005846301130096099
2024-03-12,0.00815379445453046
2024-03-13,-0.005048769367731132
2024-03-14,-0.012117947965291975
2024-03-15,0.002353177280141505
2024-03-18,-0.0035962885866531735
2024-03-19,0.013886050391535898
2024-03-20,0.009443683802197622
2024-03-21,0.009257549330115022
2024-03-22,-0.012327217363481191
2024-03-25,-0.005749091542456397
2024-03-26,-0.0031134524508690253
2024-03-27,0.010559677731033945
2024-03-28,0.005003904207116161
2024-04-01,-0.007956691728592258
2024-04-02,-0.0031982039647285854
2024-04-03,-0.015302638137177582
2024-04-04,-0.004461623810470217
2024-04-05,0.02094757523462154
2024-04-08,0.010456242248609415
2024-04-09,0.011568365698619631
2024-04-10,-0.017708934393765086
2024-04-11,-0.013852807301045766
2024-04-12,-0.009564009701901854
2024-04-15,-0.015893020495619026
2024-04-16,-0.010527861891425405
2024-04-17,-0.0008265199419635882
2024-04-18,-0.002429488410260805
2024-04-19,0.0020726423864196875
2024-04-22,0.004395486615917932
2024-04-23,0.008649716792654916
2024-04-24,-0.004236739221481045
2024-04-25,0.002460476791857902
2024-04-26,-0.007210064921218007
2024-04-29,0.0110223957507245
2024-04-30,-0.014672096072839147
2024-05-01,0.00010330115577428245
2024-05-02,0.009926183502626973
2024-05-03,0.01791649478073465
2024-05-06,0.00920302023204278
2024-05-07,0.003388491071220079
2024-05-08,-0.05413183569963409
2024-05-09,0.013651120653158433
2024-05-10,0.013622590458673756
2024-05-13,0.010782427732758393
2024-05-14,0.01046507557345322
2024-05-15,0.011257209609932817
2024-05-16,0.009449835835777964
2024-05-17,-0.002646623215971755
2024-05-20,-0.015234131170714371
2024-05-21,-0.0020958588094207586
2024-05-22,0.019952982049544987
2024-05-23,-0.01112957949929061
2024-05-24,-0.0057019858353006825
2024-05-28,-0.021491877802824577
2024-05-29,-0.01075275553138244
2024-05-30,0.008139360119852723
2024-05-31,0.025907051736182574
2024-06-03,-0.005927298021534244
2024-06-04,0.002004257380422203
2024-06-05,-0.010051039908172354
2024-06-06,-0.0013638583357391543
2024-06-07,0.0017197443255718703
2024-06-10,-0.0060087715886578685
2024-06-11,-0.0009144910911225157
2024-06-12,0.0014746997491847935
2024-06-13,-0.003807922089598015
2024-06-14,-0.0014328740385715077
2024-06-17,0.012914450432408797
2024-06-18,0.008044508120365723
2024-06-20,0.003513324655154415
2024-06-21,0.004251299300926714
2024-06-24,0.005229305287699493
2024-06-25,-0.00668844964464399
2024-06-26,-0.00034906471757256696
2024-06-27,-0.006037386936724953
2024-06-28,-0.011093882829429469
2024-07-01,-0.0022335198362646302
2024-07-02,0.008801364319875438
2024-07-03,0.00610231875921019
2024-07-05,0.013132667564942802
2024-07-08,-0.001731478592091662
2024-07-09,-0.00882194791147517
2024-07-10,0.002950136631340916
2024-07-11,0.014408219520356536
2024-07-12,0.009731048462092717
2024-07-15,0.013093351291481037
2024-07-16,0.007687097616966954
2024-07-17,-0.0085821063971947
2024-07-18,-0.015004356033646915
2024-07-19,-0.014305235919118031
2024-07-22,0.014067105426877058
2024-07-23,0.004005213218770454
2024-07-24,-0.011676013433409183
2024-07-25,0.02421864242900429
2024-07-26,0.021915741777174702
2024-07-29,-0.007571855076798695
2024-07-30,0.0207089415227526
2024-07-31,-0.006453454774013934
2024-08-01,0.0044392817086791325
2024-08-02,0.004745316307197989
2024-08-05,-0.03449557304827333
2024-08-06,0.04810095011020321
2024-08-07,-0.030382070995142563
2024-08-08,0.019489334448121065
2024-08-09,-0.007267129598579114
2024-08-12,-0.015480060941309826
2024-08-13,-0.006014616330140887
2024-08-14,-0.001095887821608743
2024-08-15,-0.0031480912723975685
2024-08-16,-0.0013397671023851476
2024-08-19,0.0026831289726994
2024-08-20,0.0010512445429107231
2024-08-21,0.007876276335811339
2024-08-22,-0.004357318782857278
2024-08-23,-0.005660694761102203
2024-08-26,0.002009266110771124
2024-08-27,0.003389858348225472
2024-08-28,0.0068042996956441115
2024-08-29,0.002410408723612756
2024-08-30,0.003583136571709611
2024-09-03,-0.006624148120224049
2024-09-04,0.002317462369544332
2024-09-05,-0.00514298946782854
2024-09-06,-0.015461250408828509
2024-09-09,0.014740602967320937
2024-09-10,0.016615262924183805
2024-09-11,-0.013541964567936549
2024-09-12,0.0007606500730170662
2024-09-13,0.00674484116483276
2024-09-16,-0.001462632108706563
2024-09-17,-0.0032129079828754348
2024-09-18,-0.011234386789050532
2024-09-19,0.0019176675480636618
2024-09-20,-0.003684444490390848
2024-09-23,0.0116703096933366
2024-09-24,-0.0005696010338533952
2024-09-25,-0.010259834791194633
2024-09-26,0.01622110352088746
2024-09-27,0.0013223348655626577
2024-09-30,0.01414894527592625
2024-10-01,-0.0015811995715431237
2024-10-02,-0.004378403117435092
2024-10-03,0.005848045258383339
2024-10-04,0.0015348359599653971
2024-10-07,-0.0006966161440791208
2024-10-08,0.007575028983153098
2024-10-09,0.013375834850812618
2024-10-10,-0.013108252906075313
2024-10-11,0.018032559016446736
2024-10-14,0.003488251698316125
2024-10-15,0.0010834895888995888
2024-10-16,-0.01136418836601183
2024-10-17,-0.004470120823208412
2024-10-18,0.0038946774014949614
2024-10-21,-0.001323617227816376
2024-10-22,-0.008729100466856377
2024-10-23,-0.0024895945534720854
2024-10-24,0.0018487282512837933
2024-10-25,-0.012594559223889079
2024-10-28,-0.0015418641645358333
2024-10-29,-0.004866495440129404
2024-10-30,-0.0007524589893885825
2024-10-31,-0.007717695499072419
2024-11-01,-0.0030825893750751066
2024-11-04,-0.002711543326622823
2024-11-05,0.04130889570206664
2024-11-06,0.005313730372190184
2024-11-07,0.007837401932270449
2024-11-08,0.018220601695283056
2024-11-11,0.004440232488977847
2024-11-12,0.0028734812744122262
2024-11-13,0.00947715481686151
2024-11-14,-0.006331633266766001
2024-11-15,0.0009668610199504712
2024-11-18,-0.0030731888460318046
2024-11-19,-0.009864383919783393
2024-11-20,0.002446153764845471
2024-11-21,0.009228456857570233
2024-11-22,0.012177485972695523
2024-11-25,0.012986451525465181
2024-11-26,0.01376318916603747
2024-11-27,-0.0027067951059035478
2024-11-29,0.0009330087175056789
2024-12-02,-0.007499416759252919
2024-12-03,-0.008665959864316619
2024-12-04,0.0030574936805616293
2024-12-05,0.012793545249263127
2024-12-06,-0.002034706184344981
2024-12-09,-0.007900430687069915
2024-12-10,0.009975620904469906
2024-12-11,-0.0013142022022650801
2024-12-12,0.0012734843090107528
2024-12-13,-0.0062976303188552185
2024-12-16,-0.0068941884250423024
2024-12-17,-0.009615396726682768
2024-12-18,-0.028734401157743172
2024-12-19,0.004885964189857539
2024-12-20,0.008163003013984316
2024-12-23,-0.006725280502332787
2024-12-24,0.012695400115908306
2024-12-26,0.0017595706155359991
2024-12-27,-0.006015697467963044
2024-12-30,-0.003843251102728984
2024-12-31,0.002616369964285603
