Date,CB
2015-01-05,-0.016340473922647814
2015-01-06,-0.00879475577709199
2015-01-07,0.014249848043474511
2015-01-08,0.016170841203207997
2015-01-09,-0.014174105993197683
2015-01-12,-0.01208453795718012
2015-01-13,0.0015180725841570375
2015-01-14,-0.020682947046370193
2015-01-15,-0.00027282372555959
2015-01-16,0.017573946233368165
2015-01-20,-0.011453999826885775
2015-01-21,0.0006334379944248347
2015-01-22,0.026144462048494965
2015-01-23,-0.00484883979388917
2015-01-26,0.00017741344256783087
2015-01-27,-0.014172051260167962
2015-01-28,-0.01796939681387144
2015-01-29,0.007593956274138947
2015-01-30,-0.01970406008170167
2015-02-02,0.01250452190572271
2015-02-03,0.015552085200858157
2015-02-04,0.005494993486789612
2015-02-05,0.013259328427119632
2015-02-06,-0.0019452773931584177
2015-02-09,-0.00806169327289874
2015-02-10,-0.0019647427598999956
2015-02-11,0.006353641587338643
2015-02-12,0.00444576192841617
2015-02-13,0.0007970932396783592
2015-02-17,0.0076071553366137135
2015-02-18,-0.0017555534865698608
2015-02-19,0.001846494989936609
2015-02-20,0.0050914692609800305
2015-02-23,-0.00820970013336475
2015-02-24,0.008365380982341852
2015-02-25,-0.0024448485613686177
2015-02-26,0.004814716736193159
2015-02-27,-0.0067086136512388705
2015-03-02,0.003157617774356858
2015-03-03,-0.004721314021046696
2015-03-04,-0.010806056314703105
2015-03-05,0.0052400437222568375
2015-03-06,-0.01068998363482021
2015-03-09,0.007590800944491605
2015-03-10,-0.0241072531327301
2015-03-11,0.006448104735152782
2015-03-12,0.016874414550434924
2015-03-13,-0.008430295094678852
2015-03-16,0.020225702994959738
2015-03-17,-0.005613760971932558
2015-03-18,0.01226127266008481
2015-03-19,-0.009324463126625937
2015-03-20,-0.0012315953015582526
2015-03-23,0.0
2015-03-24,-0.010480893921388734
2015-03-25,-0.006764712939306805
2015-03-26,-0.0029570245926380245
2015-03-27,0.002621813998841871
2015-03-30,0.011812589961564646
2015-03-31,-0.006416984228147071
2015-04-01,-0.004484527229090873
2015-04-02,0.0018920579518151293
2015-04-06,0.0005397934424895556
2015-04-07,0.0008083781953087676
2015-04-08,-0.0009877749422125826
2015-04-09,0.004674833599881856
2015-04-10,0.0012527366795291872
2015-04-13,0.000357417748339417
2015-04-14,-0.0002678225644445753
2015-04-15,-0.0003574686249605552
2015-04-16,0.0044693754363231974
2015-04-17,-0.01984519297073495
2015-04-20,0.009260930668174572
2015-04-21,-0.019341368552129867
2015-04-22,-0.010549650970697821
2015-04-23,0.0041722248759483715
2015-04-24,0.0018464939944637937
2015-04-27,-0.00580598792979381
2015-04-28,0.008157405432763332
2015-04-29,-0.006620198096926488
2015-04-30,-0.009718856708897605
2015-05-01,0.005981908058531715
2015-05-04,-0.0017651964737426251
2015-05-05,-0.0033506378994510033
2015-05-06,-0.0014944578968074662
2015-05-07,0.006827536406097678
2015-05-08,0.010497040347681175
2015-05-11,-0.004596418920888801
2015-05-12,-0.011359425387319266
2015-05-13,0.0014011493669403574
2015-05-14,0.012966566781447808
2015-05-15,-0.004051778599893474
2015-05-18,0.0054552458993482045
2015-05-19,0.0018394483121846328
2015-05-20,0.0015605326291174837
2015-05-21,-0.0019249981621154433
2015-05-22,-0.002203754472118624
2015-05-26,-0.01730166674987399
2015-05-27,0.005338090499340087
2015-05-28,0.0021427126993283085
2015-05-29,-0.010225189488169084
2015-06-01,-0.0010327776039402714
2015-06-02,0.0
2015-06-03,0.004794535117439436
2015-06-04,-0.010011309444535765
2015-06-05,-0.010679664659633992
2015-06-08,-0.013183129973305618
2015-06-09,0.002129770101528816
2015-06-10,0.014876617167222328
2015-06-11,0.008851847729542062
2015-06-12,-0.004811726133805094
2015-06-15,-0.00047394285731361396
2015-06-16,0.008062432153399746
2015-06-17,0.0004702879654356895
2015-06-18,0.012508227260862537
2015-06-19,-0.015326000841696996
2015-06-22,0.0011320908209409009
2015-06-23,0.0026379465345529596
2015-06-24,-0.011088987804701578
2015-06-25,-0.023567675620125073
2015-06-26,0.013616760205801492
2015-06-29,-0.018072937089561036
2015-06-30,0.0007877017335240488
2015-07-01,0.007966042863382983
2015-07-02,0.012196520703927627
2015-07-06,-0.003952194642921958
2015-07-07,0.010935822023301345
2015-07-08,-0.017423112213958314
2015-07-09,0.008281351986540786
2015-07-10,0.0033819560170349483
2015-07-13,0.0037556899385713383
2015-07-14,-0.005756263411209828
2015-07-15,0.0014473752288943764
2015-07-16,0.0055886775572908665
2015-07-17,-0.002107809275790906
2015-07-20,0.0007678699164668235
2015-07-21,-0.0032621807144161963
2015-07-22,0.026087610482437906
2015-07-23,-0.0013134044348748208
2015-07-24,-9.381434590971516e-05
2015-07-27,0.005261280156265702
2015-07-28,0.005794167070833023
2015-07-29,0.003437931094995683
2015-07-30,0.005556183061170339
2015-07-31,0.0016575005143366628
2015-08-03,0.01811170770966175
2015-08-04,-0.0033410704586428475
2015-08-05,0.006885923301356733
2015-08-06,-0.008908428960501702
2015-08-07,-0.002542309155131761
2015-08-10,0.002275830220163977
2015-08-11,-0.0011804701097337666
2015-08-12,-0.007728824201960305
2015-08-13,-0.0013746826575813387
2015-08-14,0.00633136588381511
2015-08-17,0.002917864242659496
2015-08-18,0.004454899451293626
2015-08-19,-0.006788342100020661
2015-08-20,-0.020322699539996103
2015-08-21,-0.022604639021396644
2015-08-24,-0.0356904865118145
2015-08-25,-0.01579156595043274
2015-08-26,0.021359595174600177
2015-08-27,0.017574904189554763
2015-08-28,-0.008973022530958774
2015-08-31,-0.005354847442010868
2015-09-01,-0.023884314267093698
2015-09-02,0.009125274777254111
2015-09-03,0.010335076566905244
2015-09-04,-0.014851911301004717
2015-09-08,0.018070946033575064
2015-09-09,-0.012160149990301239
2015-09-10,9.914161107871244e-05
2015-09-11,0.001191044595676205
2015-09-14,-0.0064444865222873515
2015-09-15,0.010877222691543453
2015-09-16,0.0050345929895481145
2015-09-17,-0.0025537766249899008
2015-09-18,-0.01605145741641323
2015-09-21,0.017614350969843207
2015-09-22,-0.006884496319778943
2015-09-23,0.0035650067708306032
2015-09-24,0.0020724422992046687
2015-09-25,0.01841454605890913
2015-09-28,-0.01800515114989587
2015-09-29,0.006838707804625033
2015-09-30,0.01781683717286109
2015-10-01,-0.010735284914151766
2015-10-02,0.004203717675962171
2015-10-05,0.015674137895238305
2015-10-06,-0.00996879668116779
2015-10-07,0.016362042592015902
2015-10-08,0.015240532679726249
2015-10-09,-0.0010317510345421166
2015-10-12,0.005165458705043591
2015-10-13,-0.005326044695533549
2015-10-14,-0.008454284063394213
2015-10-15,0.018948285066038517
2015-10-16,0.013016985236841139
2015-10-19,0.005140039464964774
2015-10-20,0.01406272057626956
2015-10-21,0.022782160304454457
2015-10-22,0.01347096504255485
2015-10-23,-0.002432527227376191
2015-10-26,0.0038317728031014298
2015-10-27,-0.005985849592585968
2015-10-28,0.006196519867646799
2015-10-29,-8.653618439102839e-05
2015-10-30,-0.015094010645824607
2015-11-02,0.004668072747640473
2015-11-03,-0.0037695193064495314
2015-11-04,-0.005984075381179177
2015-11-05,0.005046055435061536
2015-11-06,-0.004403883453817148
2015-11-09,-0.0045120347649934
2015-11-10,0.00915371884826266
2015-11-11,-0.0015850670945101175
2015-11-12,-0.017112057690382487
2015-11-13,0.003769128206543515
2015-11-16,0.017076274785692513
2015-11-17,-0.002461072642435558
2015-11-18,0.016390443759341622
2015-11-19,0.001994072063707497
2015-11-20,0.007873850491007861
2015-11-23,-0.0037772582946412614
2015-11-24,-0.00413635521794431
2015-11-25,-0.004413408918601203
2015-11-27,8.687580983646193e-05
2015-11-30,-0.001825267670790609
2015-12-01,0.011144969155583606
2015-12-02,-0.0064580077380704815
2015-12-03,-0.013954377226469084
2015-12-04,0.03419221698919617
2015-12-07,-0.004504691625398127
2015-12-08,-0.010074382782785163
2015-12-09,-0.009141701384086764
2015-12-10,-0.0013925862310028014
2015-12-11,-0.014381590950883982
2015-12-14,0.009020241798168627
2015-12-15,0.014899153497114792
2015-12-16,0.009499109480716639
2015-12-17,-0.011120762593422762
2015-12-18,-0.01652264960980243
2015-12-21,0.013633761388001986
2015-12-22,0.017268442847392818
2015-12-23,0.006397722020262675
2015-12-24,0.0017799371455573532
2015-12-28,0.0005922065708212632
2015-12-29,0.015987544010926724
2015-12-30,-0.010630279602185877
2015-12-31,-0.011421383798888685
2016-01-04,-0.02670047703651801
2016-01-05,0.010111353406021761
2016-01-06,-0.018628089734891495
2016-01-07,-0.010289107484345639
2016-01-08,-0.014518663234696416
2016-01-11,0.0030009069679939326
2016-01-12,0.016411499627298376
2016-01-13,-0.018197878567688175
2016-01-14,0.008722067734369343
2016-01-15,0.0
2016-01-19,-0.0013509060145198148
2016-01-20,-0.0016234607106008214
2016-01-21,-0.011383197678319412
2016-01-22,0.005574453755345932
2016-01-25,-0.01853855057624365
2016-01-26,0.005370172008819063
2016-01-27,-0.00442081290754659
2016-01-28,0.01313577112900255
2016-01-29,0.0324145636429134
2016-02-01,0.001857332551710833
2016-02-02,-0.0071506698184257145
2016-02-03,0.003200973506374938
2016-02-04,0.003456461698297053
2016-02-05,-0.00856729841640147
2016-02-08,-0.029933518366690337
2016-02-09,0.015520655662783378
2016-02-10,0.010037662943609194
2016-02-11,-0.0076101087197967265
2016-02-12,0.03130636374669038
2016-02-16,0.011897474016075105
2016-02-17,0.01071993198110155
2016-02-18,-0.004704315148478688
2016-02-19,-0.005929814442814152
2016-02-22,0.012276259265871392
2016-02-23,-0.011871267760673154
2016-02-24,0.004148841977285045
2016-02-25,0.019022052263426348
2016-02-26,-0.007432962656377384
2016-02-29,-0.016849678064237206
2016-03-01,0.018869348463600222
2016-03-02,0.00552222536821656
2016-03-03,-0.0043933952665502485
2016-03-04,-0.005600856976916591
2016-03-07,0.0014506822781350515
2016-03-08,-0.009117884994407133
2016-03-09,0.012900079388355135
2016-03-10,-0.0015282913165266532
2016-03-11,0.019982862633607157
2016-03-14,-0.001750649484661193
2016-03-15,-0.002004544180729928
2016-03-16,-0.0004184236168220945
2016-03-17,0.012892445869403968
2016-03-18,0.012232481692800112
2016-03-21,-0.00881866758299743
2016-03-22,-0.01046206752652723
2016-03-23,-0.00449533225991694
2016-03-24,0.0002508557331417638
2016-03-28,-0.003260763204553929
2016-03-29,0.007338771314987724
2016-03-30,0.0026796049168502645
2016-03-31,-0.004927306489679761
2016-04-01,0.014267758629804117
2016-04-04,-0.0021514774951559845
2016-04-05,-0.021892198085927017
2016-04-06,0.010512865899961588
2016-04-07,-0.013088118932841453
2016-04-08,0.010031069835116924
2016-04-11,-0.0020199268780071167
2016-04-12,0.00725303930488308
2016-04-13,0.009043089310083241
2016-04-14,-0.0014109293404362955
2016-04-15,0.001828422070174085
2016-04-18,0.012110133256805877
2016-04-19,0.0
2016-04-20,0.004671251289689371
2016-04-21,-0.03687091845423984
2016-04-22,0.010417409206963102
2016-04-25,-0.0020951515436561374
2016-04-26,-0.0024360835931069857
2016-04-27,-0.0030315465406253184
2016-04-28,-0.010219375790966101
2016-04-29,0.005717344260963264
2016-05-02,0.00924793689798431
2016-05-03,-0.005800740386986414
2016-05-04,-0.0037204731399241853
2016-05-05,0.03938210313740731
2016-05-06,-0.0008982734010197779
2016-05-09,0.004495183203938602
2016-05-10,0.018877430646476734
2016-05-11,-0.01165953215013349
2016-05-12,0.013089716005578955
2016-05-13,-0.0020735999501089175
2016-05-16,0.0013586548680297739
2016-05-17,-0.009817380144772292
2016-05-18,0.012574709251155669
2016-05-19,-0.0061295237044103335
2016-05-20,0.007208382669698032
2016-05-23,0.0010338214712304339
2016-05-24,0.00937401101153501
2016-05-25,0.0008659666899837326
2016-05-26,-0.0062908666329014595
2016-05-27,0.006726293294833097
2016-05-31,-0.00479495511394179
2016-06-01,0.005686744562825252
2016-06-02,0.0037696071170569834
2016-06-03,-0.0019557912301729763
2016-06-06,-0.005957835416286472
2016-06-07,-0.003154575708532281
2016-06-08,0.004113875993896121
2016-06-09,-0.003309390427424952
2016-06-10,-0.005533368584159426
2016-06-13,-0.010413451872289037
2016-06-14,-0.0008837710569885582
2016-06-15,-0.0010449903184506226
2016-06-16,0.008450754903416069
2016-06-17,-0.010934012474532073
2016-06-20,0.0062131844558441784
2016-06-21,0.006255013507121987
2016-06-22,0.00047817505895153545
2016-06-23,0.02469339875121146
2016-06-24,-0.036535938093149034
2016-06-27,-0.017024396840552347
2016-06-28,0.03368008473096884
2016-06-29,0.020284291391490017
2016-06-30,0.023090161536184928
2016-07-01,-0.002983604015755592
2016-07-05,-0.010282661678790217
2016-07-06,0.0027911550955987963
2016-07-07,-0.005489336359348007
2016-07-08,0.012516649187599427
2016-07-11,-0.0022270883954343956
2016-07-12,-0.0023852351830118135
2016-07-13,-0.0010799307728140972
2016-07-14,0.0030888224596605784
2016-07-15,-0.0025401492943860626
2016-07-18,-0.0021613056286177157
2016-07-19,-0.003557870272413277
2016-07-20,-0.004191607062804414
2016-07-21,-0.005378405027279931
2016-07-22,0.006974720341218266
2016-07-25,-0.0042800174806074676
2016-07-26,0.002188278768090246
2016-07-27,-0.00811085715384563
2016-07-28,-0.0055828476534888205
2016-07-29,-0.009567384342638485
2016-08-01,7.967099972017166e-05
2016-08-02,-0.0019156152345251032
2016-08-03,0.003519097590956477
2016-08-04,-0.00015957734452110017
2016-08-05,0.012355553177254563
2016-08-08,0.0007086322045100069
2016-08-09,-0.0021244620074692966
2016-08-10,-0.004731109214359597
2016-08-11,0.00293146685630874
2016-08-12,-0.00205401895697066
2016-08-15,0.00015841981364594915
2016-08-16,-0.0022161016780154474
2016-08-17,0.0001586751403808151
2016-08-18,0.009279131805721486
2016-08-19,-0.006129119803298
2016-08-22,-0.001265286026927881
2016-08-23,-0.007441334433621383
2016-08-24,-0.000956931411709605
2016-08-25,0.006386539408588243
2016-08-26,-0.0011896226358525386
2016-08-29,0.009292252368303222
2016-08-30,0.0012590996343575522
2016-08-31,-0.0024363184794216064
2016-09-01,0.001339139366344444
2016-09-02,0.005586150368547926
2016-09-06,0.0017993233457134217
2016-09-07,-0.003983013735715191
2016-09-08,-0.007997812588202091
2016-09-09,-0.017627219673574723
2016-09-12,0.016333981133660247
2016-09-13,-0.003641952730702225
2016-09-14,-0.009535007671623297
2016-09-15,0.006177178154478602
2016-09-16,-0.0056608341138403295
2016-09-19,0.004650750319800778
2016-09-20,-0.0010376298285214025
2016-09-21,0.010626567821561128
2016-09-22,0.007589408719752555
2016-09-23,-0.015456844191929275
2016-09-26,-0.00876651601376166
2016-09-27,0.007235953358830871
2016-09-28,0.008748548247528465
2016-09-29,-0.010264271031612315
2016-09-30,0.010129776975837057
2016-10-03,-0.011460558680067456
2016-10-04,-0.01006376020353461
2016-10-05,0.0017081004822185886
2016-10-06,-0.010473510954100873
2016-10-07,0.020922168156983112
2016-10-10,0.003616491124730503
2016-10-11,-0.009128682206984817
2016-10-12,0.009616920074544177
2016-10-13,0.002321497122089955
2016-10-14,0.005031243824757281
2016-10-17,-0.0013510857467280424
2016-10-18,-0.002705328856280942
2016-10-19,0.00550515926613393
2016-10-20,-0.02380373325759122
2016-10-21,-0.009184697020945376
2016-10-24,0.003117378251340508
2016-10-25,0.0013898723236394073
2016-10-26,0.03715823240152849
2016-10-27,7.856945250694913e-05
2016-10-28,0.003936760153211871
2016-10-31,-0.003999578053534014
2016-11-01,-0.011889989237041987
2016-11-02,-0.006135910404768574
2016-11-03,-0.0021647486444040798
2016-11-04,-0.010767476835355838
2016-11-07,0.011290955473981734
2016-11-08,0.007068044066699475
2016-11-09,0.0037489005364004235
2016-11-10,0.004846913451722612
2016-11-11,0.003083803784960981
2016-11-14,0.0003942995669266036
2016-11-15,-0.014026849334041636
2016-11-16,0.0023976501569358266
2016-11-17,-0.0006379011311756777
2016-11-18,0.007659414108655671
2016-11-21,0.0059381932193665055
2016-11-22,-0.005037313551108813
2016-11-23,0.0022148141010986944
2016-11-25,-0.0003154706941429497
2016-11-28,0.0008684187952112676
2016-11-29,0.011675640307338586
2016-11-30,-0.0018717602103640596
2016-12-01,0.008047050252726562
2016-12-02,-0.009377586592188125
2016-12-05,0.007041079557050578
2016-12-06,0.010643126112475532
2016-12-07,0.015297167890008456
2016-12-08,0.0009086711319903351
2016-12-09,0.0021178113724271697
2016-12-12,0.0028684217654733057
2016-12-13,0.0030107623065869227
2016-12-14,-0.0103556753135432
2016-12-15,0.0035638555734278654
2016-12-16,0.0027198433547654943
2016-12-19,0.003993779616598525
2016-12-20,-0.0018760743165077143
2016-12-21,0.002481258500663941
2016-12-22,-7.51805154658447e-05
2016-12-23,-0.0015000983126277623
2016-12-27,-0.003230534117528938
2016-12-28,0.0012880784785604948
2016-12-29,0.0006056561453418041
2016-12-30,-0.0009079679828690734
2017-01-03,-0.0031031171934807755
2017-01-04,-0.0014426298297564033
2017-01-05,-0.0067665251984577734
2017-01-06,0.005357998522885543
2017-01-09,-0.006243499955463139
2017-01-10,-0.0003832952050445426
2017-01-11,-0.0007664066711705608
2017-01-12,-0.004372503776411629
2017-01-13,0.003544108404212931
2017-01-17,0.005681550994250939
2017-01-18,0.007481291504016996
2017-01-19,-0.005304204149122471
2017-01-20,0.0010667283369338865
2017-01-23,0.00015209188327958145
2017-01-24,0.004108498110046099
2017-01-25,0.008335495971893092
2017-01-26,-7.559905898568697e-05
2017-01-27,0.0018040102110603584
2017-01-30,-0.011928050480364494
2017-01-31,-0.0016700790813672928
2017-02-01,-0.02289170991538747
2017-02-02,0.01782410174272675
2017-02-03,0.00389960410314516
2017-02-06,0.0011427344575636322
2017-02-07,-0.005173995443627177
2017-02-08,0.0006119833114031081
2017-02-09,0.008025633140879673
2017-02-10,0.006672717410785456
2017-02-13,0.007909162088166388
2017-02-14,0.0013450077200223287
2017-02-15,0.0035077641023657513
2017-02-16,0.009445286086775084
2017-02-17,0.0033890060666810218
2017-02-21,0.003965097571326348
2017-02-22,0.007532886424481022
2017-02-23,0.009073817755392621
2017-02-24,-0.00431618296107128
2017-02-27,-0.005779728895994429
2017-02-28,0.004069226339142862
2017-03-01,0.015994833035301248
2017-03-02,-0.014104683810555296
2017-03-03,0.001806513083036032
2017-03-06,-0.006923694567663952
2017-03-07,-0.0020333985830414125
2017-03-08,-0.0032753957686201263
2017-03-09,0.003286159240692088
2017-03-10,0.002910699837820774
2017-03-13,-0.0019597276485038284
2017-03-14,-0.0015263409514668647
2017-03-15,0.00677223233696056
2017-03-16,-0.0038337433288269107
2017-03-17,0.002686430806388751
2017-03-20,-0.006951398615058002
2017-03-21,-0.007729523730882315
2017-03-22,0.004188841188239145
2017-03-23,7.296701675851835e-05
2017-03-24,-0.004390339585216729
2017-03-27,0.004409699664211342
2017-03-28,0.009805660667804084
2017-03-29,-0.005898957895929979
2017-03-30,0.0040294354111523045
2017-03-31,-0.005837692638072323
2017-04-03,0.00014680091039975807
2017-04-04,0.007852175890300073
2017-04-05,-0.004077480054247684
2017-04-06,0.005921815712628842
2017-04-07,-0.000871969689653751
2017-04-10,0.003709685338833202
2017-04-11,-0.0013040650454522185
2017-04-12,-0.00566070580503264
2017-04-13,-0.0021896388899519392
2017-04-17,0.01075232172426932
2017-04-18,-0.0049933367050438715
2017-04-19,-0.0038542780373151952
2017-04-20,-0.0013874711369269432
2017-04-21,-0.009504436504652158
2017-04-24,0.009595637633259102
2017-04-25,0.00248549174578927
2017-04-26,0.013200544278016757
2017-04-27,-0.003671019147754362
2017-04-28,-0.008452516620641837
2017-05-01,-0.002623163272616247
2017-05-02,0.001022866736906991
2017-05-03,0.003867885784824887
2017-05-04,0.00537951984469065
2017-05-05,-0.0039773117031421945
2017-05-08,-0.0037746186508526014
2017-05-09,-0.006630965687349111
2017-05-10,0.012323704447607442
2017-05-11,-0.005724652091175897
2017-05-12,-0.0034256192835599997
2017-05-15,0.004607463827094538
2017-05-16,-0.0025478765030485517
2017-05-17,0.00561981455756233
2017-05-18,0.005588023014505783
2017-05-19,-0.0005777336576876513
2017-05-22,0.009243580887473568
2017-05-23,0.006081777200307448
2017-05-24,0.001849110166130652
2017-05-25,0.013416455945579386
2017-05-26,-0.003642028372031425
2017-05-30,-0.0024609533754674784
2017-05-31,0.009162146202157384
2017-06-01,0.011592876168716959
2017-06-02,0.00200192780951447
2017-06-05,-0.000619714135646432
2017-06-06,-0.005998356012463013
2017-06-07,0.0007633044693984292
2017-06-08,0.004643311305000397
2017-06-09,0.011037444903367
2017-06-12,-0.006004370672217707
2017-06-13,0.0003432458728256371
2017-06-14,0.00658769472747367
2017-06-15,0.004839927149582479
2017-06-16,0.0012216867089032135
2017-06-19,-0.0031847902198008926
2017-06-20,-0.001223853639027217
2017-06-21,-0.002109898605858418
2017-06-22,-0.007297884927407239
2017-06-23,-0.004809308305674165
2017-06-26,0.003797033776049563
2017-06-27,-0.004263653071877149
2017-06-28,0.010827660677458883
2017-06-29,-0.0045319639830100344
2017-06-30,0.002827846026252523
2017-07-03,0.006672184984758411
2017-07-05,-0.0025963994923324796
2017-07-06,-0.0036307621478507413
2017-07-07,0.007425866038407003
2017-07-10,-0.008462796087469138
2017-07-11,-0.0057132757576578985
2017-07-12,-6.926032233567359e-05
2017-07-13,0.0028384662957148254
2017-07-14,0.002278244776644067
2017-07-17,0.0024796202416670354
2017-07-18,0.0010993207964773433
2017-07-19,0.005834080241365891
2017-07-20,0.00047787496072349
2017-07-21,0.0025916767551623643
2017-07-24,-0.0007487673551584972
2017-07-25,0.003199843017284598
2017-07-26,-0.02347989642997328
2017-07-27,-0.006393548173295183
2017-07-28,0.01657606625025987
2017-07-31,0.0076366542666927995
2017-08-01,0.010992643244165823
2017-08-02,0.005740641038249228
2017-08-03,0.0063793330822070615
2017-08-04,-0.0004672300246812977
2017-08-07,-0.0032708444693624328
2017-08-08,-0.005157507597054356
2017-08-09,0.0050495387931239755
2017-08-10,-0.006430478211241875
2017-08-11,-0.012742145027978435
2017-08-14,0.006555930638777463
2017-08-15,0.003867034299544825
2017-08-16,0.0003376466079085816
2017-08-17,-0.013984558536723313
2017-08-18,-0.003494223050844014
2017-08-21,-0.0007563140770723287
2017-08-22,-0.00013792450907612608
2017-08-23,-0.007363054644930034
2017-08-24,-0.010260989831960221
2017-08-25,0.006094450021020936
2017-08-28,-0.012880296528450241
2017-08-29,0.0007755891897724965
2017-08-30,-0.005144865003282262
2017-08-31,0.0018416775507543726
2017-09-01,-0.006575915763056384
2017-09-05,-0.02590920741024938
2017-09-06,0.00628453688568853
2017-09-07,-0.020550837883408724
2017-09-08,0.044261717413347945
2017-09-11,0.0357119120687992
2017-09-12,0.007745889950742324
2017-09-13,-0.01673366961924161
2017-09-14,-0.012175471482956945
2017-09-15,0.00504218529801026
2017-09-18,0.00041809969359007937
2017-09-19,-0.0006964802024704841
2017-09-20,0.002857595926929024
2017-09-21,-0.006463666115698374
2017-09-22,-0.0025181789172348257
2017-09-25,0.0043477435729510905
2017-09-26,-0.011172375945788127
2017-09-27,0.002118796386213262
2017-09-28,0.007011364226451766
2017-09-29,0.002531554998498109
2017-10-02,0.020624415653964334
2017-10-03,-0.005429749961192831
2017-10-04,0.00034542839849360796
2017-10-05,0.006632128483833544
2017-10-06,0.0030197712584516534
2017-10-09,-0.0006839426035510909
2017-10-10,0.008421428366394368
2017-10-11,0.0006109863928684955
2017-10-12,-0.00536060168146002
2017-10-13,0.01541803077359405
2017-10-16,0.009944148576030765
2017-10-17,-0.0015969297872506782
2017-10-18,0.0068632300297666315
2017-10-19,0.01899274545960039
2017-10-20,0.00012963903843821178
2017-10-23,0.007727330403886068
2017-10-24,-0.005090537694472541
2017-10-25,-0.0015545044501567018
2017-10-26,0.0038272834241284137
2017-10-27,-0.012923998383607582
2017-10-30,0.0009162735651344622
2017-10-31,-0.013539118573642761
2017-11-01,0.0032491016296798403
2017-11-02,-0.013548102510953841
2017-11-03,-0.006632868495860755
2017-11-06,0.006272434402313287
2017-11-07,0.0040215299872392585
2017-11-08,0.0020024768370303647
2017-11-09,0.01025964047084127
2017-11-10,-0.0019123597411027093
2017-11-13,-6.60617955943188e-05
2017-11-14,-0.004295111741637325
2017-11-15,0.003119085872118399
2017-11-16,-0.015215632739743357
2017-11-17,-0.001544836857097165
2017-11-20,0.002488899442396386
2017-11-21,0.0012083380031249202
2017-11-22,-0.00623417322627251
2017-11-24,0.004586847133611016
2017-11-27,0.002216170103304771
2017-11-28,0.015476066379924047
2017-11-29,0.007059278006607439
2017-11-30,-0.0034718004556515414
2017-12-01,-0.0030901975110977364
2017-12-04,-0.005407633267424883
2017-12-05,-0.004243162040220905
2017-12-06,0.004594242235025137
2017-12-07,-0.009478520902415077
2017-12-08,0.00408221427904043
2017-12-11,0.001266399304012289
2017-12-12,0.0017304130632935788
2017-12-13,-0.013688036636631873
2017-12-14,-0.015628923612214907
2017-12-15,0.017793241857358977
2017-12-18,-0.005782375790380878
2017-12-19,-0.0016231432081623698
2017-12-20,-0.011177578608975947
2017-12-21,-0.006576158565165913
2017-12-22,0.001309990871373401
2017-12-26,0.0007573981166948407
2017-12-27,0.005918371916877163
2017-12-28,0.0048125052052219175
2017-12-29,-0.00020518135469971277
2018-01-02,-0.02620959252451438
2018-01-03,0.007870691101303562
2018-01-04,0.004043943401953687
2018-01-05,0.0018055991028129714
2018-01-08,-0.005060057286612518
2018-01-09,0.016163799525127365
2018-01-10,-0.00383976800416741
2018-01-11,-0.005437485882901383
2018-01-12,0.007889361930881078
2018-01-16,0.00020603381843176116
2018-01-17,0.012837073462888204
2018-01-18,0.0010167845165747202
2018-01-19,0.0034532485321301376
2018-01-22,0.010728690147145725
2018-01-23,0.023366070654438742
2018-01-24,0.011024721526539105
2018-01-25,-0.0010966000330466796
2018-01-26,0.006394797834836652
2018-01-29,-0.010783245164771582
2018-01-30,-0.006877497144664124
2018-01-31,0.020188263212673085
2018-02-01,-0.0042908182771441705
2018-02-02,-0.014342768948951035
2018-02-05,-0.0384992059682574
2018-02-06,-0.009976422928731465
2018-02-07,0.011242080552817946
2018-02-08,-0.048332212951643916
2018-02-09,0.029417967023826153
2018-02-12,0.0006225292539832061
2018-02-13,0.0035268592345287786
2018-02-14,0.014953207737222085
2018-02-15,-0.001493751817710165
2018-02-16,-0.0004758338367827353
2018-02-20,-0.010612144277282964
2018-02-21,-0.011826147760505057
2018-02-22,-0.004522669857610517
2018-02-23,0.006570165874741907
2018-02-26,0.014790397499319319
2018-02-27,-0.013343214762946642
2018-02-28,-0.015743155649098894
2018-03-01,-0.014867132441368947
2018-03-02,0.000357334152380151
2018-03-05,0.012155006158130366
2018-03-06,0.00261364365021044
2018-03-07,-0.009089007780396341
2018-03-08,0.009029950272159581
2018-03-09,0.014727831895461563
2018-03-12,-0.006319536248932445
2018-03-13,-0.008036517313975478
2018-03-14,-0.00831370708643564
2018-03-15,0.0021313960327784542
2018-03-16,-0.0005670768016893257
2018-03-19,-0.004823290172452643
2018-03-20,0.007269907267033249
2018-03-21,-0.007500917141089025
2018-03-22,-0.018679518471742207
2018-03-23,-0.022304523434866885
2018-03-26,0.018206354641057354
2018-03-27,-0.0023354423699465388
2018-03-28,0.016692259988307034
2018-03-29,-0.010776873355284655
2018-04-02,-0.025370553296953036
2018-04-03,0.01335295665586278
2018-04-04,0.008143284892972114
2018-04-05,-0.0030105514031025793
2018-04-06,-0.01207927222645433
2018-04-09,0.0002234583493898601
2018-04-10,0.007602940836698213
2018-04-11,-0.008284990466310038
2018-04-12,0.0053707870248003164
2018-04-13,-0.005787501254595262
2018-04-16,0.013358240845404046
2018-04-17,0.004124045814461574
2018-04-18,0.0011734139187509207
2018-04-19,0.008131506970599167
2018-04-20,0.0004357722383114826
2018-04-23,0.004430618032620348
2018-04-24,-0.01583644468018397
2018-04-25,0.008523213717473999
2018-04-26,-0.0062655307502132995
2018-04-27,0.006671501106209066
2018-04-30,-0.011943799775317454
2018-05-01,0.0019162991408046004
2018-05-02,-0.02361489415711182
2018-05-03,-0.01906268575399428
2018-05-04,0.0196637546244276
2018-05-07,-0.0003015213682503459
2018-05-08,0.0009798801689708814
2018-05-09,0.013926403733873993
2018-05-10,0.006310883705506809
2018-05-11,0.004647651728994173
2018-05-14,-0.008224629752338508
2018-05-15,-0.004220964227339419
2018-05-16,0.000669211542901671
2018-05-17,-0.0008915562883462513
2018-05-18,-0.006768519288084307
2018-05-21,0.0026211771005844042
2018-05-22,0.009933382519174083
2018-05-23,-0.010427579897369976
2018-05-24,-0.0027650004616769364
2018-05-25,0.0002997671160223092
2018-05-29,-0.02667075776786676
2018-05-30,0.018395944875119863
2018-05-31,-0.012243632899433199
2018-06-01,0.0006885519991959299
2018-06-04,0.007646338947836506
2018-06-05,-0.006298306984089286
2018-06-06,0.003054737425589149
2018-06-07,0.006699413685622213
2018-06-08,0.00975590441518448
2018-06-11,-0.003894766837471142
2018-06-12,-0.0051124431311533325
2018-06-13,0.0030227153465682832
2018-06-14,-0.019740771653248612
2018-06-15,0.005995425897476814
2018-06-18,-0.011002564854762809
2018-06-19,0.001622561663246147
2018-06-20,-0.022676520250303756
2018-06-21,-0.00825546241889108
2018-06-22,0.0035217960489637434
2018-06-25,-0.0021534036391116507
2018-06-26,-0.0043162395875222526
2018-06-27,0.005057326484526836
2018-06-28,0.011661756922573652
2018-06-29,0.00284196085893762
2018-07-02,-0.0016533955980041481
2018-07-03,0.006072173071160147
2018-07-05,0.005251768204686202
2018-07-06,0.007329477902758397
2018-07-09,0.022447272654134043
2018-07-10,0.010750285531891945
2018-07-11,-0.012433335805460799
2018-07-12,0.005081163612460138
2018-07-13,-0.0028672906793445474
2018-07-16,0.009308449218305093
2018-07-17,7.514783929574165e-05
2018-07-18,0.01214546363477087
2018-07-19,-0.013999802920548698
2018-07-20,0.0009011358332400299
2018-07-23,0.0053294416679128265
2018-07-24,0.0046285748352865586
2018-07-25,0.007877842281485137
2018-07-26,0.01209279203268454
2018-07-27,0.004589889475989706
2018-07-30,0.01421404488596334
2018-07-31,-0.0009296188414603668
2018-08-01,-0.009089579025881034
2018-08-02,-0.005850725139749269
2018-08-03,0.008500406856973175
2018-08-06,-0.0007924894167867791
2018-08-07,-0.00036030446816748274
2018-08-08,-0.008438484400085766
2018-08-09,-0.0029097092827505833
2018-08-10,-0.008680857420289234
2018-08-13,-0.006696582991883693
2018-08-14,-0.013853757282771051
2018-08-15,-0.0032308589377726404
2018-08-16,0.013039171908775016
2018-08-17,-0.00275285487788135
2018-08-20,0.006043025522510348
2018-08-21,0.0013346147717809842
2018-08-22,-0.014070663704098707
2018-08-23,0.0015021647357134071
2018-08-24,0.013425329121373952
2018-08-27,0.010286883117156975
2018-08-28,-0.0010984441174618498
2018-08-29,0.00021986709720867026
2018-08-30,-0.009091749745353872
2018-08-31,0.0006664011622576904
2018-09-04,0.0070983535986592905
2018-09-05,0.007929394071458873
2018-09-06,0.0004369130670649479
2018-09-07,-0.005315088383143984
2018-09-10,-0.00841808129168875
2018-09-11,0.0007382907469897226
2018-09-12,-0.0066391415526800834
2018-09-13,0.01195610302443506
2018-09-14,0.013502406831796376
2018-09-17,0.001665393223817313
2018-09-18,0.0021685128760404737
2018-09-19,0.010675454369014181
2018-09-20,0.0043758213598315
2018-09-21,-0.0009996630576685206
2018-09-24,-0.019877324330371593
2018-09-25,-0.012109592061880114
2018-09-26,-0.011962962415716039
2018-09-27,-0.003213627268657482
2018-09-28,0.002024280679477908
2018-10-01,-0.003516603025094711
2018-10-02,0.003003772191028098
2018-10-03,-0.001048493263488659
2018-10-04,0.007794527283773833
2018-10-05,-7.433639915632728e-05
2018-10-08,0.012643045137236575
2018-10-09,0.003157926603907679
2018-10-10,-0.030382869727973105
2018-10-11,-0.04243420408479803
2018-10-12,-0.0044943938916547355
2018-10-15,-0.01275263055612752
2018-10-16,0.0020056665765000314
2018-10-17,0.017935791461837214
2018-10-18,0.0028317675671454268
2018-10-19,0.00619665602591013
2018-10-22,-0.008964875081864832
2018-10-23,-0.002988889090038027
2018-10-24,-0.013806624998365491
2018-10-25,-0.010560050937767018
2018-10-26,-0.0019405515490771297
2018-10-29,-0.003402498500258422
2018-10-30,0.019102583657440775
2018-10-31,-0.003669116077639867
2018-11-01,0.004883495508073876
2018-11-02,0.005656610189506361
2018-11-05,0.018695655427602986
2018-11-06,0.013998415102393968
2018-11-07,0.00996980396020719
2018-11-08,0.000531535282048301
2018-11-09,-0.004477879941797491
2018-11-12,-0.03034213547736586
2018-11-13,0.002987546196810076
2018-11-14,-0.00666284529889305
2018-11-15,0.0266730586046926
2018-11-16,0.018754524023546937
2018-11-19,0.013505485329830869
2018-11-20,-0.01027333418402121
2018-11-21,-0.0041367315641474
2018-11-23,-0.008232656092234891
2018-11-26,0.01614484634195601
2018-11-27,-0.001274083761546252
2018-11-28,0.014933388083912646
2018-11-29,-0.007689384499384944
2018-11-30,-0.0035020506425790243
2018-12-03,-0.0017199685029885003
2018-12-04,-0.008837857160545748
2018-12-06,-0.006423760111957999
2018-12-07,-0.0039548360983331365
2018-12-10,-0.005497573446609394
2018-12-11,-0.017813551407353634
2018-12-12,0.00570663371245983
2018-12-13,0.0038865678109760715
2018-12-14,-0.007975370254412972
2018-12-17,-0.003824290043058176
2018-12-18,-0.014259872827806941
2018-12-19,0.006676599234013203
2018-12-20,-0.013421200091999319
2018-12-21,0.005312576954461967
2018-12-24,-0.03763312693614862
2018-12-26,0.040269654498868546
2018-12-27,0.025193979361905594
2018-12-28,-0.002886769340215589
2018-12-31,0.010719144232071987
2019-01-02,-0.01463057882648422
2019-01-03,-0.02058296960644923
2019-01-04,0.029918842773642762
2019-01-07,-0.008099401565127118
2019-01-08,-0.007694786604421022
2019-01-09,0.012501846902132963
2019-01-10,0.012269278767678138
2019-01-11,-7.69903065380717e-05
2019-01-14,0.010191519563536922
2019-01-15,0.012305067796802627
2019-01-16,0.0038507061841239754
2019-01-17,-0.0007522247267839344
2019-01-18,0.005494461710096488
2019-01-22,-0.018264942326785105
2019-01-23,0.0069386503546764455
2019-01-24,0.0026502772569396704
2019-01-25,-0.0009062388424904144
2019-01-28,-0.002267716681794041
2019-01-29,-0.00446999239206658
2019-01-30,0.010654485754880483
2019-01-31,0.0018825706910727824
2019-02-01,0.003908486760551444
2019-02-04,0.002694912956273887
2019-02-05,0.00433065550228684
2019-02-06,-0.034421270166850815
2019-02-07,0.005697508818191421
2019-02-08,-0.002067078234626374
2019-02-11,0.0016879785143981696
2019-02-12,0.012790082387818646
2019-02-13,0.0020416260307480893
2019-02-14,-0.013508451093914742
2019-02-15,0.01904851419172604
2019-02-19,0.004128766812293572
2019-02-20,0.007849717438896509
2019-02-21,-0.0007415854843049186
2019-02-22,-0.0014847787362141096
2019-02-25,0.006393356763983116
2019-02-26,-0.0014771617050558516
2019-02-27,-0.01583185472332993
2019-02-28,0.006539769692845754
2019-03-01,0.0016427159715264317
2019-03-04,-0.0041002456849796864
2019-03-05,-0.0002250075572495236
2019-03-06,-0.001871947128714524
2019-03-07,-0.004576609200582116
2019-03-08,-0.0024115690965222925
2019-03-11,0.007932809536710828
2019-03-12,0.005172165740725099
2019-03-13,0.003131734690811072
2019-03-14,0.006541912345140677
2019-03-15,0.007016222725234167
2019-03-18,0.007554143949161096
2019-03-19,-0.012228786694268634
2019-03-20,-0.007221997880124453
2019-03-21,0.0162698170256379
2019-03-22,0.0033045179830846205
2019-03-25,0.00036616653534982113
2019-03-26,0.004829317693909374
2019-03-27,0.010994981858372777
2019-03-28,0.0017287744087319812
2019-03-29,0.007190256098456027
2019-04-01,0.009851622477533573
2019-04-02,-0.010957260267722924
2019-04-03,-0.01479538917248091
2019-04-04,-0.0077624560312311575
2019-04-05,0.005995600639166376
2019-04-08,-0.0031252505394061547
2019-04-09,-0.004301536215173152
2019-04-10,0.0061505645976545065
2019-04-11,0.004221034324594308
2019-04-12,0.008551325801352982
2019-04-15,-0.0015088537153875592
2019-04-16,0.008995364911189796
2019-04-17,-0.017259994824078917
2019-04-18,0.006313843938989594
2019-04-22,-0.004471312467085986
2019-04-23,0.004056958097149677
2019-04-24,0.014069008582985543
2019-04-25,0.00825340714432099
2019-04-26,0.00896222590677076
2019-04-29,0.0045458686701274065
2019-04-30,0.010930597170146106
2019-05-01,-0.0066802801899842335
2019-05-02,0.0006934574310870634
2019-05-03,0.004988515693884699
2019-05-06,-0.0015164196244908945
2019-05-07,-0.014085504636085266
2019-05-08,-7.029483151010929e-05
2019-05-09,-0.0009104474860098799
2019-05-10,0.014581267908697404
2019-05-13,-0.009534983275582554
2019-05-14,0.00369697330155927
2019-05-15,-0.0014594607738636078
2019-05-16,0.013573058062539278
2019-05-17,-0.004326646976303916
2019-05-20,0.0052420182830483775
2019-05-21,0.0031562400588225348
2019-05-22,0.012379286536034595
2019-05-23,-0.006418303627825139
2019-05-24,0.007479344240031827
2019-05-28,-0.011540406610748732
2019-05-29,-0.003414029165533572
2019-05-30,-0.001233172455409548
2019-05-31,0.0019890496832526416
2019-06-03,0.01191223510909567
2019-06-04,-0.0031120228251776405
2019-06-05,0.01404828089461696
2019-06-06,-0.005086374247981196
2019-06-07,0.0052466163300419755
2019-06-10,-0.0030106850851359113
2019-06-11,-0.0025509253174379465
2019-06-12,0.0010765560491992066
2019-06-13,0.00047045822585523034
2019-06-14,0.009540642009862044
2019-06-17,-0.01244507208263057
2019-06-18,-0.0018198108037703609
2019-06-19,0.008979424102355749
2019-06-20,0.004438277991323236
2019-06-21,0.001874609880548439
2019-06-24,0.002940981171758006
2019-06-25,0.005729823422398583
2019-06-26,-0.026102706193891545
2019-06-27,0.0010882877613551667
2019-06-28,0.0008831648973703921
2019-07-01,0.003734105356680617
2019-07-02,0.003923215484465059
2019-07-03,0.01232993594226306
2019-07-05,-0.004192858913446673
2019-07-08,-0.0012699304768406527
2019-07-09,-0.0012048241820675765
2019-07-10,-0.0006701667661141997
2019-07-11,-0.002346420224941359
2019-07-12,0.0038309007062744538
2019-07-15,0.013322534509212058
2019-07-16,0.0005285254708748965
2019-07-17,-0.006537466151899984
2019-07-18,0.0011967685116107685
2019-07-19,-0.015601432251598268
2019-07-22,-0.00330460348120154
2019-07-23,-0.0071043795991004854
2019-07-24,0.03298321352701805
2019-07-25,-0.0037604186036763743
2019-07-26,0.012979672416299382
2019-07-29,0.0020262318704333815
2019-07-30,0.00019568688466820028
2019-07-31,-0.003065455313419174
2019-08-01,-0.010992001063178547
2019-08-02,0.0073434133479348684
2019-08-05,-0.024824636352165363
2019-08-06,0.02424413541764814
2019-08-07,0.013544709541228661
2019-08-08,0.023548420549746263
2019-08-09,0.011661782287907041
2019-08-12,-0.016163596199536
2019-08-13,0.01139854490140868
2019-08-14,-0.03865765497001605
2019-08-15,0.00812112045786395
2019-08-16,0.009549593323320504
2019-08-19,0.002188109329781973
2019-08-20,-0.0068066095432721685
2019-08-21,0.0017458975613369176
2019-08-22,0.001742418483835273
2019-08-23,-0.012884772992317384
2019-08-26,0.012987776418033503
2019-08-27,0.0020617703657934694
2019-08-28,0.009451352609943564
2019-08-29,0.002356752684121277
2019-08-30,-0.006926280672539309
2019-09-03,0.014589089443243886
2019-09-04,0.008135720243255262
2019-09-05,0.004879694323236539
2019-09-06,0.002490225986614414
2019-09-09,-0.004781811423667404
2019-09-10,-0.005865452677745853
2019-09-11,0.0026359664749018297
2019-09-12,0.002253807379391626
2019-09-13,-0.007058222764607658
2019-09-16,-0.0026416643112331384
2019-09-17,0.00737918221160383
2019-09-18,-0.0014402683281365958
2019-09-19,-0.0015115333619125648
2019-09-20,-0.0051734793234854415
2019-09-23,0.00019018508432666614
2019-09-24,0.007165084349656015
2019-09-25,-0.0003146955960723341
2019-09-26,0.010517446371308248
2019-09-27,0.0003108893773626775
2019-09-30,0.0057941996599302215
2019-10-01,-0.017405811848416386
2019-10-02,-0.011473392368453128
2019-10-03,-0.0022954198110571866
2019-10-04,0.0358577579663959
2019-10-07,-0.014809099065486553
2019-10-08,-0.026180784135179436
2019-10-09,0.008489905047157409
2019-10-10,-0.00899229798570289
2019-10-11,-0.0018663430791662217
2019-10-14,0.0021922252778234785
2019-10-15,-0.0014797829363152326
2019-10-16,-0.0036079547301646198
2019-10-17,-0.010539944588998873
2019-10-18,-0.0021567351369436993
2019-10-21,0.0039952022324665215
2019-10-22,-0.03131099035081841
2019-10-23,0.011178500600842467
2019-10-24,0.00639294406073132
2019-10-25,-0.013102217418189621
2019-10-28,-0.006034630530983409
2019-10-29,0.0026308716242886554
2019-10-30,0.03189137667467801
2019-10-31,-0.006194221818807466
2019-11-01,-0.01299057847881846
2019-11-04,-0.018080158200266205
2019-11-05,0.007514153652350419
2019-11-06,0.02250870391850368
2019-11-07,0.004862918204058042
2019-11-08,-0.009220457618813738
2019-11-11,-0.001253742132751423
2019-11-12,0.0005281796984708542
2019-11-13,0.006010649111444666
2019-11-14,-0.0063028142418402044
2019-11-15,-0.00039650087973630566
2019-11-18,0.010113115388502125
2019-11-19,6.53744392546951e-05
2019-11-20,-0.0020940463186142066
2019-11-21,-0.016654304085959692
2019-11-22,0.0077348382299671226
2019-11-25,-0.0076754697133949445
2019-11-26,0.012002238503836082
2019-11-27,0.0020425125419867296
2019-11-29,-0.003945313273290618
2019-12-02,-0.01122273855605882
2019-12-03,-0.002670298931992665
2019-12-04,0.0112464097081717
2019-12-05,-0.0050971577500179555
2019-12-06,0.012708691074539757
2019-12-09,0.005256232638767955
2019-12-10,-0.0002610801882240166
2019-12-11,-0.006472741003383686
2019-12-12,0.011252071117507478
2019-12-13,0.006247065583189659
2019-12-16,0.005755067987001983
2019-12-17,0.004307877643557667
2019-12-18,-0.010179194086925691
2019-12-19,0.004159783372310599
2019-12-20,0.006731171834248206
2019-12-23,-0.008614946498511356
2019-12-24,-0.0016864468051781545
2019-12-26,0.0052622915100086765
2019-12-27,0.006914007698478608
2019-12-30,-0.003272733834834618
2019-12-31,0.002253647412810089
2020-01-02,0.0023122351907916006
2020-01-03,-0.0015378267841686943
2020-01-06,0.008216058408590854
2020-01-07,-0.019992050069641776
2020-01-08,-0.006821565158387277
2020-01-09,0.007064731001539704
2020-01-10,-0.019226840668268297
2020-01-13,-0.0005959377794844123
2020-01-14,-0.000928047738944282
2020-01-15,0.0035154690073078143
2020-01-16,0.009055760384060196
2020-01-17,0.006746737393969582
2020-01-21,-0.006181180082873827
2020-01-22,0.007136492808004213
2020-01-23,-0.01131136546329814
2020-01-24,-0.0005260380006330001
2020-01-27,-0.010722839510522775
2020-01-28,0.0038569196664837158
2020-01-29,-0.0004641166638060801
2020-01-30,0.021539200128495528
2020-01-31,-0.0139485449236183
2020-02-03,0.008158294074764205
2020-02-04,0.006983251817823444
2020-02-05,0.071483978181625
2020-02-06,-0.012762413298299968
2020-02-07,-0.0030019168829777954
2020-02-10,0.0038100302442942713
2020-02-11,0.004835987113324336
2020-02-12,-0.0015227290224524292
2020-02-13,0.005735512217260874
2020-02-14,-0.001638308348640205
2020-02-18,-0.006441324396508574
2020-02-19,0.004342530003841993
2020-02-20,-0.006455154710787059
2020-02-21,0.0036777303267228056
2020-02-24,-0.019908443218881078
2020-02-25,-0.020437466575114138
2020-02-26,0.005215967811584621
2020-02-27,-0.0501173095319396
2020-02-28,-0.03384146015117806
2020-03-02,0.0467488187232552
2020-03-03,-0.037085944348591915
2020-03-04,0.039403711716518686
2020-03-05,-0.04640027054909013
2020-03-06,-0.00048275187281499043
2020-03-09,-0.06801542269800831
2020-03-10,0.030599300528246554
2020-03-11,-0.056146638063357734
2020-03-12,-0.1108234417922519
2020-03-13,0.04385822984662502
2020-03-16,-0.16773333825962022
2020-03-17,0.08538725036238803
2020-03-18,-0.09329582708098194
2020-03-19,-0.00535042419291909
2020-03-20,0.030752140381981485
2020-03-23,-0.07246929733847163
2020-03-24,0.08874730930555952
2020-03-25,-0.007410315679026835
2020-03-26,0.07288808640696054
2020-03-27,-0.007416329125831678
2020-03-30,0.05193252593193942
2020-03-31,-0.020606944751960676
2020-04-01,-0.06732916169194281
2020-04-02,0.016895475595131826
2020-04-03,-0.029358868697994867
2020-04-06,0.07722203310610865
2020-04-07,0.011466591177093699
2020-04-08,0.023029290149735093
2020-04-09,0.0668353298371116
2020-04-13,-0.021755055687317948
2020-04-14,0.024161826679011345
2020-04-15,-0.04897950576860044
2020-04-16,-0.039055893528829544
2020-04-17,0.061098795566166375
2020-04-20,-0.0349356864643644
2020-04-21,-0.019626559801517396
2020-04-22,-0.0548982091686574
2020-04-23,-0.020146890497720893
2020-04-24,-0.0005765736030319824
2020-04-27,0.02413033082318572
2020-04-28,0.036421459702632886
2020-04-29,0.015034862610036948
2020-04-30,-0.03622713491402185
2020-05-01,-0.059439154825774776
2020-05-04,-0.022147820120714923
2020-05-05,0.008254430950943137
2020-05-06,-0.04902160781917653
2020-05-07,0.0392651854084185
2020-05-08,0.029901819953912057
2020-05-11,-0.0011769136884610676
2020-05-12,-0.002356845590357759
2020-05-13,-0.03031795247800373
2020-05-14,0.0034513423043724956
2020-05-15,0.006474699668026274
2020-05-18,0.058799643088036424
2020-05-19,-0.031421967567594855
2020-05-20,0.02528664874487041
2020-05-21,0.08096740423677029
2020-05-22,0.0346657658622449
2020-05-26,0.011281830666409753
2020-05-27,0.0393004017584373
2020-05-28,0.006017740358555956
2020-05-29,-0.014307737064044312
2020-06-01,-0.019517662536785996
2020-06-02,0.01789884479479631
2020-06-03,0.03903040610633668
2020-06-04,0.06389863615875924
2020-06-05,0.045640640384781994
2020-06-08,0.0002132703016852755
2020-06-09,-0.021393203464537436
2020-06-10,-0.04873271358448705
2020-06-11,-0.07283544170389067
2020-06-12,0.03499681314918113
2020-06-15,0.02792573912425178
2020-06-16,0.009752497187774933
2020-06-17,-0.0058256187798040315
2020-06-18,0.005662387456359053
2020-06-19,-0.013112332023617834
2020-06-22,-0.0044547672074416456
2020-06-23,0.015701054199102504
2020-06-24,-0.02481058424633953
2020-06-25,0.01894257074623673
2020-06-26,-0.03578094657867825
2020-06-29,0.014036764203434027
2020-06-30,0.007319181960335985
2020-07-01,-0.007581840149026076
2020-07-02,-0.0007161333947587334
2020-07-06,0.013697352115698669
2020-07-07,-0.0009425958296571668
2020-07-08,0.0054259647530099375
2020-07-09,-0.02753031925200744
2020-07-10,0.03289346567386908
2020-07-13,-0.0009340362154061088
2020-07-14,0.018938511655032908
2020-07-15,0.01575649375436794
2020-07-16,0.024322142734316765
2020-07-17,-0.0005882246195065832
2020-07-20,-0.012283835186321368
2020-07-21,0.009457888907955292
2020-07-22,0.0016967384287500664
2020-07-23,-0.0032403410420640544
2020-07-24,-0.003177307560333964
2020-07-27,-0.018679167218192183
2020-07-28,-0.0032478575128328524
2020-07-29,-0.0001516543082586974
2020-07-30,-0.01470375118513545
2020-07-31,-0.021230623477460853
2020-08-03,-0.006208795518974242
2020-08-04,-0.01336496234701856
2020-08-05,0.007294124420189396
2020-08-06,0.00708186348812867
2020-08-07,0.02678569098817718
2020-08-10,0.007772237489164002
2020-08-11,0.00801773127619998
2020-08-12,-0.013105000733593886
2020-08-13,0.007061685040292254
2020-08-14,-0.008079204800655493
2020-08-17,-0.03304130215105738
2020-08-18,-0.006039456170773838
2020-08-19,-0.009194161253819666
2020-08-20,-0.003953812520230859
2020-08-21,-0.012313692127934317
2020-08-24,0.02050520127855404
2020-08-25,0.011975569114409002
2020-08-26,-0.0025414222850586032
2020-08-27,0.01727835973218772
2020-08-28,-0.010723108013439231
2020-08-31,-0.010997742446608894
2020-09-01,-0.0011200945584631805
2020-09-02,0.007768786093533597
2020-09-03,-0.0144639996010818
2020-09-04,0.012498892367109438
2020-09-08,-0.03544106939047431
2020-09-09,0.00916520172319335
2020-09-10,-0.02446413482557397
2020-09-11,0.012077518640174256
2020-09-14,0.00174039621209654
2020-09-15,-0.026637981375049913
2020-09-16,0.007903940224083916
2020-09-17,-0.006620872484296103
2020-09-18,0.0033325003016995147
2020-09-21,-0.012178419662942308
2020-09-22,0.0004309746539528092
2020-09-23,-0.018872728038631492
2020-09-24,0.0012296996896143941
2020-09-25,-0.0012281893855081716
2020-09-28,0.027404437494155776
2020-09-29,-0.022484458714370215
2020-09-30,0.015567691144674267
2020-10-01,-0.0020669275140866583
2020-10-02,0.0058681647162857065
2020-10-05,0.02179151778866384
2020-10-06,-0.015449237609352906
2020-10-07,0.015776993149223317
2020-10-08,0.018218415237084784
2020-10-09,-0.006843682712803334
2020-10-12,0.02490664680215926
2020-10-13,-0.039530178927730475
2020-10-14,-8.431938245290205e-05
2020-10-15,0.01349514427439713
2020-10-16,-0.007489898162557629
2020-10-19,-0.019621187358534242
2020-10-20,0.020355990991427042
2020-10-21,0.07476929651317232
2020-10-22,-0.004601390830761609
2020-10-23,0.010890848099276207
2020-10-26,-0.023484851037217647
2020-10-27,-0.02047763795976143
2020-10-28,0.03249324702192746
2020-10-29,0.0418302196711855
2020-10-30,-0.021393602208642837
2020-11-02,0.03625579268356205
2020-11-03,0.004902743837985835
2020-11-04,-0.017223541428718958
2020-11-05,0.028431883723954554
2020-11-06,0.007020755629189024
2020-11-09,0.06747066865600226
2020-11-10,0.030752595266731575
2020-11-11,-0.016303804112687725
2020-11-12,-0.019123712690505723
2020-11-13,0.02107000086964561
2020-11-16,0.01406932115852344
2020-11-17,-0.008786810074747464
2020-11-18,-0.004999132444319265
2020-11-19,-0.012794562330239012
2020-11-20,0.010246293948147356
2020-11-23,0.0010073511402635127
2020-11-24,0.03838170643036731
2020-11-25,-0.01434577580819274
2020-11-27,-0.007277071139102365
2020-11-30,-0.023708911846959557
2020-12-01,0.0324697401364451
2020-12-02,0.0036031576501569518
2020-12-03,0.0052879389352868955
2020-12-04,0.009286518825173395
2020-12-07,-0.019817240813755688
2020-12-08,0.000393444148051314
2020-12-09,0.0041339517470273535
2020-12-10,0.004247489301420604
2020-12-11,0.00039054736616939145
2020-12-14,-0.01873298023880554
2020-12-15,0.02339908132937052
2020-12-16,-0.0014895583236455012
2020-12-17,0.00019567647560170265
2020-12-18,-0.006844464444433762
2020-12-21,-0.004003570392988487
2020-12-22,-0.010412128422308986
2020-12-23,0.005926549175371498
2020-12-24,-0.0015223623918256823
2020-12-28,0.006961541965639695
2020-12-29,-0.006452648626902202
2020-12-30,0.006825934875342332
2020-12-31,0.013097841732801152
2021-01-04,-0.027221836506966413
2021-01-05,0.0008014591723422004
2021-01-06,0.047580944576752326
2021-01-07,-0.007134606145849931
2021-01-08,-0.002951479692674175
2021-01-11,-0.00817218091527161
2021-01-12,0.01609011233758806
2021-01-13,0.0032565380863853743
2021-01-14,-0.008273945112507786
2021-01-15,-0.004043393186654698
2021-01-19,0.0010956908610086913
2021-01-20,0.002960873525971186
2021-01-21,0.008663890283644005
2021-01-22,-0.029522156622044715
2021-01-25,0.0010489954937276114
2021-01-26,-0.016307484655652127
2021-01-27,-0.03395504034034691
2021-01-28,0.013990838638244574
2021-01-29,-0.00992345379052817
2021-02-01,0.01626978854204464
2021-02-02,0.017562627839196043
2021-02-03,0.031067435036612023
2021-02-04,0.04770781073983432
2021-02-05,-0.0011058989232253236
2021-02-08,0.02233132032409091
2021-02-09,-0.009928634197524655
2021-02-10,-0.0015194363464489102
2021-02-11,0.009556576898271496
2021-02-12,-0.010189771968783679
2021-02-16,0.002436697075506089
2021-02-17,0.011059873008669507
2021-02-18,-0.009616736181361163
2021-02-19,-0.00048530770538890433
2021-02-22,0.023436483548453735
2021-02-23,0.0011270970652197398
2021-02-24,0.01131853325317822
2021-02-25,-0.03351704799580224
2021-02-26,-0.014308231641252278
2021-03-01,0.0294008643344974
2021-03-02,0.0014938411112406236
2021-03-03,-0.0006562746133408348
2021-03-04,-0.008955262272526743
2021-03-05,0.034157012183132274
2021-03-08,0.009086911079578375
2021-03-09,-0.0206661673473425
2021-03-10,0.02257585071413515
2021-03-11,-0.010779256894411948
2021-03-12,0.020045482785993274
2021-03-15,-0.004855878289411475
2021-03-16,-0.010217929085801436
2021-03-17,0.0059736938253562855
2021-03-18,-0.026293076234687685
2021-03-19,-0.052935162521295376
2021-03-22,-0.01369066732131441
2021-03-23,0.0021011713324132764
2021-03-24,-0.00482924021330422
2021-03-25,0.01462130255837013
2021-03-26,0.005474801436336607
2021-03-29,0.003504687508102844
2021-03-30,0.007297084509996443
2021-03-31,-0.021918061769284347
2021-04-01,0.0064567639024319945
2021-04-05,0.005786580859003854
2021-04-06,0.007066668942500964
2021-04-07,-0.0005589129566717643
2021-04-08,-0.006461780166229225
2021-04-09,0.00487770235012408
2021-04-12,0.0015557269649129069
2021-04-13,-0.00012426887301963951
2021-04-14,0.019823903963256173
2021-04-15,-0.012248121706842863
2021-04-16,0.0041331657535976785
2021-04-19,-0.0065121018172439316
2021-04-20,0.0
2021-04-21,0.020777958264445173
2021-04-22,0.011207614536247856
2021-04-23,0.014018372755271846
2021-04-26,-0.019082952439623546
2021-04-27,0.0034332315481540032
2021-04-28,-0.0152460621474656
2021-04-29,0.03315850632334261
2021-04-30,0.012330323855035852
2021-05-03,0.0024477685652433134
2021-05-04,0.004069589738959101
2021-05-05,-0.007932443519967358
2021-05-06,0.011089060767571324
2021-05-07,0.018182662220769696
2021-05-10,-0.014513078644846633
2021-05-11,-0.03491938280247453
2021-05-12,-0.016928801838051677
2021-05-13,0.023465965724859927
2021-05-14,0.008234965153432139
2021-05-17,-0.009930433123948812
2021-05-18,-0.015846642607103445
2021-05-19,0.0016883671289265045
2021-05-20,0.00036122506649594044
2021-05-21,0.0033103763323736324
2021-05-24,-0.00030006552908790063
2021-05-25,-0.005940234234446784
2021-05-26,0.0028971044450185612
2021-05-27,0.01925963808179043
2021-05-28,0.003779411317473391
2021-06-01,0.008824162456264828
2021-06-02,-0.0005835929105967308
2021-06-03,0.011727777318024879
2021-06-04,-0.00224906892350607
2021-06-07,-0.020576574556311567
2021-06-08,0.0021834676607470627
2021-06-09,-0.01483930228070518
2021-06-10,-0.010998207800897442
2021-06-11,0.009851286587238661
2021-06-14,-0.0037703416964535164
2021-06-15,0.009852130205218801
2021-06-16,-0.003569272938232615
2021-06-17,-0.038572065280175094
2021-06-18,-0.026580379756030226
2021-06-21,0.01935755948387019
2021-06-22,0.0018237267490599507
2021-06-23,0.0010670545438011825
2021-06-24,0.010721520678731888
2021-06-25,0.0067617821888044105
2021-06-28,-0.020580507688921723
2021-06-29,-0.0034601822691573414
2021-06-30,0.0034092143311537093
2021-07-01,0.018120224338465052
2021-07-02,-0.002781200626544522
2021-07-06,-0.0017349570754685573
2021-07-07,0.0054628441780033565
2021-07-08,-0.024819749742043262
2021-07-09,0.030262802296346702
2021-07-12,0.0115532466417545
2021-07-13,-0.009659388605109953
2021-07-14,0.007913116694393985
2021-07-15,0.01125921112012307
2021-07-16,0.0035509803755566782
2021-07-19,-0.035742350676944645
2021-07-20,0.0427889451986303
2021-07-21,0.010437132933180493
2021-07-22,-0.012808438608519879
2021-07-23,-0.0020925720218915034
2021-07-26,0.0074292160934539275
2021-07-27,0.0070180415568379395
2021-07-28,-0.019489580966847053
2021-07-29,0.008492783018992034
2021-07-30,0.007824248710267545
2021-08-02,0.009541218329572443
2021-08-03,0.01332548680882173
2021-08-04,-0.0030700160362088225
2021-08-05,0.00249871630023879
2021-08-06,0.014201016171182301
2021-08-09,0.0045722374613708094
2021-08-10,0.013256053728496253
2021-08-11,0.01673218785197106
2021-08-12,0.003313492678268748
2021-08-13,0.0057792839853660904
2021-08-16,0.008208844020902717
2021-08-17,0.0026055231614394714
2021-08-18,-0.0012995948723515394
2021-08-19,0.005258349012868591
2021-08-20,0.004152343268049918
2021-08-23,-0.0038665973968957656
2021-08-24,-0.0008085916436115781
2021-08-25,0.007229997028577184
2021-08-26,-0.012695623432925074
2021-08-27,0.010905514781354597
2021-08-30,-0.013256814771680947
2021-08-31,0.0003808143446519807
2021-09-01,-0.004893315867671277
2021-09-02,0.0
2021-09-03,0.002404090806287451
2021-09-07,-0.009211852513058894
2021-09-08,0.0036309351619483454
2021-09-09,-0.00740001152221792
2021-09-10,-0.00463878259771644
2021-09-13,0.017199167963639628
2021-09-14,-0.011235991720486171
2021-09-15,0.008163991969978523
2021-09-16,-0.004506254425280076
2021-09-17,-0.003257192062262937
2021-09-20,-0.01473263528551394
2021-09-21,-0.011748899855666961
2021-09-22,0.006427654003355654
2021-09-23,0.003165186389052499
2021-09-24,-0.004169322302817746
2021-09-27,0.009504955905759171
2021-09-28,-0.016589070618493906
2021-09-29,0.005242841277581345
2021-09-30,-0.016497366377410616
2021-10-01,0.011125257511924502
2021-10-04,-0.010261664553369965
2021-10-05,0.008870321939089765
2021-10-06,0.00896402331778412
2021-10-07,0.009053821538380857
2021-10-08,0.02501098687605463
2021-10-11,-0.00010930169778744503
2021-10-12,-0.00618322376424052
2021-10-13,0.0033587539169213088
2021-10-14,0.00943795657255575
2021-10-15,-0.014405373707666147
2021-10-18,-0.019910533828791155
2021-10-19,0.025267302493120036
2021-10-20,0.018058103535082637
2021-10-21,0.0039897188015498575
2021-10-22,0.010149312103428398
2021-10-25,-0.00021266608386749652
2021-10-26,-0.004466595334902679
2021-10-27,0.016236871920709994
2021-10-28,0.030588047762112325
2021-10-29,-0.003620732628808021
2021-11-01,-0.015713074382315728
2021-11-02,-0.00925591237412604
2021-11-03,0.008765213376787484
2021-11-04,-0.01144664226550074
2021-11-05,0.01678957261604319
2021-11-08,-0.006677365072344288
2021-11-09,0.008441991508681301
2021-11-10,-0.002428741202301743
2021-11-11,0.00025892594017640214
2021-11-12,-0.001346566567883456
2021-11-15,0.0016596822436039105
2021-11-16,-5.1755693126209756e-05
2021-11-17,-0.0070931473165785075
2021-11-18,0.0007820897501922275
2021-11-19,-0.01917361053329436
2021-11-22,0.013333528310465859
2021-11-23,0.011480390430155474
2021-11-24,-0.01311227982497376
2021-11-26,-0.03082662550949078
2021-11-29,0.0026552175692551305
2021-11-30,-0.030101660103548866
2021-12-01,-0.024126578740444993
2021-12-02,0.041224190932591664
2021-12-03,-0.004935377165235955
2021-12-06,0.03345088228249016
2021-12-07,0.0027195572478388996
2021-12-08,0.005956354256425378
2021-12-09,0.005497774550222934
2021-12-10,0.006677297957165429
2021-12-13,-0.00647620168660723
2021-12-14,0.012143264678368793
2021-12-15,0.007374980633631623
2021-12-16,0.013977986903293882
2021-12-17,-0.031093614236478717
2021-12-20,-0.02107803203214753
2021-12-21,0.00791297667419033
2021-12-22,0.006088561691286021
2021-12-23,0.011996794613752915
2021-12-27,0.014897167120490051
2021-12-28,-0.000258279271733608
2021-12-29,0.004807954106081036
2021-12-30,-0.006431292534065158
2021-12-31,0.0010355944282129936
2022-01-03,-0.009673628452453342
2022-01-04,0.02178243724524931
2022-01-05,-0.00812863068975056
2022-01-06,0.020461964391880194
2022-01-07,0.016162406598537293
2022-01-10,-0.01177999060660695
2022-01-11,0.003319620920707811
2022-01-12,-0.00832166373158505
2022-01-13,-0.0014659161923523678
2022-01-14,-0.0064295351179409765
2022-01-18,-0.006521869653280388
2022-01-19,-0.015899083498165045
2022-01-20,0.0064103929863417175
2022-01-21,-0.005696516537298968
2022-01-24,0.020259605365110733
2022-01-25,-0.011434387061367457
2022-01-26,0.0022718538966892687
2022-01-27,-0.006851901027545626
2022-01-28,0.021372334726846187
2022-01-31,0.00198094117668135
2022-02-01,0.013128507668894507
2022-02-02,0.03832497387083089
2022-02-03,-0.0008673044976540423
2022-02-04,-0.003665448974007557
2022-02-07,-0.007696372905005133
2022-02-08,0.01414635954595389
2022-02-09,0.005098635988791234
2022-02-10,-0.0017228918435771012
2022-02-11,-0.021764225400347614
2022-02-14,-0.009751843535565796
2022-02-15,0.007818941337986107
2022-02-16,0.00618719488246855
2022-02-17,-0.006246635215985008
2022-02-18,0.005303728923355955
2022-02-22,-0.007913739154624122
2022-02-23,-0.008272024794918287
2022-02-24,-0.011816872269604373
2022-02-25,0.04014478536976962
2022-02-28,-0.016326861558200956
2022-03-01,-0.020133734160547867
2022-03-02,0.02385499334140806
2022-03-03,0.008321201403223233
2022-03-04,-0.002330171104648615
2022-03-07,-0.03211384682350793
2022-03-08,-0.006384286084103574
2022-03-09,0.031823982892236646
2022-03-10,-0.0123567913849294
2022-03-11,0.0024328237390744967
2022-03-14,0.01510581694444757
2022-03-15,0.012148790713682356
2022-03-16,0.01696768437326468
2022-03-17,0.004425168808730451
2022-03-18,0.001942121598752733
2022-03-21,0.0069027258873137765
2022-03-22,0.0031461039516180733
2022-03-23,-0.014042495293999813
2022-03-24,0.012105969504196734
2022-03-25,0.02153035705804207
2022-03-28,-0.002847073323468563
2022-03-29,-0.0060784287047044305
2022-03-30,0.0076908237926278655
2022-03-31,-0.016551718972438567
2022-04-01,0.012388953542114889
2022-04-04,-0.013761085929733463
2022-04-05,-0.005572099880961634
2022-04-06,0.0004706847760358457
2022-04-07,0.0004708391655803279
2022-04-08,0.016793624724552814
2022-04-11,-0.004117426606892849
2022-04-12,-0.0039023675075152697
2022-04-13,-0.007368732168097192
2022-04-14,-0.010900128826526023
2022-04-18,0.006602743242870135
2022-04-19,-0.009390935634169484
2022-04-20,0.01267162415465628
2022-04-21,-0.004939305809016692
2022-04-22,-0.025670117703091244
2022-04-25,0.005919435022408104
2022-04-26,-0.018907961803361073
2022-04-27,0.03549652633249378
2022-04-28,0.0026113465917478873
2022-04-29,-0.022351652404203115
2022-05-02,-0.006200123700764837
2022-05-03,0.011746421707258481
2022-05-04,0.030735147444735267
2022-05-05,-0.02785562727786761
2022-05-06,0.005576959328224884
2022-05-09,-0.019363263815096454
2022-05-10,-0.0011701813376165937
2022-05-11,-0.0011713963502888447
2022-05-12,0.0039584308950704195
2022-05-13,0.005354223241536227
2022-05-16,0.007068982196010154
2022-05-17,0.02120182855405317
2022-05-18,-0.024010256005383646
2022-05-19,-0.0165451996117163
2022-05-20,0.0005886988619272504
2022-05-23,0.01622529790483096
2022-05-24,0.004051940648063912
2022-05-25,-0.00081663219593342
2022-05-26,-0.0013462444609769753
2022-05-27,0.015358617525262686
2022-05-31,0.0018967985862845538
2022-06-01,-0.012541989810573417
2022-06-02,0.0060869705668713525
2022-06-03,-0.006574225020569924
2022-06-06,0.017263620689906167
2022-06-07,0.00702402116911216
2022-06-08,-0.015401166001235422
2022-06-09,-0.019398007075703605
2022-06-10,-0.022254585451120468
2022-06-13,-0.020083252279878394
2022-06-14,0.001669945213156332
2022-06-15,0.006769745777693625
2022-06-16,-0.0466617147898476
2022-06-17,0.0007928404098256348
2022-06-21,0.0006866232040505515
2022-06-22,0.00031680180269799685
2022-06-23,-0.013507225434132297
2022-06-24,0.040434260194587734
2022-06-27,0.0011309010621001203
2022-06-28,-0.0017457224858219433
2022-06-29,-0.003291961630022877
2022-06-30,0.014501642101088397
2022-07-01,0.006816507775823766
2022-07-05,-0.02415104540714441
2022-07-06,0.0030028259420773473
2022-07-07,0.004646049195625723
2022-07-08,-0.007964130603112074
2022-07-11,0.0025377371632191448
2022-07-12,-0.008576111997674274
2022-07-13,-0.009692600348959135
2022-07-14,-0.03536098516242292
2022-07-15,0.004745824119850139
2022-07-18,-0.016341914580590644
2022-07-19,0.025058067005800266
2022-07-20,-0.005492063394191282
2022-07-21,-0.0037359312716090942
2022-07-22,0.0006522312601495717
2022-07-25,0.01672712817811628
2022-07-26,0.005715711529114653
2022-07-27,-0.006798281904421111
2022-07-28,-0.008663396757460529
2022-07-29,0.017585715703787752
2022-08-01,-0.019402179952390353
2022-08-02,-0.00345978127861013
2022-08-03,0.007377570745793927
2022-08-04,-0.003284836044688433
2022-08-05,0.0012428012394500865
2022-08-08,0.006691193174528154
2022-08-09,0.01688453251909139
2022-08-10,0.009962607838545967
2022-08-11,0.011534495573655157
2022-08-12,0.019297147546954108
2022-08-15,-0.004251968225005176
2022-08-16,0.011895433894325791
2022-08-17,0.009495294741267868
2022-08-18,0.007315588016160612
2022-08-19,-0.009041122843322813
2022-08-22,-0.017748463783997637
2022-08-23,-0.001471885438182774
2022-08-24,-0.0016266104413514837
2022-08-25,0.005600461893764397
2022-08-26,-0.020252254713016393
2022-08-29,-0.006976267097521416
2022-08-30,-0.011292554517100428
2022-08-31,-0.0049477179997466925
2022-09-01,0.016344808741146633
2022-09-02,-0.006557657947376283
2022-09-06,-0.0023576290359242913
2022-09-07,0.017066659628708125
2022-09-08,0.007383364301621231
2022-09-09,-0.0005637696330981212
2022-09-12,0.01015390392533555
2022-09-13,-0.019189668016095007
2022-09-14,0.0003103561653938769
2022-09-15,-0.0014029177924902436
2022-09-16,-0.015143657228575691
2022-09-19,0.01389688612916351
2022-09-20,-0.02240967286007567
2022-09-21,-0.027241794768038896
2022-09-22,-0.005370860504127051
2022-09-23,-0.006611873414743674
2022-09-26,-0.030783736298717224
2022-09-27,0.019457479839696257
2022-09-28,0.012237532064659495
2022-09-29,0.01918813406716713
2022-09-30,-0.010338481275489197
2022-10-03,0.028700333019327395
2022-10-04,0.030251029663448614
2022-10-05,-0.011049921204028035
2022-10-06,-0.009494790546464071
2022-10-07,-0.021925749487341828
2022-10-10,0.0012996360916042171
2022-10-11,0.004217992440105123
2022-10-12,-0.0037693579342212846
2022-10-13,0.04718901449117796
2022-10-14,-0.025602553184393195
2022-10-17,0.020765867899419144
2022-10-18,0.010171915037425094
2022-10-19,0.006832806551046122
2022-10-20,-0.019236747342866733
2022-10-21,0.029030717348373036
2022-10-24,0.028262473512888464
2022-10-25,-0.009587970489663644
2022-10-26,0.013503291856851618
2022-10-27,0.016556525392456667
2022-10-28,0.03358537198071754
2022-10-31,0.0018181983291356563
2022-11-01,-0.006561402996782317
2022-11-02,-0.01377185408061532
2022-11-03,-0.00427464508147668
2022-11-04,-0.0022897238303436485
2022-11-07,0.01400829678221438
2022-11-08,0.0015089738358169402
2022-11-09,-0.010781156502236655
2022-11-10,0.008519048135501084
2022-11-11,-0.026662220621632704
2022-11-14,-0.005623978792435036
2022-11-15,0.007459795107156442
2022-11-16,0.0031457475540079827
2022-11-17,0.008490911860796091
2022-11-18,0.005262063792040417
2022-11-21,0.0011423263410370588
2022-11-22,0.012548391664284786
2022-11-23,0.005304703176376435
2022-11-25,0.009712980304269259
2022-11-28,-0.003838443775806999
2022-11-29,0.005942332648436466
2022-11-30,0.013429894464313419
2022-12-01,-0.005783441230467923
2022-12-02,0.0038475418261134653
2022-12-05,-0.01701952606791235
2022-12-06,0.010212038795441192
2022-12-07,-0.0001377491354659366
2022-12-08,0.007261027271245224
2022-12-09,-0.008440671230649732
2022-12-12,0.0009203239219586212
2022-12-13,-0.0022524655725488785
2022-12-14,-0.0010136358538732626
2022-12-15,-0.014908086762420947
2022-12-16,-0.005123111188254703
2022-12-19,0.0013229223594148909
2022-12-20,0.012926908851981223
2022-12-21,0.0189100886111897
2022-12-22,-0.006262434816483808
2022-12-23,0.01039603058671168
2022-12-27,0.005690778029347809
2022-12-28,-0.004888925961734403
2022-12-29,0.010281035495537605
2022-12-30,-0.006664293572449909
2023-01-03,0.0007706254953179226
2023-01-04,0.01644235742437128
2023-01-05,-0.0037432369350520744
2023-01-06,0.023707375763659444
2023-01-09,-0.023376797765828683
2023-01-10,0.005637318598810559
2023-01-11,-0.0007118304437008227
2023-01-12,0.004407755137388447
2023-01-13,0.00704771038046581
2023-01-17,-0.011268039675098707
2023-01-18,-0.018074217947017135
2023-01-19,-0.005984532180422941
2023-01-20,0.005382047365384279
2023-01-23,0.01433562805104538
2023-01-24,0.02128896420279247
2023-01-25,0.006218641416180892
2023-01-26,0.005831832789347624
2023-01-27,-0.016355877820211084
2023-01-30,-0.005542451659949266
2023-01-31,0.006281148418073146
2023-02-01,-0.06176096684426946
2023-02-02,-0.01532049721842954
2023-02-03,-0.0015702235356083172
2023-02-06,0.01910988537436853
2023-02-07,0.00607890066788741
2023-02-08,0.0009296098784137286
2023-02-09,-0.009008577389352013
2023-02-10,0.005997922482518181
2023-02-13,0.0037728467607263116
2023-02-14,-0.010115982485132347
2023-02-15,-0.0017345092952363306
2023-02-16,-0.012632119981100143
2023-02-17,0.0016646895024321484
2023-02-21,-0.008736574543688369
2023-02-22,0.005221194020083697
2023-02-23,-0.0060041384210584026
2023-02-24,0.011073762286271327
2023-02-27,0.003650775853447863
2023-02-28,-0.0031178219202370183
2023-03-01,-0.00720309959804688
2023-03-02,-0.0052506672522160125
2023-03-03,-0.006237799115646925
2023-03-06,0.004635310997976427
2023-03-07,-0.006055931668642711
2023-03-08,-0.01658602294905487
2023-03-09,-0.022127150108674387
2023-03-10,-0.002363315304909852
2023-03-13,-0.03235882810012669
2023-03-14,0.01057375968792229
2023-03-15,-0.034070472390075435
2023-03-16,0.028354180006084695
2023-03-17,-0.0263734457388366
2023-03-20,0.014935679693280468
2023-03-21,0.024790412980804977
2023-03-22,-0.021874557919694393
2023-03-23,-0.021205893507635687
2023-03-24,0.0029029910746174448
2023-03-27,0.012704329623883792
2023-03-28,0.003387681389849684
2023-03-29,0.019518896243619244
2023-03-30,0.0008279621711984042
2023-03-31,0.003929241975987541
2023-04-03,0.012874604065988837
2023-04-04,-0.0062028345091482695
2023-04-05,0.0027114534319283567
2023-04-06,0.004132952632198927
2023-04-10,-0.003912674425137652
2023-04-11,0.01045774402731392
2023-04-12,0.005805593379471619
2023-04-13,0.004467158196493459
2023-04-14,-0.021686844003714456
2023-04-17,0.012411834683327738
2023-04-18,0.01755710087076312
2023-04-19,0.013932164952933146
2023-04-20,-0.0026405156213291647
2023-04-21,-0.013581128002056353
2023-04-24,-0.003081543332202674
2023-04-25,0.003041187388809652
2023-04-26,-0.013967562945881418
2023-04-27,0.003327087753107305
2023-04-28,0.012711754397607855
2023-05-01,0.002877497375203042
2023-05-02,-0.008113251732554505
2023-05-03,-0.013566003508414082
2023-05-04,-0.011679623909090164
2023-05-05,0.017700762565342254
2023-05-08,0.0036697692445373242
2023-05-09,0.00911550926654292
2023-05-10,-0.005012986931997143
2023-05-11,0.004589245416708909
2023-05-12,-0.005561374731342439
2023-05-15,-0.0010984031511293013
2023-05-16,-0.0022494683303247998
2023-05-17,-0.003356865991322344
2023-05-18,0.00859606002533253
2023-05-19,0.002691393271563758
2023-05-22,-0.014812582040783617
2023-05-23,-0.008879870352418884
2023-05-24,-0.01206471506187301
2023-05-25,-0.017931719087727505
2023-05-26,-0.0026234226192511922
2023-05-30,5.263124845278355e-05
2023-05-31,-0.02261975312864739
2023-06-01,0.010226180543756458
2023-06-02,0.024826739062857595
2023-06-05,-0.005406525535967988
2023-06-06,0.001568047653018212
2023-06-07,0.005062091353536413
2023-06-08,-0.005140410190592304
2023-06-09,-0.0023486751363899216
2023-06-12,-0.003138966585448877
2023-06-13,0.007032265684763894
2023-06-14,-0.015894505675831616
2023-06-15,0.01744868190068316
2023-06-16,0.019240872501825157
2023-06-20,-0.008566758577104538
2023-06-21,0.0033630904903831915
2023-06-22,0.006291410964300415
2023-06-23,-0.009736606787687285
2023-06-26,-0.012730335116893143
2023-06-27,-0.005398858274233809
2023-06-28,-0.02545469526312749
2023-06-29,0.02260461064322894
2023-06-30,0.0182970396505171
2023-07-03,-0.001350066427522667
2023-07-05,-0.006136439746230127
2023-07-06,0.005703218320584735
2023-07-07,-0.003537729326493433
2023-07-10,-0.017960661524530575
2023-07-11,0.021372720038854487
2023-07-12,-0.009525744878108533
2023-07-13,-0.0014714970068441247
2023-07-14,-0.00878941205609618
2023-07-17,0.017734701713242096
2023-07-18,0.00693910561641764
2023-07-19,0.0009843190227285525
2023-07-20,0.03209296702055231
2023-07-21,0.0021062016154262952
2023-07-24,0.003653556206026032
2023-07-25,-0.025032424187898417
2023-07-26,0.05303821272074938
2023-07-27,0.02579026261595385
2023-07-28,-0.024715825159140392
2023-07-31,-0.007622054081296903
2023-08-01,-0.005821692752296603
2023-08-02,0.011465379868891734
2023-08-03,-0.012892237648044702
2023-08-04,-0.009758515951055813
2023-08-07,0.010452061523837264
2023-08-08,-0.00955575731952718
2023-08-09,-0.0003979354010423819
2023-08-10,0.0030348625331804158
2023-08-11,0.0007937010765874941
2023-08-14,-0.0004957569312599164
2023-08-15,-0.01140465396089041
2023-08-16,0.013341975108237758
2023-08-17,-0.009850065937185182
2023-08-18,-0.0006998902606459856
2023-08-21,0.0007505137687522367
2023-08-22,-0.004748777383055791
2023-08-23,0.010949260766277114
2023-08-24,-0.0005466757214849238
2023-08-25,0.0022866777144476824
2023-08-28,-0.004265090184500386
2023-08-29,0.005777648302304872
2023-08-30,-0.0008418403234934368
2023-08-31,-0.0044112776579522395
2023-09-01,0.01204760198727417
2023-09-05,-0.01588857669823074
2023-09-06,0.009397206642657974
2023-09-07,0.010300168212622252
2023-09-08,0.003185885791810783
2023-09-11,0.008208383679604081
2023-09-12,0.009401322669262635
2023-09-13,0.0075855626683940525
2023-09-14,0.014210043740861211
2023-09-15,0.0010377282682674238
2023-09-18,0.009000929083664566
2023-09-19,0.0007472829001731185
2023-09-20,-0.002380131072162839
2023-09-21,-0.005941215148762002
2023-09-22,0.00277641240913451
2023-09-25,-0.003989039676878248
2023-09-26,-0.001224981673329184
2023-09-27,-0.0016040446282428178
2023-09-28,0.003024159876702903
2023-09-29,-0.01926791050348642
2023-10-02,-0.008550369741170294
2023-10-03,-0.007218931715185395
2023-10-04,0.01346923820185042
2023-10-05,0.014879427192849626
2023-10-06,-0.005741135600049629
2023-10-09,0.004485860978136413
2023-10-10,-0.0038957269279243922
2023-10-11,0.002432423661589578
2023-10-12,-0.0039965187882609055
2023-10-13,0.007643103653456995
2023-10-16,0.014601300898464453
2023-10-17,0.009858881956777976
2023-10-18,-0.0044880420457310555
2023-10-19,-0.02142599518850985
2023-10-20,-0.012158688574925192
2023-10-23,-0.007067624537780315
2023-10-24,0.023823469872814362
2023-10-25,0.019911011105422816
2023-10-26,-0.01187114247977461
2023-10-27,-0.02130554206412405
2023-10-30,0.024694377605119167
2023-10-31,0.004305047665838169
2023-11-01,0.026512080575134656
2023-11-02,-0.007761843392750656
2023-11-03,0.0008691180325253178
2023-11-06,0.003473809117487514
2023-11-07,-0.0027784052165396034
2023-11-08,0.0003195992876363629
2023-11-09,-0.0008219196391373584
2023-11-10,0.016496812254705784
2023-11-13,-0.00197800077865673
2023-11-14,-0.011035929314616388
2023-11-15,-0.006057855251591526
2023-11-16,0.017321868759416548
2023-11-17,0.002837868508398511
2023-11-20,0.002380694941918504
2023-11-21,0.009544537804103248
2023-11-22,0.006125501773355246
2023-11-24,0.0016323880516944111
2023-11-27,0.0057698834632220475
2023-11-28,-0.014714254221973921
2023-11-29,0.0003999331207185097
2023-11-30,0.019326500732064433
2023-12-01,-0.0033561421785965884
2023-12-04,-0.0023614937605630493
2023-12-05,-0.005435760435849146
2023-12-06,-0.01141579602260634
2023-12-07,-0.005171830421164758
2023-12-08,-0.0009860117520319456
2023-12-11,0.006998372767095029
2023-12-12,0.011582893207437994
2023-12-13,-0.00422792766402369
2023-12-14,-0.021043261304382388
2023-12-15,-0.001995320991267868
2023-12-18,0.0010905072374030045
2023-12-19,0.006808597821713391
2023-12-20,-0.013525108618349435
2023-12-21,0.005529941176720676
2023-12-22,0.003408750672997618
2023-12-26,0.00588863038985199
2023-12-27,0.002791748510878822
2023-12-28,0.007813577995045229
2023-12-29,0.006995585936563131
2024-01-02,0.005973493843598687
2024-01-03,-0.004134613383765751
2024-01-04,0.003930906531663947
2024-01-05,0.00175972298642324
2024-01-08,-0.006587556586269083
2024-01-09,-0.00393462457281013
2024-01-10,-0.0002663552190029783
2024-01-11,0.010921338788470791
2024-01-12,-0.0007027035422089156
2024-01-16,0.0007910633090590924
2024-01-17,0.0022833816689078468
2024-01-18,0.007798436683776666
2024-01-19,0.031691543358727925
2024-01-22,0.007079150789486954
2024-01-23,0.005648445546591496
2024-01-24,0.00511753757241773
2024-01-25,-0.0015316564921142861
2024-01-26,0.00012449531489910903
2024-01-29,0.00634216955720035
2024-01-30,0.0016476523445885238
2024-01-31,0.007525539721893404
2024-02-01,-0.00020398696382750714
2024-02-02,0.0071034495204980175
2024-02-05,0.010377398708080188
2024-02-06,-0.006339050819506364
2024-02-07,-0.00314931890013459
2024-02-08,-0.010328532253865319
2024-02-09,0.011746014636208502
2024-02-12,0.003236056705376189
2024-02-13,-0.004798244212868452
2024-02-14,0.005267003936914261
2024-02-15,0.011849197622471275
2024-02-16,-0.0006373481571766426
2024-02-20,-0.001554387808723079
2024-02-21,0.0057882311827535116
2024-02-22,0.013811636522622406
2024-02-23,0.0022315745267256215
2024-02-26,-0.004570206634460949
2024-02-27,0.00011771499969071009
2024-02-28,-0.005061392649192253
2024-02-29,-0.007532107353189432
2024-03-01,-0.00417216661819253
2024-03-04,-0.009416709283748936
2024-03-05,0.004430907538809592
2024-03-06,0.0047722048041525245
2024-03-07,-0.006904750938157567
2024-03-08,-4.027078926505112e-05
2024-03-11,0.024878500130729453
2024-03-12,0.010784236915374112
2024-03-13,0.00954419355124081
2024-03-14,-0.006631907693239403
2024-03-15,-0.005201368349087354
2024-03-18,0.005267592174418079
2024-03-19,0.003260284901843935
2024-03-20,0.000116092398065204
2024-03-21,-0.008510361165123825
2024-03-22,-0.0031212232140547247
2024-03-25,0.0003913517791440668
2024-03-26,0.001838658002232707
2024-03-27,0.009450261340754329
2024-03-28,0.002437153775665557
2024-04-01,-0.00667625810004302
2024-04-02,-0.004118061589657995
2024-04-03,-0.006046673735392694
2024-04-04,-0.010047536044612504
2024-04-05,0.002656362797657019
2024-04-08,0.0010280890582605728
2024-04-09,-0.020263844566607903
2024-04-10,-0.00012098360606693781
2024-04-11,-0.013991910385246276
2024-04-12,0.005234460444494715
2024-04-15,-0.005573306544061296
2024-04-16,0.003150029200668314
2024-04-17,-0.006851358494448845
2024-04-18,0.0076377480587424
2024-04-19,0.019642240519290644
2024-04-22,0.005155609620978829
2024-04-23,-0.006441316384832363
2024-04-24,-0.02749326075512082
2024-04-25,0.012139489424849215
2024-04-26,-0.0020735906576161423
2024-04-29,0.015359575163742534
2024-04-30,-0.0023272896092538797
2024-05-01,0.005188226638990212
2024-05-02,0.0012804339669068021
2024-05-03,-0.006833221577634663
2024-05-06,0.014122490962576117
2024-05-07,-0.0003967240456725918
2024-05-08,-0.0012701066990258303
2024-05-09,0.00957757316333141
2024-05-10,0.0031490523662469627
2024-05-13,-0.0011771421132176219
2024-05-14,-0.005421575409088608
2024-05-15,-0.0007505806145015059
2024-05-16,0.04708076107166437
2024-05-17,0.03548772760785113
2024-05-20,-0.036969486471280066
2024-05-21,0.0032558507042501628
2024-05-22,0.009207651889502566
2024-05-23,-0.016302900143175814
2024-05-24,0.006385972978525389
2024-05-28,-0.008007168660536967
2024-05-29,-0.004226381970984461
2024-05-30,0.013841448989597716
2024-05-31,0.02138432796268508
2024-06-03,-0.015434729271149417
2024-06-04,-0.006863003962716885
2024-06-05,-0.002530228170068205
2024-06-06,-0.0014765693817290204
2024-06-07,0.013156492591406055
2024-06-10,0.0017588888626616228
2024-06-11,-0.01408336662782217
2024-06-12,-0.0033345982226801185
2024-06-13,0.0006462762474788164
2024-06-14,-0.010827239689987778
2024-06-17,0.004856228119688888
2024-06-18,0.008860215999231258
2024-06-20,0.013116318855665998
2024-06-21,-0.007054867659803565
2024-06-24,0.005744385165980415
2024-06-25,-0.010634189955829099
2024-06-26,-0.01245771271905216
2024-06-27,0.007768791585302193
2024-06-28,-0.026523665400037255
2024-07-01,-0.0010192213366422287
2024-07-02,0.002943249534670178
2024-07-03,-0.005830161419045132
2024-07-05,-0.006179173723940834
2024-07-08,0.0019009828161087317
2024-07-09,0.0013834639579566321
2024-07-10,0.011762839992512708
2024-07-11,0.0065151415703226245
2024-07-12,0.0013567115209345282
2024-07-15,0.00719993020186771
2024-07-16,0.005572473777151199
2024-07-17,0.022243626378582793
2024-07-18,0.0007476540769324469
2024-07-19,-0.029102881037415207
2024-07-22,0.008195956467028864
2024-07-23,0.004732759163076361
2024-07-24,-0.012193790177337682
2024-07-25,0.006037431077342337
2024-07-26,0.03230002509922203
2024-07-29,0.006072880037058415
2024-07-30,0.018255304121247873
2024-07-31,-0.0036145395504958433
2024-08-01,-0.01345855032754939
2024-08-02,-0.0023165964545854845
2024-08-05,-0.0073713581149275065
2024-08-06,-0.015372188741523019
2024-08-07,0.0019986837341234853
2024-08-08,0.01321004039606355
2024-08-09,0.003862987108115945
2024-08-12,-0.008362413909788535
2024-08-13,-0.0006715580065270732
2024-08-14,0.016988915125490056
2024-08-15,0.0009913446550029459
2024-08-16,0.002824280266248591
2024-08-19,0.0022675989957243736
2024-08-20,-0.00729857243301002
2024-08-21,0.00014713754608108864
2024-08-22,0.0028670046217496026
2024-08-23,0.011911231147561763
2024-08-26,-0.001702348390385744
2024-08-27,0.005732390015817268
2024-08-28,0.005410940837897726
2024-08-29,0.011732765876341755
2024-08-30,0.007801981621814225
2024-09-03,0.008867596710410375
2024-09-04,0.014788852280856135
2024-09-05,-0.01240804559963904
2024-09-06,0.000591848533102457
2024-09-09,0.01634771406585256
2024-09-10,-0.004004081799222625
2024-09-11,-0.022987364244451802
2024-09-12,0.014841378138497063
2024-09-13,0.00424124447140084
2024-09-16,0.008481328243799213
2024-09-17,-0.0018535655780008709
2024-09-18,-0.0055025735612178606
2024-09-19,0.004841338873433854
2024-09-20,0.00027536034415698296
2024-09-23,0.004988515192325016
2024-09-24,-0.008044779983306216
2024-09-25,0.00196700423537699
2024-09-26,-0.0016876510430227087
2024-09-27,-0.0009315151937122623
2024-09-30,-0.0040749093418590565
2024-10-01,0.012933706804523881
2024-10-02,-0.0027043884696316134
2024-10-03,-0.009576743630932527
2024-10-04,0.0071047055460902175
2024-10-07,-0.04614743417369793
2024-10-08,0.010029619669437384
2024-10-09,0.010251378588084004
2024-10-10,0.0066118477639482975
2024-10-11,0.007481471907447856
2024-10-14,0.006554444984993468
2024-10-15,-0.004537393145343627
2024-10-16,0.019832953591724323
2024-10-17,0.029989811759631335
2024-10-18,-0.0007618622811833564
2024-10-21,-0.012630103064231402
2024-10-22,-0.002484577992473813
2024-10-23,-0.007101677403507534
2024-10-24,-0.003525529162560881
2024-10-25,-0.02030882394122191
2024-10-28,0.007048841356700919
2024-10-29,-0.009723367653738824
2024-10-30,-0.012395551367925473
2024-10-31,-0.004230708088072577
2024-11-01,-0.01780916814205491
2024-11-04,-0.0047944103559529605
2024-11-05,0.004382940498592669
2024-11-06,0.00980919403969116
2024-11-07,-0.007214074888821642
2024-11-08,0.012122722846022338
2024-11-11,-0.002345592728859036
2024-11-12,0.007801790019381416
2024-11-13,0.0017321446215350367
2024-11-14,0.012527310275622261
2024-11-15,0.003729165950775215
2024-11-18,0.00253478571318122
2024-11-19,-0.016832370542362196
2024-11-20,-0.003628484086997008
2024-11-21,0.0080257662019938
2024-11-22,0.0003506694392714227
2024-11-25,0.004242528216840347
2024-11-26,0.007192359806732496
2024-11-27,0.006447427444081777
2024-11-29,-0.0055450839178602385
2024-12-02,0.004086870546723853
2024-12-03,-0.012624650117248226
2024-12-04,-0.0057642364106293975
2024-12-05,0.007097727281067057
2024-12-06,-0.011513483443600703
2024-12-09,-0.021177432276991315
2024-12-10,-0.009808243332598665
2024-12-11,0.005899391224346573
2024-12-12,-0.0030409829357122
2024-12-13,0.005902312528212494
2024-12-16,-0.0013401511090787022
2024-12-17,0.0035180928905322872
2024-12-18,-0.018504456469002784
2024-12-19,0.005854865353991823
2024-12-20,0.00014648067021116873
2024-12-23,0.007979393961397907
2024-12-24,0.0042123605116242135
2024-12-26,0.006255891536501634
2024-12-27,-0.0021202264787375524
2024-12-30,-0.008174901819924196
2024-12-31,0.003231484851226707
