Date,CHRW
2015-01-05,-0.04387879671690087
2015-01-06,-0.01303128432864431
2015-01-07,0.0004309152009123185
2015-01-08,0.04489991760970402
2015-01-09,-0.010708402646011472
2015-01-12,0.011657200643429677
2015-01-13,0.009739544110043408
2015-01-14,-0.008694684166150268
2015-01-15,-0.0063041883372718654
2015-01-16,0.01296395520409055
2015-01-20,-0.007896568498694134
2015-01-21,-0.000685939969494731
2015-01-22,0.026228435322572796
2015-01-23,-0.008162452586151114
2015-01-26,0.007015650512204763
2015-01-27,-0.012057629201529307
2015-01-28,-0.010849095995587588
2015-01-29,0.00507269339639338
2015-01-30,-0.028509053188047195
2015-02-02,0.031171138702702494
2015-02-03,0.024373813806072064
2015-02-04,-0.06287434332831798
2015-02-05,0.006666678322473141
2015-02-06,-0.006481431050178621
2015-02-09,-0.00014201748458297914
2015-02-10,0.009219859396007779
2015-02-11,0.001405529538780037
2015-02-12,0.008140532551646595
2015-02-13,0.010441434950331896
2015-02-17,-0.010609540094757786
2015-02-18,-0.0059876193981072134
2015-02-19,0.006444201185949572
2015-02-20,0.009187342253085706
2015-02-23,0.008827532740437904
2015-02-24,0.011484931626525974
2015-02-25,-0.005812652359029946
2015-02-26,0.00897387494908708
2015-02-27,0.0012123704573063776
2015-03-02,-0.009421189584195577
2015-03-03,0.01453806453981299
2015-03-04,-0.004441854923264432
2015-03-05,0.002163086681052695
2015-03-06,-0.007285305459075131
2015-03-09,0.004484915393671685
2015-03-10,-0.019212556116430468
2015-03-11,-0.0001377737441138338
2015-03-12,0.020557240290485446
2015-03-13,-0.007029777912706536
2015-03-16,0.025867595949126354
2015-03-17,-0.009157347002680227
2015-03-18,0.007099697934820348
2015-03-19,-0.00039958810784035403
2015-03-20,0.0031929573371480835
2015-03-23,0.004509441820686355
2015-03-24,-0.008978201791055018
2015-03-25,-0.023314557727635465
2015-03-26,-0.0023187663365499267
2015-03-27,-0.001503920562089589
2015-03-30,0.002327991962352449
2015-03-31,0.00027300877990610317
2015-04-01,-0.016798923216033934
2015-04-02,-0.009167943758751962
2015-04-06,-0.0007008967723882709
2015-04-07,0.0018239400946062911
2015-04-08,-0.002660725611349002
2015-04-09,0.005897052190210195
2015-04-10,0.005862617778218393
2015-04-13,-0.02345265945863595
2015-04-14,0.005826289684026431
2015-04-15,-0.007770398552329194
2015-04-16,-0.010251987724351985
2015-04-17,-0.013523239762583072
2015-04-20,0.022166982694693527
2015-04-21,0.006420440261960092
2015-04-22,-0.0015596311710105448
2015-04-23,0.002697888513601754
2015-04-24,0.0004251689162555472
2015-04-27,-0.02420433261643329
2015-04-28,-0.04656185724024586
2015-04-29,-0.015366324580835644
2015-04-30,-0.005098511420206231
2015-05-01,0.005435611494294612
2015-05-04,0.0206983169258399
2015-05-05,-0.031628652966036674
2015-05-06,0.00875145218084894
2015-05-07,0.010534684560563612
2015-05-08,0.007205087508288965
2015-05-11,-0.006544973068556836
2015-05-12,-0.004289951801359604
2015-05-13,-0.006924049137682853
2015-05-14,-0.0024791066217259017
2015-05-15,0.002174628430815284
2015-05-18,0.013794333525785074
2015-05-19,-0.008408851612206503
2015-05-20,-0.014646669074703023
2015-05-21,0.0054765131331315775
2015-05-22,-0.0035793674542445864
2015-05-26,-0.017179325513533517
2015-05-27,0.00683290792812663
2015-05-28,-0.013573072302905609
2015-05-29,-0.012320106463350688
2015-06-01,0.006155918575445396
2015-06-02,-0.007567182497247638
2015-06-03,0.054848150949954766
2015-06-04,-0.019653515235470875
2015-06-05,0.013101905203477537
2015-06-08,-0.012932465269469673
2015-06-09,0.006629869542716493
2015-06-10,0.0007842775701967231
2015-06-11,0.007834414361465925
2015-06-12,-0.009639638710991827
2015-06-15,0.0007851396085214457
2015-06-16,0.0028234898263899133
2015-06-17,0.0015642482979754124
2015-06-18,0.012025892786443837
2015-06-19,-0.009105100695073975
2015-06-22,-0.0007788273159596848
2015-06-23,-0.006078493857452405
2015-06-24,-0.018347156617302796
2015-06-25,-0.0020767345916525848
2015-06-26,0.009124667896815764
2015-06-29,-0.021415132057699737
2015-06-30,0.011346853357182107
2015-07-01,-0.0019232280914291966
2015-07-02,0.01268685595813901
2015-07-06,-0.014272304578084372
2015-07-07,0.016731085973599402
2015-07-08,-0.020727931731696958
2015-07-09,0.004362596141704866
2015-07-10,0.022361733119999228
2015-07-13,0.020141531311470562
2015-07-14,-0.007866667679330419
2015-07-15,-0.019900333857626018
2015-07-16,0.004441388931636814
2015-07-17,-0.005053846773327986
2015-07-20,0.010635245394215564
2015-07-21,0.02701434988030149
2015-07-22,-0.0021412594550982433
2015-07-23,-0.012720393490547544
2015-07-24,-0.0017076381257133955
2015-07-27,0.00699748696006619
2015-07-28,0.030420055072677865
2015-07-29,0.046755778310312524
2015-07-30,0.00028650213417913406
2015-07-31,0.004007229647359223
2015-08-03,0.008125492371952703
2015-08-04,-0.004242250860823971
2015-08-05,-0.0015620035015794231
2015-08-06,-0.009102471324535455
2015-08-07,-0.011769869123847143
2015-08-10,0.010602736102252264
2015-08-11,0.0037370893400328065
2015-08-12,-0.01059609130093564
2015-08-13,-0.005644009260806104
2015-08-14,0.010042467989367143
2015-08-17,0.004178302624706864
2015-08-18,0.000861130258998033
2015-08-19,0.015483933015159268
2015-08-20,-0.022730588976043298
2015-08-21,-0.028604049128518882
2015-08-24,-0.030934158470433903
2015-08-25,-0.015653951824164625
2015-08-26,0.04864379613040448
2015-08-27,0.008325893761537584
2015-08-28,-0.008551863996537512
2015-08-31,0.0028252071379928356
2015-09-01,-0.021207115540779697
2015-09-02,0.047546375249515105
2015-09-03,-0.007855548224641296
2015-09-04,-0.007331486259522069
2015-09-08,0.018316025632856503
2015-09-09,-0.0015952794913498547
2015-09-10,0.002469838610873687
2015-09-11,-0.00463781073865821
2015-09-14,-0.0011648197751040756
2015-09-15,0.01297358191357656
2015-09-16,0.0043171765299998555
2015-09-17,-0.010889685711346964
2015-09-18,-0.021150230978803752
2015-09-21,0.014059543923826245
2015-09-22,-0.02422611321959145
2015-09-23,0.00807621234891176
2015-09-24,0.001928949809334446
2015-09-25,0.014808376811983326
2015-09-28,-0.009776829894150962
2015-09-29,0.004273163318679218
2015-09-30,-0.005429073086800074
2015-10-01,-0.0010324735751339187
2015-10-02,0.01624537249305713
2015-10-05,0.017875525291845218
2015-10-06,0.0028554005138488048
2015-10-07,-0.0008540224103595895
2015-10-08,0.01011648073246807
2015-10-09,0.011567585544285386
2015-10-12,0.0040440141223490045
2015-10-13,-0.009027814803505119
2015-10-14,-0.005466075995595787
2015-10-15,0.018883509930929465
2015-10-16,-0.007606783476172496
2015-10-19,0.002090393155907977
2015-10-20,0.0031989562287089157
2015-10-21,-0.0037430061807547377
2015-10-22,0.011967364945072001
2015-10-23,0.0009627358441204326
2015-10-26,-0.003983946484909184
2015-10-27,-0.03462071554889623
2015-10-28,-0.02857572026737676
2015-10-29,0.020444183618175904
2015-10-30,0.0
2015-11-02,0.012395633587052535
2015-11-03,-0.001423600705051542
2015-11-04,-0.020387825325122177
2015-11-05,-0.005967226460088737
2015-11-06,0.006149451695830921
2015-11-09,-0.013096646397459444
2015-11-10,0.013712764289337764
2015-11-11,0.0
2015-11-12,-0.018472693595897427
2015-11-13,-0.006816980318919641
2015-11-16,0.0058193717349430685
2015-11-17,0.006230568570660067
2015-11-18,0.006633957427110371
2015-11-19,0.0004391267780161634
2015-11-20,0.0032212620609293197
2015-11-23,-0.004085968147413466
2015-11-24,-0.0004396037685761023
2015-11-25,0.005716793968626677
2015-11-27,0.003643978220199129
2015-11-30,-0.020767151308377807
2015-12-01,0.007711648382991987
2015-12-02,-0.06431195629006536
2015-12-03,-0.021390023325547514
2015-12-04,0.009321562794952776
2015-12-07,-0.01146509596953793
2015-12-08,-0.025290078598316
2015-12-09,0.0006612466602238243
2015-12-10,0.023120494706718064
2015-12-11,0.007966308316583959
2015-12-14,-0.005161184656088613
2015-12-15,0.015077786249559466
2015-12-16,0.02651317134123632
2015-12-17,-0.0010891399456096629
2015-12-18,-0.028660507409691505
2015-12-21,0.0022449977029097568
2015-12-22,0.014400020574758088
2015-12-23,0.00914823569848533
2015-12-24,-0.007033382843221525
2015-12-28,-0.005509131636619258
2015-12-29,0.00015821043206232233
2015-12-30,-0.013135024533589168
2015-12-31,-0.005452126253608136
2016-01-04,-0.0037085291047990188
2016-01-05,0.02718895437727009
2016-01-06,-0.0048842371718541555
2016-01-07,-0.0011083571086066835
2016-01-08,0.00047530841077714214
2016-01-11,-0.02170443564441593
2016-01-12,0.01991902857988581
2016-01-13,-0.004604583018855912
2016-01-14,0.007018433290453263
2016-01-15,0.0068113348894505155
2016-01-19,0.0015732516031976562
2016-01-20,0.0010995764986219125
2016-01-21,0.01223920349575014
2016-01-22,-0.004340054165630658
2016-01-25,-0.02350949872492414
2016-01-26,0.021524187874606637
2016-01-27,-0.013890918022701815
2016-01-28,-0.0020577258602454407
2016-01-29,0.027280059775265597
2016-02-01,0.00679312037647084
2016-02-02,-0.02652972783403329
2016-02-03,0.022526881064202753
2016-02-04,0.03913095313473347
2016-02-05,0.009340765856608924
2016-02-08,0.021151254682070242
2016-02-09,0.0024457504445685174
2016-02-10,-0.015210768138818942
2016-02-11,0.0029146181803902937
2016-02-12,0.019322764904216028
2016-02-16,0.01496571994965179
2016-02-17,-0.005195981489565127
2016-02-18,0.0016940512008905007
2016-02-19,-0.006764609337062577
2016-02-22,-0.005817231865372197
2016-02-23,-0.0077065223326370225
2016-02-24,0.010067596282827385
2016-02-25,-0.0009965057200058691
2016-02-26,0.002708106828915202
2016-02-29,-0.007391812657469243
2016-03-01,0.013031674906685886
2016-03-02,0.01564497908526219
2016-03-03,0.0014004352622727367
2016-03-04,0.016361583072778574
2016-03-07,-0.014859975096153555
2016-03-08,0.00041920945314299907
2016-03-09,-0.0029320345222406674
2016-03-10,0.0012603292514730136
2016-03-11,0.015661843002034104
2016-03-14,-0.0023404932264461387
2016-03-15,0.008418688101303529
2016-03-16,0.0005475265696694986
2016-03-17,0.00984792599743467
2016-03-18,0.006907937062443192
2016-03-21,-0.009282000674710633
2016-03-22,-0.0023078840006258705
2016-03-23,0.0
2016-03-24,0.0035383485901221423
2016-03-28,0.00406784076404576
2016-03-29,0.006212904387440599
2016-03-30,0.0006716567835762799
2016-03-31,-0.0042927410175434
2016-04-01,-0.007813589427209222
2016-04-04,-0.002444012461729317
2016-04-05,0.0008169488899116839
2016-04-06,0.001768068956966129
2016-04-07,-0.02457238850268484
2016-04-08,-0.00013927243732558825
2016-04-11,-0.0009744436100103115
2016-04-12,0.010032262983571627
2016-04-13,0.006345680599269432
2016-04-14,-0.0006857306969398902
2016-04-15,0.008367744552039147
2016-04-18,0.008162048886790618
2016-04-19,0.015112639332814704
2016-04-20,-0.006645987435411893
2016-04-21,-0.005620235793230677
2016-04-22,0.003364165455171042
2016-04-25,0.0005365207485910073
2016-04-26,0.014879296909539486
2016-04-27,-0.051512438237172
2016-04-28,-0.01364697929792491
2016-04-29,0.00197640723794823
2016-05-02,0.011835996134783366
2016-05-03,-0.013507695859591662
2016-05-04,0.012704250329917288
2016-05-05,-0.012405591043821773
2016-05-06,0.027805358909419597
2016-05-09,0.004394068040988186
2016-05-10,-0.001230036754607422
2016-05-11,-0.006297427309119974
2016-05-12,-0.0016527826640877485
2016-05-13,-0.002207974542420499
2016-05-16,0.0017977010779526292
2016-05-17,0.004693791265219183
2016-05-18,0.005084077948938948
2016-05-19,-0.0006840518231541193
2016-05-20,0.016689896245576596
2016-05-23,0.0005376738904232514
2016-05-24,0.004437960888487691
2016-05-25,0.0016068890203324582
2016-05-26,0.0021384633435286293
2016-05-27,0.0028011545838178
2016-05-31,-0.0026604173306205015
2016-06-01,-0.004023854391270731
2016-06-02,-0.006195157451925115
2016-06-03,-0.005827279269714825
2016-06-06,-0.0019084527445304422
2016-06-07,-0.0036877364430136783
2016-06-08,0.009869580818585577
2016-06-09,0.005972794733404951
2016-06-10,-0.015112666847892586
2016-06-13,-0.000136962567713228
2016-06-14,-0.006988328630329388
2016-06-15,0.0006899235591208974
2016-06-16,-0.005929592896529057
2016-06-17,-0.0015258593209032112
2016-06-20,0.007780368627793521
2016-06-21,-0.006203908804782832
2016-06-22,-0.0031903911435374743
2016-06-23,0.0008351613034738303
2016-06-24,-0.003893131159167562
2016-06-27,0.0075375403245561134
2016-06-28,0.017179546632019482
2016-06-29,0.0031323367584603634
2016-06-30,0.008146825474724562
2016-07-01,0.012659911861202744
2016-07-05,-0.002127978120971874
2016-07-06,-0.0030654403468516334
2016-07-07,-0.019251087196403782
2016-07-08,0.014585290781021776
2016-07-11,-0.034529240819831775
2016-07-12,0.008210378846480682
2016-07-13,0.0052450774965417946
2016-07-14,-0.0072771195617180595
2016-07-15,-0.0049792217232074165
2016-07-18,-0.006950129838534824
2016-07-19,0.0025196804894154212
2016-07-20,-0.006283335938607082
2016-07-21,0.0008431244560487272
2016-07-22,0.011231210013785686
2016-07-25,-0.007358403423348481
2016-07-26,0.008951534323061505
2016-07-27,-0.05253737077856424
2016-07-28,0.012875374322771194
2016-07-29,0.005633572149547295
2016-08-01,-0.005458283872431857
2016-08-02,-0.01270938846804659
2016-08-03,0.006290433131771245
2016-08-04,-0.004361542459221046
2016-08-05,0.010658865946215235
2016-08-08,0.00043319750879478036
2016-08-09,-0.004765375578253739
2016-08-10,0.0014507835949664205
2016-08-11,0.0001450473429704946
2016-08-12,0.009416375557645074
2016-08-15,-0.0064582739955265644
2016-08-16,0.008522352756583418
2016-08-17,0.0011459929957104986
2016-08-18,-0.01344782685431345
2016-08-19,0.0066703945105246465
2016-08-22,0.00028828607624831193
2016-08-23,-0.0005759950468535724
2016-08-24,0.0036020780666112806
2016-08-25,-0.011198928123663965
2016-08-26,-0.0013067499299943552
2016-08-29,0.009450463496095463
2016-08-30,0.001296072976285867
2016-08-31,0.004776490535131739
2016-09-01,0.023336170448022386
2016-09-02,0.003941795608124021
2016-09-06,-0.01416181316591214
2016-09-07,-0.0012800020005703239
2016-09-08,-0.002136003532947406
2016-09-09,-0.016697557089947468
2016-09-12,0.0015964392106653236
2016-09-13,-0.018113155288159155
2016-09-14,-0.007231528972466927
2016-09-15,0.0013375653149507727
2016-09-16,0.0025239248357360466
2016-09-19,-0.003701955747168695
2016-09-20,0.011295995115032653
2016-09-21,0.007348831432297587
2016-09-22,0.010358536724630385
2016-09-23,0.004910354497781988
2016-09-26,-0.0007187862177785442
2016-09-27,0.008340328919300477
2016-09-28,0.0018540588864901508
2016-09-29,0.0008539961306770483
2016-09-30,0.0021336727849430304
2016-10-03,0.000567499656884074
2016-10-04,-0.004255442392637421
2016-10-05,-0.0002847335166292764
2016-10-06,0.001140066627357994
2016-10-07,0.0011383647278342401
2016-10-10,0.007961440938630604
2016-10-11,-0.002679628291904268
2016-10-12,-0.004525750394775763
2016-10-13,-0.0011365982695531462
2016-10-14,-0.0007108881443217419
2016-10-17,-0.022630195672666775
2016-10-18,0.0018931388669152227
2016-10-19,-0.00058167309985524
2016-10-20,-0.00014545135597299197
2016-10-21,0.001600266415449303
2016-10-24,0.0037756932880681493
2016-10-25,0.0044850282973427635
2016-10-26,-0.0306788275795824
2016-10-27,0.0019319585940449358
2016-10-28,0.002372423032059867
2016-10-31,0.007841598548503192
2016-11-01,0.004404051785926066
2016-11-02,0.0005849038708036769
2016-11-03,0.007011222457341981
2016-11-04,-0.0036264467136521983
2016-11-07,0.025768237380726644
2016-11-08,0.0004259601443514782
2016-11-09,0.013618618078982792
2016-11-10,0.018894282538664875
2016-11-11,0.010714310292731621
2016-11-14,-0.000951334456948616
2016-11-15,0.007753911258142843
2016-11-16,0.0013498674281782197
2016-11-17,-0.0022916875337856135
2016-11-18,0.005269698448409743
2016-11-21,-0.0004035296904656427
2016-11-22,-0.005781726999706693
2016-11-23,0.0024344513864336115
2016-11-25,0.0024283479218498716
2016-11-28,-0.0012108827923981158
2016-11-29,0.01037571028567097
2016-11-30,-0.0017338206732064876
2016-12-01,0.00013361703589431784
2016-12-02,-0.010953744123466835
2016-12-05,0.01823327649724571
2016-12-06,0.0022549688402653256
2016-12-07,0.015352120702184058
2016-12-08,0.009775659705169026
2016-12-09,-0.005550306620381695
2016-12-12,0.0027257021974640416
2016-12-13,-0.0024595448346101945
2016-12-14,-0.0057098057996248786
2016-12-15,-0.02441910603986608
2016-12-16,-0.016148341280145417
2016-12-19,0.02065374375817508
2016-12-20,-0.0012060388208110506
2016-12-21,0.0013415911800971347
2016-12-22,-0.002143669959444816
2016-12-23,0.000939617997205433
2016-12-27,-0.000804909969726153
2016-12-28,-0.013560684713891158
2016-12-29,0.0035391030984899263
2016-12-30,-0.00637485140843419
2017-01-03,-0.005596392694673047
2017-01-04,0.0019217353525002867
2017-01-05,0.010275324254630736
2017-01-06,0.005560091012734691
2017-01-09,-0.013351151513292692
2017-01-10,-0.00027366391669003676
2017-01-11,0.004101970893872542
2017-01-12,0.0
2017-01-13,-0.0008172218385885666
2017-01-17,0.002453414578078572
2017-01-18,0.006660609089878422
2017-01-19,-0.009182594049505943
2017-01-20,0.0031347653216786675
2017-01-23,0.0010868986481853415
2017-01-24,0.013300993268289707
2017-01-25,0.00026753634334264476
2017-01-26,0.014327895469903984
2017-01-27,0.02415856584203202
2017-01-30,-0.013792122694413433
2017-01-31,-0.005881722914369059
2017-02-01,-0.012490161317633808
2017-02-02,-0.0022636566653725376
2017-02-03,0.008140252942298032
2017-02-06,-0.009530474893652219
2017-02-07,0.010557716401696116
2017-02-08,0.006744050373371779
2017-02-09,-0.006698872837510916
2017-02-10,0.012430111805577182
2017-02-13,0.0054862012443024355
2017-02-14,0.002857748181839481
2017-02-15,0.008808339477582416
2017-02-16,0.0023112910692482114
2017-02-17,0.012810548444269099
2017-02-21,0.00455358867456912
2017-02-22,-0.00012589877407254146
2017-02-23,0.0006299281552915037
2017-02-24,0.008431560406944927
2017-02-27,0.0012481842513696328
2017-02-28,0.0017450218326853228
2017-03-01,0.011761477314887525
2017-03-02,-0.004081168022568082
2017-03-03,-0.009437197196760394
2017-03-06,-0.006142960483348947
2017-03-07,-0.004288154051050208
2017-03-08,-0.002660327244045191
2017-03-09,-0.0026678982417058794
2017-03-10,0.010443311740174765
2017-03-13,-0.000377844863824528
2017-03-14,-0.009456408228584512
2017-03-15,-0.0002547939808669186
2017-03-16,-0.004201662175105425
2017-03-17,0.009078318215547831
2017-03-20,0.00012634222331042722
2017-03-21,-0.007221197523247569
2017-03-22,-0.0034459935673832875
2017-03-23,-0.0052502281459185784
2017-03-24,-0.0027037202047176523
2017-03-27,-0.005808100714275732
2017-03-28,0.006491267800376788
2017-03-29,-0.0029666699274720765
2017-03-30,0.004657723207784237
2017-03-31,-0.004636129400282352
2017-04-03,-0.007504515991121341
2017-04-04,0.001955640992140406
2017-04-05,-0.005854559907383372
2017-04-06,-0.0017015995904469117
2017-04-07,-0.007210328264017574
2017-04-10,0.006734865524803402
2017-04-11,-0.00642726315669484
2017-04-12,-0.012673126007729962
2017-04-13,-0.004412396517687767
2017-04-17,0.01625021892128764
2017-04-18,-0.005021902360584307
2017-04-19,0.0006644024275450633
2017-04-20,0.01473273418465415
2017-04-21,0.001177485062789696
2017-04-24,0.01371811699187675
2017-04-25,0.0014178027586091435
2017-04-26,-0.06293452469256333
2017-04-27,0.0
2017-04-28,-0.0015106895677647891
2017-05-01,-0.002063060364310698
2017-05-02,0.0023429043628873103
2017-05-03,0.0008250615149827389
2017-05-04,-0.003022624616819347
2017-05-05,0.010887251812637055
2017-05-08,-0.025766569077849355
2017-05-09,-0.008396417345521212
2017-05-10,-0.00973709725320604
2017-05-11,-0.005558352580870118
2017-05-12,-0.006162055765777774
2017-05-15,0.0017303088434870162
2017-05-16,0.0018715212058768582
2017-05-17,-0.02528748595674868
2017-05-18,0.0032427263530714345
2017-05-19,-0.010285214974297574
2017-05-22,0.01068932824879898
2017-05-23,0.0038188462805763823
2017-05-24,0.000585111423456075
2017-05-25,-0.006873054641146514
2017-05-26,-0.012811122090543914
2017-05-30,0.003430780748821194
2017-05-31,0.00284352499859164
2017-06-01,0.008506040568740936
2017-06-02,0.0005918540607932066
2017-06-05,-0.005323604426739403
2017-06-06,-0.0020817581910446137
2017-06-07,0.0016390644996497894
2017-06-08,-0.003867285690104083
2017-06-09,0.013289426339982535
2017-06-12,0.01414650203712342
2017-06-13,0.003923404293199928
2017-06-14,-0.01809211929489063
2017-06-15,0.023732088120410166
2017-06-16,0.008495290477680495
2017-06-19,0.000856666075367496
2017-06-20,-0.024251010776027426
2017-06-21,-0.017982518577183915
2017-06-22,0.0019353705094447005
2017-06-23,-0.004606194284120679
2017-06-26,0.008807322872864898
2017-06-27,-0.003699396924199405
2017-06-28,0.0
2017-06-29,0.00326762897342725
2017-06-30,0.016728366692525753
2017-07-03,0.020384465962469456
2017-07-05,-0.01883549475839985
2017-07-06,-0.015706899224874227
2017-07-07,0.004284841129866601
2017-07-10,0.003824908817344763
2017-07-11,0.0054234143893325815
2017-07-12,0.003935443011511941
2017-07-13,-0.0015969437231829753
2017-07-14,0.010180170152787493
2017-07-17,-0.008206148631289545
2017-07-18,0.008854780826422326
2017-07-19,-0.011654779406486182
2017-07-20,-0.053574049194510254
2017-07-21,0.008460242322529066
2017-07-24,0.0009152056448253898
2017-07-25,0.0047241916963458586
2017-07-26,-0.00030333302382901106
2017-07-27,-0.006827662451060479
2017-07-28,-0.003207829929711248
2017-07-31,0.005517250699641041
2017-08-01,-0.009602263973376268
2017-08-02,0.009695361392787039
2017-08-03,0.0013715498860331632
2017-08-04,0.02313535840862979
2017-08-07,-0.010115819058078235
2017-08-08,0.003156042620525268
2017-08-09,-0.009288571490155495
2017-08-10,-0.00030234549359231533
2017-08-11,-0.007260662727217371
2017-08-14,0.023007850507631433
2017-08-15,0.01310694846338567
2017-08-16,-0.0001472451778228301
2017-08-17,-0.01646788824915535
2017-08-18,-0.0016445612115438824
2017-08-21,0.0011977493654200533
2017-08-22,0.0035898518432082582
2017-08-23,-0.00014926403424297963
2017-08-24,-0.003278972268164204
2017-08-25,0.03289918930708513
2017-08-28,0.028666734130454286
2017-08-29,0.007319181969860589
2017-08-30,0.027277446423563
2017-08-31,-0.03326007995650371
2017-09-01,-0.006512791359914449
2017-09-05,0.023086693967388827
2017-09-06,0.01365065235787033
2017-09-07,0.006870939802700926
2017-09-08,0.006414909899008059
2017-09-11,-0.012340632272274443
2017-09-12,-0.0005492196559464535
2017-09-13,-0.007006224425123442
2017-09-14,-0.020891582539706355
2017-09-15,0.00960903632214305
2017-09-18,0.011196805427427181
2017-09-19,0.004844137589414821
2017-09-20,0.002617010300142386
2017-09-21,0.0028850985657002948
2017-09-22,0.0017806648042708595
2017-09-25,0.010802985240855989
2017-09-26,0.013122166609963237
2017-09-27,0.010548361972762876
2017-09-28,-0.002642319390775305
2017-09-29,0.00821399713847315
2017-10-02,0.015768716123414128
2017-10-03,-0.015135873412530088
2017-10-04,-0.014580400112122027
2017-10-05,0.013729575619450873
2017-10-06,0.006180413269540663
2017-10-09,-0.013983291652570617
2017-10-10,0.021736191059160248
2017-10-11,-0.005058995187427584
2017-10-12,0.006258157019448873
2017-10-13,0.0010367086528990654
2017-10-16,0.0009059194637834889
2017-10-17,-0.016940616919313478
2017-10-18,0.01736377165314673
2017-10-19,0.008275559382636688
2017-10-20,0.0041035817270671515
2017-10-23,0.0016599578030740414
2017-10-24,0.005100165697169423
2017-10-25,-0.002917310761813341
2017-10-26,0.012595151323830489
2017-10-27,0.0028901486239634178
2017-10-30,-0.018416928986451864
2017-10-31,0.0022976887255143907
2017-11-01,0.010186986746663074
2017-11-02,0.0027734646879449265
2017-11-03,-0.001382607049139284
2017-11-06,-0.004531973396848188
2017-11-07,0.017956612434931962
2017-11-08,0.0016149361542199259
2017-11-09,0.0006200398244029515
2017-11-10,-0.004338160930736468
2017-11-13,0.0003734132949142488
2017-11-14,0.00012442463649131597
2017-11-15,-0.0052257584339137075
2017-11-16,0.0056286292989151665
2017-11-17,-0.024378189304141262
2017-11-20,-0.00012782298292512984
2017-11-21,0.004590219691936737
2017-11-22,0.005711381706931196
2017-11-24,0.005426347655720365
2017-11-27,-0.0016312981393591386
2017-11-28,0.025018777825362548
2017-11-29,0.03630557719275318
2017-11-30,0.025565162216665493
2017-12-01,-0.0012692115548815774
2017-12-04,0.0025419687579473216
2017-12-05,-0.009681959721865363
2017-12-06,0.014315698572144653
2017-12-07,0.003098147081124658
2017-12-08,0.010981165919282443
2017-12-11,-0.004639008162959479
2017-12-12,0.0003410881161776125
2017-12-13,-0.002613418462035777
2017-12-14,-0.02255900801276245
2017-12-15,0.010313106870752708
2017-12-18,0.01101928697141319
2017-12-19,-0.006080997228389062
2017-12-20,0.001385441112927932
2017-12-21,0.004380384793627234
2017-12-22,0.018019305292913623
2017-12-26,0.0010143657860739452
2017-12-27,0.007996555457129961
2017-12-28,-0.00044703872466544947
2017-12-29,-0.00413611151164206
2018-01-02,0.007296139327941598
2018-01-03,-0.002785881256028633
2018-01-04,0.0025703759861761544
2018-01-05,-0.0016717987722417726
2018-01-08,0.013508740913851902
2018-01-09,0.007490684775260714
2018-01-10,-0.00021857886223031198
2018-01-11,0.027121343208421855
2018-01-12,0.0038333215298316237
2018-01-16,-0.013894764048248076
2018-01-17,0.00010756370188858
2018-01-18,0.007528451979452511
2018-01-19,0.015798285717307792
2018-01-22,0.0028375760552235008
2018-01-23,-0.005554014669766794
2018-01-24,0.013487860567789944
2018-01-25,0.003638987348678846
2018-01-26,0.002072031143670605
2018-01-29,-0.004341974063109433
2018-01-30,-0.014328728272853697
2018-01-31,-0.03655329744910807
2018-02-01,0.005685758829773402
2018-02-02,-0.002065906527704109
2018-02-05,-0.015905888618099606
2018-02-06,0.0048713285517216764
2018-02-07,0.019830122817103613
2018-02-08,-0.022685390285165474
2018-02-09,-0.012379936550277248
2018-02-12,0.020480940618179178
2018-02-13,0.016889706814564143
2018-02-14,-0.0031275612176472345
2018-02-15,0.005625991285669096
2018-02-16,-0.003550366293768037
2018-02-20,-0.028611308203486008
2018-02-21,0.002334259280314832
2018-02-22,-0.0009982269568483693
2018-02-23,0.02819407602089541
2018-02-26,0.021591108417980953
2018-02-27,-0.012257930973637476
2018-02-28,-0.0011769693280281324
2018-03-01,-0.03444591412769604
2018-03-02,-0.002118158260781544
2018-03-05,0.003016510950609952
2018-03-06,0.0023389610282642526
2018-03-07,0.00022247509785411346
2018-03-08,-0.004555008805741778
2018-03-09,0.02388368471922253
2018-03-12,-0.007738999026169258
2018-03-13,0.007469709027143612
2018-03-14,-0.02148046221229072
2018-03-15,0.00601725286958632
2018-03-16,0.020602686810158755
2018-03-19,0.0053177560102057875
2018-03-20,0.004750030109017311
2018-03-21,0.005909663668952847
2018-03-22,-0.010254214934219297
2018-03-23,-0.019425899103514777
2018-03-26,0.0209111586230748
2018-03-27,-0.012936213751393755
2018-03-28,0.001419845531973385
2018-03-29,0.022030367899636527
2018-04-02,-0.01579305979037804
2018-04-03,0.015179185659208283
2018-04-04,0.007796899375974942
2018-04-05,-0.011339628181790462
2018-04-06,-0.030121074388778535
2018-04-09,0.012046765605629117
2018-04-10,0.02784747178414637
2018-04-11,-0.0018063616754516731
2018-04-12,0.015540395242429561
2018-04-13,-0.011948355455345894
2018-04-16,0.035536144990183205
2018-04-17,-0.01628786008415184
2018-04-18,-0.01135034317787742
2018-04-19,-0.006846389478874726
2018-04-20,-0.006469314350662114
2018-04-23,0.0003198369046180094
2018-04-24,-0.01440588685836064
2018-04-25,0.002490093545555405
2018-04-26,-0.013716317193680494
2018-04-27,0.007446189226418598
2018-04-30,0.00032617368694243254
2018-05-01,-0.014994930927689887
2018-05-02,-0.08549404909371794
2018-05-03,-0.0036186796994932546
2018-05-04,-0.000726474944185318
2018-05-07,-0.001332341285093297
2018-05-08,0.01819699926272378
2018-05-09,-0.005242516847528411
2018-05-10,0.013055685069732093
2018-05-11,0.02199103132043545
2018-05-14,-0.008792274449839876
2018-05-15,-0.005836011403940522
2018-05-16,0.0065746342200578844
2018-05-17,0.0212266107196859
2018-05-18,0.010735677561206636
2018-05-21,0.015932212586435623
2018-05-22,-0.017350324449798005
2018-05-23,-0.010300440892432094
2018-05-24,0.006404912945971786
2018-05-25,0.0026135698980818134
2018-05-29,-0.0034002797247948413
2018-05-30,0.017059093900652522
2018-05-31,-0.022142327477576385
2018-06-01,0.005976904363788504
2018-06-04,0.005027556242587883
2018-06-05,-0.0013644146734361762
2018-06-06,-0.00045515055795231074
2018-06-07,0.002163932330228935
2018-06-08,0.003750499843002242
2018-06-11,0.004075942345715289
2018-06-12,0.024244642033967034
2018-06-13,-0.0004406674787400533
2018-06-14,-0.003964954741894844
2018-06-15,-0.003760082661959374
2018-06-18,0.00599399672838441
2018-06-19,-0.007171866034040075
2018-06-20,0.003222925507926133
2018-06-21,-0.005317193405665943
2018-06-22,-0.013142016724272065
2018-06-25,-0.03408206283013904
2018-06-26,-0.00817845049603183
2018-06-27,-0.013782484932144068
2018-06-28,-0.002269389644948272
2018-06-29,0.001556489533844685
2018-07-02,0.023428306970584956
2018-07-03,-0.007358255955332127
2018-07-05,-0.006942174336919904
2018-07-06,0.0007108753818023672
2018-07-09,0.016576169535712726
2018-07-10,0.00023250593799861718
2018-07-11,-0.0004656440757552227
2018-07-12,-0.00011649170163274825
2018-07-13,0.01060250897968884
2018-07-16,0.006456475385564486
2018-07-17,0.00458163347473195
2018-07-18,0.012998605132313656
2018-07-19,0.008442049887600556
2018-07-20,0.0081485524531828
2018-07-23,-0.007528820961357319
2018-07-24,0.003792815070426503
2018-07-25,0.019670948692802392
2018-07-26,0.0010898798469336501
2018-07-27,-0.0043548720904028615
2018-07-30,-0.010715860562121371
2018-07-31,0.019453670889024055
2018-08-01,0.03415362187369575
2018-08-02,0.0005244861121638245
2018-08-03,0.0037722646988507247
2018-08-06,0.004489206826833181
2018-08-07,0.001039059205891757
2018-08-08,-0.002595611759393268
2018-08-09,-0.01374006398378469
2018-08-10,0.0015831536197721263
2018-08-13,-0.010115650916109664
2018-08-14,0.0003192447647291097
2018-08-15,0.00638488727983666
2018-08-16,0.01935102382477094
2018-08-17,0.0076763585360755116
2018-08-20,0.0023673520830360673
2018-08-21,-0.0016429722593825913
2018-08-22,0.0006170117348083259
2018-08-23,-0.008943861157496458
2018-08-24,0.001037024907723394
2018-08-27,0.0032126986254337186
2018-08-28,-0.005061562549165455
2018-08-29,-0.002595611759393268
2018-08-30,-0.00510026773356731
2018-08-31,0.005231129530011813
2018-09-04,0.00010379266724647174
2018-09-05,0.004995519797956094
2018-09-06,0.011341205628054851
2018-09-07,-0.007818980556702493
2018-09-10,0.03878045671481756
2018-09-11,-0.005190472830546411
2018-09-12,-0.005518765999315001
2018-09-13,-0.005852001322434686
2018-09-14,0.015832726325311075
2018-09-17,-0.03376966622728128
2018-09-18,0.004963309568430496
2018-09-19,-0.003395300725971384
2018-09-20,-0.005162328533245608
2018-09-21,0.012557421685081005
2018-09-24,-0.01240168845356271
2018-09-25,-0.0017639131179921774
2018-09-26,0.010811735281915258
2018-09-27,0.0016454024347196672
2018-09-28,0.005442376134849214
2018-10-01,-0.0008173192666539597
2018-10-02,-0.008074280759215346
2018-10-03,0.009067569486971072
2018-10-04,-0.003982340541851204
2018-10-05,-0.0026659411194728255
2018-10-08,0.004934693455816763
2018-10-09,-0.015446392676432885
2018-10-10,-0.03844126421517058
2018-10-11,-0.015559502164688155
2018-10-12,0.006256413960269658
2018-10-15,0.014506975404229072
2018-10-16,0.012794252003712092
2018-10-17,-0.0055200693724573036
2018-10-18,-0.0036296181939231564
2018-10-19,-0.026569386099528747
2018-10-22,0.00858462860826581
2018-10-23,-0.03535564259259916
2018-10-24,-0.023868866432325775
2018-10-25,0.01297974291081494
2018-10-26,-0.013957142351911256
2018-10-29,0.01009367635570535
2018-10-30,0.014128191356652442
2018-10-31,0.008381486586416909
2018-11-01,0.021004387445979322
2018-11-02,-0.024202523619906602
2018-11-05,-0.006426298122717111
2018-11-06,0.007942852325224292
2018-11-07,0.022965115687459736
2018-11-08,0.005502621797655705
2018-11-09,-0.0192625023445977
2018-11-12,-0.01629271693764711
2018-11-13,0.0004536453231873683
2018-11-14,0.020523882656713344
2018-11-15,0.014000111280978667
2018-11-16,-0.005040424224067475
2018-11-19,-0.0025333278249447533
2018-11-20,-0.027933987349295197
2018-11-21,0.013630059231352742
2018-11-23,-0.0001120261035001402
2018-11-26,0.016474443385176007
2018-11-27,0.0036381495246966544
2018-11-28,0.00944738056672767
2018-11-29,-0.0015236275891783446
2018-11-30,0.006321437589386969
2018-12-03,-0.009314168245950438
2018-12-04,-0.028424692121256867
2018-12-06,0.013277676998992627
2018-12-07,-0.026207380859937235
2018-12-10,0.0014820813295479685
2018-12-11,0.0028467619086829377
2018-12-12,0.0005679824962039337
2018-12-13,-0.03733508726004209
2018-12-14,0.0037943189107516595
2018-12-17,0.0022442714657686658
2018-12-18,0.0016504668555687996
2018-12-19,-0.012944591998819144
2018-12-20,-0.015378904703775786
2018-12-21,-0.02082584200043147
2018-12-24,-0.02238158938185375
2018-12-26,0.03996972608677951
2018-12-27,0.01350054497261799
2018-12-28,-0.0014403359410778416
2018-12-31,0.010575611214217018
2019-01-02,-0.013200000085487384
2019-01-03,-0.03687650514441432
2019-01-04,0.03465961475325052
2019-01-07,0.004837484177875551
2019-01-08,0.008063745157794733
2019-01-09,0.011461173576799322
2019-01-10,0.008498636751929078
2019-01-11,0.002223730838542437
2019-01-14,0.0025692878180560985
2019-01-15,-0.00722181232875585
2019-01-16,-0.00246379115772144
2019-01-17,0.01199679927521835
2019-01-18,0.030567044827446432
2019-01-22,-0.019397638723691046
2019-01-23,0.0003450668105771104
2019-01-24,-0.00505851095371912
2019-01-25,0.00589319992469961
2019-01-28,-0.0032166137102004333
2019-01-29,-0.0018439668131539078
2019-01-30,0.00138568560623753
2019-01-31,0.00046104883325637225
2019-02-01,0.010948436449526033
2019-02-04,0.010259905729087526
2019-02-05,0.012412702352691651
2019-02-06,0.01192580252914155
2019-02-07,-0.0047362716019275775
2019-02-08,0.0
2019-02-11,-0.002987905377493827
2019-02-12,0.010212223868193204
2019-02-13,-0.0012087027387059912
2019-02-14,-0.0022000851722404624
2019-02-15,0.008268510823962183
2019-02-19,0.0054677250349213224
2019-02-20,0.0007612758240103101
2019-02-21,0.0017387632692265065
2019-02-22,-0.0026037153097095977
2019-02-25,-0.009897565489554672
2019-02-26,0.000878441694382559
2019-02-27,-0.011414453290737536
2019-02-28,0.009042955911162887
2019-03-01,-0.0019915473679402718
2019-03-04,-0.016186183160603718
2019-03-05,0.0010144281611863537
2019-03-06,-0.009456489985908534
2019-03-07,-0.005909744975696185
2019-03-08,-0.00034295013737928315
2019-03-11,0.01635412444745854
2019-03-12,-0.0013503910955834364
2019-03-13,0.0037182446711518935
2019-03-14,0.0029187163185493414
2019-03-15,-0.003805313576042524
2019-03-18,0.012246811362096377
2019-03-19,-0.019757894255515884
2019-03-20,-0.018910513207154644
2019-03-21,0.0073867698022827
2019-03-22,-0.02978940105758654
2019-03-25,-0.014760926388479922
2019-03-26,0.025290446409732104
2019-03-27,0.003272982698351745
2019-03-28,0.005360297252847701
2019-03-29,0.008228845441811128
2019-04-01,0.01505956212291526
2019-04-02,0.0021516005546131645
2019-04-03,0.002373080102460401
2019-04-04,0.00597517167121242
2019-04-05,0.0025778241825966663
2019-04-08,0.0017884800905856313
2019-04-09,-0.00435189290789828
2019-04-10,-0.01008657207067054
2019-04-11,0.015170615426684408
2019-04-12,0.012490443249845162
2019-04-15,0.0009911289529633827
2019-04-16,-0.01496450266813798
2019-04-17,-0.0005583943875474562
2019-04-18,0.00581158491732503
2019-04-22,0.0018891619498853096
2019-04-23,0.006322135959819342
2019-04-24,0.007604829743999453
2019-04-25,-0.031065239279962298
2019-04-26,-0.009257209910324193
2019-04-29,-0.07577479758017702
2019-04-30,-0.0013559753751875014
2019-05-01,-0.00333375512283951
2019-05-02,0.033320995216692184
2019-05-03,0.0057541390713402585
2019-05-06,-0.00822412495191227
2019-05-07,-0.007931599538524292
2019-05-08,0.00860077101029022
2019-05-09,-0.006966166648582295
2019-05-10,-0.011489689984043316
2019-05-13,-0.020555534964231792
2019-05-14,0.016739000435465057
2019-05-15,0.005774800775521616
2019-05-16,0.012826949113891928
2019-05-17,-0.00832243334336391
2019-05-20,-0.005229821983902316
2019-05-21,0.0012227741020989225
2019-05-22,-0.008670525908021975
2019-05-23,-0.0054197764767368595
2019-05-24,-0.012633232084051094
2019-05-28,-0.0089059810512091
2019-05-29,0.008606338828220927
2019-05-30,-0.01129362563216596
2019-05-31,0.010661051905727748
2019-06-03,0.0021352817948037117
2019-06-04,0.005513386838283729
2019-06-05,0.009471908235425097
2019-06-06,-0.011677685595748666
2019-06-07,0.0016343889180350235
2019-06-10,0.006399622348061573
2019-06-11,0.002618603423319099
2019-06-12,0.022509789698198057
2019-06-13,0.01641923093498776
2019-06-14,0.0015554328996001399
2019-06-17,-0.016845839612370628
2019-06-18,0.014704230222200021
2019-06-19,-0.0015568431755431655
2019-06-20,0.007556678819419682
2019-06-21,-0.011547510630996238
2019-06-24,-0.001926960743522721
2019-06-25,-0.0015689998801897698
2019-06-26,0.007009824530596953
2019-06-27,0.010201884654698512
2019-06-28,0.002138153296042722
2019-07-01,-0.000473569893673087
2019-07-02,-0.008066089349719974
2019-07-03,0.01686015370506677
2019-07-05,-0.0016464475747532958
2019-07-08,-0.011542780011970732
2019-07-09,-0.008698732112173868
2019-07-10,-0.012020663461028258
2019-07-11,0.007908285925757763
2019-07-12,0.026798877363304552
2019-07-15,-0.006466158301386082
2019-07-16,0.005206761433900198
2019-07-17,-0.031783563581135654
2019-07-18,0.0025531209166098634
2019-07-19,0.01443127230149499
2019-07-22,-0.005140430501366922
2019-07-23,0.0022830419201882446
2019-07-24,0.029732784297650472
2019-07-25,-0.02118992725210056
2019-07-26,0.0124894576098733
2019-07-29,-0.0007047634707373351
2019-07-30,-0.003409368177413663
2019-07-31,-0.012268466185581528
2019-08-01,-0.03260506526178375
2019-08-02,0.008148582643065172
2019-08-05,-0.00612321335587851
2019-08-06,0.0020947889826179455
2019-08-07,0.02668133651713922
2019-08-08,0.030658579335400837
2019-08-09,-0.018359087955438946
2019-08-12,-0.0005921550026953826
2019-08-13,0.0023691819537841052
2019-08-14,-0.026468363897215852
2019-08-15,0.00619011637996536
2019-08-16,0.011098044114077332
2019-08-19,0.005845908563277158
2019-08-20,-0.0016608079656423858
2019-08-21,0.0010692349125140943
2019-08-22,-0.006408873412866556
2019-08-23,-0.017797141272658523
2019-08-26,0.01045785473633365
2019-08-27,-0.009146459097822857
2019-08-28,0.010202885181379129
2019-08-29,0.01142260709862053
2019-08-30,0.004398250665765824
2019-09-03,-0.028878992658691982
2019-09-04,0.008653020439467696
2019-09-05,0.02042315124575178
2019-09-06,-0.007862782716305916
2019-09-09,0.0001201960531178603
2019-09-10,0.04094133780993925
2019-09-11,0.027335588739233252
2019-09-12,-0.029415227477825212
2019-09-13,0.007518909846904842
2019-09-16,-0.02078056457942845
2019-09-17,0.011255606327936984
2019-09-18,0.006260841336310774
2019-09-19,-0.013711035527458337
2019-09-20,-0.012850846039811015
2019-09-23,-0.007218685115613077
2019-09-24,-0.00846365723303566
2019-09-25,0.020197050764931834
2019-09-26,-0.009073623881386994
2019-09-27,-0.0035675787229714206
2019-09-30,0.011815393069144031
2019-10-01,-0.014272344091359468
2019-10-02,-0.016393238298843205
2019-10-03,-0.0012166785256132462
2019-10-04,0.014494498816674639
2019-10-07,0.001680952804873348
2019-10-08,-0.015342089328758912
2019-10-09,0.010590148426262935
2019-10-10,0.015779257537267943
2019-10-11,0.010909570883582687
2019-10-14,0.0008212046619906488
2019-10-15,-0.00035155261484587363
2019-10-16,0.00832441895797853
2019-10-17,0.007674543754629726
2019-10-18,-0.0011539597657245215
2019-10-21,0.002888079353297046
2019-10-22,0.02349963780538955
2019-10-23,0.002138074445445337
2019-10-24,-0.015273735218774065
2019-10-25,0.027714543324649954
2019-10-28,0.002441434661965669
2019-10-29,0.002103336520651089
2019-10-30,-0.14847550739464266
2019-10-31,-0.01868199597718967
2019-11-01,-0.01242713765054293
2019-11-04,0.011111268667475027
2019-11-05,0.010724106860076521
2019-11-06,0.029735307408145673
2019-11-07,0.006741987622527645
2019-11-08,-0.013646531315615551
2019-11-11,-0.015372783642530474
2019-11-12,-0.017694501877222102
2019-11-13,-0.01152292531108201
2019-11-14,0.0005357996993844427
2019-11-15,0.0006694500721227126
2019-11-18,0.006424216863982757
2019-11-19,0.009308241066528833
2019-11-20,-0.004479257137620318
2019-11-21,-0.012705126828721824
2019-11-22,0.013270576564208936
2019-11-25,0.00820222701107487
2019-11-26,0.01102199592408537
2019-11-27,0.00908486327739011
2019-11-29,-0.011575134492606498
2019-12-02,0.0117106872727899
2019-12-03,-0.022250643015722438
2019-12-04,0.004867094846227715
2019-12-05,-0.0010469104874200053
2019-12-06,-0.0038005893597147233
2019-12-09,0.00328873764981652
2019-12-10,-0.00616218475860375
2019-12-11,0.0011869995311626358
2019-12-12,0.027540099083547487
2019-12-13,-0.01187582662037967
2019-12-16,0.006531831883399786
2019-12-17,0.00934446691764168
2019-12-18,-0.000257093410154674
2019-12-19,-0.013119083357131855
2019-12-20,0.000912480398071791
2019-12-23,0.00012994188811510377
2019-12-24,0.009503934227349742
2019-12-26,0.00477169392080623
2019-12-27,0.0002568565908422915
2019-12-30,-0.005004604114254074
2019-12-31,0.008511737482644222
2020-01-02,-0.004731533444987668
2020-01-03,-0.0011562540703252688
2020-01-06,-0.015821747443584
2020-01-07,0.023656998282231445
2020-01-08,0.00612847859236898
2020-01-09,0.00799503662713219
2020-01-10,0.008687115567397319
2020-01-13,0.0042437068974574554
2020-01-14,0.016032589859275914
2020-01-15,0.021406692071903377
2020-01-16,0.007185523971718233
2020-01-17,-0.039952338855844705
2020-01-21,-0.006688026383257828
2020-01-22,0.001371498076534916
2020-01-23,-0.006350501424052801
2020-01-24,-0.0022554195619953754
2020-01-27,-0.014443678969880525
2020-01-28,-0.00751894571822076
2020-01-29,-0.057395718796993345
2020-01-30,-0.010488952673804897
2020-01-31,-0.005782117899044481
2020-02-03,-0.002907660116801769
2020-02-04,0.0030550900184156404
2020-02-05,0.007060776927065637
2020-02-06,0.011547977247393648
2020-02-07,0.010872438524468064
2020-02-10,-0.01962914711499919
2020-02-11,-0.0027427121022975953
2020-02-12,0.008251067259185785
2020-02-13,-0.016230381207820943
2020-02-14,-0.0016634197439485687
2020-02-18,0.00610999736712059
2020-02-19,0.014216903767371836
2020-02-20,0.01823611298994332
2020-02-21,-0.0036090124043978156
2020-02-24,-0.032326916421739904
2020-02-25,-0.004019819203256891
2020-02-26,-0.0026444179092017794
2020-02-27,-0.024979226910665342
2020-02-28,-0.01388282084149517
2020-03-02,0.017271002962683468
2020-03-03,-0.025966601080950724
2020-03-04,0.0369127199960797
2020-03-05,-0.055492583947244545
2020-03-06,-0.004519269983853991
2020-03-09,-0.0516041196023006
2020-03-10,0.0336685083440893
2020-03-11,-0.010342863547796566
2020-03-12,-0.06239271738445529
2020-03-13,0.0375979554725796
2020-03-16,-0.021003864949010853
2020-03-17,0.05797592124678985
2020-03-18,0.0038698053230779017
2020-03-19,-0.012181949784563773
2020-03-20,-0.0023414696862340545
2020-03-23,-0.010483591814849591
2020-03-24,0.004901911182983554
2020-03-25,-0.019826681787531775
2020-03-26,0.05779389527111123
2020-03-27,-0.05129760391534033
2020-03-30,0.042873484991296174
2020-03-31,0.015493043331935574
2020-04-01,0.005589187547759833
2020-04-02,0.03530079139713216
2020-04-03,-0.011172079559561787
2020-04-06,0.06221550794754105
2020-04-07,-0.00759761944264159
2020-04-08,0.013641167661604614
2020-04-09,0.005493017264306621
2020-04-13,-0.02663181892172861
2020-04-14,-0.003928961570069833
2020-04-15,-0.0009857162207927983
2020-04-16,0.046531201095221464
2020-04-17,0.00013478050133186592
2020-04-20,-0.025730985989994792
2020-04-21,-0.018805281569396315
2020-04-22,0.008737412620659413
2020-04-23,-0.015367490054872257
2020-04-24,0.02553915857317346
2020-04-27,0.024349801795115145
2020-04-28,-0.0004053245083044388
2020-04-29,-0.037156990183334626
2020-04-30,-0.005052056302125907
2020-05-01,-0.0009873357505182367
2020-05-04,-0.01256528027921755
2020-05-05,0.017014597802801568
2020-05-06,-0.009840881042235794
2020-05-07,0.021581463871646944
2020-05-08,0.025712476541996487
2020-05-11,0.008129902907146658
2020-05-12,-0.02258062175755937
2020-05-13,-0.012788769592514071
2020-05-14,0.005432726570225865
2020-05-15,0.004433062421952849
2020-05-18,0.07365543428268806
2020-05-19,-0.02415217304014905
2020-05-20,0.021853720932098364
2020-05-21,0.0036074252705962095
2020-05-22,-0.0005136537343498615
2020-05-26,0.005009020396360642
2020-05-27,0.024409030757259087
2020-05-28,0.008732469108301277
2020-05-29,0.003338950470673563
2020-06-01,-0.005793322215855046
2020-06-02,0.018844807707211197
2020-06-03,0.019834595172399494
2020-06-04,-0.01200489607373989
2020-06-05,0.009234118577753359
2020-06-08,0.024561013107020413
2020-06-09,-0.023619391481258245
2020-06-10,-0.010711482418803375
2020-06-11,-0.04172752599779039
2020-06-12,-0.013202929150673781
2020-06-15,0.0051462829939104004
2020-06-16,-0.0005119048331037046
2020-06-17,0.0070430167102522034
2020-06-18,-0.009918288583828372
2020-06-19,-0.0014131197527579298
2020-06-22,-0.009131666434245012
2020-06-23,0.0035045261976278663
2020-06-24,0.015909881278346694
2020-06-25,-0.015533357821744809
2020-06-26,-0.008536145215415236
2020-06-29,0.01434935960495487
2020-06-30,0.016717848485199083
2020-07-01,0.00037946718079528985
2020-07-02,0.0011379697202242856
2020-07-06,0.013008445675871005
2020-07-07,-0.00012471148332771076
2020-07-08,0.0037406242976685267
2020-07-09,0.004596519711900893
2020-07-10,0.016569707315763127
2020-07-13,-0.0018248467137180757
2020-07-14,0.02108204762808108
2020-07-15,0.013366880399606984
2020-07-16,0.01177737274071089
2020-07-17,0.004306861597337175
2020-07-20,-0.011358587565578504
2020-07-21,0.003282639867757009
2020-07-22,-0.004440254342428007
2020-07-23,0.0003519174167128103
2020-07-24,0.009855703701447505
2020-07-27,0.018938131516109236
2020-07-28,-0.006271454801687115
2020-07-29,0.0932876515378982
2020-07-30,-0.018052036582506203
2020-07-31,0.001710109047429409
2020-08-03,-0.0019206575108123847
2020-08-04,0.020525975164904953
2020-08-05,0.0005239424000569315
2020-08-06,-0.0036648607971695446
2020-08-07,0.006620578051838466
2020-08-10,0.008873535519752007
2020-08-11,-0.013865817248251089
2020-08-12,0.0039874671044177745
2020-08-13,-0.005852762351892471
2020-08-14,-0.00042065208897335005
2020-08-17,0.002103508489799566
2020-08-18,-0.003358748648844556
2020-08-19,0.004949715977719205
2020-08-20,0.011526728417601939
2020-08-21,-0.0004145077348631787
2020-08-24,0.005078390501397356
2020-08-25,-0.004433943450780964
2020-08-26,0.007560600237754844
2020-08-27,0.010074122463734625
2020-08-28,0.004783306510381724
2020-08-31,-0.004355351759095627
2020-09-01,0.0093592857995477
2020-09-02,0.004535215421860306
2020-09-03,-0.01563125229472373
2020-09-04,0.00297083512006191
2020-09-08,-0.02226732360702821
2020-09-09,0.034370961753760865
2020-09-10,-0.004646179133921291
2020-09-11,0.0011164094455227147
2020-09-14,0.020778358619265802
2020-09-15,0.033263673740419275
2020-09-16,-0.005477335741561951
2020-09-17,0.000773048435356749
2020-09-18,-0.004248689916622195
2020-09-21,-0.011441540816089724
2020-09-22,0.0059831849323888076
2020-09-23,-0.013553106173734841
2020-09-24,0.006227158187262161
2020-09-25,0.005501005545149651
2020-09-28,0.00869488572644972
2020-09-29,0.00435816151603885
2020-09-30,-0.014561132507069585
2020-10-01,-0.009491811911663706
2020-10-02,-0.0034581151652115505
2020-10-05,0.031030130660818056
2020-10-06,-0.003942310565665519
2020-10-07,0.024809243093949274
2020-10-08,-0.00018838118685826633
2020-10-09,-0.006500821595682438
2020-10-12,-0.004077832897430578
2020-10-13,-0.0039038576980215955
2020-10-14,0.0020074335859037173
2020-10-15,0.0028620052236707494
2020-10-16,-0.046518198650088216
2020-10-19,-0.0022948557199008457
2020-10-20,0.005099930749758785
2020-10-21,0.0025867908102417125
2020-10-22,-0.011809024726864847
2020-10-23,0.00964065448972895
2020-10-26,-0.00944901563727274
2020-10-27,0.004417965771743582
2020-10-28,-0.11446556978166034
2020-10-29,0.016933877522459007
2020-10-30,-0.018317009528216688
2020-11-02,-0.012326161528956936
2020-11-03,0.021525184275365872
2020-11-04,-0.01244116700879172
2020-11-05,0.007830794036222999
2020-11-06,0.020495851231445705
2020-11-09,0.036415618813103956
2020-11-10,-0.0003193517343118568
2020-11-11,-0.0059645426506977905
2020-11-12,-0.029893828716306192
2020-11-13,0.01579416384123733
2020-11-16,0.010329499144114962
2020-11-17,0.006780041662327596
2020-11-18,-0.007161929960951996
2020-11-19,0.009582346430065725
2020-11-20,-0.012584257696806378
2020-11-23,-0.0045358903814094464
2020-11-24,0.02441108182209284
2020-11-25,-0.014721437416248206
2020-11-27,-0.003332155307975926
2020-11-30,0.013481537176941005
2020-12-01,-0.00149009519569121
2020-12-02,-0.016306049694723712
2020-12-03,0.002491926678016565
2020-12-04,0.004322980534306353
2020-12-07,0.0031208185126567756
2020-12-08,0.011370768353864191
2020-12-09,0.008485385180257099
2020-12-10,-0.024821209406261757
2020-12-11,0.010411123793210741
2020-12-14,-0.014919124478823043
2020-12-15,-0.0166701710244771
2020-12-16,0.013185872458397307
2020-12-17,0.00929554455417736
2020-12-18,0.0033587651143733854
2020-12-21,0.009503351728398668
2020-12-22,0.009734718413591414
2020-12-23,-0.006356828100331224
2020-12-24,0.009276245794634486
2020-12-28,0.00010554997506417862
2020-12-29,-0.010034780788965691
2020-12-30,-0.0072558728611243906
2020-12-31,0.008921195006530658
2021-01-04,-0.015979603254329455
2021-01-05,-0.009418847148458087
2021-01-06,0.04087428785675229
2021-01-07,0.009659913650666763
2021-01-08,0.01247919481276627
2021-01-11,-0.008524908468232839
2021-01-12,0.014192190862589715
2021-01-13,-0.022369771730276877
2021-01-14,0.017344287670502556
2021-01-15,-0.02218360411729492
2021-01-19,0.012919163082031782
2021-01-20,0.024471069214271113
2021-01-21,-0.008603431736587619
2021-01-22,-0.0015312945150741664
2021-01-25,0.015541890102255707
2021-01-26,-0.018324552945887196
2021-01-27,-0.0613331228209687
2021-01-28,-0.02764447869573672
2021-01-29,-0.03854364855795278
2021-02-01,0.010168424728710823
2021-02-02,0.0021981945107445444
2021-02-03,0.003578822558680139
2021-02-04,0.004371398163904416
2021-02-05,0.017523630140243718
2021-02-08,0.012719398885433497
2021-02-09,0.021118372376844663
2021-02-10,-0.009905503928568482
2021-02-11,-0.0074754748777509095
2021-02-12,0.011297809998437991
2021-02-16,-0.030667709435179602
2021-02-17,0.01638395407822202
2021-02-18,0.014341285336972653
2021-02-19,-0.005041515770888294
2021-02-22,-0.010575310989045072
2021-02-23,-0.0004453317612004293
2021-02-24,0.0027847542856291874
2021-02-25,-0.0003331245955408013
2021-02-26,0.009444275643968547
2021-03-01,0.015080157955233098
2021-03-02,0.009759007711359624
2021-03-03,-0.0016106284190686715
2021-03-04,-0.00508353361300351
2021-03-05,0.0221764974851395
2021-03-08,-0.023609459793523135
2021-03-09,0.01960558460533135
2021-03-10,0.009720992515764415
2021-03-11,0.00010602729594810789
2021-03-12,0.01470407559223963
2021-03-15,0.01355316635861259
2021-03-16,-0.010697389801155532
2021-03-17,-0.01039724586211821
2021-03-18,0.004517807956931241
2021-03-19,0.011400549936538829
2021-03-22,-0.011478788139207774
2021-03-23,-0.00502147402985631
2021-03-24,-0.0004208515327822626
2021-03-25,0.012727588146675517
2021-03-26,0.014748816704913681
2021-03-29,-0.002968348739667559
2021-03-30,0.004106436412296688
2021-03-31,-0.02433293358794464
2021-04-01,0.018023532199741066
2021-04-05,0.005455575191703588
2021-04-06,-0.0012284647119958914
2021-04-07,-0.013222522353475097
2021-04-08,0.002493090888764593
2021-04-09,0.009739616670497053
2021-04-12,0.01631616518261647
2021-04-13,-0.00838041058071215
2021-04-14,0.0031565878784043377
2021-04-15,0.022736482903928268
2021-04-16,0.0
2021-04-19,-0.021040283338133126
2021-04-20,0.008515821175869354
2021-04-21,-0.005327624286126542
2021-04-22,0.002223436669486434
2021-04-23,0.0061510059467480005
2021-04-26,-0.016436323582205814
2021-04-27,-0.0157936787978068
2021-04-28,-0.030645111242673218
2021-04-29,0.040585504932573846
2021-04-30,-0.0035922519220361604
2021-05-03,0.020498302954205183
2021-05-04,0.0023218155867352763
2021-05-05,-0.00433036142251797
2021-05-06,-0.008597199883842332
2021-05-07,0.015200953789423544
2021-05-10,0.022309207999885006
2021-05-11,-0.025950947023672732
2021-05-12,-0.01957828051234778
2021-05-13,0.021204323022076865
2021-05-14,0.00574558308193307
2021-05-17,-0.007516461539734953
2021-05-18,-0.015550965745865453
2021-05-19,-0.0011284109868452408
2021-05-20,-0.008933785638983727
2021-05-21,0.0007251225998896604
2021-05-24,0.011803643069019598
2021-05-25,-0.01616852728487994
2021-05-26,0.012481690353150832
2021-05-27,-0.002157431627681783
2021-05-28,-0.0011325057103043212
2021-06-01,-0.006184283703170146
2021-06-02,-0.008815476284040114
2021-06-03,0.011571479036210475
2021-06-04,0.0018721845011975269
2021-06-07,0.022939291748938606
2021-06-08,0.0012178252979722082
2021-06-09,0.003344495384613566
2021-06-10,0.0017171035904848253
2021-06-11,0.008369341059465851
2021-06-14,-0.012899993859847858
2021-06-15,0.00476139078770621
2021-06-16,-0.02732389336489871
2021-06-17,-0.015030567424134111
2021-06-18,-0.02241639386811123
2021-06-21,0.01571761735104027
2021-06-22,0.010704730403804152
2021-06-23,-0.010591352827177603
2021-06-24,0.0
2021-06-25,0.015262196103874803
2021-06-28,-0.015867833129937003
2021-06-29,0.0028639046939089585
2021-06-30,-0.009202411394596433
2021-07-01,0.005764951704820387
2021-07-02,-0.0045644182677055944
2021-07-06,-0.01023652190529889
2021-07-07,0.005602227861646769
2021-07-08,-0.016927459267847444
2021-07-09,0.015366161660445465
2021-07-12,-0.004615368393189323
2021-07-13,-0.0012935721018734192
2021-07-14,0.021917436446685423
2021-07-15,-0.007501280666080579
2021-07-16,-0.006812933150330491
2021-07-19,-0.0018221885633840085
2021-07-20,-0.00021479856632411476
2021-07-21,0.0003221761131788625
2021-07-22,-0.014708940526549141
2021-07-23,0.01209549817747102
2021-07-26,-0.004091154500329264
2021-07-27,-0.012756954701553691
2021-07-28,-0.030770962899321574
2021-07-29,0.008134656340097468
2021-07-30,-0.0006723706808797747
2021-08-02,0.005383059428303749
2021-08-03,0.019631856866143105
2021-08-04,-0.011486705592193669
2021-08-05,-0.006861474545473145
2021-08-06,0.014040672045136704
2021-08-09,-0.015274945671647333
2021-08-10,-0.002343223615248191
2021-08-11,0.01588339445221787
2021-08-12,0.004514437976670838
2021-08-13,0.007344129528346954
2021-08-16,0.004570221164348354
2021-08-17,-0.00931544996893785
2021-08-18,-0.029411723853043026
2021-08-19,-0.011265042039142914
2021-08-20,0.010482110907682918
2021-08-23,0.009470882479411635
2021-08-24,0.0003352480499754229
2021-08-25,0.008374231582737979
2021-08-26,-0.0035434365679840596
2021-08-27,0.008334123877521415
2021-08-30,0.00022073619113127663
2021-08-31,-0.007712864036358069
2021-09-01,-0.009993081531940895
2021-09-02,0.02380126433471208
2021-09-03,-0.0073820564211226625
2021-09-07,-0.017759992268145064
2021-09-08,0.007006363365589463
2021-09-09,-0.020536339407895343
2021-09-10,0.012832254869488802
2021-09-13,0.008258030985619724
2021-09-14,0.010658415429066093
2021-09-15,0.006549623371416402
2021-09-16,-0.004411527198628695
2021-09-17,-0.03135008188454225
2021-09-20,-0.007090881075511146
2021-09-21,0.007256260724138208
2021-09-22,0.0006863690930538624
2021-09-23,0.010856015144419251
2021-09-24,0.0005649675027075141
2021-09-27,0.013557843029430972
2021-09-28,-0.011258491364785406
2021-09-29,-0.0029314015209339628
2021-09-30,-0.016282081189033293
2021-10-01,-0.007471414281075228
2021-10-04,0.0012740806359929913
2021-10-05,0.010409331641785258
2021-10-06,0.01556784607026751
2021-10-07,0.010369875273149365
2021-10-08,0.011378881236062233
2021-10-11,0.006617786314300211
2021-10-12,-0.004492440995362612
2021-10-13,0.007044494358110942
2021-10-14,0.026779101383147985
2021-10-15,0.007344876263512656
2021-10-18,0.025362123458609442
2021-10-19,0.0054622353768694065
2021-10-20,0.008097399422304807
2021-10-21,0.004575620430619098
2021-10-22,0.009109047596725484
2021-10-25,-0.015145155004811728
2021-10-26,0.003258948365037151
2021-10-27,-0.00883163677839005
2021-10-28,0.005120656023521519
2021-10-29,-0.011717807839998207
2021-11-01,-0.010207238181827227
2021-11-02,-0.01489574609251787
2021-11-03,-0.0009516840480194855
2021-11-04,0.01661730509905146
2021-11-05,-0.023217104470087957
2021-11-08,0.006821581050826753
2021-11-09,-0.002964193177568575
2021-11-10,-0.014015713449848977
2021-11-11,-0.00010763952240333552
2021-11-12,0.017662762900652274
2021-11-15,0.011958969860130786
2021-11-16,0.009098298505280766
2021-11-17,-0.021141980049262488
2021-11-18,-0.005717270638279759
2021-11-19,0.025130558984612916
2021-11-22,0.0052975285110405945
2021-11-23,0.010229560173896202
2021-11-24,0.005011612630283491
2021-11-26,-0.020150620173998712
2021-11-29,-0.0068550060138076185
2021-11-30,-0.005542869371245707
2021-12-01,-0.012829814541129525
2021-12-02,0.003728462640468777
2021-12-03,0.029505446081987463
2021-12-06,0.009278342550271157
2021-12-07,0.00398363333439411
2021-12-08,0.013124396866998289
2021-12-09,0.010544348068597387
2021-12-10,0.0461628900434885
2021-12-13,0.0027700525254943376
2021-12-14,-0.0077557160816045245
2021-12-15,0.003184255100556088
2021-12-16,0.00413624875189722
2021-12-17,-0.028930001190689336
2021-12-20,-0.006116100636363475
2021-12-21,0.009627716286248589
2021-12-22,-0.004227088155176917
2021-12-23,0.011452038241397178
2021-12-27,0.01981470335150859
2021-12-28,0.015792384893473788
2021-12-29,0.01215502842005578
2021-12-30,-0.0030722180640434527
2021-12-31,0.005042532069905015
2022-01-03,0.002508693659563299
2022-01-04,0.022984223762349876
2022-01-05,-0.006522927191691341
2022-01-06,0.011763600300140897
2022-01-07,-0.022712956824650687
2022-01-10,-0.0054413575442575635
2022-01-11,0.0012984484745857117
2022-01-12,-0.005834592448027531
2022-01-13,0.010246965996767221
2022-01-14,-0.0014754295315129173
2022-01-18,0.00747974970106613
2022-01-19,-0.014573465759269877
2022-01-20,-0.02297468956195592
2022-01-21,-0.0005712776084795257
2022-01-24,0.02476665647201437
2022-01-25,-0.022680887061202415
2022-01-26,-0.02368250341525424
2022-01-27,0.0016559408704774903
2022-01-28,0.012448934946240886
2022-01-31,0.005283398046022958
2022-02-01,-0.0007643829697193683
2022-02-02,-0.11504247395110512
2022-02-03,-0.032202444119317275
2022-02-04,-0.0092674492901349
2022-02-07,0.006649363418351761
2022-02-08,-0.01242732554750381
2022-02-09,0.01315046106229345
2022-02-10,0.010741902021847105
2022-02-11,-0.00918845052837114
2022-02-14,-0.0032402755895764024
2022-02-15,0.0072863284758122315
2022-02-16,0.006120557337011112
2022-02-17,0.004866640773907749
2022-02-18,0.012438206481820258
2022-02-22,0.004239957713638054
2022-02-23,0.0005412291520578982
2022-02-24,0.04090014482059501
2022-02-25,0.006133209715971422
2022-02-28,-0.0011364845273191815
2022-03-01,0.08419519727567581
2022-03-02,-0.017935456612737433
2022-03-03,0.001758021382259889
2022-03-04,0.038120238211802215
2022-03-07,-0.012678511409531912
2022-03-08,-0.03395777261262933
2022-03-09,0.0002952757270706652
2022-03-10,0.007087380382970299
2022-03-11,-0.0006843040383333054
2022-03-14,-0.03335286044335406
2022-03-15,-0.002934379910389029
2022-03-16,0.03541701511863171
2022-03-17,0.01950425312704618
2022-03-18,0.00855613482283224
2022-03-21,0.003812687875840437
2022-03-22,0.00731188782532044
2022-03-23,-0.013292173557523324
2022-03-24,0.01624173554455055
2022-03-25,0.029519705627914616
2022-03-28,0.005661349325963627
2022-03-29,0.0044493190775145575
2022-03-30,-0.007774327930942571
2022-03-31,-0.018677144558151504
2022-04-01,-0.04252135972955706
2022-04-04,-0.0039756348541689635
2022-04-05,-0.011779695137214441
2022-04-06,-0.017535235446363595
2022-04-07,0.0114309391870413
2022-04-08,0.011599127286779254
2022-04-11,0.005684056900499446
2022-04-12,-0.011791093260858587
2022-04-13,0.002465142247998209
2022-04-14,0.015935482419560776
2022-04-18,-0.005131695821640525
2022-04-19,0.00622865414779894
2022-04-20,-0.0018377542690919402
2022-04-21,0.0003876586756894618
2022-04-22,-0.01065471672353413
2022-04-25,0.010084181551126115
2022-04-26,-0.017543762423060105
2022-04-27,0.01450278179608655
2022-04-28,0.07303293916019582
2022-04-29,-0.03797342969120565
2022-05-02,0.020254459997509855
2022-05-03,0.002862339160793592
2022-05-04,0.01786217283099134
2022-05-05,-0.03781104066466878
2022-05-06,0.0056407294176943346
2022-05-09,0.009161356251932817
2022-05-10,0.021676700577010655
2022-05-11,-0.018315412689953736
2022-05-12,-0.005172236841470834
2022-05-13,-0.01782548267395856
2022-05-16,0.010114264153934682
2022-05-17,0.026576720067419624
2022-05-18,-0.05952587418080957
2022-05-19,-0.019191549732881064
2022-05-20,0.0072141535867806805
2022-05-23,0.024725308228939813
2022-05-24,0.003351184418920461
2022-05-25,0.013264521822469177
2022-05-26,0.013467890495349355
2022-05-27,-0.0014869331991217427
2022-05-31,0.009865004271177202
2022-06-01,0.003962788444385801
2022-06-02,-0.007565320208884674
2022-06-03,0.004183328857381374
2022-06-06,0.012219886207432973
2022-06-07,-0.020578046223429736
2022-06-08,-0.03137540627726765
2022-06-09,-0.015521146601526703
2022-06-10,-0.003819010362529074
2022-06-13,-0.01386011079692595
2022-06-14,0.06010759747862626
2022-06-15,-0.03018327960267686
2022-06-16,-0.019875979362720342
2022-06-17,-0.020674591510810525
2022-06-21,0.02272714024008282
2022-06-22,-0.01333327362015746
2022-06-23,0.0039037944869209085
2022-06-24,0.03559697703676479
2022-06-27,0.012324105078885816
2022-06-28,-0.038710287028062895
2022-06-29,0.0037598201564112976
2022-06-30,-0.0007884478653680249
2022-07-01,0.00680664377100304
2022-07-05,-0.025475197141522687
2022-07-06,0.015885769477916423
2022-07-07,-0.007719661907399811
2022-07-08,0.0
2022-07-11,-0.02353889542763088
2022-07-12,-0.01011217390264496
2022-07-13,-0.017954880335394385
2022-07-14,0.004202896027182046
2022-07-15,0.030449055964099303
2022-07-18,0.0007107606143181844
2022-07-19,0.02415020278681279
2022-07-20,0.008124329466518754
2022-07-21,-0.003636407243579942
2022-07-22,0.006017143789332824
2022-07-25,-0.010589305090443979
2022-07-26,-0.010504512695254098
2022-07-27,0.012819210774891232
2022-07-28,0.06862467517909732
2022-07-29,0.0243359265544012
2022-08-01,-0.009033488119221111
2022-08-02,-0.006107386101277479
2022-08-03,0.0018342342811028534
2022-08-04,-0.01565494481822538
2022-08-05,0.020647261395003946
2022-08-08,0.013213045225464626
2022-08-09,0.006925178384682207
2022-08-10,0.03251153296900777
2022-08-11,0.01583056062456145
2022-08-12,-0.001277499033766727
2022-08-15,0.00520124097564767
2022-08-16,-0.002883927882081583
2022-08-17,-0.012250166748375091
2022-08-18,0.022909255875041667
2022-08-19,-0.013892350027273404
2022-08-22,-0.009733523217507645
2022-08-23,0.008967071806238236
2022-08-24,0.016150939940008602
2022-08-25,0.0053823183537755614
2022-08-26,-0.035466404277451735
2022-08-29,-0.0024281597607718197
2022-08-30,-0.004694477654697771
2022-08-31,-0.002969715526600303
2022-09-01,0.011267613161483947
2022-09-02,0.004178373943755975
2022-09-06,-0.02132470676110021
2022-09-07,0.0110718556542575
2022-09-08,-0.008059573422656396
2022-09-09,0.009361533339656836
2022-09-12,-0.006474721550217333
2022-09-13,-0.03073538677641996
2022-09-14,-0.0005453939446213862
2022-09-15,-0.020636255774197698
2022-09-16,-0.036572934981668914
2022-09-19,0.02100393163143144
2022-09-20,-0.032745122511703584
2022-09-21,-0.010048717098788296
2022-09-22,-0.011136309479192641
2022-09-23,-0.026509716931499394
2022-09-26,-0.0049141229629413585
2022-09-27,0.008847725127532513
2022-09-28,0.014480917226836088
2022-09-29,-0.007539179858306988
2022-09-30,-0.02451116493788752
2022-10-03,0.02502329553286331
2022-10-04,0.01681511345588893
2022-10-05,-0.0073718651080282305
2022-10-06,-0.021577608930314907
2022-10-07,-0.02749020987077977
2022-10-10,-0.007066691047597384
2022-10-11,-0.0009560896022423604
2022-10-12,0.0045720741351409355
2022-10-13,0.008679092671732391
2022-10-14,-0.004302207081909315
2022-10-17,0.014753965117857648
2022-10-18,-0.0009347416547040854
2022-10-19,-0.028586358954405755
2022-10-20,-0.010486736242266148
2022-10-21,0.017411102474827578
2022-10-24,0.0038264482962031554
2022-10-25,0.0038119492798849297
2022-10-26,0.01793243202659167
2022-10-27,0.0031089685572118775
2022-10-28,0.010330629123201485
2022-10-31,-0.0008181273943146383
2022-11-01,0.0012279440262390473
2022-11-02,-0.09883480420640156
2022-11-03,0.003402506971305286
2022-11-04,0.016954938615890258
2022-11-07,0.023229963506715023
2022-11-08,0.004779547515135318
2022-11-09,-0.023675846334780815
2022-11-10,0.0400840663732962
2022-11-11,0.046098333339593456
2022-11-14,-0.003053114625315878
2022-11-15,-0.002858183110160506
2022-11-16,-0.049959186169361236
2022-11-17,0.026185491357588075
2022-11-18,0.019531526309309433
2022-11-21,0.004943816920408128
2022-11-22,0.0008198879419205607
2022-11-23,0.004198756488507982
2022-11-25,0.007138547495475711
2022-11-28,-0.011037053701831057
2022-11-29,-0.0007165624892894185
2022-11-30,0.02684421016775551
2022-12-01,-0.008432930665062455
2022-12-02,-0.02085644259813435
2022-12-05,-0.013338971695897706
2022-12-06,-0.00031424543705282915
2022-12-07,0.0075479372795657085
2022-12-08,-0.00031207419118439716
2022-12-09,-0.008118329167225768
2022-12-12,0.024449076446662277
2022-12-13,-0.021100143993706633
2022-12-14,0.006696736934250769
2022-12-15,-0.015071214665702493
2022-12-16,-0.007175920507478728
2022-12-19,-0.006058824136169649
2022-12-20,-0.0120842485820839
2022-12-21,0.00584546964847199
2022-12-22,-0.004950467678250137
2022-12-23,0.006705638022552529
2022-12-27,0.0006445536660797391
2022-12-28,-0.021687688357098445
2022-12-29,0.012401116473678586
2022-12-30,-0.00747972188549495
2023-01-03,-0.013979792488332032
2023-01-04,0.005759865302651157
2023-01-05,-0.008700337176908768
2023-01-06,0.03666255739339852
2023-01-09,0.0005358186134698517
2023-01-10,-0.0059983739263599345
2023-01-11,0.02349134832673161
2023-01-12,-0.015582089603497495
2023-01-13,0.0013904195539982123
2023-01-17,-0.010146542982974571
2023-01-18,0.00593451079133156
2023-01-19,-0.004719617609246107
2023-01-20,0.008190683916570185
2023-01-23,0.04820944695811047
2023-01-24,0.010503642436398675
2023-01-25,-0.02270653196813288
2023-01-26,0.006608912575274628
2023-01-27,0.0053345176848793585
2023-01-30,-0.014183903789705354
2023-01-31,0.03684925032736208
2023-02-01,0.019467053548074098
2023-02-02,0.022130704474860652
2023-02-03,-0.007281061505578723
2023-02-06,-0.006466016914378092
2023-02-07,0.02204971711582915
2023-02-08,-0.01701205708222797
2023-02-09,-0.017016409074398497
2023-02-10,0.014261843006873276
2023-02-13,0.007273153159536694
2023-02-14,0.010590203861227998
2023-02-15,0.00200044545841771
2023-02-16,-0.013785905795547948
2023-02-17,-0.02467941617320779
2023-02-21,-0.013640412214909525
2023-02-22,0.0009018605572888028
2023-02-23,0.010712966835867643
2023-02-24,-0.006042729994968132
2023-02-27,0.006179024702526403
2023-02-28,-0.00990493197391551
2023-03-01,-0.005802278407713746
2023-03-02,0.025615082999033145
2023-03-03,-0.0031587807159241255
2023-03-06,-0.0049515507616823
2023-03-07,0.005672694374959875
2023-03-08,0.015932593324780253
2023-03-09,0.00672129269620747
2023-03-10,-0.009966242272529402
2023-03-13,-0.010066251289143624
2023-03-14,-0.03465319717574056
2023-03-15,-0.001840690236873499
2023-03-16,0.0062498915280972955
2023-03-17,-0.023419169152317232
2023-03-20,0.0006254980978588343
2023-03-21,0.006772978787317641
2023-03-22,-0.017180742047202435
2023-03-23,-0.000947633659831526
2023-03-24,0.006429910853491316
2023-03-27,0.010263723381815026
2023-03-28,0.000518416428541002
2023-03-29,-0.0008287005852215534
2023-03-30,0.0022813210128718175
2023-03-31,0.02814263458658628
2023-04-03,-0.023749504207638772
2023-04-04,-0.024121157355717404
2023-04-05,-0.015739025513206606
2023-04-06,-0.005473113257191242
2023-04-10,0.026653650522835193
2023-04-11,0.005780932302583031
2023-04-12,-0.010032248843340086
2023-04-13,0.00897265596057828
2023-04-14,-0.00010455308769941052
2023-04-17,0.002092552472184206
2023-04-18,0.0015662006006180729
2023-04-19,0.0008342204618319027
2023-04-20,0.01156246997646404
2023-04-21,0.002883365896528378
2023-04-24,0.0121162133880941
2023-04-25,-0.0274930765745125
2023-04-26,-0.03505123312834102
2023-04-27,0.07762163751621065
2023-04-28,0.011938195909285465
2023-05-01,0.035392230956838855
2023-05-02,-0.0003831995329590665
2023-05-03,0.006417675732858896
2023-05-04,-0.022175542409202387
2023-05-05,0.01713045983413064
2023-05-08,-0.014736802754971134
2023-05-09,-0.013306199875043556
2023-05-10,-0.009154427867205883
2023-05-11,-0.013510718291688595
2023-05-12,-0.0006043074289167061
2023-05-15,0.007859766862850392
2023-05-16,-0.02049594850544667
2023-05-17,0.027967792692551452
2023-05-18,0.007745042597331997
2023-05-19,-0.010444446378778616
2023-05-22,0.006571781464096427
2023-05-23,0.0037590298774967668
2023-05-24,-0.02118862264807264
2023-05-25,0.0010068947688475216
2023-05-26,-0.01890958613896465
2023-05-30,0.00010236906273974888
2023-05-31,-0.030855795863749425
2023-06-01,0.01000734350221788
2023-06-02,0.029514151336162087
2023-06-05,-0.06419572886459746
2023-06-06,-0.00010933395709189497
2023-06-07,0.005580430306563189
2023-06-08,-0.007399340976205537
2023-06-09,-0.016334027530606865
2023-06-12,0.0065750666530139945
2023-06-13,0.011293082358512896
2023-06-14,0.03580037964957006
2023-06-15,0.007927447526333564
2023-06-16,-0.007760134838443844
2023-06-20,-0.02071440498051902
2023-06-21,0.008201863575614254
2023-06-22,-0.014771926624705056
2023-06-23,-0.01727511834403128
2023-06-26,0.023327880142813395
2023-06-27,0.02031101560732873
2023-06-28,-0.005929706915896671
2023-06-29,0.004260831324859993
2023-06-30,0.0007424712154679991
2023-07-03,0.012400559158568525
2023-07-05,-0.009107848325102252
2023-07-06,0.003063854564363089
2023-07-07,0.0033705222515620914
2023-07-10,0.010182672719126984
2023-07-11,0.020575698137964116
2023-07-12,-0.005803916565481182
2023-07-13,-0.008090908873485292
2023-07-14,-0.012906661522836926
2023-07-17,-0.007845185553180811
2023-07-18,0.011070225672284328
2023-07-19,0.025234565127199238
2023-07-20,0.002441050533800171
2023-07-21,0.00040581020207008933
2023-07-24,-0.006693764695669069
2023-07-25,-0.00020414848130956287
2023-07-26,0.0036763275835256515
2023-07-27,-0.006308266375462113
2023-07-28,0.028056440884548728
2023-07-31,-0.002191172062909086
2023-08-01,-0.007885768328688258
2023-08-02,-0.01961979899677435
2023-08-03,0.008004959083101726
2023-08-04,0.003054317163147191
2023-08-07,0.015022300425738377
2023-08-08,-0.02079995245817179
2023-08-09,0.00040846256811022386
2023-08-10,-0.01551647321868943
2023-08-11,-0.012546550773564702
2023-08-14,0.0016799174982682352
2023-08-15,-0.008701048949425583
2023-08-16,-0.002643794542607214
2023-08-17,-0.010391290107415352
2023-08-18,0.017786285715666095
2023-08-21,-0.015475270398882857
2023-08-22,-0.007057197474353183
2023-08-23,0.0035536343846125362
2023-08-24,-0.0005365149907939903
2023-08-25,0.0066568239816153785
2023-08-28,-0.0076792242690076895
2023-08-29,0.014402196255737021
2023-08-30,0.0026489222068191154
2023-08-31,-0.03818327669879573
2023-09-01,-0.0230013484979934
2023-09-05,0.0033955560658855966
2023-09-06,-0.014326029785767025
2023-09-07,-0.013618366555966821
2023-09-08,0.0015081242571115538
2023-09-11,0.0026646011504805056
2023-09-12,0.004968024994682407
2023-09-13,0.004484017025816911
2023-09-14,0.028842612509310417
2023-09-15,0.007231130682894937
2023-09-18,-0.030041900929723808
2023-09-19,0.007743024122235376
2023-09-20,-0.010395407148549918
2023-09-21,-0.009477084507771738
2023-09-22,-0.009452569211152118
2023-09-25,-0.003956618714761828
2023-09-26,-0.007477480812279835
2023-09-27,0.01577397764587163
2023-09-28,0.009850463799392584
2023-09-29,-0.011590543425448518
2023-10-02,-0.005572903696006937
2023-10-03,0.0007003884362861701
2023-10-04,-0.002333336382592144
2023-10-05,-0.01356569509942418
2023-10-06,0.006046287209170664
2023-10-09,0.017558355555827854
2023-10-10,0.0017371473425973338
2023-10-11,-0.005896095639079446
2023-10-12,-0.01453649354148645
2023-10-13,-0.008732648989127956
2023-10-16,0.020833388892846916
2023-10-17,0.005364440169595364
2023-10-18,-0.028187042752515157
2023-10-19,-0.00560985294345151
2023-10-20,0.024246689885699668
2023-10-23,-0.013359723744525542
2023-10-24,-0.005226455340405667
2023-10-25,-0.012179017126856317
2023-10-26,-0.02066966883851229
2023-10-27,0.002962343702770598
2023-10-30,-0.00787602131305809
2023-10-31,0.015008659013496572
2023-11-01,-0.004521597626598761
2023-11-02,-0.0003683051334369969
2023-11-03,0.003192957376308314
2023-11-06,0.0037948105106859753
2023-11-07,0.00939022974319137
2023-11-08,-0.01655181333202138
2023-11-09,-0.015724755255312473
2023-11-10,-0.001997046619789611
2023-11-13,-0.012381170886693438
2023-11-14,0.054704257554899716
2023-11-15,-0.00048028391311127905
2023-11-16,-0.016696636368292994
2023-11-17,0.009039880873029649
2023-11-20,-0.0069008295601837855
2023-11-21,0.003413335778141402
2023-11-22,0.005224233202569595
2023-11-24,-0.002779699865516183
2023-11-27,-0.013331792238876372
2023-11-28,0.012037608670057987
2023-11-29,-0.009952500554718524
2023-11-30,0.013463457101371201
2023-12-01,0.014747322383661832
2023-12-04,0.029545819563093545
2023-12-05,-0.007582979657645983
2023-12-06,0.005172449038360227
2023-12-07,0.005964143633479857
2023-12-08,-0.017670313480101285
2023-12-11,-0.0009467804156380044
2023-12-12,-0.009713343263803687
2023-12-13,0.014952146122520826
2023-12-14,0.0022392229848513523
2023-12-15,-0.0010583295126772585
2023-12-18,-0.006356517613205326
2023-12-19,0.007700286566483472
2023-12-20,0.00211625482363087
2023-12-21,0.00715616734316038
2023-12-22,0.016540510491997562
2023-12-26,-0.00022911404383563205
2023-12-27,-0.0044699308550461
2023-12-28,0.00034538468064448935
2023-12-29,-0.005754454317033364
2024-01-02,0.008565685838082704
2024-01-03,0.0024102923227902195
2024-01-04,0.009961200930086678
2024-01-05,0.004307767592819145
2024-01-08,-0.011287879745340623
2024-01-09,-0.01107424450786676
2024-01-10,0.006580399062915854
2024-01-11,-0.002179035756186276
2024-01-12,-0.0014942279046673557
2024-01-16,-0.012202337723332679
2024-01-17,-0.010138532178179838
2024-01-18,0.007416934022316024
2024-01-19,0.007946678173639254
2024-01-22,0.010202722241960283
2024-01-23,0.0019513278981835303
2024-01-24,-0.019816737204017554
2024-01-25,0.015776430657730156
2024-01-26,0.005407413775320391
2024-01-29,-0.017736588633466832
2024-01-30,0.0008155353565011403
2024-01-31,-0.02118506948908727
2024-02-01,-0.12593640571672793
2024-02-02,0.008571352019313583
2024-02-05,-0.0012140879188611287
2024-02-06,0.006482899257824082
2024-02-07,-0.01154049926495948
2024-02-08,0.013575904997448207
2024-02-09,0.00013390558560710808
2024-02-12,0.014597583045972806
2024-02-13,-0.022043308684827623
2024-02-14,-0.0033743588809226344
2024-02-15,-0.0018959270475662482
2024-02-16,-0.019674179698404903
2024-02-20,-0.00844312068273867
2024-02-21,0.012004439454571747
2024-02-22,0.015862313476115553
2024-02-23,-0.004073442504740732
2024-02-26,0.0010905931737787977
2024-02-27,0.010758767283113091
2024-02-28,0.0022903177557773713
2024-02-29,0.004066333302911174
2024-03-01,-0.002699910134114192
2024-03-04,-0.04642674437681138
2024-03-05,-0.011355321961056486
2024-03-06,0.03316559140563102
2024-03-07,0.00903289157159226
2024-03-08,-0.0022034611966307294
2024-03-11,0.035196484591007327
2024-03-12,0.009066735216111788
2024-03-13,-0.00488906899039232
2024-03-14,-0.005444126823610951
2024-03-15,-0.01281687036741841
2024-03-18,-0.007573870185141107
2024-03-19,0.00926668466891245
2024-03-20,-0.0014852669115136274
2024-03-21,0.005409207719497822
2024-03-22,0.001613999905301755
2024-03-25,0.004699887624027621
2024-03-26,-0.02659723233165956
2024-03-27,0.02045856618855657
2024-03-28,0.024488722818787112
2024-04-01,-0.03677443191856189
2024-04-02,-0.015271239812909343
2024-04-03,-0.006230925709804103
2024-04-04,-0.0012540426084788336
2024-04-05,-0.006975443608196463
2024-04-08,0.012363005010061379
2024-04-09,0.012073335337031033
2024-04-10,-0.012614821810890464
2024-04-11,0.0019441341417560931
2024-04-12,-0.023146259138289826
2024-04-15,-0.02085699717659739
2024-04-16,-0.016229653731552496
2024-04-17,0.013551436399823702
2024-04-18,0.015404796382866515
2024-04-19,0.01932160063987909
2024-04-22,-0.00645885279061631
2024-04-23,-0.005794305064040106
2024-04-24,0.00838667338958854
2024-04-25,-0.00958552607987595
2024-04-26,-0.0005693182204137281
2024-04-29,0.021076549233646213
2024-04-30,-0.009762809671619355
2024-05-01,0.015352032654336156
2024-05-02,0.1226244349329042
2024-05-03,0.00333631471128526
2024-05-06,-0.030172469395389645
2024-05-07,0.00990488644798404
2024-05-08,0.018106310927035185
2024-05-09,0.0035815272098120854
2024-05-10,0.017967105938401673
2024-05-13,0.021155648885006872
2024-05-14,-0.007102980206606713
2024-05-15,-0.006200210999486866
2024-05-16,-0.002399443575516802
2024-05-17,0.011545296016923112
2024-05-20,0.004993451648427127
2024-05-21,-0.02283213933400141
2024-05-22,0.021065295608642787
2024-05-23,0.003082923786463576
2024-05-24,0.025059102094999952
2024-05-28,-0.007956724023470696
2024-05-29,-0.023712562286144934
2024-05-30,0.010715687889719883
2024-05-31,0.01743417582744833
2024-06-03,0.008567716832034833
2024-06-04,-0.012857313215635657
2024-06-05,0.019188353562916705
2024-06-06,0.0021680434032835816
2024-06-07,-0.002751581491323818
2024-06-10,-0.015980835585588382
2024-06-11,-0.013319424590331086
2024-06-12,0.004026133844640123
2024-06-13,-0.00318435969585551
2024-06-14,-0.01088498712350805
2024-06-17,0.02631582886389805
2024-06-18,-0.001515145023953668
2024-06-20,0.021244309698469355
2024-06-21,-0.008000962575583359
2024-06-24,0.01958746164555758
2024-06-25,0.011413745971435851
2024-06-26,-0.0026814857070153186
2024-06-27,-0.017140937021651648
2024-06-28,0.004445438540203073
2024-07-01,-0.014866150945837764
2024-07-02,-0.007602723207017936
2024-07-03,0.015786469733650055
2024-07-05,-0.011655959329396892
2024-07-08,0.0015031480385152562
2024-07-09,-0.0008080059129166317
2024-07-10,-0.01282505298665837
2024-07-11,0.010884854891333173
2024-07-12,0.004515437160981239
2024-07-15,0.0031119642775851997
2024-07-16,0.008158099368277938
2024-07-17,0.014018659515935061
2024-07-18,-0.017646269227837963
2024-07-19,0.016704657218379326
2024-07-22,0.014967491135226219
2024-07-23,0.004878475169967977
2024-07-24,-0.00463422084993792
2024-07-25,-0.008868052348974476
2024-07-26,0.000670914919765675
2024-07-29,-0.0024588673598011646
2024-07-30,0.001008439502962366
2024-07-31,-0.0032460259162079286
2024-08-01,0.1477821371794903
2024-08-02,-0.03502590600625122
2024-08-05,0.0010138737191973668
2024-08-06,0.004557810691910857
2024-08-07,-0.014216534013975268
2024-08-08,0.008182415657660203
2024-08-09,-0.0006086469764225999
2024-08-12,0.0019287543822514852
2024-08-13,-0.004458007408564835
2024-08-14,-0.004783134432709835
2024-08-15,0.0005112113806273744
2024-08-16,0.014104766848606065
2024-08-19,0.018443733433639586
2024-08-20,-0.018505683581153454
2024-08-21,0.015023150906278815
2024-08-22,0.006556232095168646
2024-08-23,0.004539656718996143
2024-08-26,0.00510845762566392
2024-08-27,0.01260873121498407
2024-08-28,0.0034748770091326264
2024-08-29,-0.00913805651319366
2024-08-30,0.004853894223052713
2024-09-03,0.0009659988794865626
2024-09-04,0.005018874846295152
2024-09-05,-0.018726586696883873
2024-09-06,-0.007483152630993972
2024-09-09,0.002678531286021135
2024-09-10,0.0
2024-09-11,-0.009894235571778154
2024-09-12,-0.0060957316983175636
2024-09-13,0.006133117537299171
2024-09-16,0.0023983805202563158
2024-09-17,-0.0004983669975809901
2024-09-18,0.01775384382069567
2024-09-19,0.015680028595157713
2024-09-20,0.005403327576734229
2024-09-23,0.02159309160722489
2024-09-24,0.022733733746818308
2024-09-25,-0.007807529235126065
2024-09-26,-0.004443587282077277
2024-09-27,0.007439010709087368
2024-09-30,0.018737338242516666
2024-10-01,-0.005164354299003637
2024-10-02,-0.012750474071971163
2024-10-03,-0.02675285848948694
2024-10-04,0.01165880723264423
2024-10-07,-9.373613213259357e-05
2024-10-08,0.01133810929827228
2024-10-09,0.003057531753978271
2024-10-10,-0.0020321890356572725
2024-10-11,0.019714931454730023
2024-10-14,-9.073871687692581e-05
2024-10-15,-0.009622422823634458
2024-10-16,0.014115584471382281
2024-10-17,0.002259604143153293
2024-10-18,-0.00685367907952128
2024-10-21,-0.011350270225706671
2024-10-22,-0.007255716086088437
2024-10-23,-0.002127798205305398
2024-10-24,-0.010476529067961038
2024-10-25,0.013023568555671883
2024-10-28,0.007584166765824296
2024-10-29,-0.00862866671062168
2024-10-30,0.015185116220952866
2024-10-31,-0.06019697427323989
2024-11-01,-0.011840059314967344
2024-11-04,0.008151685759972827
2024-11-05,0.022211377983878844
2024-11-06,0.014199975493526251
2024-11-07,0.014001159373540961
2024-11-08,0.00602348537620756
2024-11-11,0.004329327947755646
2024-11-12,0.0005504099984114941
2024-11-13,0.023741900526364157
2024-11-14,-0.0017908634294885317
2024-11-15,-0.011571579944723798
2024-11-18,-0.0018151502613554804
2024-11-19,-0.008273422097961003
2024-11-20,-0.00045844096861669126
2024-11-21,-0.004494111896356401
2024-11-22,-0.008568293318409914
2024-11-25,-0.000650425955318501
2024-11-26,-0.010972708857275193
2024-11-27,-0.010436301789308988
2024-11-29,0.0031354602585784708
2024-12-02,0.005682924250549837
2024-12-03,0.013373474059170665
2024-12-04,0.0001858842142905548
2024-12-05,-0.013473342490745277
2024-12-06,-0.0011368436250982494
2024-12-09,0.025704154322855555
2024-12-10,0.009894639741839129
2024-12-11,-0.0007326140039878304
2024-12-12,0.04517550729978592
2024-12-13,-0.023496375473688547
2024-12-16,-0.011402347550713898
2024-12-17,-0.011170652990500907
2024-12-18,-0.02231822696014052
2024-12-19,-0.01362137970092303
2024-12-20,-0.006285723033686574
2024-12-23,-0.003162704601642252
2024-12-24,0.0025958638854013394
2024-12-26,0.000383587693623344
2024-12-27,-0.004121912482643819
2024-12-30,-0.003946459136559111
2024-12-31,-0.0015462127086526278
