Date,CL
2015-01-05,-0.007386664632339723
2015-01-06,-0.010506895284079554
2015-01-07,0.00796319649791033
2015-01-08,0.013606834842511795
2015-01-09,-0.009815592986366806
2015-01-12,-0.004956054148710809
2015-01-13,0.006885669025937569
2015-01-14,-0.004074506192988547
2015-01-15,-0.0018986410823241817
2015-01-16,0.01244137571184778
2015-01-20,-0.0030359807134264782
2015-01-21,-0.003644580311991108
2015-01-22,0.014191753932301543
2015-01-23,-0.031448362289160925
2015-01-26,-0.012660006816407443
2015-01-27,-0.00950350947336509
2015-01-28,-0.008224138981750673
2015-01-29,0.06004251735556543
2015-01-30,-0.021873893271713296
2015-02-02,0.021771010483947917
2015-02-03,0.0028988709846284877
2015-02-04,0.00014426395796052205
2015-02-05,0.008526263240365983
2015-02-06,-0.007021289998272229
2015-02-09,-0.0033189940674176466
2015-02-10,0.005357203088379503
2015-02-11,0.000432286548076366
2015-02-12,0.005469545245699425
2015-02-13,0.0032929996579589282
2015-02-17,0.0015698102373993272
2015-02-18,0.004985980510201049
2015-02-19,-0.004678168627016088
2015-02-20,0.0004273374633827487
2015-02-23,0.006264591944576958
2015-02-24,0.00466876238974212
2015-02-25,0.0
2015-02-26,0.0014079980935675085
2015-02-27,-0.004077960616679643
2015-03-02,0.002682882885114868
2015-03-03,-0.004647066341185835
2015-03-04,0.0
2015-03-05,0.0110353693953269
2015-03-06,-0.03092617284876842
2015-03-09,0.004909521841555353
2015-03-10,-0.017100112065405182
2015-03-11,-0.007455977433266314
2015-03-12,0.009427206532107268
2015-03-13,-0.0010217777994929733
2015-03-16,0.008179949054634594
2015-03-17,-0.00883794793408721
2015-03-18,-0.0011693367460421378
2015-03-19,-0.0005853171836386339
2015-03-20,0.01859695252692717
2015-03-23,0.008769548171381647
2015-03-24,-0.012256277663655113
2015-03-25,-0.006059777995893079
2015-03-26,-0.002176850168766231
2015-03-27,0.000145208330704083
2015-03-30,0.007854502527378182
2015-03-31,0.0007215449248936245
2015-04-01,-0.0036053342330326643
2015-04-02,0.0034734836743657294
2015-04-06,0.008942967064632601
2015-04-07,-0.0034311273849588764
2015-04-08,0.00272588267126439
2015-04-09,0.0008583952533971484
2015-04-10,-0.005003208471060283
2015-04-13,-0.004309788318074936
2015-04-14,0.0046170339849649356
2015-04-15,0.003590388560481994
2015-04-16,0.0028622303189407283
2015-04-17,-0.01141548033745221
2015-04-20,-0.011836154867363446
2015-04-21,0.013660206657639451
2015-04-22,0.003912897729271947
2015-04-23,-0.0008662369761879285
2015-04-24,-0.0007222565942762715
2015-04-27,-0.002747119343538995
2015-04-28,-0.0030441730768203668
2015-04-29,-0.0037805920352718125
2015-04-30,-0.017953835762940074
2015-05-01,0.005945382444848102
2015-05-04,0.0026597887365347184
2015-05-05,-0.007073764276804728
2015-05-06,0.006084883374986916
2015-05-07,0.0013277008882226493
2015-05-08,0.004714550086346803
2015-05-11,-0.005425130596704686
2015-05-12,0.0007366998874729358
2015-05-13,-0.0041246244061293735
2015-05-14,0.015236401253051923
2015-05-15,0.0
2015-05-18,-0.0002913156989288179
2015-05-19,0.007724694048808711
2015-05-20,-0.0036158125553797937
2015-05-21,-0.0010160030506123352
2015-05-22,-0.004649590794458147
2015-05-26,-0.019708373525683998
2015-05-27,0.00580806044863702
2015-05-28,-0.003109435108285208
2015-05-29,-0.00801969409452874
2015-06-01,0.0016468472678692336
2015-06-02,-0.0025413382227179593
2015-06-03,-0.0023977537292217965
2015-06-04,-0.00976405025630378
2015-06-05,-0.006674918162697607
2015-06-08,-0.0021380487405534554
2015-06-09,0.010560119847813576
2015-06-10,0.015750185030101393
2015-06-11,-0.007752548032303186
2015-06-12,-0.003907069613308112
2015-06-15,-0.01433103089659915
2015-06-16,0.009794974400080259
2015-06-17,0.006517010324727401
2015-06-18,0.011444138865516207
2015-06-19,-0.004019362035324159
2015-06-22,0.0050818070669458315
2015-06-23,-0.0034199978836754186
2015-06-24,-0.007760496387080762
2015-06-25,-0.0004512927485251783
2015-06-26,0.0006020196501255182
2015-06-29,-0.016541388784259814
2015-06-30,0.0001528886883639391
2015-07-01,0.011466232547937993
2015-07-02,0.0
2015-07-06,-0.003023087506683897
2015-07-07,0.020467091781867897
2015-07-08,-0.012776980021103834
2015-07-09,-0.004213604949864336
2015-07-10,0.007102882845612335
2015-07-13,0.012004743509040239
2015-07-14,-0.002520415581817148
2015-07-15,-0.005351710049972258
2015-07-16,0.010611499118002188
2015-07-17,-0.0017749325593003906
2015-07-20,0.004444252009064842
2015-07-21,-0.007118987275895994
2015-07-22,0.0008961728301017935
2015-07-23,0.000596769746363579
2015-07-24,-0.0005964138246365991
2015-07-27,0.004477571463644692
2015-07-28,0.01619593126604779
2015-07-29,0.007895821749398069
2015-07-30,-0.01320155550805624
2015-07-31,0.0
2015-08-03,0.00588040523645228
2015-08-04,0.000438499664767944
2015-08-05,0.00920396393303391
2015-08-06,-0.006224622947326619
2015-08-07,-0.00233089923173202
2015-08-10,0.0036505698750894933
2015-08-11,-0.0069834009171581
2015-08-12,-0.0038086741066505336
2015-08-13,-0.00499979020471486
2015-08-14,0.0019208673322197445
2015-08-17,-0.001917184674808059
2015-08-18,0.0004431400902520366
2015-08-19,-0.0140346470202114
2015-08-20,-0.011237648454864857
2015-08-21,-0.015305203168724413
2015-08-24,-0.04662972513695085
2015-08-25,-0.025504548998977472
2015-08-26,0.030810292834538844
2015-08-27,0.013819524071189138
2015-08-28,0.0041210092404722065
2015-08-31,-0.00852384533540873
2015-09-01,-0.02451860192480959
2015-09-02,0.01485241117957159
2015-09-03,0.011900929734217858
2015-09-04,-0.023204040025222583
2015-09-08,0.03205330284409391
2015-09-09,-0.016396058441802697
2015-09-10,-0.007373039783700297
2015-09-11,-0.0001614063552078937
2015-09-14,0.0030686168698270677
2015-09-15,0.005152051237123922
2015-09-16,0.01025159611836357
2015-09-17,0.0031710001733138427
2015-09-18,-0.009167182882339087
2015-09-21,0.006540278129611554
2015-09-22,-0.014896982321538799
2015-09-23,-0.0009651647479158587
2015-09-24,0.0024151653665331896
2015-09-25,0.014297592178849294
2015-09-28,-0.015521252508851058
2015-09-29,0.014639675962683674
2015-09-30,0.006183435054560205
2015-10-01,0.004096982086060796
2015-10-02,0.00878862448201545
2015-10-05,0.016645612690209255
2015-10-06,-0.00856911932478377
2015-10-07,0.00864318379809581
2015-10-08,0.008416676174389348
2015-10-09,0.0066764541284765055
2015-10-12,-0.0013564540543054004
2015-10-13,-0.004226280225935075
2015-10-14,-0.003335159777319907
2015-10-15,0.012471715416684015
2015-10-16,0.008261917466256596
2015-10-19,0.0019370396066293871
2015-10-20,-0.0028254798729082653
2015-10-21,0.0022494679263418416
2015-10-22,0.02708383410100179
2015-10-23,0.00437067874369701
2015-10-26,-0.0031915363947205844
2015-10-27,0.0033472258291633583
2015-10-28,-0.001740661459695203
2015-10-29,0.005811834773533198
2015-10-30,-0.0416006077226716
2015-11-02,0.01718153240952147
2015-11-03,0.007556569356282461
2015-11-04,-0.0076469775283615204
2015-11-05,0.0017782965580799281
2015-11-06,-0.026331335379423004
2015-11-09,-0.000759838197275875
2015-11-10,0.009275020298283199
2015-11-11,0.0010541204696319362
2015-11-12,-0.017757588926954115
2015-11-13,-0.010877746281810374
2015-11-16,0.015644488943057144
2015-11-17,-0.00381257967845694
2015-11-18,0.011328543763057475
2015-11-19,0.004844252803603233
2015-11-20,-0.004218142365535527
2015-11-23,0.011951701926153246
2015-11-24,-0.0010466564167080916
2015-11-25,-0.005836907544202075
2015-11-27,0.001957107114480161
2015-11-30,-0.013221263144025275
2015-12-01,0.0022842281437980283
2015-12-02,-0.0022790223368358564
2015-12-03,-0.0015224052967591772
2015-12-04,0.011588798678438872
2015-12-07,0.0
2015-12-08,-0.002411686998352258
2015-12-09,-0.0015109030500617404
2015-12-10,0.0007565584047930507
2015-12-11,-0.013911687128859485
2015-12-14,0.00981427578993177
2015-12-15,0.013818882268846089
2015-12-16,0.023517645915343666
2015-12-17,-0.014635304078435385
2015-12-18,-0.026139627724314773
2015-12-21,0.0062526599074412825
2015-12-22,0.009093987400246029
2015-12-23,0.008711091187541875
2015-12-24,-0.0025311619704616595
2015-12-28,-0.0014926339427032698
2015-12-29,0.01136162054424128
2015-12-30,-0.001773828003714506
2015-12-31,-0.013475597713571652
2016-01-04,-0.0286699918871679
2016-01-05,0.004481488393587085
2016-01-06,-0.013230612723527213
2016-01-07,-0.017617830204122997
2016-01-08,-0.007300497522654381
2016-01-11,0.0041568608161854925
2016-01-12,0.009075099342588988
2016-01-13,-0.007415755569510241
2016-01-14,0.009855431578775775
2016-01-15,-0.0028335204343419296
2016-01-19,0.014838387904281714
2016-01-20,-0.02862020891014927
2016-01-21,0.025454647865361668
2016-01-22,0.015082989217766185
2016-01-25,-0.010525004321925824
2016-01-26,0.006256990499328374
2016-01-27,-0.00046646736416622314
2016-01-28,0.0111972560696465
2016-01-29,0.03860394670573686
2016-02-01,-0.019695021573831295
2016-02-02,-0.012688974566432809
2016-02-03,0.010251122849431082
2016-02-04,-0.0006059436580602151
2016-02-05,0.0030311221626537765
2016-02-08,-0.0018130765891190004
2016-02-09,-0.002875696575477815
2016-02-10,-0.001062743358577034
2016-02-11,-0.02081737715364096
2016-02-12,0.019552714814245586
2016-02-16,0.0016744978337086547
2016-02-17,0.018994192879433935
2016-02-18,0.0023856945266891305
2016-02-19,0.003570449956198374
2016-02-22,0.002223627302186504
2016-02-23,-0.00606422763700698
2016-02-24,-0.013095119117739862
2016-02-25,0.016586203528407895
2016-02-26,-0.016909040722670632
2016-02-29,-0.009656087317716833
2016-03-01,0.025746629693470524
2016-03-02,-0.0037132480305226423
2016-03-03,0.007901235479596425
2016-03-04,0.008134834696642113
2016-03-07,-0.008655921579090564
2016-03-08,-0.0005920629308122649
2016-03-09,0.0066638956274172045
2016-03-10,0.0036776022204485503
2016-03-11,0.002051581626462795
2016-03-14,-0.0019012890253313763
2016-03-15,0.00512876173817256
2016-03-16,0.0013123489901101237
2016-03-17,0.01718069681658907
2016-03-18,0.00887510261298341
2016-03-21,-0.0007094039580780587
2016-03-22,-0.012352608120742015
2016-03-23,0.003450202382520029
2016-03-24,0.0015762751987198342
2016-03-28,0.0
2016-03-29,0.008582184175172758
2016-03-30,0.002978269133038447
2016-03-31,-0.0009899431661626323
2016-04-01,0.007784801861357105
2016-04-04,-0.0005618109821136086
2016-04-05,-0.0002809295239727394
2016-04-06,0.0037954555634689413
2016-04-07,-0.010782821444246249
2016-04-08,0.006087108734271096
2016-04-11,-0.0018294599142392176
2016-04-12,0.0040878235471850655
2016-04-13,-0.005615009700835505
2016-04-14,-0.00042345831282564195
2016-04-15,0.006355709279986854
2016-04-18,0.000982713074255459
2016-04-19,0.004766888875709974
2016-04-20,-0.013469559705686973
2016-04-21,-0.018916361716017183
2016-04-22,0.001159652233439612
2016-04-25,0.005212939256756144
2016-04-26,-0.006626317212818256
2016-04-27,0.005075344987717223
2016-04-28,0.026691824342990778
2016-04-29,-0.0033731768069230617
2016-05-02,0.02044583120529886
2016-05-03,-0.007185307878552094
2016-05-04,0.0004174826049463398
2016-05-05,-0.005703719877198532
2016-05-06,0.004896968135107427
2016-05-09,-0.0008353799537569317
2016-05-10,0.006131263582147994
2016-05-11,-0.003046786105196153
2016-05-12,0.009308144990484157
2016-05-13,-0.013489328197261674
2016-05-16,0.004883435587688112
2016-05-17,-0.016245428118228045
2016-05-18,-0.010162205069989994
2016-05-19,0.004277756987629111
2016-05-20,-0.005821683867223704
2016-05-23,0.0008572610607209263
2016-05-24,0.011272611840930313
2016-05-25,-0.002821882315021007
2016-05-26,-0.002547323500431742
2016-05-27,0.0014188834550514784
2016-05-31,-0.002549874932245011
2016-06-01,0.011219711706695445
2016-06-02,0.0030898435896424825
2016-06-03,0.0025207731299539127
2016-06-06,0.003351785798524576
2016-06-07,-0.003480318583769737
2016-06-08,0.005727023945931942
2016-06-09,0.004722687903486955
2016-06-10,-0.0030413464776849475
2016-06-13,-0.006239647989608077
2016-06-14,0.0058602945594328215
2016-06-15,-0.005132422871060416
2016-06-16,0.0039036543753294684
2016-06-17,-0.007777542378457181
2016-06-20,0.002799499832598862
2016-06-21,0.0022334534105492576
2016-06-22,0.006267259457877872
2016-06-23,0.005813382062854755
2016-06-24,-0.02876025459384557
2016-06-27,-0.008359280247479561
2016-06-28,0.0162879671108227
2016-06-29,0.01026292779320781
2016-06-30,0.018647378472576914
2016-07-01,-0.003415592830374403
2016-07-05,0.004523907518381609
2016-07-06,0.0
2016-07-07,0.0016376663387196455
2016-07-08,0.0115800033767266
2016-07-11,0.0032326084681875145
2016-07-12,-0.007249757971487192
2016-07-13,0.00703230393553933
2016-07-14,0.0032229303431019485
2016-07-15,0.0001336644847693691
2016-07-18,-0.002944283243598411
2016-07-19,0.0008055829844899609
2016-07-20,-0.0006741144131633403
2016-07-21,-0.0033732908000847495
2016-07-22,0.010018053011511485
2016-07-25,-0.005093308154807019
2016-07-26,-0.0033679113864303334
2016-07-27,-0.009462286659505215
2016-07-28,-0.0004090596059844742
2016-07-29,0.016109043138354817
2016-08-01,0.009136058757258425
2016-08-02,-0.003195442822083394
2016-08-03,-0.010551492490576853
2016-08-04,0.009449196969020468
2016-08-05,-0.0026743366525910917
2016-08-08,-0.0020113520832898413
2016-08-09,0.004702318007883566
2016-08-10,0.0008023388062772252
2016-08-11,0.0006681426126511347
2016-08-12,0.0010681507890377695
2016-08-15,-0.003467801660526959
2016-08-16,-0.005220402961897297
2016-08-17,0.0034985746618128033
2016-08-18,0.00013395534105842266
2016-08-19,-0.0013407007326754483
2016-08-22,0.0001342437361411264
2016-08-23,0.000536902868717215
2016-08-24,-0.0024143870918104104
2016-08-25,0.0036304090709147196
2016-08-26,-0.0021436813997799398
2016-08-29,0.004565449243065789
2016-08-30,-0.004143755079142442
2016-08-31,-0.0021478012379001488
2016-09-01,-0.0009411586615882817
2016-09-02,0.008347636597040742
2016-09-06,0.005073889291503653
2016-09-07,-0.02006099826671759
2016-09-08,-0.010439326613025046
2016-09-09,-0.029181933919698255
2016-09-12,0.02709551500059626
2016-09-13,-0.01291527083504107
2016-09-14,0.00013899883579449046
2016-09-15,0.003479210231673413
2016-09-16,-0.001941581571328177
2016-09-19,0.0031964889504991767
2016-09-20,0.004017036878966707
2016-09-21,0.007174065409927044
2016-09-22,0.007260529598026144
2016-09-23,-0.003807707228055457
2016-09-26,-0.0019113558081155224
2016-09-27,0.004787217928314824
2016-09-28,0.0019057638643871222
2016-09-29,-0.004211942881027109
2016-09-30,0.011597741188271282
2016-10-03,-0.0070137555951585995
2016-10-04,-0.011138136318165626
2016-10-05,0.0023350567212354623
2016-10-06,0.004248178180531248
2016-10-07,-0.003138395841984054
2016-10-10,-0.0060232243361254545
2016-10-11,-0.0056470840813962475
2016-10-12,0.003186059920692541
2016-10-13,-0.0037279930711470177
2016-10-14,0.0020786758227666624
2016-10-17,-0.0031803002816064296
2016-10-18,-0.00208150506454019
2016-10-19,-0.003197494730187267
2016-10-20,-0.005469201188641248
2016-10-21,0.0
2016-10-24,0.0015513020422877055
2016-10-25,0.003941992753812018
2016-10-26,-0.0007012149375278387
2016-10-27,-0.009682490907866326
2016-10-28,0.008501816016007302
2016-10-31,0.002669581971174617
2016-11-01,-0.005184987711884581
2016-11-02,0.002676417146340704
2016-11-03,-0.008569341674786957
2016-11-04,-0.014170822392784443
2016-11-07,0.01394282474445152
2016-11-08,0.014885060709355802
2016-11-09,-0.017041119928635218
2016-11-10,-0.04504764074099232
2016-11-11,0.003273726619451578
2016-11-14,-0.012459199780772146
2016-11-15,0.00015014986477002168
2016-11-16,0.002252332146672975
2016-11-17,-0.011237406110039316
2016-11-18,-0.0019699684394536288
2016-11-21,0.0054662677346097865
2016-11-22,0.001660910537386373
2016-11-23,-0.00512582119975713
2016-11-25,0.008183071481722148
2016-11-28,-0.0015029794004115526
2016-11-29,0.0015052417477510183
2016-11-30,-0.01953978890518715
2016-12-01,-0.0022997221968350523
2016-12-02,-0.005531781801515923
2016-12-05,-0.0013908373034643429
2016-12-06,0.006189238348331738
2016-12-07,0.013839838156004758
2016-12-08,-0.003488489718470378
2016-12-09,0.00898021022330786
2016-12-12,0.006939159983175847
2016-12-13,0.0020973765204768124
2016-12-14,-0.014650767039596335
2016-12-15,0.004854846676215274
2016-12-16,0.0
2016-12-19,-0.0025666742645509277
2016-12-20,0.004995510064415676
2016-12-21,-0.0051212585600215466
2016-12-22,0.004844911459275014
2016-12-23,-0.001506955510634067
2016-12-27,-0.003923219663949484
2016-12-28,-0.006059773835752957
2016-12-29,0.004267638708973287
2016-12-30,-0.006829350665756961
2017-01-03,0.001527870257151065
2017-01-04,0.010985914808065766
2017-01-05,0.008904241560691029
2017-01-06,0.007629168216085169
2017-01-09,-0.013955241752952263
2017-01-10,-0.015507139386434887
2017-01-11,-0.0012237039475042621
2017-01-12,0.008268417464122768
2017-01-13,0.0004556567414351065
2017-01-17,0.018518471090713362
2017-01-18,0.011326658078128826
2017-01-19,-0.006373612059520695
2017-01-20,0.013574335734126475
2017-01-23,-0.005886877882978814
2017-01-24,0.010510840826565504
2017-01-25,0.0024902981182919337
2017-01-26,-0.0027764525337070634
2017-01-27,-0.05216873572894687
2017-01-30,-0.002319205065464902
2017-01-31,0.0007749857813361682
2017-02-01,0.002167659254153742
2017-02-02,0.014833424042116405
2017-02-03,0.004415391307438732
2017-02-06,-0.007276248301107957
2017-02-07,0.01633825389776633
2017-02-08,0.0004506557822245849
2017-02-09,0.0001501742539187223
2017-02-10,0.01681706092800761
2017-02-13,-0.00014780597919228367
2017-02-14,0.0004430017390415486
2017-02-15,0.01284342540690031
2017-02-16,0.005684156348904068
2017-02-17,0.043188376395127515
2017-02-21,0.01667159866454737
2017-02-22,0.00423579037829902
2017-02-23,0.012926999032578657
2017-02-24,-0.014642690360858968
2017-02-27,-0.009543193245962645
2017-02-28,0.00454250082950991
2017-03-01,0.006576954951076797
2017-03-02,0.0038116370761760443
2017-03-03,-0.002034131627887348
2017-03-06,0.002717661456053122
2017-03-07,-0.0009486477317707243
2017-03-08,-0.007596451361080669
2017-03-09,0.00287057818507086
2017-03-10,0.012130422524780915
2017-03-13,-0.004847880918936287
2017-03-14,-0.0033828581632924237
2017-03-15,0.003937518771593762
2017-03-16,-0.0005410476497546002
2017-03-17,0.000811537886996172
2017-03-20,-0.002163039265800304
2017-03-21,-0.0013549011265669986
2017-03-22,-0.0002715628489377009
2017-03-23,0.003257425814585657
2017-03-24,-0.003382195249721498
2017-03-27,-0.0032578049362728123
2017-03-28,0.004630371761135343
2017-03-29,-0.0028463991165620373
2017-03-30,-0.0044861153219935
2017-03-31,-0.000546293315539681
2017-04-03,0.0024591861058562703
2017-04-04,0.003407358545461925
2017-04-05,-0.002173281455614351
2017-04-06,-0.004492096251321409
2017-04-07,0.004375239748329651
2017-04-10,0.003812538133153076
2017-04-11,-0.0004068309424352101
2017-04-12,0.004070281350492477
2017-04-13,-0.004594390448252161
2017-04-17,0.005566171272404663
2017-04-18,0.004050200874336163
2017-04-19,-0.007841091653696397
2017-04-20,-0.002861284086095761
2017-04-21,-0.002186875680528777
2017-04-24,0.00876515099053532
2017-04-25,0.007602520771257115
2017-04-26,-0.009701078709445365
2017-04-27,-0.0027210475115414523
2017-04-28,-0.01718935345252759
2017-05-01,-0.0033315471321949675
2017-05-02,-0.014484832468189213
2017-05-03,0.004522155713724718
2017-05-04,0.012239882447259154
2017-05-05,-0.0019460432611665412
2017-05-08,0.0004177209462721265
2017-05-09,-0.0047323660301125114
2017-05-10,0.0041959024723148275
2017-05-11,-0.0025071255452847607
2017-05-12,-0.0051661185714487745
2017-05-15,0.005613689706160496
2017-05-16,-0.0009767725429885576
2017-05-17,0.057418184113869675
2017-05-18,-0.02325271236943338
2017-05-19,0.012038551048128232
2017-05-22,-0.007217416950086153
2017-05-23,-0.005923431172402793
2017-05-24,0.010292506899813425
2017-05-25,0.010321973144653551
2017-05-26,0.0010614508787025745
2017-05-30,0.008482111731304753
2017-05-31,0.003548567967012417
2017-06-01,0.004321498932159162
2017-06-02,0.0054766869126401385
2017-06-05,0.001556038545132754
2017-06-06,-0.0029782137774884143
2017-06-07,0.002078324569916079
2017-06-08,-0.017755682244798288
2017-06-09,-0.00026351009016156723
2017-06-12,-0.0029036568741166446
2017-06-13,0.001852883742418987
2017-06-14,0.002510602703857945
2017-06-15,0.006193355135129197
2017-06-16,-0.0005237011337732023
2017-06-19,0.007731721607975084
2017-06-20,-0.007152445351344516
2017-06-21,-0.00877501405925385
2017-06-22,-0.001982168202705137
2017-06-23,0.005163590717797151
2017-06-26,-0.00039516823953555935
2017-06-27,-0.006851639182669622
2017-06-28,-0.003715231810885289
2017-06-29,-0.012917985286108102
2017-06-30,0.00013500500250129832
2017-07-03,-0.002562685540390075
2017-07-05,-0.0024346256929108634
2017-07-06,-0.004203004197914417
2017-07-07,-0.0014974024516131168
2017-07-10,-0.003545122437445647
2017-07-11,-0.009305211390231771
2017-07-12,-0.0016574594477460902
2017-07-13,-0.000691375263513927
2017-07-14,0.00918833163439281
2017-07-17,0.0013792476385978691
2017-07-18,-0.0009644356343505578
2017-07-19,-0.00041331091213259175
2017-07-20,-0.005518198635948712
2017-07-21,0.01636826858870366
2017-07-24,-0.019380387224015583
2017-07-25,0.002783773095068831
2017-07-26,0.013185495091783128
2017-07-27,-0.0006853741287209392
2017-07-28,-0.005620384135927914
2017-07-31,-0.004686987216816596
2017-08-01,-0.006924898289060177
2017-08-02,-0.0011157741876695049
2017-08-03,-0.0002792390436806569
2017-08-04,-0.0016762241074101958
2017-08-07,0.0036375407201829635
2017-08-08,-0.0005574797111308483
2017-08-09,-0.0018131893033016544
2017-08-10,-0.0002792409412042396
2017-08-11,-0.0040533455367880444
2017-08-14,0.0026661404241026254
2017-08-15,0.004898537076828191
2017-08-16,0.0018109212093924132
2017-08-17,-0.008758793219264205
2017-08-18,-0.003927022085394305
2017-08-21,0.008307633199381215
2017-08-22,0.00041882052108555
2017-08-23,-0.0058624480031036486
2017-08-24,-0.00617808518383689
2017-08-25,0.005227458080702796
2017-08-28,-0.003513642532235073
2017-08-29,0.005641494773783728
2017-08-30,-0.004908842251209911
2017-08-31,0.00972521017596506
2017-09-01,-0.004745996508394912
2017-09-05,-0.0026647742214414016
2017-09-06,0.0053439828841135295
2017-09-07,0.0009789527101498052
2017-09-08,0.0036332808760117796
2017-09-11,0.0027849359448688382
2017-09-12,-0.0009721325625305921
2017-09-13,-0.00416950374468672
2017-09-14,0.006838847116698243
2017-09-15,0.0019410311168754912
2017-09-18,0.0015213761382182334
2017-09-19,0.005801965182987923
2017-09-20,-0.003571031340008135
2017-09-21,-0.01626442638845993
2017-09-22,-0.002521890233258328
2017-09-25,0.025424970478202358
2017-09-26,0.005342445557585451
2017-09-27,-0.004224414748297045
2017-09-28,0.0009582845986686461
2017-09-29,-0.004101795967627941
2017-10-02,0.0013728755748547705
2017-10-03,-0.006990872048832308
2017-10-04,0.006074164811087135
2017-10-05,0.004527755419623913
2017-10-06,-0.00669312075041828
2017-10-09,-0.004950273211956069
2017-10-10,0.007462541584101423
2017-10-11,0.025102923459340953
2017-10-12,0.005754066913285616
2017-10-13,0.011043378195275011
2017-10-16,-0.0031587133833806957
2017-10-17,-0.010429031891609375
2017-10-18,-0.006936599156591838
2017-10-19,-0.017464300926120613
2017-10-20,-0.005773601323684652
2017-10-23,-0.0017975112085367728
2017-10-24,-0.004848221619200066
2017-10-25,-0.005846566985936774
2017-10-26,-0.0029402826293807305
2017-10-27,-0.01137514142565299
2017-10-30,-0.01704510789359648
2017-10-31,0.018063381212342744
2017-11-01,0.001561468592508275
2017-11-02,0.005385287974043473
2017-11-03,-0.011135932727818543
2017-11-06,0.0014254329146403677
2017-11-07,0.009252778179257959
2017-11-08,0.03342696040792825
2017-11-09,-0.004912896930014954
2017-11-10,0.0041143567480077525
2017-11-13,0.006693020741076028
2017-11-14,-0.0032561549395351275
2017-11-15,-0.013340669970691055
2017-11-16,0.0020694148566797743
2017-11-17,-0.010188370845868544
2017-11-20,0.002503728876501299
2017-11-21,0.00208118749234365
2017-11-22,-0.006507586958929501
2017-11-24,0.0036235180292334412
2017-11-27,-0.00013889963101210157
2017-11-28,0.010555482799614824
2017-11-29,-0.01030776048432036
2017-11-30,0.006110374281033781
2017-12-01,0.008143409240543686
2017-12-04,0.020263047008883373
2017-12-05,0.0009391175395379037
2017-12-06,-0.004558131634318507
2017-12-07,-0.01414144644399673
2017-12-08,0.0016390725231665293
2017-12-11,-0.0020453316516370057
2017-12-12,-0.009293491655247066
2017-12-13,0.011863802612650742
2017-12-14,-0.001499858075929561
2017-12-15,0.01105960539292905
2017-12-18,-0.0008103146304999642
2017-12-19,0.011622978789154192
2017-12-20,-0.004408546723485118
2017-12-21,0.0018782350790758073
2017-12-22,0.006563463462449404
2017-12-26,0.004391129879824485
2017-12-27,-0.001457411936894859
2017-12-28,-0.0030511774687743687
2017-12-29,0.004125180751181956
2018-01-02,-0.004108233545239703
2018-01-03,-0.0038599295546994927
2018-01-04,0.0064131108241869406
2018-01-05,0.0011942102254212106
2018-01-08,0.0014585111115974492
2018-01-09,0.0014564476454166364
2018-01-10,-0.010840202835269874
2018-01-11,-0.003609072306429262
2018-01-12,0.0009391087610060023
2018-01-16,0.010720539556158704
2018-01-17,0.016706902294281623
2018-01-18,-0.0006520221234388446
2018-01-19,0.011353137422008608
2018-01-22,0.003631665377642257
2018-01-23,-0.006203234701245508
2018-01-24,-0.0013000070094347782
2018-01-25,0.0066400792729011116
2018-01-26,-0.0485058299794312
2018-01-29,0.0031264227638243547
2018-01-30,0.01192583378772416
2018-01-31,-0.005758282699641959
2018-02-01,-0.012257725007467912
2018-02-02,-0.01227339984145659
2018-02-05,-0.036173005700575245
2018-02-06,0.008594970491411225
2018-02-07,-0.0034087812760102976
2018-02-08,-0.017386206377535407
2018-02-09,0.011747873118684415
2018-02-12,0.0061639647841054135
2018-02-13,0.0015669597206631192
2018-02-14,-0.009672537237507162
2018-02-15,0.022981609917284818
2018-02-16,0.003369884543884316
2018-02-20,-0.020011195860033415
2018-02-21,-0.01270881954163905
2018-02-22,0.003615907778060201
2018-02-23,0.013114149693483679
2018-02-26,0.010953114248992923
2018-02-27,-0.01618133900116636
2018-02-28,-0.01358699870300617
2018-03-01,-0.0015945456963035731
2018-03-02,0.005953864323046121
2018-03-05,0.011548834866243585
2018-03-06,-0.006136566824830769
2018-03-07,0.0005743574134966511
2018-03-08,0.019230942914642002
2018-03-09,0.003097550892876777
2018-03-12,-0.002245767046301972
2018-03-13,-0.0029543039469868138
2018-03-14,-0.012417070193027957
2018-03-15,-0.006144034431664891
2018-03-16,0.000862887548746416
2018-03-19,0.006319941089691472
2018-03-20,-0.00528116689086211
2018-03-21,-0.014349284158621911
2018-03-22,0.001892494168693526
2018-03-23,-0.0063936071747395795
2018-03-26,-0.0027785185960275127
2018-03-27,0.015984799857794663
2018-03-28,0.02193984625763523
2018-03-29,0.012429413829639913
2018-04-02,-0.02134483702171497
2018-04-03,0.011404153829831953
2018-04-04,0.009865766342268545
2018-04-05,0.002233425735586936
2018-04-06,-0.0023675242806028285
2018-04-09,-0.0030708076387684358
2018-04-10,0.00434044233983788
2018-04-11,-0.004879115921614718
2018-04-12,-0.006164495102040646
2018-04-13,0.009303647732145759
2018-04-16,0.01173203084153096
2018-04-17,-0.0028987762590054755
2018-04-18,-0.002077160252976662
2018-04-19,-0.026374298116060957
2018-04-20,-0.032248675837321605
2018-04-23,-0.01703223399585807
2018-04-24,0.0039174901395020445
2018-04-25,-0.0033018590937790027
2018-04-26,0.0027102596572115
2018-04-27,-0.0001499209238614574
2018-04-30,-0.020276406568882965
2018-05-01,-0.0035261195080182883
2018-05-02,-0.028615255117549365
2018-05-03,0.002850838456556426
2018-05-04,0.006159030874129057
2018-05-07,-0.013969610965391732
2018-05-08,-0.008596010665265608
2018-05-09,-0.005940779147718844
2018-05-10,0.009206854567815226
2018-05-11,0.003681246381846748
2018-05-14,-0.010683972320862711
2018-05-15,-0.006286395198417116
2018-05-16,0.007137231369313213
2018-05-17,0.0032211325690207904
2018-05-18,-0.0011240749799643623
2018-05-21,0.0004822989578801007
2018-05-22,0.0025702685239079592
2018-05-23,0.0049671783540077286
2018-05-24,-0.003667159649967444
2018-05-25,0.020163445789314283
2018-05-29,-0.002980585974483585
2018-05-30,0.013058602004733633
2018-05-31,-0.020189555466744835
2018-06-01,-0.006340154141889598
2018-06-04,0.00031907380078655123
2018-06-05,-0.006697328081525011
2018-06-06,0.004495062593086185
2018-06-07,0.003036506771655789
2018-06-08,0.009241518596849518
2018-06-11,0.006473172473656419
2018-06-12,-0.00031391058412755246
2018-06-13,-0.010513046425905004
2018-06-14,0.003964445234333036
2018-06-15,0.022429447828158144
2018-06-18,-0.021937403970320513
2018-06-19,0.01089866742822898
2018-06-20,-0.001562359649736722
2018-06-21,-0.006416301267743507
2018-06-22,0.0179555396362705
2018-06-25,0.007426714932726064
2018-06-26,0.00046089145557104416
2018-06-27,-0.006601234778761955
2018-06-28,0.0034001089604256407
2018-06-29,-0.0018484663936338963
2018-07-02,-0.0035488312137651468
2018-07-03,0.0013938110968256812
2018-07-05,0.01994748830853532
2018-07-06,-0.00272888710729724
2018-07-09,-0.011857948874243407
2018-07-10,0.011230980904144872
2018-07-11,-0.007454792045582415
2018-07-12,-0.0010732470246477277
2018-07-13,0.008900045657135536
2018-07-16,-0.001977318755491786
2018-07-17,0.005521566533605471
2018-07-18,-0.011439970388304466
2018-07-19,0.014503849424645443
2018-07-20,0.0030418162379328706
2018-07-23,-0.00166779562936048
2018-07-24,-0.008657441167016722
2018-07-25,0.01041821809566068
2018-07-26,0.015011799976817342
2018-07-27,-0.0041830921274880195
2018-07-30,-0.0030002907845229077
2018-07-31,0.008275459499409665
2018-08-01,-0.013878303876692533
2018-08-02,0.01755426100157842
2018-08-03,0.003866841932594234
2018-08-06,-0.0017779192585340997
2018-08-07,-0.0022260063676778907
2018-08-08,-0.00951955762741541
2018-08-09,-0.009911408591822157
2018-08-10,-0.007583709720894172
2018-08-13,0.001833960293293302
2018-08-14,-0.00045754767776684524
2018-08-15,0.0047309590603012985
2018-08-16,0.013519969902095585
2018-08-17,0.011690598301908661
2018-08-20,0.002370403293565193
2018-08-21,-0.003842704829576271
2018-08-22,-0.006082940364540601
2018-08-23,-0.006269854708019329
2018-08-24,0.004656812955654566
2018-08-27,0.003139679994309752
2018-08-28,-0.004620384265460742
2018-08-29,0.0026951937858159525
2018-08-30,-0.010752335162210747
2018-08-31,0.0025663286151931253
2018-09-04,-0.01776840828030657
2018-09-05,0.020849280119156433
2018-09-06,0.006157001057814915
2018-09-07,0.00014919277898872707
2018-09-10,0.0022387006689414957
2018-09-11,0.0002978758653811031
2018-09-12,0.011908133766985518
2018-09-13,0.0026476837803062203
2018-09-14,-0.002494104441499223
2018-09-17,0.012060641573419018
2018-09-18,-0.007993164334527791
2018-09-19,-0.004834396703508492
2018-09-20,0.012660094706675729
2018-09-21,0.004361282913934117
2018-09-24,-0.01664500275667169
2018-09-25,-0.011774927619236819
2018-09-26,-0.0005961304458210748
2018-09-27,-0.0055139208829255715
2018-09-28,0.003296938901016677
2018-10-01,0.0017922556550384883
2018-10-02,0.004771133744207345
2018-10-03,-0.02181337358658464
2018-10-04,-0.015169721457924612
2018-10-05,-0.003234886032369988
2018-10-08,0.009890138653517733
2018-10-09,-0.0042847330904727254
2018-10-10,-0.019056099202702903
2018-10-11,-0.0231867867024379
2018-10-12,0.0030475143767307866
2018-10-15,0.00015983235106187266
2018-10-16,0.0009594890099871023
2018-10-17,0.01501348421979709
2018-10-18,-0.00776196563121101
2018-10-19,0.030012843971288117
2018-10-22,-0.013639288931218352
2018-10-23,-0.003771128084191555
2018-10-24,0.019558305382124885
2018-10-25,-0.01268568610382792
2018-10-26,-0.06643668937597758
2018-10-29,-0.02853299913370677
2018-10-30,0.03990999438392673
2018-10-31,-0.010633201174795381
2018-11-01,0.00890032605697999
2018-11-02,0.003495400058290077
2018-11-05,-0.000995111654095715
2018-11-06,0.0046488516286657955
2018-11-07,0.013551447623521451
2018-11-08,-0.00701117314970956
2018-11-09,0.04761875020069173
2018-11-12,-0.03840122088240283
2018-11-13,0.008313071573817554
2018-11-14,0.009860888225037279
2018-11-15,-0.001120772193846764
2018-11-16,0.013461775116154318
2018-11-19,-0.007431881261990458
2018-11-20,-0.0073283353746258495
2018-11-21,-0.00625936090702095
2018-11-23,-0.002260804786664905
2018-11-26,0.015539237966582853
2018-11-27,0.00796919793126527
2018-11-28,-0.006483189179122051
2018-11-29,0.003342481414613907
2018-11-30,0.007614181668905928
2018-12-03,0.0037781811062624904
2018-12-04,-0.01066478779805946
2018-12-06,0.0023778519467754222
2018-12-07,-0.008224146673833532
2018-12-10,0.013235596239066671
2018-12-11,0.015895764866687534
2018-12-12,0.011308830313055962
2018-12-13,0.002910550493619324
2018-12-14,-0.0045823014935797435
2018-12-17,-0.034524952311894674
2018-12-18,-0.007311007085056276
2018-12-19,-0.009285787004999269
2018-12-20,-0.014544364281213085
2018-12-21,-0.01754656839938673
2018-12-24,-0.031213605315349446
2018-12-26,0.02343196923252
2018-12-27,0.004882185980202403
2018-12-28,-0.0011725961703538124
2018-12-31,-0.0016773076791148922
2019-01-02,-0.004536347089157844
2019-01-03,-0.004725820181530005
2019-01-04,0.009326916823729103
2019-01-07,0.006048512907879999
2019-01-08,0.01118879864646316
2019-01-09,0.012386630364733975
2019-01-10,0.008482641573426264
2019-01-11,0.00452942985703042
2019-01-14,-0.007890419313908659
2019-01-15,0.009900973558811588
2019-01-16,-0.001446690064472067
2019-01-17,-0.0020923307758160536
2019-01-18,0.010161322406053275
2019-01-22,-0.007554995354668859
2019-01-23,0.009879960705642565
2019-01-24,-0.002405529002511342
2019-01-25,-0.005787748262142678
2019-01-28,0.014553567308442927
2019-01-29,0.015141823127165832
2019-01-30,0.004082355333735688
2019-01-31,0.011414912096022967
2019-02-01,0.005720593573346866
2019-02-04,0.002152212839274803
2019-02-05,-0.0069028777866280144
2019-02-06,0.009113308423783772
2019-02-07,-0.004285909262797483
2019-02-08,0.009838599411467364
2019-02-11,0.0015225300753991533
2019-02-12,0.00349593488794242
2019-02-13,-0.0012118143653089275
2019-02-14,-0.007430904993456
2019-02-15,0.01573696005602554
2019-02-19,0.003610288851858323
2019-02-20,-0.003147414016052008
2019-02-21,0.0028564795143062316
2019-02-22,0.0029984840645516098
2019-02-25,-0.005680054848507199
2019-02-26,-0.0004511734083525454
2019-02-27,-0.009324425856337859
2019-02-28,0.0
2019-03-01,0.001973454955831677
2019-03-04,0.0004546607712747619
2019-03-05,-0.004694859383768013
2019-03-06,-0.0016738763490382613
2019-03-07,-0.0041153219645799766
2019-03-08,0.0001531298038013329
2019-03-11,0.00765103285916835
2019-03-12,-0.0016705046377969435
2019-03-13,0.011865094489584394
2019-03-14,-0.004058890157517148
2019-03-15,0.014339793184394933
2019-03-18,-0.013541835886423992
2019-03-19,-0.008146012549420267
2019-03-20,-0.009733852796644737
2019-03-21,0.01105801017940422
2019-03-22,0.00258254707824368
2019-03-25,0.003939540286843846
2019-03-26,0.009960535801840864
2019-03-27,0.0013449650325032536
2019-03-28,0.005372567792890415
2019-03-29,0.01736676181959429
2019-04-01,-0.0035019088350645156
2019-04-02,0.001025258760043446
2019-04-03,-0.008044855581309962
2019-04-04,-0.0039809572596154474
2019-04-05,0.005477409674329081
2019-04-08,0.0014721484820934272
2019-04-09,0.001323084022794907
2019-04-10,0.0
2019-04-11,-0.00029341263827953323
2019-04-12,0.009986856530419086
2019-04-15,-0.0008725008029217829
2019-04-16,0.004802718571210507
2019-04-17,0.0010202569976323073
2019-04-18,0.009755593699286802
2019-04-22,0.003604738631926674
2019-04-23,-0.008477018096169187
2019-04-24,-0.002173409880716237
2019-04-25,-0.002468990717213293
2019-04-26,0.03799711031279318
2019-04-29,0.0011216537407507943
2019-04-30,0.019753766371999104
2019-05-01,-0.02060756153716381
2019-05-02,0.00743419309966642
2019-05-03,0.0018103142027434682
2019-05-06,-0.003613840202498775
2019-05-07,-0.016459097701943315
2019-05-08,0.006807141312003662
2019-05-09,-0.0019719173973751225
2019-05-10,0.009174181514363111
2019-05-13,0.0008389028517259423
2019-05-14,-0.0057288809512625605
2019-05-15,0.00267026534656023
2019-05-16,0.016260093636076833
2019-05-17,-0.007310421990950333
2019-05-20,-0.0037514837642131926
2019-05-21,-0.0023711338237298873
2019-05-22,0.0
2019-05-23,0.0030757575504947177
2019-05-24,-0.007665846467842297
2019-05-28,-0.015308866758344863
2019-05-29,-0.001996668459978368
2019-05-30,0.012576886422485334
2019-05-31,-0.01736054977879875
2019-06-03,0.01536925128235711
2019-06-04,0.001838689016293582
2019-06-05,0.015532404916833942
2019-06-06,0.016546121317422502
2019-06-07,0.012036843472639225
2019-06-10,-0.012974913976285696
2019-06-11,0.00410802910471908
2019-06-12,-0.0038184058256576225
2019-06-13,-0.004106843602528554
2019-06-14,0.00824761935641316
2019-06-17,0.0008179249253075227
2019-06-18,-0.007083812051951521
2019-06-19,0.008780524579529825
2019-06-20,0.0009521102196288211
2019-06-21,-0.00883193651482228
2019-06-24,0.01398260828284914
2019-06-25,-0.0008112484842462964
2019-06-26,-0.02110683652110723
2019-06-27,-0.002902550179207597
2019-06-28,-0.0065151378587055
2019-07-01,0.005720642002743581
2019-07-02,0.00915662045162624
2019-07-03,0.01732180497672453
2019-07-05,-0.011621612216051957
2019-07-08,0.0032815173480145177
2019-07-09,-0.0036794591741599048
2019-07-10,0.005197660578450947
2019-07-11,0.005442946970351414
2019-07-12,0.006631283401968169
2019-07-15,-0.005108913990990227
2019-07-16,0.006756988669387676
2019-07-17,-0.004320346206383108
2019-07-18,0.0017626484316717317
2019-07-19,-0.015971633725094136
2019-07-22,-0.004814535658185237
2019-07-23,-0.000967274144370589
2019-07-24,-0.013835599833396106
2019-07-25,0.009119381884189925
2019-07-26,0.02446829984043708
2019-07-29,0.02551246026938503
2019-07-30,-0.01098357374635417
2019-07-31,-0.04013918166137764
2019-08-01,-0.0066908140637366165
2019-08-02,-0.0008421085846758158
2019-08-05,-0.03370767527216423
2019-08-06,0.015261339450780564
2019-08-07,0.008446781254175306
2019-08-08,0.01802955505317594
2019-08-09,-0.0026494328899341335
2019-08-12,-0.011045837557788096
2019-08-13,0.013572836097730967
2019-08-14,-0.016320353348015293
2019-08-15,0.012053354211714495
2019-08-16,0.012750611732150308
2019-08-19,0.011067799354667951
2019-08-20,-0.007389267209567896
2019-08-21,0.0009651039925131499
2019-08-22,0.005922097251781944
2019-08-23,-0.011089669540053637
2019-08-26,0.007476039881049168
2019-08-27,0.009207432380155423
2019-08-28,0.00762471452096003
2019-08-29,0.0027026972491241974
2019-08-30,-0.0006735571523898143
2019-09-03,0.0021577832827943677
2019-09-04,0.007535862276753624
2019-09-05,-0.007746626923048061
2019-09-06,0.005518840530361002
2019-09-09,-0.020213968558714157
2019-09-10,-0.01461962758298574
2019-09-11,0.010121934540276545
2019-09-12,-0.007687131563079874
2019-09-13,-0.021856486704995293
2019-09-16,-0.01810163533262532
2019-09-17,0.0061930827715999115
2019-09-18,0.012739547017792452
2019-09-19,0.002826911231536
2019-09-20,0.0
2019-09-23,0.007751921190193967
2019-09-24,0.013845939811130803
2019-09-25,-0.0034483813618134684
2019-09-26,0.006644016573322142
2019-09-27,0.00742633304453677
2019-09-30,0.0034121954936239263
2019-10-01,-0.024214222480207326
2019-10-02,-0.016868897844468878
2019-10-03,0.0049633070379404565
2019-10-04,0.016932123709428648
2019-10-07,-0.006243550954021626
2019-10-08,-0.013124793275215985
2019-10-09,-0.0007076604790542396
2019-10-10,0.0019819074002671577
2019-10-11,-0.003673555532236139
2019-10-14,-0.01560058807247311
2019-10-15,-0.014551373155342384
2019-10-16,-0.00804130335876474
2019-10-17,0.0033901480005176232
2019-10-18,-0.0007342995019496978
2019-10-21,0.003968699198590997
2019-10-22,-0.011934521622153582
2019-10-23,0.007157593435729526
2019-10-24,0.011845190111036796
2019-10-25,0.0010240973549591192
2019-10-28,-0.01549470163369615
2019-10-29,0.008463148370246198
2019-10-30,0.009717413308312217
2019-10-31,0.00029157530014845
2019-11-01,-0.02609328109748965
2019-11-04,-0.020954986569058143
2019-11-05,0.00840838544748257
2019-11-06,0.008489984867951605
2019-11-07,0.0052617667105197
2019-11-08,-0.0035892260436439782
2019-11-11,-0.0013505543200217351
2019-11-12,0.0015027036138146599
2019-11-13,0.0036016143184944838
2019-11-14,-0.0035886892439289664
2019-11-15,-0.004051644203700855
2019-11-18,0.01145116972207405
2019-11-19,0.0004470049498193074
2019-11-20,0.0007443504741229123
2019-11-21,-0.006844164532403774
2019-11-22,-0.0005995957191049506
2019-11-25,0.004047458693777095
2019-11-26,0.012093428429297504
2019-11-27,-0.0016227388151438538
2019-11-29,0.002068490847029647
2019-12-02,-0.003686306613171153
2019-12-03,-0.003995750232510087
2019-12-04,0.011589983823058647
2019-12-05,-0.003819150508722169
2019-12-06,0.006192598726153076
2019-12-09,0.005275785725691984
2019-12-10,-0.009766833835701427
2019-12-11,-0.006918870038029823
2019-12-12,-0.0034093684206780717
2019-12-13,0.021716561963475822
2019-12-16,0.002620420038497162
2019-12-17,-0.014955749565555898
2019-12-18,0.006338343925115897
2019-12-19,0.0010255951315554235
2019-12-20,0.007462557897229383
2019-12-23,-0.0018882509148889781
2019-12-24,-0.0024735952863819133
2019-12-26,0.0004375543202712606
2019-12-27,0.008748849877983078
2019-12-30,-0.005637604858201306
2019-12-31,0.0007266496704827485
2020-01-02,-0.010458845223798252
2020-01-03,-0.0014677215298539714
2020-01-06,0.006909585702024046
2020-01-07,-0.013724533043269482
2020-01-08,0.025462412023810943
2020-01-09,0.008517368422080507
2020-01-10,0.004151315687961565
2020-01-13,-0.0001427736826856707
2020-01-14,0.0021385511883453834
2020-01-15,0.007256277866523941
2020-01-16,-0.0007065746017774766
2020-01-17,0.006077642952756257
2020-01-21,0.0015457002391172647
2020-01-22,-0.004657552594582004
2020-01-23,0.0011342268480756257
2020-01-24,-0.004389919238116602
2020-01-27,-0.0028451517374152857
2020-01-28,-0.005563535621349147
2020-01-29,-0.012623690939758014
2020-01-30,0.00929830159250633
2020-01-31,0.06204111089416409
2020-02-03,0.015587017756134136
2020-02-04,0.0062724739528789986
2020-02-05,0.004376997297701024
2020-02-06,0.007658240616306822
2020-02-07,-0.0036688229855154075
2020-02-10,0.0173611990682514
2020-02-11,-0.016030822283862545
2020-02-12,-0.0021022555904177676
2020-02-13,0.0055299465475815435
2020-02-14,0.0041899699952072655
2020-02-18,-0.008084222615166725
2020-02-19,-0.006967218910563289
2020-02-20,-0.005030861039245771
2020-02-21,0.014768824251579993
2020-02-24,-0.024256088420946842
2020-02-25,-0.008331044574148572
2020-02-26,-0.011924025452434983
2020-02-27,-0.03798670284561201
2020-02-28,-0.03677858522583999
2020-03-02,0.07207348555323678
2020-03-03,-0.009110796577479707
2020-03-04,0.05001381460199816
2020-03-05,-0.04020190244531874
2020-03-06,0.002350210930741392
2020-03-09,-0.034753839062526604
2020-03-10,0.026003390135140636
2020-03-11,-0.04052307827617385
2020-03-12,-0.07271434014540124
2020-03-13,0.08154632348038815
2020-03-16,-0.09782909129281825
2020-03-17,0.12608287476268942
2020-03-18,-0.03575507691060453
2020-03-19,-0.015363839756465048
2020-03-20,-0.06856745815656062
2020-03-23,-0.025934266003304063
2020-03-24,0.011741366979499013
2020-03-25,-0.02108529259930958
2020-03-26,0.06562013798991662
2020-03-27,0.022563499071819537
2020-03-30,0.020226758726123117
2020-03-31,-0.003304204482280193
2020-04-01,-0.012206262260827438
2020-04-02,0.03996954897664229
2020-04-03,-0.00806809694239019
2020-04-06,0.0425908947798288
2020-04-07,-0.020709091826425552
2020-04-08,0.017091559755147756
2020-04-09,-0.004414608211860682
2020-04-13,-0.006007963585888287
2020-04-14,0.05209403299583193
2020-04-15,-0.00629197886167554
2020-04-16,0.0026153747590274
2020-04-17,0.014088315009606944
2020-04-20,-0.01716126075570079
2020-04-21,-0.0214805910299406
2020-04-22,0.008497455227035378
2020-04-23,0.0002809385891857641
2020-04-24,0.0023864598998650788
2020-04-27,-0.005181782680342306
2020-04-28,0.0011262983843947083
2020-04-29,-0.013359708358912536
2020-04-30,0.0015679179672989374
2020-05-01,-0.024761491390779322
2020-05-04,0.013862607061505994
2020-05-05,0.0005756190697459029
2020-05-06,-0.02416587592485786
2020-05-07,0.0141512440824898
2020-05-08,0.008284646047100441
2020-05-11,0.00014425729186107183
2020-05-12,-0.009368473508803876
2020-05-13,-0.006256494703082538
2020-05-14,-0.01815551038905594
2020-05-15,0.028183814395400963
2020-05-18,0.01841920547877529
2020-05-19,-0.013813750606101904
2020-05-20,0.017617372151849553
2020-05-21,-0.0029798517991167506
2020-05-22,0.006973972879894319
2020-05-26,-0.018657256926054355
2020-05-27,0.016707647070695497
2020-05-28,0.021249097254186777
2020-05-29,0.003329571808130094
2020-06-01,0.005529917162414355
2020-06-02,-0.003987288103440401
2020-06-03,-0.010905613049619567
2020-06-04,-0.012560988400672768
2020-06-05,0.0233217235094636
2020-06-08,0.015331280698262839
2020-06-09,-0.0031288861069268536
2020-06-10,0.0147380245387021
2020-06-11,-0.016944844167526396
2020-06-12,-0.0042405461230758945
2020-06-15,0.0013737282411090401
2020-06-16,0.008780580485322265
2020-06-17,0.0038077517518015913
2020-06-18,-0.002709839351330179
2020-06-19,-0.003395829577338194
2020-06-22,-0.0035445757881553686
2020-06-23,-0.002462012855644735
2020-06-24,-0.012205399996381372
2020-06-25,0.008468925286174267
2020-06-26,-0.01541868889683462
2020-06-29,0.012723561164762476
2020-06-30,0.011459594319289002
2020-07-01,-0.003139445796948026
2020-07-02,0.0034231520605212395
2020-07-06,0.002319934159291881
2020-07-07,0.007079878949977747
2020-07-08,0.007029407190818127
2020-07-09,-0.015706603244464712
2020-07-10,0.004910072947202249
2020-07-13,-0.002985789411963813
2020-07-14,0.018921906213456463
2020-07-15,-0.002137749351768692
2020-07-16,0.003882884930857422
2020-07-17,0.008854046809326555
2020-07-20,-0.01329800058616859
2020-07-21,-0.002156068787166787
2020-07-22,0.0013504836106819074
2020-07-23,0.0012141891665327087
2020-07-24,0.0012122547557353869
2020-07-27,0.004440128966056944
2020-07-28,0.014199829996616842
2020-07-29,0.0064719026825481585
2020-07-30,0.00879267821691232
2020-07-31,0.0042930602440272025
2020-08-03,-0.00816098915266028
2020-08-04,0.002612283520703862
2020-08-05,-0.0076852255603205855
2020-08-06,-0.0042006220418046025
2020-08-07,0.005009146577118928
2020-08-10,0.005377724210800627
2020-08-11,-0.009001980234340068
2020-08-12,0.016851042718575515
2020-08-13,-0.0033660773672833377
2020-08-14,0.0009092567346802305
2020-08-17,0.0020765402685150036
2020-08-18,0.005698874314662206
2020-08-19,0.0038634275331062007
2020-08-20,0.003848778853744239
2020-08-21,0.005622911716473666
2020-08-24,0.005591580306943733
2020-08-25,-0.006824319463908601
2020-08-26,0.000763552706025239
2020-08-27,0.0052129389707815665
2020-08-28,0.003921063468921293
2020-08-31,-0.0013859456984055551
2020-09-01,-0.014761576789012243
2020-09-02,0.017672071921746246
2020-09-03,-0.022650012523831364
2020-09-04,-0.005922727293296459
2020-09-08,-0.020334104944868203
2020-09-09,0.02551558624716499
2020-09-10,-0.014954104938551316
2020-09-11,0.004449382842922178
2020-09-14,0.005211866820506561
2020-09-15,-0.0027218709262494256
2020-09-16,-0.0003900750468290859
2020-09-17,-0.002600177558421235
2020-09-18,-0.011471813795746244
2020-09-21,-0.008439681459255999
2020-09-22,0.011703377175250607
2020-09-23,-0.012225665727825907
2020-09-24,0.008251131574305903
2020-09-25,0.002507823156770339
2020-09-28,0.008690241258515474
2020-09-29,-0.005090692863059854
2020-09-30,0.012201380532474326
2020-10-01,-0.001166595479045296
2020-10-02,0.004412409434306319
2020-10-05,0.013177969260117939
2020-10-06,-0.011221557353600087
2020-10-07,0.007608798757703816
2020-10-08,0.007807760558498522
2020-10-09,0.013081087566271243
2020-10-12,0.010780928460178751
2020-10-13,-0.004588948270511262
2020-10-14,-0.004983509175294332
2020-10-15,-0.001878739404718055
2020-10-16,0.007527382099925761
2020-10-19,-0.013696812584466977
2020-10-20,0.007827385187979097
2020-10-21,0.004634720456341723
2020-10-22,-0.0058924822670777255
2020-10-23,0.0006307287476077228
2020-10-26,-0.008192800964602287
2020-10-27,0.0020332666123148435
2020-10-28,-0.02523770259782354
2020-10-29,-0.002472012933532608
2020-10-30,0.028955395389700822
2020-11-02,0.016098236374034514
2020-11-03,0.03680124223602488
2020-11-04,0.009024129038346818
2020-11-05,-0.01013593298599047
2020-11-06,0.0002411497130954121
2020-11-09,-0.015054875029751447
2020-11-10,0.019197766402589966
2020-11-11,0.018956339600050054
2020-11-12,-0.0023548722989462645
2020-11-13,0.007435372150961239
2020-11-16,0.0066776624356195136
2020-11-17,-0.006749943819918114
2020-11-18,-0.00867002338689793
2020-11-19,0.009100432027684624
2020-11-20,-0.0025765176720574656
2020-11-23,-0.007280397986680565
2020-11-24,0.002010759413377361
2020-11-25,0.0004722178023093271
2020-11-27,0.0017699809421489743
2020-11-30,0.008715975891661065
2020-12-01,0.007239792788121147
2020-12-02,-0.006028621348576069
2020-12-03,-0.0064144982974384535
2020-12-04,-0.0018782283926926935
2020-12-07,0.004233966239162612
2020-12-08,-0.0025765149355696515
2020-12-09,-0.0049313071437386835
2020-12-10,-0.0018880802673028052
2020-12-11,0.001064098263901192
2020-12-14,-0.005786314806212389
2020-12-15,0.006651476273508594
2020-12-16,0.0034216613677893193
2020-12-17,0.007290973983535842
2020-12-18,0.0031520200248320585
2020-12-21,-0.0072156556153541995
2020-12-22,-0.010666601908545736
2020-12-23,0.0003553631552855041
2020-12-24,0.0072247999394139395
2020-12-28,0.004351265624500389
2020-12-29,-0.004449401199935865
2020-12-30,-0.003528004406019969
2020-12-31,0.009205468866341215
2021-01-04,-0.013799301450618584
2021-01-05,0.0022529394364183553
2021-01-06,-0.026857391918160167
2021-01-07,-0.005471234763485988
2021-01-08,0.00672366720015205
2021-01-11,-0.00255008760490949
2021-01-12,0.0014609776967369204
2021-01-13,0.002795914898556573
2021-01-14,-0.006667426646369767
2021-01-15,-0.0007324799179289077
2021-01-19,-0.012579152022382023
2021-01-20,-0.00803968393812593
2021-01-21,-0.011471135069399785
2021-01-22,-0.0082444903744201
2021-01-25,0.005371529430210575
2021-01-26,0.0017810512710669801
2021-01-27,-0.009143069016250727
2021-01-28,0.014353451460509037
2021-01-29,-0.014529318713109474
2021-02-01,0.006666556522960221
2021-02-02,0.004202696450388066
2021-02-03,0.0003805229863194093
2021-02-04,0.0006339279121425623
2021-02-05,0.01190917737716024
2021-02-08,-0.002128193258502775
2021-02-09,-0.012547153814781109
2021-02-10,0.005209601938753083
2021-02-11,-0.008848437460146408
2021-02-12,0.00025485321287499474
2021-02-16,-0.003059729420684776
2021-02-17,0.0031972847313959107
2021-02-18,0.0035694984868137603
2021-02-19,-0.019308725609247124
2021-02-22,0.0009064609005546842
2021-02-23,0.0028471591553080877
2021-02-24,-0.010968992595798754
2021-02-25,0.0006522347558379771
2021-02-26,-0.019428592022672664
2021-03-01,0.005318808912401218
2021-03-02,-0.0023807280907747197
2021-03-03,-0.010739798180959936
2021-03-04,-0.0022786847467549665
2021-03-05,0.02176249080459347
2021-03-08,0.0051275860585302535
2021-03-09,-0.019751745509925978
2021-03-10,0.011476074908373768
2021-03-11,-0.006992139575248246
2021-03-12,0.0031886337804147846
2021-03-15,0.002251413196299401
2021-03-16,0.002378322958557666
2021-03-17,-0.0007909305733503347
2021-03-18,0.003561948954047933
2021-03-19,-0.014328962512720866
2021-03-22,0.01053608643525794
2021-03-23,0.02613182775430567
2021-03-24,0.00025712566869851017
2021-03-25,0.0015430115281078738
2021-03-26,0.017075744588214592
2021-03-29,0.008583474190181128
2021-03-30,-0.007133757475165536
2021-03-31,-0.006302997891626472
2021-04-01,-0.003551839487184294
2021-04-05,0.012475911966941311
2021-04-06,0.00414964432305398
2021-04-07,-0.00300525856551237
2021-04-08,0.00025119311405030764
2021-04-09,0.001757803767269861
2021-04-12,0.004763204284099709
2021-04-13,-0.005364323205153232
2021-04-14,-0.004138915192274051
2021-04-15,0.013349909537745619
2021-04-16,0.0029829539916568226
2021-04-19,-0.004089166372329589
2021-04-20,0.017642542023998065
2021-04-21,-0.0022131489450276653
2021-04-22,-0.0012321389204427158
2021-04-23,-0.015546079242512612
2021-04-26,-0.006391861223050244
2021-04-27,-0.009081716412712493
2021-04-28,0.0026730120117055556
2021-04-29,0.013330179536316988
2021-04-30,0.011024651813909436
2021-05-03,0.004584858110932233
2021-05-04,0.00024687896732622505
2021-05-05,0.0028363280380088174
2021-05-06,0.012174021945315916
2021-05-07,-0.001579104242184659
2021-05-10,0.014115105768912173
2021-05-11,-0.010799062001437876
2021-05-12,-0.004730659992467134
2021-05-13,0.014746885933960785
2021-05-14,0.0036033489090974147
2021-05-17,-0.00011976109528033518
2021-05-18,-0.005266284919031028
2021-05-19,0.001203182545139292
2021-05-20,0.010575505302342414
2021-05-21,0.0016650855973103784
2021-05-24,0.0020181425641609962
2021-05-25,0.002251216233130071
2021-05-26,-0.0018913507355806658
2021-05-27,-0.008764809513477023
2021-05-28,0.0010754706166136163
2021-06-01,-0.015516690175278569
2021-06-02,0.0048494903966924685
2021-06-03,0.01291032007763393
2021-06-04,0.00023820862295131917
2021-06-07,-0.0008336320272127606
2021-06-08,-0.011561410396406568
2021-06-09,-0.004461672043316267
2021-06-10,0.012596827684224099
2021-06-11,0.00035890978153707565
2021-06-14,-0.00263052310049694
2021-06-15,-0.0016784577837444248
2021-06-16,-0.01585197934595528
2021-06-17,0.005857251170987343
2021-06-18,-0.01710563122068165
2021-06-21,0.005184224083848221
2021-06-22,-0.001841937287796247
2021-06-23,-0.012793730025839722
2021-06-24,0.0038629926127133896
2021-06-25,0.011171823892631272
2021-06-28,0.0031916798363951226
2021-06-29,-0.005751278557669992
2021-06-30,0.0012305184769212385
2021-07-01,0.0047940463828315405
2021-07-02,-0.0004892982005398894
2021-07-06,0.0033048956352819125
2021-07-07,0.008417840865215576
2021-07-08,-0.003871531529895944
2021-07-09,0.0010932058032364633
2021-07-12,0.006065642430245877
2021-07-13,-0.003496813098659124
2021-07-14,0.00713936378436264
2021-07-15,0.004805791097799661
2021-07-16,0.009087573212899658
2021-07-19,-0.004976699941237839
2021-07-20,-0.009937921873729327
2021-07-21,-0.006167397217821113
2021-07-22,-0.004137249417896394
2021-07-23,0.017595342472630948
2021-07-26,0.00972601070744239
2021-07-27,-0.0016646385127726537
2021-07-28,-0.009172326099181838
2021-07-29,0.004087612227371196
2021-07-30,-0.048132284742114284
2021-08-02,0.0005030255897524594
2021-08-03,-0.001508423471861975
2021-08-04,-0.014731880970008548
2021-08-05,0.008306752404339424
2021-08-06,-0.003421907349071329
2021-08-09,-0.0036884324993710083
2021-08-10,0.004978325994131838
2021-08-11,0.0046995326136252125
2021-08-12,-0.003918931224861311
2021-08-13,0.008249820508001271
2021-08-16,0.00427984360969047
2021-08-17,0.003133690462351346
2021-08-18,-0.023366181061786895
2021-08-19,0.010363451421133707
2021-08-20,-0.002152816867533547
2021-08-23,-0.005330123851314594
2021-08-24,-0.009058349533602406
2021-08-25,-0.00025738475068770583
2021-08-26,-0.00437861109065274
2021-08-27,0.0016813334565508598
2021-08-30,0.002711974452756616
2021-08-31,0.0038636010701496026
2021-09-01,0.004874679303783935
2021-09-02,0.0024255160390553865
2021-09-03,-0.007768565668371363
2021-09-07,-0.012963486566973992
2021-09-08,0.011443121069289575
2021-09-09,-0.006171085918140418
2021-09-10,-0.003363752979814505
2021-09-13,0.004413499683855848
2021-09-14,-0.0010338308689543663
2021-09-15,-0.001164209138911576
2021-09-16,-0.009584315815847955
2021-09-17,-0.0031385101589541664
2021-09-20,-0.0007869603507946188
2021-09-21,0.0028881975269499094
2021-09-22,0.0005237242933535668
2021-09-23,0.003139932893932107
2021-09-24,-0.0005218116960848951
2021-09-27,-0.008090717232627997
2021-09-28,-0.0024997688770114213
2021-09-29,0.0166183004472904
2021-09-30,-0.019460102318985206
2021-10-01,0.0
2021-10-04,-0.006880272845483759
2021-10-05,-0.008526616756489469
2021-10-06,0.009137533318970714
2021-10-07,0.006524624276372348
2021-10-08,0.0
2021-10-11,0.0027782363058377335
2021-10-12,-0.0017149375909629727
2021-10-13,0.0052858555297745635
2021-10-14,0.006967464259033607
2021-10-15,-0.004569558673376384
2021-10-18,-0.01272124435159705
2021-10-19,-0.0066415799171740675
2021-10-20,0.010358881683041776
2021-10-21,-0.0027960732224241447
2021-10-22,0.00814484855385289
2021-10-25,-0.004767985070639358
2021-10-26,0.013574806695777708
2021-10-27,-0.0034139146626398498
2021-10-28,0.012911760303540909
2021-10-29,-0.008974821690184154
2021-11-01,-0.0031502327120094265
2021-11-02,0.004213291402348274
2021-11-03,0.013111293930347934
2021-11-04,0.0002589940567281346
2021-11-05,0.0071159091389474405
2021-11-08,-0.0012847380127080088
2021-11-09,0.003987618141175098
2021-11-10,0.005509467418149505
2021-11-11,-0.006243644891794076
2021-11-12,0.0005129922775424234
2021-11-15,0.0034601747167650743
2021-11-16,-0.005364028477998661
2021-11-17,-0.0038523410878531505
2021-11-18,-0.015338848352445478
2021-11-19,0.01060349234389224
2021-11-22,0.0046630969160832425
2021-11-23,0.0047707348788723625
2021-11-24,-0.0021814678339380222
2021-11-26,-0.009002202958601657
2021-11-29,0.00843521586347551
2021-11-30,-0.034615951435086
2021-12-01,0.004932037411088608
2021-12-02,0.0011937072820125127
2021-12-03,0.017090508902210866
2021-12-06,0.023577125876513616
2021-12-07,-0.009799046464591621
2021-12-08,-0.0006425095364140931
2021-12-09,0.003086521649277696
2021-12-10,0.018845879175688696
2021-12-13,0.021014370238046753
2021-12-14,0.012201087481309214
2021-12-15,0.007670930809495102
2021-12-16,0.014378674345606024
2021-12-17,-0.017510271381307008
2021-12-20,0.00048496521923224734
2021-12-21,-0.005211227800541285
2021-12-22,0.004507470533603231
2021-12-23,0.004002060414707076
2021-12-27,0.013528080399108022
2021-12-28,0.006554606790145856
2021-12-29,0.005327982422760114
2021-12-30,-0.0037686904399517607
2021-12-31,0.008866257859010629
2022-01-03,-0.008788338186497047
2022-01-04,0.003310275866832635
2022-01-05,0.004123922541634961
2022-01-06,-0.006571216164022009
2022-01-07,-0.0025989699226186547
2022-01-10,-0.008644908453046107
2022-01-11,-0.00645088121982762
2022-01-12,-0.003606913657055233
2022-01-13,-0.003982259317871217
2022-01-14,0.011024812998971179
2022-01-18,-0.003954282935885733
2022-01-19,0.01130888149710918
2022-01-20,-0.009160133523514635
2022-01-21,0.01001907986342876
2022-01-24,0.0
2022-01-25,-0.023066423643188227
2022-01-26,-0.0042820287045314265
2022-01-27,0.01609531642700901
2022-01-28,0.004232422994500995
2022-01-31,-0.007224846147979802
2022-02-01,-0.006428111717549201
2022-02-02,0.010742320419334428
2022-02-03,-0.0008453219942911039
2022-02-04,-0.019460959187499682
2022-02-07,0.0
2022-02-08,-0.002465545871712882
2022-02-09,-0.0006179611768349913
2022-02-10,-0.014220255478698873
2022-02-11,-0.0023835375040854867
2022-02-14,-0.0033948134238978023
2022-02-15,-0.008579326819992739
2022-02-16,-0.003054163452498093
2022-02-17,0.010339353352845304
2022-02-18,0.0050539296704310566
2022-02-22,-0.008799824674628365
2022-02-23,-0.0026632165023328103
2022-02-24,-0.03891145992557532
2022-02-25,0.0338712964443717
2022-02-28,-0.015229074795459985
2022-03-01,-0.011825593822180847
2022-03-02,0.00867933965892731
2022-03-03,0.00912691768977858
2022-03-04,-0.0005172159323499903
2022-03-07,-0.008789933920914872
2022-03-08,-0.02360451267893604
2022-03-09,0.008948729413072565
2022-03-10,-0.022504770275577957
2022-03-11,-0.0009476720230737756
2022-03-14,0.0025754471268615298
2022-03-15,0.020686724652743127
2022-03-16,-0.004503781795220263
2022-03-17,-0.0002662956324979149
2022-03-18,-0.03899908846139544
2022-03-21,0.027008488204856018
2022-03-22,0.004720226517208381
2022-03-23,-0.011678027521986323
2022-03-24,0.0002719055988795738
2022-03-25,0.015342563079021154
2022-03-28,0.008157326439391266
2022-03-29,0.010744152531162454
2022-03-30,0.0020995953880922347
2022-03-31,-0.006940670302147289
2022-04-01,0.007780465564150685
2022-04-04,0.0022247032752649165
2022-04-05,0.0112284950798891
2022-04-06,0.017559866391995138
2022-04-07,0.02042884275863699
2022-04-08,-0.002113842576352054
2022-04-11,0.002367589223114752
2022-04-12,0.006961702443413209
2022-04-13,-0.000123531578488989
2022-04-14,-0.0006172224090835732
2022-04-18,-0.011490090073850268
2022-04-19,0.007499150378806663
2022-04-20,0.017344463347784833
2022-04-21,0.006991333742401906
2022-04-22,-0.012180131387170556
2022-04-25,0.008754277598321591
2022-04-26,-0.015768113232219383
2022-04-27,0.002111293099724687
2022-04-28,0.006568428948602989
2022-04-29,-0.05134190251083304
2022-05-02,-0.02426992343627754
2022-05-03,-0.009178112631782809
2022-05-04,0.03369554790629148
2022-05-05,-0.011818048316426077
2022-05-06,0.009856882297655911
2022-05-09,0.010801501995048257
2022-05-10,-0.012874628383859665
2022-05-11,0.0010431371166330639
2022-05-12,0.010423400511059944
2022-05-13,0.010960861913821063
2022-05-16,0.004209357784373591
2022-05-17,0.0005078168304377684
2022-05-18,-0.03884726018539564
2022-05-19,-0.007792972630215389
2022-05-20,0.00013308264498079758
2022-05-23,0.01850118200716344
2022-05-24,0.02090978688791556
2022-05-25,-0.008064658214189113
2022-05-26,0.008646487912030043
2022-05-27,0.008955664551939968
2022-05-31,-0.0006338555578524474
2022-06-01,-0.007740138654041662
2022-06-02,0.013682783734616732
2022-06-03,-0.0042888598189220195
2022-06-06,-0.0019006104570330473
2022-06-07,-0.0008885079918118377
2022-06-08,-0.010672101231509856
2022-06-09,-0.013098748802298665
2022-06-10,-0.0028628739672688086
2022-06-13,-0.0057415417820742
2022-06-14,-0.02520037120582508
2022-06-15,-0.001480996011431146
2022-06-16,-0.003236218261139512
2022-06-17,0.0016233626865402861
2022-06-21,0.032685126013555665
2022-06-22,0.018963856333363394
2022-06-23,0.012450335385240097
2022-06-24,0.019016275872560495
2022-06-27,-0.006220434301500988
2022-06-28,-0.01251884378234891
2022-06-29,0.01001540719354832
2022-06-30,0.005899214934553809
2022-07-01,0.02283505023172161
2022-07-05,-0.011833664495628171
2022-07-06,0.0002470471606721425
2022-07-07,-0.019254543329436324
2022-07-08,-0.013969277153358717
2022-07-11,0.004467026306499422
2022-07-12,-0.004955590179258285
2022-07-13,0.0015323584965332149
2022-07-14,-0.0011473003082200783
2022-07-15,-0.002425374802676572
2022-07-18,-0.013179845651062227
2022-07-19,0.0053163805907383566
2022-07-20,-0.018816307296238288
2022-07-21,0.007274069135292605
2022-07-22,0.01720057905686967
2022-07-25,0.004905201423184069
2022-07-26,0.008734683131770504
2022-07-27,0.0029285965904355393
2022-07-28,0.005459730005830776
2022-07-29,-0.0056824864532389885
2022-08-01,0.029972208056105787
2022-08-02,-0.010357632924875015
2022-08-03,0.014577718915842697
2022-08-04,-0.00663154442624736
2022-08-05,-0.00568691447622327
2022-08-08,0.0047246798703215465
2022-08-09,-0.009281050097964205
2022-08-10,0.0034973943230498516
2022-08-11,-0.010455513595420296
2022-08-12,0.009937026753969569
2022-08-15,0.011832243976928503
2022-08-16,0.01157066043514754
2022-08-17,-0.00012200865723188681
2022-08-18,0.008275668734387454
2022-08-19,0.0050694774093735795
2022-08-22,-0.01573200946175335
2022-08-23,-0.012200934772329308
2022-08-24,0.0004938711810735796
2022-08-25,-0.0009874570503209945
2022-08-26,-0.02113205958012243
2022-08-29,0.004797449468241011
2022-08-30,-0.007413001901418914
2022-08-31,-0.010000126505125828
2022-09-01,0.02032995658102199
2022-09-02,-0.020426037492851434
2022-09-06,-0.005117077646701773
2022-09-07,0.010029571108329804
2022-09-08,-0.009038742952300116
2022-09-09,0.0024408899261145756
2022-09-12,-0.001665955240405026
2022-09-13,-0.03170744249204249
2022-09-14,0.008352019836508573
2022-09-15,-0.01091214217201164
2022-09-16,0.006114447411429413
2022-09-19,0.004227683420398698
2022-09-20,-0.011182605649930677
2022-09-21,-0.003459357939242791
2022-09-22,0.006141387866381409
2022-09-23,0.0022557683950237273
2022-09-26,-0.007016925086206771
2022-09-27,-0.03226655220095287
2022-09-28,0.004546531377928709
2022-09-29,-0.015635736823915725
2022-09-30,-0.02117875711982231
2022-10-03,0.012241762388397248
2022-10-04,0.01026609811089152
2022-10-05,-0.010161776318227567
2022-10-06,-0.0217969548105984
2022-10-07,-0.008194316784029154
2022-10-10,-0.007392619705285486
2022-10-11,0.008323910095311415
2022-10-12,0.0008687618026683719
2022-10-13,0.02749248182997799
2022-10-14,0.004506314412073165
2022-10-17,0.01135564174879633
2022-10-18,0.01081219370447517
2022-10-19,-0.016044642444900448
2022-10-20,-0.014450202817976265
2022-10-21,0.01736669094764398
2022-10-24,0.007695578299070416
2022-10-25,0.010274956298299331
2022-10-26,0.009208338361835322
2022-10-27,-0.002723918683635085
2022-10-28,0.019254311741619512
2022-10-31,-0.010718065582310699
2022-11-01,-0.0013542871653077215
2022-11-02,-0.013154113398785139
2022-11-03,-0.005222139428751937
2022-11-04,0.011051312540098834
2022-11-07,0.004235708375914804
2022-11-08,0.004217399935847688
2022-11-09,-0.004741821716456318
2022-11-10,0.0205555421385899
2022-11-11,-0.005335496826349817
2022-11-14,0.0
2022-11-15,0.010057501213288855
2022-11-16,0.00916126803013495
2022-11-17,-0.00947263823494049
2022-11-18,0.015540041575583086
2022-11-21,0.0060162714465044065
2022-11-22,-0.0071503242900168296
2022-11-23,0.00733257000126275
2022-11-25,-0.0020798455026316276
2022-11-28,-0.005079904531165469
2022-11-29,-0.0053679474901987545
2022-11-30,0.019876288986681923
2022-12-01,0.0034847260561234883
2022-12-02,0.005402000530047024
2022-12-05,-0.01343223106648106
2022-12-06,0.001166681000437375
2022-12-07,0.004403789360560406
2022-12-08,0.007608015369872101
2022-12-09,-0.004607265457038157
2022-12-12,0.010671350710793837
2022-12-13,0.0017808292212522225
2022-12-14,0.007491980517833063
2022-12-15,-0.018401937791080236
2022-12-16,-0.0015404646263678101
2022-12-19,0.0028293796672729243
2022-12-20,-0.0037193180265813197
2022-12-21,0.016733263541568233
2022-12-22,0.003671453347836806
2022-12-23,0.002144145982590162
2022-12-27,0.00616772179840086
2022-12-28,-0.014010621628313014
2022-12-29,0.0069779615605012335
2022-12-30,-0.00730774964743941
2023-01-03,0.004315271489543804
2023-01-04,0.006445043477921075
2023-01-05,-0.013812129008577312
2023-01-06,0.018334479680843563
2023-01-09,-0.01562879182473298
2023-01-10,-0.005334552234277923
2023-01-11,-0.015068357768484697
2023-01-12,-0.003759990706589389
2023-01-13,0.013144183671189191
2023-01-17,0.004881376059660436
2023-01-18,-0.0244151292889071
2023-01-19,-0.014675279308759337
2023-01-20,0.009500975323371685
2023-01-23,0.0007952129424391163
2023-01-24,0.005827927671912869
2023-01-25,-0.0022385170836020096
2023-01-26,-0.0031676383867222935
2023-01-27,-0.05216475879139315
2023-01-30,0.01801924639106156
2023-01-31,0.022640174491842302
2023-02-01,0.006171903110702592
2023-02-02,-0.016802163345528642
2023-02-03,0.007595147196286733
2023-02-06,-0.005922741249350327
2023-02-07,-0.005416290550587899
2023-02-08,-0.0012254671226329394
2023-02-09,-0.007224575661596844
2023-02-10,0.009886197300208899
2023-02-13,0.002990890105652566
2023-02-14,-0.007997747817375833
2023-02-15,-0.006559055368718147
2023-02-16,0.0009628998771011865
2023-02-17,0.024048339617575465
2023-02-21,-0.003489260853395182
2023-02-22,0.0020200585750556055
2023-02-23,-0.010079170034070328
2023-02-24,-0.0071952603681642024
2023-02-27,0.006426854333703158
2023-02-28,-0.004076016191107645
2023-03-01,-0.010231910732291238
2023-03-02,0.01681580708606112
2023-03-03,0.002440083764003953
2023-03-06,-0.008924794588321405
2023-03-07,-0.02442370272906924
2023-03-08,0.006433568205324036
2023-03-09,-0.00861586098821221
2023-03-10,-0.0004204574722400656
2023-03-13,0.0026643198544733515
2023-03-14,0.010349584351680097
2023-03-15,0.009551610220058349
2023-03-16,0.0002744525890636673
2023-03-17,-0.01028122175161128
2023-03-20,0.012188378062174099
2023-03-21,-0.00957859896847224
2023-03-22,-0.003453877131270766
2023-03-23,-0.004159196683944377
2023-03-24,0.02213560695226957
2023-03-27,0.009942897212228186
2023-03-28,0.004720024674963241
2023-03-29,-0.0004027318462649365
2023-03-30,0.010473943556816412
2023-03-31,-0.001328665789773753
2023-04-03,0.0027944161180140092
2023-04-04,-0.00835988735008597
2023-04-05,0.00843036424549859
2023-04-06,0.004246210224107649
2023-04-10,-0.007135395990273574
2023-04-11,0.011711591865956938
2023-04-12,0.0003946792975388913
2023-04-13,0.006180089702540803
2023-04-14,-0.01215363190103258
2023-04-17,0.0014550330073168638
2023-04-18,-0.002113356096442587
2023-04-19,0.0006618358289569581
2023-04-20,0.016642047008906813
2023-04-21,0.005762217574516226
2023-04-24,0.014062317381928757
2023-04-25,-0.0023110808992847787
2023-04-26,-0.013127288782047608
2023-04-27,0.01630141179624367
2023-04-28,0.02399587205047582
2023-05-01,0.011153114143295895
2023-05-02,0.0019826205008617315
2023-05-03,0.005071381402788067
2023-05-04,-0.005784010344744406
2023-05-05,-0.0024756062420409064
2023-05-08,0.0019853801198745913
2023-05-09,-0.0013623624339853535
2023-05-10,0.00570461615913298
2023-05-11,0.006534997008108334
2023-05-12,0.004287853297277211
2023-05-15,-0.010978468772186667
2023-05-16,-0.0038233710979230784
2023-05-17,-0.003218816441005634
2023-05-18,-0.010185193780088864
2023-05-19,0.003011653038128337
2023-05-22,-0.01901659840435188
2023-05-23,-0.01747235749386089
2023-05-24,-0.00726877117441882
2023-05-25,-0.0030074535422345283
2023-05-26,-0.0005247277006799056
2023-05-30,-0.016533224403168734
2023-05-31,-0.007605054382700427
2023-06-01,0.006991231547285537
2023-06-02,0.015353833721678978
2023-06-05,0.0026297984867247326
2023-06-06,-0.008918052371808205
2023-06-07,-0.004896157105776067
2023-06-08,0.007047823770424344
2023-06-09,0.001452458717192906
2023-06-12,-0.0015820578470959745
2023-06-13,-0.006339320138850746
2023-06-14,0.0023922778096820974
2023-06-15,0.018297593230025777
2023-06-16,0.0127603633417539
2023-06-20,-0.0020569005920575423
2023-06-21,0.0
2023-06-22,0.004895738443395636
2023-06-23,-0.011410285019140765
2023-06-26,-0.006095301337508463
2023-06-27,-0.011873741973981389
2023-06-28,0.0023770110844416603
2023-06-29,0.008562607997250948
2023-06-30,0.00626966256046968
2023-07-03,0.0012982109180728063
2023-07-05,-0.0035001874058673277
2023-07-06,0.0005203908974036331
2023-07-07,-0.01716302728781849
2023-07-10,0.003968703247581917
2023-07-11,-0.006588358174154374
2023-07-12,-0.003050722837230846
2023-07-13,0.009313285769729562
2023-07-14,0.0076457082785763575
2023-07-17,-0.011250607760942999
2023-07-18,0.00343984889459259
2023-07-19,0.007647831443820863
2023-07-20,0.013958211486446936
2023-07-21,0.0024675848189503746
2023-07-24,0.0037571299656822266
2023-07-25,0.004646316880212886
2023-07-26,0.001541677878574177
2023-07-27,-0.010903169761203979
2023-07-28,-0.019322930080693634
2023-07-31,0.008463419499413538
2023-08-01,0.004982743383218358
2023-08-02,0.011743419801626409
2023-08-03,-0.012380830859916814
2023-08-04,-0.004178505348053085
2023-08-07,0.008392181747358007
2023-08-08,-0.007412172556789387
2023-08-09,0.0020960954520607977
2023-08-10,-0.002745344622336887
2023-08-11,0.008127850573422801
2023-08-14,-0.01534438098026969
2023-08-15,-0.014263361447710676
2023-08-16,-0.0029474423421971263
2023-08-17,-0.005643628004266765
2023-08-18,0.007432549748617179
2023-08-21,-0.01006039320817953
2023-08-22,-0.003929496717989478
2023-08-23,0.0
2023-08-24,-0.0025846280190927606
2023-08-25,0.006955835503480889
2023-08-28,-0.002573533467724376
2023-08-29,-0.002308536455769228
2023-08-30,0.005171961609774067
2023-08-31,-0.005145350056811271
2023-09-01,-0.0027223310379322907
2023-09-05,-0.006687574464412038
2023-09-06,-0.006320383596429391
2023-09-07,0.017145919801531573
2023-09-08,-0.004893810574217561
2023-09-11,0.010245824069335718
2023-09-12,-0.0193373488771883
2023-09-13,0.004274685867682093
2023-09-14,0.008650255733724688
2023-09-15,-0.003947683947875258
2023-09-18,0.009293242542127489
2023-09-19,-0.008530673574277947
2023-09-20,0.0073750747470107125
2023-09-21,-0.007321081225741932
2023-09-22,-0.01051633048370404
2023-09-25,-0.0031745310947977057
2023-09-26,-0.003046207035488857
2023-09-27,-0.013194500206510695
2023-09-28,0.003659448322430592
2023-09-29,-0.0028046793778686574
2023-10-02,-0.004921937376965557
2023-10-03,-0.004098316255134793
2023-10-04,0.0012770706107865237
2023-10-05,-0.018282388469010424
2023-10-06,0.0023099602886955672
2023-10-09,-0.0017283049821694707
2023-10-10,0.002596888181382262
2023-10-11,-0.00892215368622895
2023-10-12,0.012051573438837115
2023-10-13,0.017934099684984384
2023-10-16,0.016913462959396774
2023-10-17,-0.0009701980095999652
2023-10-18,0.013734554788271902
2023-10-19,0.0016424278600528641
2023-10-20,0.007701701607996103
2023-10-23,-0.017878980699314928
2023-10-24,0.01222890839067281
2023-10-25,0.007825510491137333
2023-10-26,-0.0044953686863676845
2023-10-27,-0.01765180256025012
2023-10-30,0.02911243184180945
2023-10-31,0.01678419068419479
2023-11-01,-0.002529225758057585
2023-11-02,-0.0017350334572002746
2023-11-03,0.0002673676840179162
2023-11-06,0.0052125413137529275
2023-11-07,0.0002659101500046557
2023-11-08,0.0001328670052946901
2023-11-09,-0.0013291261559607026
2023-11-10,0.003859447935090854
2023-11-13,0.006893921013018334
2023-11-14,0.00934830608171544
2023-11-15,-0.01552316791962105
2023-11-16,0.006757716993468277
2023-11-17,-0.005264515762590016
2023-11-20,-0.0014555035447132436
2023-11-21,0.01457541031511278
2023-11-22,0.009272507216577797
2023-11-24,0.00038813001708870587
2023-11-27,-0.0025869741934676505
2023-11-28,0.009856122605502726
2023-11-29,0.0001281587097901049
2023-11-30,0.01142809180447557
2023-12-01,-0.0008886736807164342
2023-12-04,0.003557755695735576
2023-12-05,-0.016459828995442405
2023-12-06,-0.002703430544292118
2023-12-07,0.0019364026390371603
2023-12-08,-0.005797571879681218
2023-12-11,0.006090330565811097
2023-12-12,0.012236077392775657
2023-12-13,0.010179460111596983
2023-12-14,-0.03929979328625488
2023-12-15,0.00930908491799265
2023-12-18,0.01402960748014892
2023-12-19,0.0008967567163256085
2023-12-20,-0.009983218137408212
2023-12-21,0.007239595971695989
2023-12-22,0.007572959766296572
2023-12-26,0.006878874350213726
2023-12-27,0.0007591756981877307
2023-12-28,0.001770032740942229
2023-12-29,0.0059312313544641615
2024-01-02,0.01267111044939151
2024-01-03,-0.010282633859101109
2024-01-04,0.005632840035326714
2024-01-05,-0.00448105084547612
2024-01-08,0.005251374959816646
2024-01-09,0.005223942081180155
2024-01-10,-0.003340852443491582
2024-01-11,0.00012399319544242893
2024-01-12,0.004344836781571271
2024-01-16,-0.005932741154078935
2024-01-17,0.006589631464923196
2024-01-18,-0.0016056103274079137
2024-01-19,0.0003732427631584212
2024-01-22,0.000497798365565405
2024-01-23,0.012310211967967
2024-01-24,-0.016336909157218527
2024-01-25,0.014235673409362049
2024-01-26,0.019822704269626623
2024-01-29,0.013642416992936779
2024-01-30,0.0032158783370643818
2024-01-31,-0.0003562368172482788
2024-02-01,0.022802879231925033
2024-02-02,-0.01741755270807499
2024-02-05,-0.006263331094243818
2024-02-06,-0.0041622031664929615
2024-02-07,0.00143300285527026
2024-02-08,0.004769809643002887
2024-02-09,-0.00949433312431558
2024-02-12,0.0011981910631444492
2024-02-13,-0.001077090844916584
2024-02-14,0.002875276270836391
2024-02-15,-0.001672420075597536
2024-02-16,-0.0010769619688899557
2024-02-20,0.013536192647074063
2024-02-21,0.008273338649624762
2024-02-22,0.00808805578749805
2024-02-23,0.0029069607506198025
2024-02-26,-0.0011592493542709192
2024-02-27,0.003017875942222359
2024-02-28,0.004629141212352472
2024-02-29,-0.003340672062370542
2024-03-01,-0.0003468079856799866
2024-03-04,0.003931094294839177
2024-03-05,-0.0011515967188212572
2024-03-06,0.005188341751894088
2024-03-07,0.01101176000646209
2024-03-08,-0.0007942261006119722
2024-03-11,0.0006812295907581145
2024-03-12,0.0071486676075813715
2024-03-13,0.004957203297220714
2024-03-14,-0.009529201501926932
2024-03-15,0.001131784324037266
2024-03-18,-0.002035087018559145
2024-03-19,0.0056645870486917715
2024-03-20,-0.004731359014029546
2024-03-21,0.004753851190712144
2024-03-22,0.004844001958636879
2024-03-25,-0.006278126650998583
2024-03-26,0.0029332789576668183
2024-03-27,0.011811012097352469
2024-03-28,0.0011118278600812381
2024-04-01,-0.010994013201012565
2024-04-02,0.0
2024-04-03,-0.010779131014411525
2024-04-04,-0.00794559753637869
2024-04-05,0.0054920653825469845
2024-04-08,-0.001820808763572046
2024-04-09,-0.0007979389513773638
2024-04-10,-0.012435781466519136
2024-04-11,-0.006469512627862217
2024-04-12,-0.0017441581110825277
2024-04-15,0.0037272676584552134
2024-04-16,0.0
2024-04-17,0.006731060672617417
2024-04-18,-0.0004611543585358868
2024-04-19,0.010671649758966728
2024-04-22,0.013772434129166511
2024-04-23,0.0028303808591798596
2024-04-24,0.0032738937685732328
2024-04-25,0.004725955791210268
2024-04-26,0.019262991576178612
2024-04-29,-0.00571366150309538
2024-04-30,0.015802926317011634
2024-05-01,-0.00021767576699782687
2024-05-02,0.010990241958511948
2024-05-03,-0.0003229501253446676
2024-05-06,0.0032301224855018074
2024-05-07,0.009658746449701772
2024-05-08,-0.006483848506857237
2024-05-09,0.006526163160118559
2024-05-10,0.010841749410697599
2024-05-13,-0.0067298193017670815
2024-05-14,0.0011646090330035275
2024-05-15,-0.00042290358254304383
2024-05-16,0.0
2024-05-17,-0.004231571526323474
2024-05-20,0.0027622641220264033
2024-05-21,0.008263466727093105
2024-05-22,-0.004308071828713178
2024-05-23,-0.010869525646189482
2024-05-24,-0.004587562697024761
2024-05-28,-0.014576712638313505
2024-05-29,-0.007069853433403717
2024-05-30,-0.003943399865985353
2024-05-31,0.022324722435892008
2024-06-03,-0.005271030988561187
2024-06-04,0.014491172127405694
2024-06-05,-0.0015990081669601253
2024-06-06,0.003416686303997496
2024-06-07,-0.0009578195651811505
2024-06-10,0.00010672127767574757
2024-06-11,0.0006389233757031487
2024-06-12,-0.007769160489914606
2024-06-13,0.01641089356832337
2024-06-14,-0.0014772361337220818
2024-06-17,0.014055996612593491
2024-06-18,0.011047518843366522
2024-06-20,-0.0006185212565461562
2024-06-21,0.003300579050942609
2024-06-24,0.017682825041215322
2024-06-25,-0.00292968347791267
2024-06-26,-0.004761765936453499
2024-06-27,-0.0006108393210033647
2024-06-28,-0.011510652894614726
2024-07-01,-0.015457524247821652
2024-07-02,0.006070705438539603
2024-07-03,-0.0023928296191114695
2024-07-05,0.012097176753071093
2024-07-08,0.00546115093034838
2024-07-09,-0.005533933286029358
2024-07-10,0.0036068041352892433
2024-07-11,0.0037991306382163526
2024-07-12,0.0031709758109033093
2024-07-15,-0.008361278211868828
2024-07-16,0.0015422854687363596
2024-07-17,0.02043114273754698
2024-07-18,-0.008853785222739274
2024-07-19,0.0007140824184186378
2024-07-22,-0.0013255021653739707
2024-07-23,-0.014292788493011077
2024-07-24,0.0005177256396675656
2024-07-25,-0.0011386815809916184
2024-07-26,0.03005492776234875
2024-07-29,0.014991424726110703
2024-07-30,-0.0038659807764964693
2024-07-31,-0.012936589419061728
2024-08-01,0.01754201222195184
2024-08-02,0.018626828361389958
2024-08-05,-0.01789713127223591
2024-08-06,0.016737703080332178
2024-08-07,-0.0022404196320787717
2024-08-08,0.00273360832643621
2024-08-09,-0.006231159656444385
2024-08-12,-0.007739869464264193
2024-08-13,-0.006812763607177086
2024-08-14,0.01580675848074886
2024-08-15,-0.007242108850428974
2024-08-16,0.005421912487024283
2024-08-19,-0.0013726625462060493
2024-08-20,0.011880159394723533
2024-08-21,0.003978274503665613
2024-08-22,0.004638987093041669
2024-08-23,0.002501228626974772
2024-08-26,0.008444603868709821
2024-08-27,0.007897939392049969
2024-08-28,-0.0012273172766503748
2024-08-29,0.00018898767421360319
2024-08-30,0.006521165052895572
2024-09-03,0.012018751681437845
2024-09-04,0.009185386699909204
2024-09-05,-0.0022065081340021386
2024-09-06,-0.006173298265850113
2024-09-09,-0.006953449007184753
2024-09-10,-0.002520874558633923
2024-09-11,-0.006645427408135118
2024-09-12,0.0019786382044608697
2024-09-13,-0.005736182550230007
2024-09-16,-0.002837530359951712
2024-09-17,-0.008251884121880049
2024-09-18,-0.013198174193756795
2024-09-19,-0.011339486640424612
2024-09-20,0.010293142551746515
2024-09-23,0.0024257937512932592
2024-09-24,0.004646247110064339
2024-09-25,-0.0003853339797905697
2024-09-26,-0.006650720056083359
2024-09-27,0.005821935279165746
2024-09-30,0.0014470215091406669
2024-10-01,-0.014256789479636378
2024-10-02,-0.0026386288277707726
2024-10-03,-0.020478137339194236
2024-10-04,-0.009302776701835214
2024-10-07,-0.004745434045752339
2024-10-08,0.020391550759269128
2024-10-09,0.004175793766882041
2024-10-10,-0.01742582724099251
2024-10-11,0.008665896245999338
2024-10-14,0.006293726565973934
2024-10-15,0.008140592492951848
2024-10-16,-0.0035450410329858073
2024-10-17,-0.0065224153342170466
2024-10-18,0.004298686176743116
2024-10-21,-0.010949618804240946
2024-10-22,0.003119964790542218
2024-10-23,-0.006922801064866646
2024-10-24,0.0076783136708957755
2024-10-25,-0.04140765368950694
2024-10-28,0.0013597204669957286
2024-10-29,-0.010653827463642851
2024-10-30,-0.0006335166442547058
2024-10-31,-0.010035931873345283
2024-11-01,-0.004055102278313516
2024-11-04,0.0030001928606304684
2024-11-05,0.006943690133132563
2024-11-06,-0.042860183736143975
2024-11-07,0.006096158754955061
2024-11-08,0.019830332582889243
2024-11-11,-0.006589547548311647
2024-11-12,-0.005002227010202698
2024-11-13,-0.004699427185472449
2024-11-14,0.0041724839191552565
2024-11-15,0.023072793575632078
2024-11-18,0.011329732660718905
2024-11-19,-0.01067427832300527
2024-11-20,0.0032047290358068192
2024-11-21,0.003620478864615695
2024-11-22,0.007108765094184566
2024-11-25,0.004424700606979526
2024-11-26,0.013006153289545574
2024-11-27,0.0018637873692743945
2024-11-29,-0.0013435600804547754
2024-12-02,0.00496739397167012
2024-12-03,-0.025744079756852
2024-12-04,0.00211401365937669
2024-12-05,0.003058722360814281
2024-12-06,-0.0091481853234332
2024-12-09,-0.013689912340673738
2024-12-10,0.01022157875299956
2024-12-11,-0.012035341166258484
2024-12-12,0.008624366370393322
2024-12-13,-0.001282493846991195
2024-12-16,-0.005565108320042533
2024-12-17,0.006134200622232688
2024-12-18,-0.00791517363451899
2024-12-19,0.001832879576665336
2024-12-20,-0.009578157283961275
2024-12-23,-0.0013038996128869051
2024-12-24,0.005222492397570777
2024-12-26,-0.0002164978230081438
2024-12-27,-0.006062579486905806
2024-12-30,-0.011109873975315487
2024-12-31,0.0013217936074980674
