Date,CSX
2015-01-05,-0.02705685954848136
2015-01-06,-0.039851256041732896
2015-01-07,0.013138551115286834
2015-01-08,0.01591486958276045
2015-01-09,-0.0020305244525812283
2015-01-12,-0.014244452630836402
2015-01-13,-0.01061627320337466
2015-01-14,0.0029809816504977604
2015-01-15,0.013670017556892677
2015-01-16,0.02198734145696557
2015-01-20,-0.009179337648665187
2015-01-21,0.0046320428860622265
2015-01-22,0.015850192236564364
2015-01-23,-0.022127605787106708
2015-01-26,0.014215235591973574
2015-01-27,-0.01830664299448015
2015-01-28,-0.018065578757959
2015-01-29,0.0017809886066935121
2015-01-30,-0.01362587801690951
2015-02-02,0.011411539491564149
2015-02-03,0.029097636338036637
2015-02-04,-0.0025971957404006263
2015-02-05,0.018224298837631547
2015-02-06,0.0068176924116165605
2015-02-09,-0.00394970826537222
2015-02-10,0.006515191659088204
2015-02-11,0.011539651294788733
2015-02-12,0.017529319234105945
2015-02-13,-0.013399213012354805
2015-02-17,-0.0063746251786531705
2015-02-18,-0.012831325488097622
2015-02-19,0.003955954330769451
2015-02-20,0.0005633702346055092
2015-02-23,0.00618817935632765
2015-02-24,-0.00559119068051972
2015-02-25,-0.005648211106082934
2015-02-26,-0.02556094457743885
2015-02-27,0.0
2015-03-02,0.010492343339233656
2015-03-03,-0.015863872921789146
2015-03-04,0.0035171538813578707
2015-03-05,-0.01051399064523717
2015-03-06,-0.005903182810704899
2015-03-09,0.008016406187426384
2015-03-10,-0.015316494301503503
2015-03-11,0.006880107815889103
2015-03-12,0.015448351673106986
2015-03-13,-0.001462523892765688
2015-03-16,0.015528959324281555
2015-03-17,-0.0008658067326541286
2015-03-18,0.012417130157753364
2015-03-19,-0.008842077782531876
2015-03-20,0.011798508304277533
2015-03-23,-0.04152455275987732
2015-03-24,0.0017806432677098805
2015-03-25,-0.013329645533972978
2015-03-26,-0.0012004570963503047
2015-03-27,-0.002103980378313053
2015-03-30,0.004517789807969574
2015-03-31,-0.006896511481911949
2015-04-01,0.00996387694455958
2015-04-02,-0.0038863089383400773
2015-04-06,-0.002400796949390882
2015-04-07,0.009325602928103471
2015-04-08,-0.008941922208256958
2015-04-09,0.01624076362446747
2015-04-10,-0.0011835032809225376
2015-04-13,-0.019852214363831777
2015-04-14,0.0039298796521265444
2015-04-15,-0.010538709473078667
2015-04-16,-0.013390147693921328
2015-04-17,0.027143443791896038
2015-04-20,0.0477480640872634
2015-04-21,0.013184117398161277
2015-04-22,0.02574255884571408
2015-04-23,0.017374749239390308
2015-04-24,0.006234350117704679
2015-04-27,-0.005657012373279646
2015-04-28,-0.002709244948413514
2015-04-29,0.0038031010167032253
2015-04-30,-0.02327479614349559
2015-05-01,0.03796121973688171
2015-05-04,-0.02269108954149468
2015-05-05,-0.03277798948222954
2015-05-06,0.0067775697112590905
2015-05-07,0.00729315054466162
2015-05-08,0.021442418267213048
2015-05-11,-0.01690285061750052
2015-05-12,-0.010260794336474754
2015-05-13,-0.02549732623136114
2015-05-14,0.003450410823371719
2015-05-15,0.017191674616428676
2015-05-18,0.006478931304765956
2015-05-19,-0.003637941567940506
2015-05-20,-0.009269667448382979
2015-05-21,0.00793869288011928
2015-05-22,-0.0022503871923107432
2015-05-26,-0.019453319845708306
2015-05-27,0.014451073373251022
2015-05-28,-0.010826077910103371
2015-05-29,-0.018433340540303544
2015-06-01,0.004694999835459068
2015-06-02,-0.004088744561525193
2015-06-03,0.0
2015-06-04,-0.001759751015493194
2015-06-05,0.011457173002400456
2015-06-08,-0.011617938508105108
2015-06-09,-0.007934386654638859
2015-06-10,0.006220666676553632
2015-06-11,0.029437566152330952
2015-06-12,-0.00629081494058048
2015-06-15,-0.002301902400106637
2015-06-16,-0.002596517624116057
2015-06-17,0.006940913911451352
2015-06-18,0.020677675371002957
2015-06-19,-0.015475455347595979
2015-06-22,0.0017145133512252997
2015-06-23,-0.005420713846361336
2015-06-24,-0.02782550096903369
2015-06-25,-0.005606550460136028
2015-06-26,-0.0008899231872977476
2015-06-29,-0.03534322845786109
2015-06-30,0.005233961070905124
2015-07-01,0.0076565647106738854
2015-07-02,-0.006686418381329995
2015-07-06,-0.0055080330077518225
2015-07-07,0.008923099770429044
2015-07-08,-0.03049732759784307
2015-07-09,0.0034605720112708127
2015-07-10,0.007210027051073098
2015-07-13,-0.007158414687533199
2015-07-14,0.00532901849900802
2015-07-15,0.01029003114788174
2015-07-16,-0.00709876187093228
2015-07-17,0.00031074921480045425
2015-07-20,-0.005593304091529139
2015-07-21,-0.004375060693745048
2015-07-22,-0.009102554257289341
2015-07-23,-0.022806467758582527
2015-07-24,-0.0012963984208218537
2015-07-27,-0.00941276827906301
2015-07-28,0.018348556628624335
2015-07-29,0.013192059011312374
2015-07-30,-0.000952802717581136
2015-07-31,-0.005721207522362937
2015-08-03,-0.0044759783506319595
2015-08-04,-0.008670320415657407
2015-08-05,-0.003563595661318475
2015-08-06,-0.010728152779764133
2015-08-07,-0.015445281735715799
2015-08-10,0.009345702765965358
2015-08-11,-0.0300925762402956
2015-08-12,0.006477986476607134
2015-08-13,-0.004403856280148055
2015-08-14,0.007825788612283446
2015-08-17,0.002025799789182603
2015-08-18,-0.0020217042211974068
2015-08-19,-0.02363200197971027
2015-08-20,-0.019364254415957904
2015-08-21,-0.03455566662041254
2015-08-24,-0.0405408626072612
2015-08-25,-0.03654347290368909
2015-08-26,0.04188061392089182
2015-08-27,0.04963742380944525
2015-08-28,0.011276947870435095
2015-08-31,-0.015108026395402097
2015-09-01,-0.023739755500156834
2015-09-02,0.009726739983798138
2015-09-03,0.010744915198549698
2015-09-04,-0.01576305635098363
2015-09-08,0.04283091526193816
2015-09-09,-0.00678566422174065
2015-09-10,0.007551178194549868
2015-09-11,0.017130700280595823
2015-09-14,-0.0038596448782411974
2015-09-15,0.01761166709598405
2015-09-16,0.012461203964562406
2015-09-17,-0.0023934070803731666
2015-09-18,-0.03495523379321763
2015-09-21,-0.00213100062027638
2015-09-22,-0.029537076568993847
2015-09-23,-0.025302791301083594
2015-09-24,-0.007147931450100176
2015-09-25,0.004925966049097452
2015-09-28,-0.019984722282292533
2015-09-29,-0.0019238494642321857
2015-09-30,0.037008394007484346
2015-10-01,0.004832882505431124
2015-10-02,0.01035856954827552
2015-10-05,0.019041068836333386
2015-10-06,-0.0046713798369683035
2015-10-07,0.024187453075486642
2015-10-08,0.025379100852108483
2015-10-09,-0.00034392613679101736
2015-10-12,-0.02441541510708578
2015-10-13,-0.023263932342651783
2015-10-14,-0.018766205493084498
2015-10-15,0.025745149821235547
2015-10-16,-0.01649334084379539
2015-10-19,-0.003645524650028653
2015-10-20,0.015733614823220332
2015-10-21,-0.009726247110230957
2015-10-22,0.023281059541570892
2015-10-23,0.008531798174543859
2015-10-26,-0.01691924476746587
2015-10-27,-0.03800626233708104
2015-10-28,0.017517791192960264
2015-10-29,-0.0018319577510094165
2015-10-30,-0.009540951029443967
2015-11-02,0.016302193715904467
2015-11-03,0.004374702092915017
2015-11-04,-0.0039926166493594595
2015-11-05,-0.006924449426142898
2015-11-06,-0.006605217642015604
2015-11-09,0.026228609405793524
2015-11-10,0.00611917136502016
2015-11-11,-0.015026651436032101
2015-11-12,-0.01743566290301124
2015-11-13,-0.0044360964361224164
2015-11-16,0.014110366425879484
2015-11-17,-0.00512618483203775
2015-11-18,0.04048609300005945
2015-11-19,0.03325013470672622
2015-11-20,0.023279786774648814
2015-11-23,-0.027099213316621684
2015-11-24,-0.0017191963358467177
2015-11-25,-0.0006931565125708472
2015-11-27,0.0055495555864599755
2015-11-30,-0.019316588887935526
2015-12-01,0.005979448773621998
2015-12-02,-0.03741315386726052
2015-12-03,-0.015619105356591167
2015-12-04,-0.00885586345823619
2015-12-07,-0.030901131209023935
2015-12-08,-0.03995347209816191
2015-12-09,0.0008001565641215791
2015-12-10,-0.012395507583521481
2015-12-11,0.041295869479390124
2015-12-14,-0.016718586083973697
2015-12-15,0.0395410064953865
2015-12-16,0.005325637911759884
2015-12-17,-0.031403874225200745
2015-12-18,-0.01562490247626791
2015-12-21,-0.0031743477248818985
2015-12-22,0.025079511405438293
2015-12-23,0.015145449565044045
2015-12-24,-0.0003823829109875776
2015-12-28,-0.007271458670520703
2015-12-29,0.016962188782267296
2015-12-30,-0.018195637383069285
2015-12-31,0.0019305215753626648
2016-01-04,-0.006165715114914261
2016-01-05,-0.010081350580853798
2016-01-06,-0.045436696330428905
2016-01-07,-0.03077558244878076
2016-01-08,-0.0059271564398983845
2016-01-11,0.001703510464887481
2016-01-12,0.0076530406782227
2016-01-13,-0.05696197780735557
2016-01-14,0.04071586731260335
2016-01-15,-0.02149606480999522
2016-01-19,-0.0013181585990941214
2016-01-20,-0.019357713202223792
2016-01-21,0.0031404831153214463
2016-01-22,0.002683110247903242
2016-01-25,-0.02007105788851371
2016-01-26,0.013654970896157304
2016-01-27,-0.01347102444935977
2016-01-28,0.018206527892138613
2016-01-29,0.02905669869506
2016-02-01,-0.006950205293957179
2016-02-02,-0.03630822114684473
2016-02-03,0.014979696176923296
2016-02-04,0.030858604119647248
2016-02-05,-0.009544308132350299
2016-02-08,0.007884196094259721
2016-02-09,0.037809630898756996
2016-02-10,0.010469049190645396
2016-02-11,-0.029838431991061065
2016-02-12,0.03331905391638568
2016-02-16,0.02356324754692074
2016-02-17,0.002827196652496866
2016-02-18,-0.0004024243646524317
2016-02-19,-0.012489800946058116
2016-02-22,0.03223137679835242
2016-02-23,-0.03636332029122269
2016-02-24,0.004511615616349385
2016-02-25,0.0020570062883911167
2016-02-26,-0.002052582327654817
2016-02-29,-0.006993093539890416
2016-03-01,0.020712617094638563
2016-03-02,-0.0036523849068733627
2016-03-03,0.014256474948081799
2016-03-04,0.013252699768132148
2016-03-07,0.012287393032220706
2016-03-08,-0.03289003412599134
2016-03-09,0.015384739636858713
2016-03-10,0.008373371853416911
2016-03-11,0.032028351714257663
2016-03-14,0.003065164920043939
2016-03-15,-0.008785467225928323
2016-03-16,0.008863335771864378
2016-03-17,0.01948026194449226
2016-03-18,0.01236444625296107
2016-03-21,-0.013323537024305221
2016-03-22,-0.010877783178492972
2016-03-23,-0.01934034014488306
2016-03-24,0.011988113181992555
2016-03-28,-0.0210163726291428
2016-03-29,0.010538601329887154
2016-03-30,0.015836022827771634
2016-03-31,-0.020912741965577353
2016-04-01,-0.0050481032544349436
2016-04-04,-0.017954739214564253
2016-04-05,-0.004372110724610745
2016-04-06,-0.007984241571790562
2016-04-07,-0.009255281383728997
2016-04-08,0.0073111680627553355
2016-04-11,-0.010887121312968762
2016-04-12,0.0187524992855852
2016-04-13,0.04161653506603491
2016-04-14,0.004226045405222312
2016-04-15,-0.008033759668288343
2016-04-18,0.005399047621569952
2016-04-19,0.013041722070297856
2016-04-20,0.004165239557461176
2016-04-21,0.010558236496679418
2016-04-22,0.027238539677337137
2016-04-25,-0.014165957393732276
2016-04-26,0.01879125689052019
2016-04-27,0.006509802966099931
2016-04-28,-0.016528826562597465
2016-04-29,-0.0036539403853670382
2016-05-02,0.004033523050245069
2016-05-03,-0.030678811608343626
2016-05-04,-0.013941189227554163
2016-05-05,-0.004967584643568501
2016-05-06,0.004608277858031196
2016-05-09,-0.011850505070961304
2016-05-10,0.020116197993162332
2016-05-11,-0.01820219160716685
2016-05-12,-0.013518660820925454
2016-05-13,-0.016444921029025727
2016-05-16,0.004378682479255547
2016-05-17,0.0075312316103559596
2016-05-18,0.012981338196636827
2016-05-19,-0.00776662531722494
2016-05-20,0.010567411003503446
2016-05-23,-0.009295339430294147
2016-05-24,-0.004691084956982339
2016-05-25,0.014532442094822295
2016-05-26,0.005068678379572589
2016-05-27,0.0042668938480328045
2016-05-31,0.020857110925217803
2016-06-01,-0.00794541171810148
2016-06-02,0.00762775807376137
2016-06-03,0.008327005115101427
2016-06-06,-0.005255348100831836
2016-06-07,-0.001131964277869102
2016-06-08,0.020023090660563403
2016-06-09,0.0018513682925711539
2016-06-10,-0.009981315235277566
2016-06-13,-0.007094815248495867
2016-06-14,-0.007521555521019407
2016-06-15,0.0
2016-06-16,0.00151539166374004
2016-06-17,0.01210761585243847
2016-06-20,0.009346149520060631
2016-06-21,-0.013704034377175933
2016-06-22,-0.0030039569843798297
2016-06-23,0.016949316321309693
2016-06-24,-0.048148565554915534
2016-06-27,-0.047471078398667266
2016-06-28,0.025326768664540422
2016-06-29,0.023108022042819698
2016-06-30,0.015575991882797569
2016-07-01,0.004984796073128184
2016-07-05,-0.02060284341727492
2016-07-06,0.011687227242419773
2016-07-07,-0.0034657579537803462
2016-07-08,0.02511601958355736
2016-07-11,0.0052771981072765595
2016-07-12,0.013123038547259158
2016-07-13,0.04404162529935163
2016-07-14,0.029776503545931865
2016-07-15,-0.01824462361835022
2016-07-18,-0.0017528697349288302
2016-07-19,-0.005971522484434444
2016-07-20,0.01130768811482108
2016-07-21,-0.009783427030516934
2016-07-22,0.0049401013711414254
2016-07-25,-0.0038622075279466372
2016-07-26,0.012336561055972695
2016-07-27,-0.01775727417174333
2016-07-28,0.004962635472672838
2016-07-29,-0.0007057416048708021
2016-08-01,-0.009530514876606277
2016-08-02,-0.014254810068187962
2016-08-03,0.019522849411078846
2016-08-04,-0.00531908523111746
2016-08-05,0.020677174632735884
2016-08-08,-0.0052393108247519304
2016-08-09,-0.007724871163776403
2016-08-10,-0.009200068627042035
2016-08-11,0.0028572094637828727
2016-08-12,-0.0007126431357963314
2016-08-15,-0.0017816053243079333
2016-08-16,-0.0014283845990459287
2016-08-17,0.007508236570465732
2016-08-18,0.017388353178776184
2016-08-19,0.0
2016-08-22,-0.00767367717816736
2016-08-23,0.0028116744301998065
2016-08-24,-0.001752141772207172
2016-08-25,-0.015098083149607366
2016-08-26,0.004990826571786844
2016-08-29,0.013209524045409538
2016-08-30,0.003875968551557696
2016-08-31,-0.007371130091577971
2016-09-01,-0.003535736001421208
2016-09-02,-0.00141940431965637
2016-09-06,-0.0007112842849517076
2016-09-07,0.02453801315074111
2016-09-08,0.004859392671676899
2016-09-09,-0.03661489038683019
2016-09-12,0.02796734836490189
2016-09-13,-0.0027905153989877807
2016-09-14,0.012591668704783565
2016-09-15,0.009671786335712307
2016-09-16,0.003421262986078588
2016-09-19,-0.00204551667916264
2016-09-20,-0.005807822298695142
2016-09-21,0.02096179582116875
2016-09-22,-0.004712079414384118
2016-09-23,0.002366975868871357
2016-09-26,0.0023618219831793574
2016-09-27,-0.0030294111258335477
2016-09-28,0.013167046988471265
2016-09-29,-0.0006666398577089838
2016-09-30,0.01700581461031403
2016-10-03,-0.0022951200187807386
2016-10-04,-0.008543735853798307
2016-10-05,0.01789814569319681
2016-10-06,0.011397022898276932
2016-10-07,-0.00032215574448568596
2016-10-10,-0.007085241759102856
2016-10-11,-0.011676802729269187
2016-10-12,-0.008532942042477676
2016-10-13,0.03111534841066188
2016-10-14,-0.0038524208927795955
2016-10-17,-0.0006444145882901209
2016-10-18,0.0003224670907193694
2016-10-19,0.0016119197177435485
2016-10-20,-0.023495468527070296
2016-10-21,-0.0016478345503493363
2016-10-24,0.0039617992640790245
2016-10-25,0.014468494819636746
2016-10-26,-0.015234771112351164
2016-10-27,-0.0023040794303582635
2016-10-28,-0.0009899559762883703
2016-10-31,0.007595762511018789
2016-11-01,-0.00327730600961762
2016-11-02,0.01085137111472756
2016-11-03,0.012687099686918835
2016-11-04,-0.006745912996266035
2016-11-07,0.03654610175540762
2016-11-08,0.0006241071688357636
2016-11-09,0.05643857178561418
2016-11-10,0.019185846783137617
2016-11-11,0.001447505949118577
2016-11-14,0.005783614383406022
2016-11-15,-0.007187458598657548
2016-11-16,-0.019114087111076206
2016-11-17,0.002657616898084081
2016-11-18,0.0011777261438481457
2016-11-21,0.0179409282396088
2016-11-22,0.011846311121014308
2016-11-23,-0.0025700685284038016
2016-11-25,0.0074437939515710205
2016-11-28,-0.009711614242270405
2016-11-29,0.003749608904541013
2016-11-30,0.029023121894916404
2016-12-01,0.022619372801583992
2016-12-02,-0.0038234543303437007
2016-12-05,0.001370779300836622
2016-12-06,-0.013140131464588034
2016-12-07,0.02995851522512427
2016-12-08,0.002423983359625792
2016-12-09,0.001343611875051831
2016-12-12,-0.00670783913451678
2016-12-13,0.000540157394008034
2016-12-14,-0.015119015313935558
2016-12-15,0.005208732542627992
2016-12-16,-0.017180552682402928
2016-12-19,0.005271967369491648
2016-12-20,0.010764828343036603
2016-12-21,-0.0032772215220810974
2016-12-22,0.005205526199137278
2016-12-23,-0.0010900316439913516
2016-12-27,0.005729830541017167
2016-12-28,-0.00922436481572908
2016-12-29,-0.007940704297767498
2016-12-30,-0.00828045315613024
2017-01-03,-0.0011131776141491967
2017-01-04,0.02061874850456058
2017-01-05,0.009827753583833143
2017-01-06,0.014328082407975229
2017-01-09,-0.014125688380785983
2017-01-10,0.01162475741978053
2017-01-11,0.016568719237453955
2017-01-12,0.008937972776192904
2017-01-13,0.010943278998911454
2017-01-17,-0.018299068912581817
2017-01-18,-0.031766950720304
2017-01-19,0.2340024047260274
2017-01-20,-0.025928580296378234
2017-01-23,0.03744627379551635
2017-01-24,0.01522100103895041
2017-01-25,0.023559527977485173
2017-01-26,0.01694935406449627
2017-01-27,-0.011111086891142152
2017-01-30,-0.011860345317274756
2017-01-31,-0.023162789144483664
2017-02-01,0.015089684857376273
2017-02-02,-0.01656416351737766
2017-02-03,0.010364987275124138
2017-02-06,0.010044662842774832
2017-02-07,0.008887209724265155
2017-02-08,0.0058725031038671105
2017-02-09,-0.004378747282150486
2017-02-10,0.00041877758627606454
2017-02-13,0.0029308880167988605
2017-02-14,0.0018783729871296728
2017-02-15,-0.01374989056735032
2017-02-16,0.007393061784234156
2017-02-17,0.017823640469478486
2017-02-21,0.007622584452681602
2017-02-22,-0.01063195005220341
2017-02-23,-0.00991912816066598
2017-02-24,0.01571325707986415
2017-02-27,0.004744240098288888
2017-02-28,-0.0030796740331970884
2017-03-01,0.013385887394447904
2017-03-02,-0.013209072240846664
2017-03-03,0.01894589841423011
2017-03-06,0.006264902622732382
2017-03-07,-0.027113610337382688
2017-03-08,-0.016308899870237092
2017-03-09,-0.0014691521014399411
2017-03-10,0.0046239270732808535
2017-03-13,0.0058576986495091354
2017-03-14,-0.005199779878579336
2017-03-15,0.00250900179534419
2017-03-16,-0.007299268125595448
2017-03-17,-0.015126009881051616
2017-03-20,0.0
2017-03-21,-0.026877111131986653
2017-03-22,0.018193766607853323
2017-03-23,-0.007319542782640798
2017-03-24,0.004554102465398113
2017-03-27,-0.00237474996045417
2017-03-28,0.02445370087443166
2017-03-29,-0.001267249023823691
2017-03-30,0.0012688569815950679
2017-03-31,-0.01668792259931029
2017-04-03,0.0010742607844316243
2017-04-04,0.01480677639280481
2017-04-05,-0.0031720135120485438
2017-04-06,0.012091844529880102
2017-04-07,-0.005869082996169728
2017-04-10,0.005271040416704231
2017-04-11,-0.009857362770777645
2017-04-12,-0.01715734425761295
2017-04-13,0.0004310658561654801
2017-04-17,0.01744919796633404
2017-04-18,-0.012703632999055192
2017-04-19,0.0064334773191478956
2017-04-20,0.05604125026807716
2017-04-21,0.024414558145444687
2017-04-24,-0.012605843465123168
2017-04-25,0.016158145687370506
2017-04-26,-0.002944603704973292
2017-04-27,0.0090567404990618
2017-04-28,-0.007999833756721197
2017-05-01,0.013375071627343749
2017-05-02,-0.0005816577307402593
2017-05-03,0.0005819962533601952
2017-05-04,0.003881711799457843
2017-05-05,0.015081753197769832
2017-05-08,-0.013142958649349556
2017-05-09,0.0
2017-05-10,-0.001737551350142419
2017-05-11,0.00812087267968331
2017-05-12,0.0
2017-05-15,-0.015343382737975197
2017-05-16,-0.004284723095206888
2017-05-17,-0.03227733572638347
2017-05-18,0.015362932106708804
2017-05-19,0.002986353365389105
2017-05-22,0.02143762204272548
2017-05-23,0.006606245470896166
2017-05-24,0.010231851879246578
2017-05-25,0.02789963745536328
2017-05-26,0.006904849447978201
2017-05-30,0.004818413140663003
2017-05-31,-0.0009222739441567818
2017-06-01,0.0077533350799032785
2017-06-02,-0.0009161398201199544
2017-06-05,-0.009350788044208524
2017-06-06,-0.001480686267537168
2017-06-07,-0.0033365434487128143
2017-06-08,-0.00018595114782460342
2017-06-09,-0.013206942850934822
2017-06-12,0.008859702172404615
2017-06-13,0.006539762599616417
2017-06-14,-0.012808642303907769
2017-06-15,0.0020683950825137742
2017-06-16,-0.010320867442199622
2017-06-19,0.009859508826138175
2017-06-20,-0.021216560429914155
2017-06-21,0.0011507455947628031
2017-06-22,0.007856028050631902
2017-06-23,0.0009505577893946793
2017-06-26,0.008927435627461566
2017-06-27,0.0037647685468715775
2017-06-28,0.02363068532692436
2017-06-29,-0.013924540272769681
2017-06-30,0.013749495888128571
2017-07-03,-0.0012828107793948496
2017-07-05,0.011011164602602097
2017-07-06,-0.009075936414308705
2017-07-07,0.004762572933391551
2017-07-10,0.000729507564385834
2017-07-11,-0.013664087175239259
2017-07-12,0.019394851078655684
2017-07-13,-0.00652350074487329
2017-07-14,0.004559371374158516
2017-07-17,-0.008351125604603604
2017-07-18,0.000365998003753365
2017-07-19,-0.05069544502113432
2017-07-20,-0.019278957504765604
2017-07-21,0.015922893042966013
2017-07-24,-0.01664056120223445
2017-07-25,0.01456102499102796
2017-07-26,0.009697187075410563
2017-07-27,-0.039569552677430675
2017-07-28,-0.00019984440685461013
2017-07-31,-0.013002744840485136
2017-08-01,-0.01499786471757214
2017-08-02,-0.009465130007366485
2017-08-03,0.023473010945259887
2017-08-04,-0.010756770036847052
2017-08-07,0.018055319666915315
2017-08-08,0.01047919360707028
2017-08-09,0.011168744875651226
2017-08-10,-0.016962337430623475
2017-08-11,0.008627415580466868
2017-08-14,0.009548552679333522
2017-08-15,0.007487572039290624
2017-08-16,-0.014668484510232949
2017-08-17,-0.029773767383663108
2017-08-18,-0.00204573428256416
2017-08-21,-0.0016397855450004384
2017-08-22,0.025051204788731463
2017-08-23,-0.02103388226910874
2017-08-24,-0.010026364683880962
2017-08-25,0.00971444336368621
2017-08-28,0.01330606012477098
2017-08-29,0.009736481161207067
2017-08-30,0.01265575213098269
2017-08-31,-0.0041659248798935344
2017-09-01,-0.008366515176916334
2017-09-05,-0.015869780868863148
2017-09-06,0.02490322168580472
2017-09-07,0.0250946037513351
2017-09-08,-0.006411886729808303
2017-09-11,0.018185490626803524
2017-09-12,-0.00288070064646484
2017-09-13,0.002889023057053075
2017-09-14,0.00019234331013695538
2017-09-15,0.007680370807534809
2017-09-18,-0.01200451438385397
2017-09-19,-0.0013503407433049786
2017-09-20,0.0198921036851889
2017-09-21,0.0007574505218956862
2017-09-22,0.0047301674148771955
2017-09-25,0.004330793082683693
2017-09-26,0.004688430329711002
2017-09-27,0.004665840795432974
2017-09-28,-0.0026006371838177555
2017-09-29,0.010616212213597098
2017-10-02,-0.0272757515031935
2017-10-03,-0.01250470782164581
2017-10-04,-0.005756117038813957
2017-10-05,0.010228189298786106
2017-10-06,0.0
2017-10-09,0.008786765064695112
2017-10-10,-0.00795332061681775
2017-10-11,0.013170757738946826
2017-10-12,0.009419521783275542
2017-10-13,-0.013997640841725278
2017-10-16,0.00018885546141889087
2017-10-17,0.026306129748992158
2017-10-18,-0.010141838983091511
2017-10-19,0.0070789504207442455
2017-10-20,0.008509064089828877
2017-10-23,-0.007336934377946691
2017-10-24,0.0038804631130839873
2017-10-25,-0.02595277380199723
2017-10-26,-0.010770383415503293
2017-10-27,0.003629155232101944
2017-10-30,-0.017891228996098074
2017-10-31,-0.022674397758876252
2017-11-01,-0.005552321794785486
2017-11-02,0.029312346612722973
2017-11-03,-0.00600552194734616
2017-11-06,-0.0031182518048015195
2017-11-07,0.013098438621496067
2017-11-08,-0.006368091968703582
2017-11-09,-0.02447053057694626
2017-11-10,-0.00298635044082296
2017-11-13,-0.006589979482394148
2017-11-14,-0.007034917973265942
2017-11-15,-0.015587021530504952
2017-11-16,0.030639532079970166
2017-11-17,-0.0039903298040318
2017-11-20,-0.004206880067333496
2017-11-21,0.010259642785529488
2017-11-22,0.015730548659905974
2017-11-24,-0.0021558859718352474
2017-11-27,-0.004715240144942401
2017-11-28,0.029016935137827105
2017-11-29,0.04833435928204377
2017-11-30,0.024062973112462638
2017-12-01,0.0069954535902505555
2017-12-04,0.015140981761065042
2017-12-05,-0.021056475953571074
2017-12-06,-0.002867956157113327
2017-12-07,0.009527151991073346
2017-12-08,0.005341807453560277
2017-12-11,0.009032675503747312
2017-12-12,0.00017590227602015673
2017-12-13,0.012460567648328258
2017-12-14,-0.00658683238483182
2017-12-15,-0.07642662016714497
2017-12-18,0.012469570844008349
2017-12-19,0.023512017509014438
2017-12-20,0.010209349883307794
2017-12-21,-0.00956497817023394
2017-12-22,0.0021863742960352983
2017-12-26,-0.0023635772979785363
2017-12-27,0.004920642767027417
2017-12-28,-0.0025389723600243164
2017-12-29,0.00018174289714045777
2018-01-02,0.024177757079530515
2018-01-03,0.012602112030394741
2018-01-04,-0.004733167659351167
2018-01-05,0.016555065426888005
2018-01-08,0.017671762707148764
2018-01-09,0.008852672275249995
2018-01-10,-0.013162431899324978
2018-01-11,0.003591106044660952
2018-01-12,0.009541800939249168
2018-01-16,-0.018903124302391938
2018-01-17,-0.007569260533941025
2018-01-18,0.00624029543097282
2018-01-19,-0.009646672420260405
2018-01-22,0.004174118879301636
2018-01-23,-0.01091284400253556
2018-01-24,-0.00402757182617508
2018-01-25,-0.012836533341100687
2018-01-26,0.03152844259602361
2018-01-29,-0.011742298729224165
2018-01-30,-0.006465224149018511
2018-01-31,-0.0015829577848642806
2018-02-01,-0.003346788721084737
2018-02-02,-0.023506191303523827
2018-02-05,-0.059004843656003
2018-02-06,0.035199031694481686
2018-02-07,-0.015793247715380265
2018-02-08,-0.047196491059500634
2018-02-09,0.008321898064969746
2018-02-12,0.0446054808120393
2018-02-13,0.007524789262133291
2018-02-14,0.02968619504931036
2018-02-15,0.007434057788833881
2018-02-16,0.009719637951935534
2018-02-20,-0.026916227341874044
2018-02-21,0.006777422397482802
2018-02-22,0.0005457406346927041
2018-02-23,0.015457398306045533
2018-02-26,0.006626276231581185
2018-02-27,-0.01939129959433017
2018-02-28,-0.02149405763927026
2018-03-01,0.0148919836210335
2018-03-02,0.009537828365290935
2018-03-05,0.024346270476385712
2018-03-06,-0.004256623343898758
2018-03-07,0.0019591708173509748
2018-03-08,0.0
2018-03-09,0.031111243462328853
2018-03-12,-0.007069320402390278
2018-03-13,-0.0019097343528351463
2018-03-14,-0.011308437774505187
2018-03-15,-0.0014074916630331114
2018-03-16,0.002995496047820456
2018-03-19,-0.004040886581026082
2018-03-20,0.00493905302103359
2018-03-21,-0.00122905391035677
2018-03-22,-0.02829483612572692
2018-03-23,-0.018447920470286316
2018-03-26,0.025427820545295576
2018-03-27,-0.017070492744347465
2018-03-28,-0.007129943575671316
2018-03-29,0.02577805203868877
2018-04-02,-0.01741144251236415
2018-04-03,0.018085107729183925
2018-04-04,-0.0046652583621142885
2018-04-05,0.002343392217467599
2018-04-06,-0.022481776460941183
2018-04-09,0.0012877222737370797
2018-04-10,0.015435802744711014
2018-04-11,-0.004524315030988824
2018-04-12,0.019996568046267038
2018-04-13,-0.009267325310345575
2018-04-16,0.014750914625581313
2018-04-17,0.0028360530268796147
2018-04-18,0.07848661462849238
2018-04-19,0.0029508654936283296
2018-04-20,-0.018794201833026936
2018-04-23,0.004996585490026462
2018-04-24,-0.019058855452178336
2018-04-25,0.013515964809828418
2018-04-26,-0.01250192885642698
2018-04-27,0.01755556765021793
2018-04-30,-0.014764184027824978
2018-05-01,0.007745337682493414
2018-05-02,-0.007852893581113074
2018-05-03,-0.00488392550828487
2018-05-04,0.014892600292514935
2018-05-07,0.00883778933038859
2018-05-08,0.0011569255237651177
2018-05-09,0.027736309550110638
2018-05-10,0.008996226299045729
2018-05-11,0.004457907642789083
2018-05-14,-0.0030116832108117997
2018-05-15,-0.004610312463051214
2018-05-16,0.010700606602392027
2018-05-17,0.0037929837910273267
2018-05-18,0.0037782548747231637
2018-05-21,0.00392106976730866
2018-05-22,-0.008436021605659705
2018-05-23,0.0012602448220526696
2018-05-24,0.013847424654884533
2018-05-25,0.0038801967269515014
2018-05-29,-0.007111771429461622
2018-05-30,0.025624886375826605
2018-05-31,-0.0150825777225293
2018-06-01,0.012219773426894953
2018-06-04,-0.01146079596085292
2018-06-05,0.0
2018-06-06,0.009893442400301211
2018-06-07,0.006428804857472992
2018-06-08,0.02007588852705733
2018-06-11,0.00313101181965858
2018-06-12,-0.007877159995082428
2018-06-13,-0.009288574506174263
2018-06-14,-0.0036291350782827747
2018-06-15,0.011534437443418533
2018-06-18,-0.00810217508675315
2018-06-19,-0.019361590839836684
2018-06-20,0.0006167265016894241
2018-06-21,-0.012640470091092704
2018-06-22,0.011397347399226376
2018-06-25,-0.010805743364830311
2018-06-26,0.0015604984506660813
2018-06-27,-0.006232463922640763
2018-06-28,-0.0029788342774738075
2018-06-29,0.002987734242647866
2018-07-02,0.007525900724940859
2018-07-03,-0.006380473619764682
2018-07-05,0.007987565397104435
2018-07-06,0.009944170205596015
2018-07-09,0.02307684583774483
2018-07-10,-0.006767168831463
2018-07-11,-0.018773657932109944
2018-07-12,-0.0020055854664385864
2018-07-13,0.00046388440167599576
2018-07-16,-0.010972116997121972
2018-07-17,0.006874913464204768
2018-07-18,0.0707634042684977
2018-07-19,0.0021738426545747647
2018-07-20,0.004483189830540191
2018-07-23,0.011805261166399017
2018-07-24,-0.01607862929330328
2018-07-25,0.02603052605852385
2018-07-26,-0.000845691581295549
2018-07-27,-0.008745944021319452
2018-07-30,0.0002844464925781942
2018-07-31,0.005548655981900685
2018-08-01,-0.0008488333469329756
2018-08-02,0.006655495084536556
2018-08-03,0.002391097834885114
2018-08-06,0.0124895452964644
2018-08-07,0.006098503447277137
2018-08-08,-0.0006888640900890586
2018-08-09,-0.005100571853723146
2018-08-10,0.003048189021458647
2018-08-13,0.003039012493891491
2018-08-14,0.015012032789480934
2018-08-15,-0.007327136444244098
2018-08-16,0.003827086214477804
2018-08-17,0.003404285427773379
2018-08-20,0.001085576598555571
2018-08-21,0.01247131620242592
2018-08-22,-0.012853093305184471
2018-08-23,0.002983609342519955
2018-08-24,0.009465972762934927
2018-08-27,0.011386604151383706
2018-08-28,-0.003841216741061859
2018-08-29,-0.0051854288980688334
2018-08-30,-0.0052279749881880555
2018-08-31,-0.0006737000161384232
2018-09-04,0.009169509532996
2018-09-05,-0.007215796847038325
2018-09-06,-0.003230096294850937
2018-09-07,-0.005805724683133673
2018-09-10,0.009370802947993973
2018-09-11,-0.002825184113500412
2018-09-12,0.0004045964589367568
2018-09-13,-0.012948855451724084
2018-09-14,0.004099949851499751
2018-09-17,-0.0019052704050807057
2018-09-18,0.010499161280321134
2018-09-19,-0.001619567878823669
2018-09-20,-0.01270398160869457
2018-09-21,0.012867449449856405
2018-09-24,-0.009325634657841309
2018-09-25,0.0002730816526093083
2018-09-26,0.007910634595145627
2018-09-27,0.004194630162151158
2018-09-28,-0.0021561773232405823
2018-10-01,0.01323457412711826
2018-10-02,-0.009329803331318498
2018-10-03,0.008879410020409928
2018-10-04,-0.004267249773750037
2018-10-05,-0.001607003138168639
2018-10-08,0.0028168869861013857
2018-10-09,-0.0020064820426427543
2018-10-10,-0.06768527895963405
2018-10-11,-0.011357288441987246
2018-10-12,0.020794447413680306
2018-10-15,0.009401531666349161
2018-10-16,0.01891032883662236
2018-10-17,-0.02063707804960524
2018-10-18,-0.02913315974257835
2018-10-19,-0.010342069607945481
2018-10-22,0.005446019230898491
2018-10-23,-0.021812460617510077
2018-10-24,-0.01361888855957738
2018-10-25,0.007283015919534508
2018-10-26,-0.007079652022982552
2018-10-29,-0.0034889383114017347
2018-10-30,0.047495802635371565
2018-10-31,0.0007266608510760886
2018-11-01,0.01060130843913809
2018-11-02,-0.005891633294471843
2018-11-05,-0.001301011847854694
2018-11-06,0.018526528610912862
2018-11-07,0.027568361157721988
2018-11-08,-0.008850638807057165
2018-11-09,-0.014092433456132314
2018-11-12,-0.014435289723280897
2018-11-13,0.00918997157380419
2018-11-14,0.003130307752014616
2018-11-15,0.0243973486375475
2018-11-16,0.005400262661622746
2018-11-19,-0.007299183268090981
2018-11-20,-0.039678200584505885
2018-11-21,0.014302137998601028
2018-11-23,-0.0061242616048421405
2018-11-26,0.009171262296110871
2018-11-27,-0.00014216943629019596
2018-11-28,0.033234253806927905
2018-11-29,-0.010478346625326762
2018-11-30,0.011982385318166422
2018-12-03,0.0071597563253833485
2018-12-04,-0.03485991263978738
2018-12-06,-0.01104808199365781
2018-12-07,-0.025637289042707234
2018-12-10,0.003968657518308438
2018-12-11,-0.003074308593395303
2018-12-12,0.011602024733529781
2018-12-13,-0.0005808112392453602
2018-12-14,-0.04372453566094914
2018-12-17,-0.0174692571587991
2018-12-18,-0.012213700111485148
2018-12-19,-0.028799521635329173
2018-12-20,-0.007091362914006805
2018-12-21,-0.014769940923881508
2018-12-24,-0.031960895368781106
2018-12-26,0.05037446318520966
2018-12-27,0.005509058537726874
2018-12-28,0.0003222690313131604
2018-12-31,0.000805011065761807
2019-01-02,-0.0028968534033132487
2019-01-03,-0.01565760133148364
2019-01-04,0.02968178186035586
2019-01-07,-0.00541497863585616
2019-01-08,0.014411442287002973
2019-01-09,0.00994476117418075
2019-01-10,0.011097033692720304
2019-01-11,0.008192929561288365
2019-01-14,0.0007666368811738433
2019-01-15,-0.002451167563768286
2019-01-16,0.004146928229168179
2019-01-17,-0.004435515612230656
2019-01-18,0.034874719652318475
2019-01-22,-0.022713980877028694
2019-01-23,-0.011392993799216877
2019-01-24,-0.00046068403047339057
2019-01-25,0.017678530448361318
2019-01-28,-0.008912395105471704
2019-01-29,-0.0028958076870306826
2019-01-30,0.013451555414764949
2019-01-31,-0.009050063695669963
2019-02-01,0.007610548650369475
2019-02-04,0.01842892615330971
2019-02-05,0.012607640217387805
2019-02-06,-0.002636409665458639
2019-02-07,0.0017625578582658452
2019-02-08,0.00791636626734249
2019-02-11,0.006690915162175681
2019-02-12,0.027597192914269097
2019-02-13,0.0001405198321551282
2019-02-14,0.007029389601660219
2019-02-15,0.012704099308517014
2019-02-19,-0.0004134793582813989
2019-02-20,0.010205670623818941
2019-02-21,-0.009283539059813273
2019-02-22,0.010196975679188869
2019-02-25,-0.006683697000743782
2019-02-26,-0.000824121505322184
2019-02-27,0.0019307379587591988
2019-02-28,0.00013768688598725376
2019-03-01,-0.0030274966237560097
2019-03-04,0.005244778650481896
2019-03-05,-0.005080048932523007
2019-03-06,-0.00565842690034446
2019-03-07,-0.0004164715265424501
2019-03-08,-0.0034712075048599633
2019-03-11,0.01644125330487567
2019-03-12,-0.003975002241622727
2019-03-13,0.01802928049830843
2019-03-14,-0.013113720329397616
2019-03-15,-0.0026027597361807375
2019-03-18,0.014558340749323495
2019-03-19,-0.012454320242790362
2019-03-20,-0.0017817917503510916
2019-03-21,0.011260395296416759
2019-03-22,-0.015344729977384342
2019-03-25,0.0034478355802260996
2019-03-26,0.0038481400257750487
2019-03-27,0.004928812753638212
2019-03-28,0.01403284572137431
2019-03-29,0.0052397523132501345
2019-04-01,0.025126883030769376
2019-04-02,-0.006779679153662066
2019-04-03,-0.012601804350372281
2019-04-04,-0.005583395197929608
2019-04-05,-0.005080252376723715
2019-04-08,0.016124912743300523
2019-04-09,-0.012298558936963744
2019-04-10,0.00508765137146816
2019-04-11,0.004395978840992187
2019-04-12,0.016710854617313142
2019-04-15,-0.010305164423965563
2019-04-16,0.00026355903033881134
2019-04-17,0.040189699392466416
2019-04-18,0.0003802000449277809
2019-04-22,-0.0018995691207820409
2019-04-23,0.0025373424790731125
2019-04-24,0.003796577713703231
2019-04-25,-0.009833610617615451
2019-04-26,0.008021301470849007
2019-04-29,0.002526204085812722
2019-04-30,0.003275648988053659
2019-05-01,-0.006278794008050981
2019-05-02,-0.002780260347969854
2019-05-03,0.020402922578246274
2019-05-06,-0.005588623186967734
2019-05-07,-0.022480125699601672
2019-05-08,-0.0008944094760535704
2019-05-09,-0.00038371829066463636
2019-05-10,0.006652185405010336
2019-05-13,-0.024399519554011095
2019-05-14,0.019147891377520265
2019-05-15,-0.010863707760205621
2019-05-16,0.010724721959612715
2019-05-17,0.002301323911082065
2019-05-20,-0.004336788165944627
2019-05-21,0.0035869444525424843
2019-05-22,-0.011488437987372424
2019-05-23,-0.026601118196163953
2019-05-24,-0.006367771794579258
2019-05-28,-0.0050733866647009185
2019-05-29,-0.0076493446559676714
2019-05-30,0.01763709135847691
2019-05-31,-0.007199025445077778
2019-06-03,0.0006713529046811217
2019-06-04,0.028717154927661026
2019-06-05,0.017870955745630246
2019-06-06,-0.006664096994762669
2019-06-07,0.007224934712205533
2019-06-10,0.007685457415422814
2019-06-11,-0.0008898100092163963
2019-06-12,-0.0047073801179680075
2019-06-13,-0.007542032326617321
2019-06-14,-0.006053390917471035
2019-06-17,-0.006090498558830149
2019-06-18,0.013559388593255006
2019-06-19,-0.004502273737924334
2019-06-20,0.021449987094771528
2019-06-21,-0.004807198912868738
2019-06-24,-0.014618093465265214
2019-06-25,-0.018446993375446086
2019-06-26,0.0011828213163591617
2019-06-27,0.003544353063025696
2019-06-28,0.012033953348032256
2019-07-01,0.016285538906367858
2019-07-02,-0.004451313273378776
2019-07-03,0.005109972517954642
2019-07-05,-0.0035587087697961373
2019-07-08,-0.01505135588841755
2019-07-09,-0.0067337605541810674
2019-07-10,-0.0015644982208499192
2019-07-11,0.008749085804375945
2019-07-12,0.01721659878508719
2019-07-15,-0.0010178878047245599
2019-07-16,0.013375817751226426
2019-07-17,-0.10270290399917792
2019-07-18,0.006304521626665949
2019-07-19,-0.02116097759631963
2019-07-22,0.008675602388159565
2019-07-23,-0.013818218743560595
2019-07-24,-0.010294635378097161
2019-07-25,0.004045152062530644
2019-07-26,-0.0077699468660227256
2019-07-29,0.009570797877445969
2019-07-30,0.008474944420537645
2019-07-31,0.002705790062363045
2019-08-01,-0.03721568945752218
2019-08-02,-0.009737781757491404
2019-08-05,-0.02994613428027626
2019-08-06,0.021194944487595402
2019-08-07,-0.009024154421863662
2019-08-08,0.012900581228776797
2019-08-09,-0.0025473666068392964
2019-08-12,-0.011116401162760359
2019-08-13,0.007899599423118131
2019-08-14,-0.026676935205457997
2019-08-15,-0.0026323767367760764
2019-08-16,0.010557586393132645
2019-08-19,0.003072591814508696
2019-08-20,-0.00765823455282133
2019-08-21,0.008488897111054605
2019-08-22,0.012243914607692252
2019-08-23,-0.02298154152809473
2019-08-26,0.006344482212873093
2019-08-27,-0.009534016020432912
2019-08-28,0.015215325285911518
2019-08-29,0.020874820549181328
2019-08-30,0.007667954979904801
2019-09-03,-0.009996975248169226
2019-09-04,0.017332078332454426
2019-09-05,0.008296470498693864
2019-09-06,-0.00793434419543304
2019-09-09,0.022660132760176088
2019-09-10,0.02375078001076325
2019-09-11,0.00396117025904319
2019-09-12,0.008172546522028146
2019-09-13,0.012857833384869233
2019-09-16,-0.001103830816945539
2019-09-17,-0.01671522321297192
2019-09-18,-0.00042125407233228884
2019-09-19,-0.005059782797832035
2019-09-20,-0.030653958143378124
2019-09-23,0.0034974669078278176
2019-09-24,-0.0033399191356849878
2019-09-25,0.0034968668465333863
2019-09-26,0.0079860942689427
2019-09-27,-0.007346702353995704
2019-09-30,0.005224257213170436
2019-10-01,-0.032481512575228466
2019-10-02,-0.011190752569864348
2019-10-03,0.010412006871579838
2019-10-04,-0.0037332860202068385
2019-10-07,0.0011990467606022293
2019-10-08,-0.013924420905176982
2019-10-09,0.0054661941086762145
2019-10-10,0.01087276804363646
2019-10-11,0.03152084536731792
2019-10-14,-0.0070963317987383645
2019-10-15,0.00889726846797001
2019-10-16,-0.002457871030017822
2019-10-17,0.011304640108075192
2019-10-18,-0.015907247308389216
2019-10-21,0.03028955047825299
2019-10-22,0.02176691659436547
2019-10-23,-0.00041504199662956154
2019-10-24,-0.008303004770820355
2019-10-25,0.009209903297868083
2019-10-28,-0.01106188569982447
2019-10-29,-0.009647789131063567
2019-10-30,0.0031062338786365107
2019-10-31,-0.01097829171242004
2019-11-01,0.028461665673999326
2019-11-04,0.01688139219964846
2019-11-05,0.005306769489894281
2019-11-06,-0.003248793330408062
2019-11-07,0.005975240902578394
2019-11-08,-0.0006750776164217154
2019-11-11,-0.001756020498722144
2019-11-12,-0.015561597785826442
2019-11-13,-0.010996502555733256
2019-11-14,-0.001528811584571077
2019-11-15,-0.0032014614623872006
2019-11-18,-0.008239195793923737
2019-11-19,-0.00014085026260746147
2019-11-20,-0.020419817258431228
2019-11-21,-0.002299929277330026
2019-11-22,0.015994259388107057
2019-11-25,0.018153280375318825
2019-11-26,0.002228830816405125
2019-11-27,0.002510172338448413
2019-11-29,-0.004868579096903969
2019-12-02,-0.021386606724638768
2019-12-03,-0.004284914980764221
2019-12-04,0.0106152353492166
2019-12-05,0.0028388852679954724
2019-12-06,0.008775648741993436
2019-12-09,-0.01206706714356387
2019-12-10,-0.00014185887393247665
2019-12-11,0.018892111204113826
2019-12-12,0.00766749392000543
2019-12-13,0.006917781357989261
2019-12-16,0.00013732391210119488
2019-12-17,-0.00947929086334609
2019-12-18,0.011650403395142783
2019-12-19,-0.004798241249552526
2019-12-20,0.00812764059087856
2019-12-23,-0.006285988729842096
2019-12-24,0.003575399477772301
2019-12-26,-0.0015070139266605276
2019-12-27,-0.00027473086636331523
2019-12-30,-0.007000761821024271
2019-12-31,0.0002766587080498262
2020-01-02,0.011470421312409718
2020-01-03,-0.004099162223735409
2020-01-06,-0.00521305270111494
2020-01-07,0.006757492521970221
2020-01-08,0.005205618473218099
2020-01-09,0.0049060904443953834
2020-01-10,-0.005153377407612791
2020-01-13,0.01812974961949365
2020-01-14,-0.0004013543050501722
2020-01-15,0.004419802336686374
2020-01-16,0.02333642479945075
2020-01-17,-0.004430645458143312
2020-01-21,-0.020549662738847174
2020-01-22,-0.0029400062076666567
2020-01-23,0.027208186475587315
2020-01-24,0.0007828468451569481
2020-01-27,-0.019947901851999683
2020-01-28,0.013968589871433679
2020-01-29,0.017186808388390373
2020-01-30,0.0032245105347479264
2020-01-31,-0.018513664157851606
2020-02-03,0.009955646805462237
2020-02-04,0.008689725976497531
2020-02-05,0.005143596385119853
2020-02-06,0.001918928989786295
2020-02-07,-0.005745761261505833
2020-02-10,0.012970151493753024
2020-02-11,-0.004563696308456988
2020-02-12,0.012353719973150934
2020-02-13,0.004402863777628996
2020-02-14,-0.003131061759075515
2020-02-18,-0.0010053651175728762
2020-02-19,0.008300945237291524
2020-02-20,0.00349255361500056
2020-02-21,-0.01106288805651312
2020-02-24,-0.0188535704276781
2020-02-25,-0.031898762559422256
2020-02-26,-0.0034403963907354562
2020-02-27,-0.03704194921809023
2020-02-28,-0.025183248450317497
2020-03-02,0.004258077467533372
2020-03-03,-0.02600705858570662
2020-03-04,0.04484111967208282
2020-03-05,-0.04222204410128627
2020-03-06,-0.01029583448615412
2020-03-09,-0.11516489670429442
2020-03-10,0.04123180841352281
2020-03-11,-0.07267776426167627
2020-03-12,-0.08403387506597326
2020-03-13,0.08481597321660073
2020-03-16,-0.1555059623831665
2020-03-17,0.10893115671023268
2020-03-18,-0.06063393085825075
2020-03-19,0.07926224928945125
2020-03-20,-0.09343759629788029
2020-03-23,-0.04431511426071266
2020-03-24,0.1644985650399926
2020-03-25,0.01855834286705038
2020-03-26,0.03608705878574914
2020-03-27,-0.03892761417683055
2020-03-30,0.030733886429396895
2020-03-31,-0.012409891085505498
2020-04-01,-0.042757457356906836
2020-04-02,0.03664560326334043
2020-04-03,-0.0015830722473962888
2020-04-06,0.07926755753988313
2020-04-07,-0.001958603958908456
2020-04-08,0.0387570115353848
2020-04-09,0.007556714218693639
2020-04-13,-0.037968597888746736
2020-04-14,0.015754450431533673
2020-04-15,-0.026383405033284624
2020-04-16,-0.0041057315258700156
2020-04-17,0.03512547543360833
2020-04-20,-0.02819804632365197
2020-04-21,-0.024917820828040282
2020-04-22,0.023704901913879528
2020-04-23,0.009525583190543196
2020-04-24,0.038230095135245
2020-04-27,0.04058306381903254
2020-04-28,0.006625278492848663
2020-04-29,0.019446673778517498
2020-04-30,-0.02817328554033094
2020-05-01,-0.01857158744823495
2020-05-04,-0.019384594075294692
2020-05-05,0.0004705080457356736
2020-05-06,-0.01787657155365152
2020-05-07,0.020597076076533938
2020-05-08,0.03426159309255006
2020-05-11,-0.0030252915337015684
2020-05-12,-0.02655141796951399
2020-05-13,-0.02852238617361058
2020-05-14,0.010268013301039991
2020-05-15,-0.015404281677959597
2020-05-18,0.07080633717029272
2020-05-19,-0.00647660855178378
2020-05-20,0.036385495118549604
2020-05-21,-0.008191757535173427
2020-05-22,0.010767056191134161
2020-05-26,0.05267732875319675
2020-05-27,0.02023869246659782
2020-05-28,-0.02849752115038351
2020-05-29,0.004631719542176782
2020-06-01,-0.010058622506421866
2020-06-02,0.01862806678405704
2020-06-03,0.03449699151141061
2020-06-04,-0.008437060471724767
2020-06-05,0.014046490758603092
2020-06-08,-0.009989544538272721
2020-06-09,-0.009013691757574938
2020-06-10,-0.005023111089871746
2020-06-11,-0.06822213868883864
2020-06-12,0.01874384697791487
2020-06-15,0.008336643581892123
2020-06-16,0.0029936209903158595
2020-06-17,-0.006537507174433577
2020-06-18,-0.006151775025295403
2020-06-19,-0.021304205314214952
2020-06-22,0.008971803813991874
2020-06-23,0.012099210048041487
2020-06-24,-0.02779781722056507
2020-06-25,0.010666612102594897
2020-06-26,-0.03386081417849596
2020-06-29,0.03929588156529662
2020-06-30,0.01810201689733315
2020-07-01,-0.021508191802554144
2020-07-02,0.009085447808244274
2020-07-06,0.020186004935542012
2020-07-07,-0.024626304043972813
2020-07-08,0.008464483445229654
2020-07-09,-0.0179446603051987
2020-07-10,-0.004715855414655801
2020-07-13,0.016286686214249224
2020-07-14,0.010198047305562952
2020-07-15,0.01903668020688154
2020-07-16,0.005802531439748293
2020-07-17,0.015336798436017318
2020-07-20,-0.00831487000663389
2020-07-21,0.012157518423989044
2020-07-22,0.011459505797421832
2020-07-23,-0.023614747728409546
2020-07-24,-0.0026558900038113897
2020-07-27,0.0035041866318183956
2020-07-28,-0.02081298261767528
2020-07-29,0.02596316134521759
2020-07-30,-0.023359305773134942
2020-07-31,0.015660543277135286
2020-08-03,-0.013877284936392065
2020-08-04,0.005827926913585024
2020-08-05,0.009468796500289312
2020-08-06,0.011759645974330324
2020-08-07,0.009132528207139057
2020-08-10,0.015768534643958887
2020-08-11,0.014308830814527385
2020-08-12,-0.0014638156610545794
2020-08-13,-0.013727730587575482
2020-08-14,0.0033780594772678807
2020-08-17,0.00996639321803272
2020-08-18,-0.007734510096759628
2020-08-19,-0.00483811714882898
2020-08-20,-0.0018904995773260103
2020-08-21,0.0029767663227273644
2020-08-24,0.013219953805429618
2020-08-25,0.00958580936026654
2020-08-26,-0.005538448544539332
2020-08-27,0.010343333079945394
2020-08-28,0.015013703693335545
2020-08-31,-0.00791472970275453
2020-09-01,0.02066424679301959
2020-09-02,-0.0046131742097409445
2020-09-03,-0.026132688703961127
2020-09-04,-0.0018505604414165155
2020-09-08,-0.0033108256125365942
2020-09-09,0.0186021473702338
2020-09-10,-0.010957630991370704
2020-09-11,0.017805507954727018
2020-09-14,0.023195609010223217
2020-09-15,0.01659051301168457
2020-09-16,-0.01146113934441595
2020-09-17,0.0018902242318503681
2020-09-18,0.004151076667555431
2020-09-21,-0.028184788392838445
2020-09-22,0.004511385033515891
2020-09-23,-0.018349866409658855
2020-09-24,0.001045724804719761
2020-09-25,0.019587473986585335
2020-09-28,0.01600901397728105
2020-09-29,-0.0218075139303604
2020-09-30,0.000902107379032735
2020-10-01,-0.01042871388500588
2020-10-02,0.0037731256085686837
2020-10-05,0.0076473515621842125
2020-10-06,-0.013120615493380616
2020-10-07,0.025677734222586457
2020-10-08,-0.01245401983832195
2020-10-09,0.009908743690992816
2020-10-12,0.013761308408052786
2020-10-13,-0.004650430744147727
2020-10-14,0.016163857249716918
2020-10-15,0.006958783758725717
2020-10-16,-0.011353642273004394
2020-10-19,-0.013231788984733095
2020-10-20,0.013662079998422172
2020-10-21,-0.01759615513973467
2020-10-22,0.03823669994694079
2020-10-23,-0.0053835532017476595
2020-10-26,-0.029770184577287195
2020-10-27,-0.009889497126557734
2020-10-28,-0.027660381608350604
2020-10-29,0.02581310552480698
2020-10-30,0.013480526694572115
2020-11-02,0.03572344209794509
2020-11-03,0.030088164647507076
2020-11-04,0.007242793509045331
2020-11-05,0.02593416622733602
2020-11-06,-0.009766680728171329
2020-11-09,0.023439082371628395
2020-11-10,0.03628136077337851
2020-11-11,-0.014879601831716993
2020-11-12,-0.0034428850672039157
2020-11-13,0.009695699896076215
2020-11-16,0.026489857431908126
2020-11-17,-0.005376092694180046
2020-11-18,-0.012648759847914137
2020-11-19,0.004051180784159225
2020-11-20,-0.0017447091192848152
2020-11-23,0.005680530992822508
2020-11-24,0.009341808878416735
2020-11-25,-0.007318099189771998
2020-11-27,-0.007501529873402801
2020-11-30,-0.013583136085561498
2020-12-01,0.006329828055205544
2020-12-02,0.0006620819773968112
2020-12-03,-0.002756950107534739
2020-12-04,0.015702733436544714
2020-12-07,0.002068682014956913
2020-12-08,-0.005867069615982934
2020-12-09,0.0025136051283651817
2020-12-10,-0.018859723461785993
2020-12-11,0.004777844696260303
2020-12-14,-0.01669804379204376
2020-12-15,0.014620047800736558
2020-12-16,-0.012414329962224802
2020-12-17,0.01627385327923414
2020-12-18,0.0012148560808364905
2020-12-21,-0.010699238422427926
2020-12-22,-0.001561012089464131
2020-12-23,0.00134012165537567
2020-12-24,0.00423774559438761
2020-12-28,0.0065520538893939495
2020-12-29,-0.014452901582427957
2020-12-30,0.01119438982637977
2020-12-31,0.004649722100490861
2021-01-04,-0.03041341289243127
2021-01-05,0.016933730147281167
2021-01-06,0.026598064276121436
2021-01-07,0.023623095184400755
2021-01-08,0.019249106205686983
2021-01-11,0.001565211495242691
2021-01-12,-0.001041738174784923
2021-01-13,-0.01303578158003904
2021-01-14,-0.012151359523789651
2021-01-15,-0.000748749080385247
2021-01-19,-0.00813527420648441
2021-01-20,0.005935566278349125
2021-01-21,-0.017165518710779648
2021-01-22,-0.04333590270192078
2021-01-25,0.002738586502958995
2021-01-26,-0.011948204956532038
2021-01-27,-0.033859184814562626
2021-01-28,0.03349610536583025
2021-01-29,-0.01084188051550683
2021-02-01,0.015041833426162832
2021-02-02,0.029753115282891374
2021-02-03,-0.003569708400867788
2021-02-04,-0.01007624840884258
2021-02-05,0.0014703065190022624
2021-02-08,-0.01456803798282269
2021-02-09,0.013866356938527113
2021-02-10,-0.0032778661008620036
2021-02-11,0.0064642700947357135
2021-02-12,0.015661996712973414
2021-02-16,0.0067672460172190085
2021-02-17,-0.008374692379511162
2021-02-18,0.00033332478481340466
2021-02-19,0.022994917327038955
2021-02-22,0.00532085765517043
2021-02-23,-0.009613392637733309
2021-02-24,0.01832262247278371
2021-02-25,-0.009668129425718819
2021-02-26,-0.006942139250265211
2021-03-01,0.015073895561398487
2021-03-02,-0.00828584837927604
2021-03-03,-0.011610395204412871
2021-03-04,-0.031068070620273947
2021-03-05,0.038182559612783384
2021-03-08,0.009822112162499508
2021-03-09,0.0022695519987330215
2021-03-10,0.00916551145617106
2021-03-11,0.0024575434063562884
2021-03-12,0.0003196622899888091
2021-03-15,-0.003942338524707045
2021-03-16,-0.01647406590585021
2021-03-17,0.0021751852641669345
2021-03-18,0.004015568880691545
2021-03-19,-0.018808719157786813
2021-03-22,0.033160749301319736
2021-03-23,-0.00917046695252477
2021-03-24,0.01345250657197683
2021-03-25,0.014548092919372202
2021-03-26,0.02218976603341183
2021-03-29,-0.010751484144030043
2021-03-30,-0.0024844486924366915
2021-03-31,0.0005189873338187212
2021-04-01,0.00871182696166195
2021-04-05,0.013469055686889053
2021-04-06,-0.014811771574372412
2021-04-07,-0.0016476050616343052
2021-04-08,-0.0048479833118902915
2021-04-09,0.018760335355515467
2021-04-12,0.003255650631133422
2021-04-13,-0.008214276854546121
2021-04-14,0.005726429802695332
2021-04-15,0.005184783356785738
2021-04-16,-0.002326240964488524
2021-04-19,0.000709615816084197
2021-04-20,-0.002634267499240117
2021-04-21,0.043067826360355
2021-04-22,-0.008472132743641447
2021-04-23,0.012669481657719084
2021-04-26,-0.007661992409298879
2021-04-27,-0.003909042447930666
2021-04-28,-0.004120911110847114
2021-04-29,-0.0030542564515932957
2021-04-30,-0.004348107588256767
2021-05-03,0.006252969684308551
2021-05-04,0.0026631401019303613
2021-05-05,-0.004426658571805908
2021-05-06,0.01343870415004389
2021-05-07,0.005557714422415261
2021-05-10,0.0002908636748846227
2021-05-11,-0.015703949547889562
2021-05-12,-0.018711775706284794
2021-05-13,0.010939765748599228
2021-05-14,0.00972867046272552
2021-05-17,-0.012879581376248561
2021-05-18,-0.014940318154813337
2021-05-19,-0.005459901447612547
2021-05-20,-0.0008137640691182613
2021-05-21,0.00010184185900019571
2021-05-24,0.010784589131814126
2021-05-25,-0.0029191669821169164
2021-05-26,0.013931165450866256
2021-05-27,-0.0028953847826996837
2021-05-28,0.0025032421892712264
2021-06-01,0.0017978243129412874
2021-06-02,-0.0071785121669345475
2021-06-03,0.0012050288747911253
2021-06-04,-0.0008021030555862563
2021-06-07,-0.015559495343473784
2021-06-08,0.0008157425442891775
2021-06-09,-0.003362064579570001
2021-06-10,-0.011756428591842782
2021-06-11,0.005792894420949768
2021-06-14,0.0006171701352004622
2021-06-15,0.011511769116423931
2021-06-16,-0.011990526415898928
2021-06-17,-0.010079099997273744
2021-06-18,-0.015584593195957619
2021-06-21,0.011187557227312572
2021-06-22,-0.005531858763407449
2021-06-23,-0.006507015235191593
2021-06-24,0.005176403738313962
2021-06-25,0.00798721568274563
2021-06-28,-0.006151504162700383
2021-06-29,-0.006714277841229799
2021-06-30,0.016476749014379122
2021-07-01,0.006234245769509039
2021-07-02,0.009293774057405502
2021-07-06,-0.005524867680805956
2021-07-07,0.01790128108211153
2021-07-08,-0.06155246058613195
2021-07-09,0.028432775700669488
2021-07-12,-0.002827429723220587
2021-07-13,-0.0012602056012787077
2021-07-14,-0.001892852317391669
2021-07-15,0.005372976681117025
2021-07-16,-0.009430901860598917
2021-07-19,-0.021897971540385086
2021-07-20,0.011680675649447414
2021-07-21,0.012508152094801828
2021-07-22,0.03484306784758551
2021-07-23,0.004285563082524924
2021-07-26,0.002438276580692955
2021-07-27,-0.015506319527887391
2021-07-28,-0.014515255389452753
2021-07-29,0.005640997823277427
2021-07-30,0.007167352952853756
2021-08-02,-0.007116347578026816
2021-08-03,0.01059513559815417
2021-08-04,-0.015726269602289955
2021-08-05,0.007205526071565993
2021-08-06,0.004665645924890827
2021-08-09,0.002786412183991782
2021-08-10,0.017289320620983872
2021-08-11,0.031259454701819234
2021-08-12,0.004414494810800695
2021-08-13,-0.007618168537604331
2021-08-16,0.0
2021-08-17,-0.0038380281522746307
2021-08-18,0.0005927224704691536
2021-08-19,-0.005035573879427879
2021-08-20,0.004167765457538275
2021-08-23,0.004150646298556548
2021-08-24,-0.014762140424789516
2021-08-25,0.0026968853576732066
2021-08-26,-0.005379744684393728
2021-08-27,0.005108385206330279
2021-08-30,-0.0077043229591532425
2021-08-31,-0.017220698480359342
2021-09-01,0.00030757913869328135
2021-09-02,0.0012291980679237646
2021-09-03,-0.017802352914504604
2021-09-07,-0.015312465776846862
2021-09-08,0.005712329268855898
2021-09-09,-0.010729000349173679
2021-09-10,-0.012759017590154187
2021-09-13,-0.0016156919132200853
2021-09-14,-0.012944828892040738
2021-09-15,0.01147545989297849
2021-09-16,0.0019448026593282819
2021-09-17,-0.01941112158507652
2021-09-20,-0.017815854627288186
2021-09-21,-0.002015626091381728
2021-09-22,0.0050488372690042915
2021-09-23,0.01172141824193318
2021-09-24,0.0069513444423825455
2021-09-27,0.00460228187458922
2021-09-28,-0.0019633892983133006
2021-09-29,-0.004590276087802603
2021-09-30,-0.020421570315875326
2021-10-01,0.020174909279216502
2021-10-04,0.0056031640961407
2021-10-05,0.030154070838376956
2021-10-06,0.03531669566565676
2021-10-07,-0.011063399430897625
2021-10-08,0.0164695773685426
2021-10-11,-0.0064196919068229
2021-10-12,-0.011384693693600734
2021-10-13,0.014005627088536032
2021-10-14,0.026089808086729782
2021-10-15,0.021836297028203777
2021-10-18,0.0020492012780304325
2021-10-19,-0.003505531485224478
2021-10-20,0.010261023539157588
2021-10-21,0.015960476180435723
2021-10-22,0.011710843804506599
2021-10-25,0.008752043822779054
2021-10-26,-0.0011195669404970854
2021-10-27,0.0047632394752417095
2021-10-28,0.010596825508412566
2021-10-29,-0.0019316977207096686
2021-11-01,-0.01327059673791453
2021-11-02,0.0
2021-11-03,-0.0002801773249150319
2021-11-04,-0.007006508663573441
2021-11-05,-0.0005646932352718625
2021-11-08,0.0016944700555387993
2021-11-09,0.001973745115716463
2021-11-10,-0.00196985711984754
2021-11-11,-0.009867593843997602
2021-11-12,0.00313231385684265
2021-11-15,-0.001135456224373943
2021-11-16,-0.0011366328768207534
2021-11-17,0.011095466464693615
2021-11-18,0.018851668177568115
2021-11-19,-0.00358988844761432
2021-11-22,-0.0008317799579303786
2021-11-23,0.011928318292188989
2021-11-24,-0.0063050750473172545
2021-11-26,-0.018758619589909653
2021-11-29,0.004030626213617383
2021-11-30,-0.026950906417166687
2021-12-01,-0.006347690712867893
2021-12-02,0.032810898245945186
2021-12-03,0.007590497847060895
2021-12-06,0.02566968986107354
2021-12-07,0.008977108275871837
2021-12-08,-0.0037743792352469274
2021-12-09,-0.009201728066782211
2021-12-10,0.003550896123082792
2021-12-13,-0.019869320704357873
2021-12-14,-0.0024994357368165465
2021-12-15,0.015311958357251632
2021-12-16,0.0027419270908237703
2021-12-17,-0.023243088547737267
2021-12-20,-0.011478212759642337
2021-12-21,0.018125579276292214
2021-12-22,0.0036157512038861306
2021-12-23,0.019678604469637984
2021-12-27,0.010872528403182757
2021-12-28,0.006184253150019137
2021-12-29,0.004275749804974138
2021-12-30,-0.006918484973459371
2021-12-31,0.0075027724372160876
2022-01-03,-0.013829713828627743
2022-01-04,0.014832724508137662
2022-01-05,-0.005049236331732376
2022-01-06,0.007211593215967094
2022-01-07,-0.005303743750418088
2022-01-10,-0.02585957716970888
2022-01-11,-0.006568083865653107
2022-01-12,0.00936616627674991
2022-01-13,0.0027293148433007453
2022-01-14,-0.008165330951560468
2022-01-18,-0.03265651661332336
2022-01-19,0.0
2022-01-20,-0.00028361434854629053
2022-01-21,-0.03234984284875486
2022-01-24,0.007624652781773156
2022-01-25,-0.01862614145534147
2022-01-26,-0.002075855707190266
2022-01-27,-0.0026748491835291155
2022-01-28,0.025923917679389508
2022-01-31,-0.006099493895040609
2022-02-01,0.014611528088967374
2022-02-02,0.01411270095806727
2022-02-03,-0.017040402801068
2022-02-04,-0.008957054079191562
2022-02-07,-0.0189503079982426
2022-02-08,0.013670036810855324
2022-02-09,0.018469560983614297
2022-02-10,-0.021588764926537718
2022-02-11,-0.01824075511578649
2022-02-14,0.01648179389874871
2022-02-15,0.01857313620917611
2022-02-16,0.01794498858723581
2022-02-17,-0.0019902718816351417
2022-02-18,-0.012535440752005522
2022-02-22,-0.012117804064735282
2022-02-23,-0.024532483655476334
2022-02-24,0.005987487752702414
2022-02-25,0.024179302069387898
2022-02-28,-0.011658508832450454
2022-03-01,-0.01680915571340369
2022-03-02,0.038092546414999706
2022-03-03,0.01964760989526848
2022-03-04,0.060640039852895455
2022-03-07,-0.011220803785934819
2022-03-08,-0.05457974577269331
2022-03-09,-0.010860252370753165
2022-03-10,0.00809027372492599
2022-03-11,-0.0057327499213986055
2022-03-14,-0.013260221108784331
2022-03-15,0.0037980316661239133
2022-03-16,0.03637951673974982
2022-03-17,0.019376562802317476
2022-03-18,0.0002752507663144055
2022-03-21,0.015147599023705771
2022-03-22,-0.002170717792391752
2022-03-23,-0.010603262422062332
2022-03-24,0.007969002438769746
2022-03-25,0.006543132567568222
2022-03-28,0.016522070170738257
2022-03-29,0.003997170284240514
2022-03-30,0.003184687396674546
2022-03-31,-0.009259298372042979
2022-04-01,-0.051802605799237345
2022-04-04,0.002816329517635774
2022-04-05,-0.009548045360698088
2022-04-06,-0.01701160285344383
2022-04-07,0.0020191836842313737
2022-04-08,-0.011801928820036944
2022-04-11,-0.0026217377841286638
2022-04-12,0.00496498153185887
2022-04-13,0.01394966926568153
2022-04-14,0.004872253929724124
2022-04-18,-0.008842075156784923
2022-04-19,0.015539846487756748
2022-04-20,0.00028324151361358574
2022-04-21,0.028328570252502017
2022-04-22,-0.0490357645648124
2022-04-25,0.0034761017426996332
2022-04-26,-0.015300175922637327
2022-04-27,0.010847278870644406
2022-04-28,0.0211717448730242
2022-04-29,-0.024709000767532796
2022-05-02,-0.0014558516249589815
2022-05-03,0.006998951455302604
2022-05-04,0.02809151131047627
2022-05-05,-0.0239437983330254
2022-05-06,0.0037519950618547515
2022-05-09,-0.03335238587128064
2022-05-10,-0.0249853392698951
2022-05-11,0.011897495149772563
2022-05-12,-0.005124961978427489
2022-05-13,0.013030247826195218
2022-05-16,-0.005085162075958327
2022-05-17,0.015033050387213143
2022-05-18,-0.042654095962862515
2022-05-19,-0.04269804666698651
2022-05-20,0.0
2022-05-23,0.009372980044614732
2022-05-24,-0.010246582129237791
2022-05-25,0.00776460914565269
2022-05-26,0.01380417864115091
2022-05-27,0.018106544366203625
2022-05-31,-0.008112189664219782
2022-06-01,0.006605877415283068
2022-06-02,0.018437484708796026
2022-06-03,-0.014728389889850702
2022-06-06,0.0009342035547570404
2022-06-07,0.013067819044719542
2022-06-08,-0.02303426416837584
2022-06-09,-0.020119591461098096
2022-06-10,-0.0279114748841216
2022-06-13,-0.027722753553366175
2022-06-14,-0.0040733555179500724
2022-06-15,0.0027266544663757664
2022-06-16,-0.012576442910228636
2022-06-17,-0.004130845210352341
2022-06-21,0.0020739899365720404
2022-06-22,-0.005519010064630292
2022-06-23,-0.004162573989947682
2022-06-24,0.029954824658302126
2022-06-27,-0.008454376068647518
2022-06-28,-0.006139343062538272
2022-06-29,-0.0006861885605198292
2022-06-30,-0.002060594134901006
2022-07-01,0.00963527711486134
2022-07-05,-0.028288946847089158
2022-07-06,0.01332867998801901
2022-07-07,0.012114966809956274
2022-07-08,-0.00855006238269218
2022-07-11,-0.004829271068043317
2022-07-12,-0.014904592388480187
2022-07-13,-0.006685409466278269
2022-07-14,-0.0017712630680162267
2022-07-15,0.02413056612038189
2022-07-18,-0.0010393378626385452
2022-07-19,0.030870485682400473
2022-07-20,0.00033646555586175353
2022-07-21,0.04238140433076776
2022-07-22,-0.003226961457831856
2022-07-25,0.014891769705565494
2022-07-26,-0.006060775298686649
2022-07-27,0.021502106197940574
2022-07-28,-0.0037701236561804574
2022-07-29,0.019552405929187167
2022-08-01,0.008351048284259699
2022-08-02,-0.013803590652198161
2022-08-03,0.010886576215842325
2022-08-04,0.010154026664015436
2022-08-05,0.00852857479811231
2022-08-08,-0.0087586497652975
2022-08-09,-0.004570696607335223
2022-08-10,0.04254723623837697
2022-08-11,0.0029356892683662927
2022-08-12,0.005562158451565269
2022-08-15,-0.006113619371560519
2022-08-16,0.008787365271841097
2022-08-17,0.0011612963306801838
2022-08-18,-0.003770094843251637
2022-08-19,-0.015138375736153953
2022-08-22,-0.007981122803171092
2022-08-23,0.0020857657485036096
2022-08-24,-0.0002972280174323716
2022-08-25,0.010707887595467813
2022-08-26,-0.03972910451833633
2022-08-29,0.0027580693941064993
2022-08-30,-0.02912321220557168
2022-08-31,-0.0006316965090970017
2022-09-01,-0.0012636275681007225
2022-09-02,-0.011705241857274173
2022-09-06,0.008002480802700163
2022-09-07,0.012702558576971779
2022-09-08,0.010034432718490471
2022-09-09,0.013039658363266371
2022-09-12,0.0064356639976725916
2022-09-13,-0.03897692171607248
2022-09-14,-0.010456179251301156
2022-09-15,-0.033941768725871624
2022-09-16,-0.02253900613913018
2022-09-19,0.013224775992530802
2022-09-20,-0.013721504090654757
2022-09-21,-0.01119786180479887
2022-09-22,-0.019560658113640716
2022-09-23,-0.031151541903987834
2022-09-26,-0.00903170106507678
2022-09-27,-0.007655984704517782
2022-09-28,0.015062472282028283
2022-09-29,-0.015924766483588426
2022-09-30,-0.020228158595311463
2022-10-03,0.029279479339584524
2022-10-04,0.02552887297825346
2022-10-05,-0.01066877998079252
2022-10-06,-0.016534697853971547
2022-10-07,-0.021564304909484244
2022-10-10,-0.006723977706873718
2022-10-11,-0.0030087061735430964
2022-10-12,0.0052810690412496974
2022-10-13,0.031894926932982015
2022-10-14,-0.006908940856272472
2022-10-17,0.030757845742961587
2022-10-18,0.009236178163205544
2022-10-19,-0.01724737882905436
2022-10-20,-0.03008598919831651
2022-10-21,0.016986676032496595
2022-10-24,0.02251271663290577
2022-10-25,0.02130682998813116
2022-10-26,0.0003477375198299715
2022-10-27,0.0013901907851392448
2022-10-28,0.014231325950205376
2022-10-31,-0.005475803885766628
2022-11-01,0.00034414768399604334
2022-11-02,-0.018575807453863225
2022-11-03,0.016473891205936342
2022-11-04,0.021724176681698903
2022-11-07,0.01113732603492723
2022-11-08,0.000667552676281824
2022-11-09,-0.018345551284530637
2022-11-10,0.060822155086277974
2022-11-11,0.023062319591843794
2022-11-14,-0.004383253688057587
2022-11-15,-0.015408866778758634
2022-11-16,-0.0022357255911803486
2022-11-17,-0.009282946303688422
2022-11-18,-0.0022617948738160587
2022-11-21,0.013277219108512206
2022-11-22,0.020134329444382315
2022-11-23,0.004699250573215075
2022-11-25,-0.0015591727682054968
2022-11-28,-0.009993631906872191
2022-11-29,0.018037808729797877
2022-11-30,0.01616411677815144
2022-12-01,-0.00030569320015905177
2022-12-02,-0.019277992519540654
2022-12-05,-0.021840755253269784
2022-12-06,-0.006060655370447199
2022-12-07,-0.008023162202617451
2022-12-08,0.019734741664659605
2022-12-09,-0.0031724729242330607
2022-12-12,0.025461500272582205
2022-12-13,0.016139090621555274
2022-12-14,-0.002138214473450306
2022-12-15,-0.027548170852124798
2022-12-16,-0.0037771594192795854
2022-12-19,-0.014849933841196372
2022-12-20,-0.014432466552917744
2022-12-21,0.015945412227492683
2022-12-22,-0.0080077433899447
2022-12-23,0.009041099266304142
2022-12-27,-0.0003199693254639646
2022-12-28,-0.012804135400282357
2022-12-29,0.01297020769578916
2022-12-30,-0.008322624717373883
2023-01-03,-0.003227898437390797
2023-01-04,0.012953341997964607
2023-01-05,-0.011828711249620927
2023-01-06,0.0417342254385602
2023-01-09,-0.001863420820856998
2023-01-10,0.008089385771808288
2023-01-11,0.0015433673407114767
2023-01-12,0.0012328521555993177
2023-01-13,-0.0021548498941471594
2023-01-17,0.005552206913203905
2023-01-18,-0.011349516075883193
2023-01-19,-0.02109835570258789
2023-01-20,0.01457988617207695
2023-01-23,0.001249613317875875
2023-01-24,-0.005928101000182706
2023-01-25,-0.025423834001897072
2023-01-26,-0.02898559492189312
2023-01-27,-0.002321567989643447
2023-01-30,-0.006649087305095724
2023-01-31,0.03480593230584672
2023-02-01,0.021668921254743845
2023-02-02,0.03323837150531772
2023-02-03,-0.011335848251030067
2023-02-06,-0.006817498210686224
2023-02-07,0.007488322399856084
2023-02-08,-0.010529546401734424
2023-02-09,-0.025665116868572757
2023-02-10,0.014134254745473696
2023-02-13,0.0019006068902229778
2023-02-14,-0.006006942002553584
2023-02-15,0.00731538602654358
2023-02-16,-0.017682216572549314
2023-02-17,0.0032143464568969993
2023-02-21,-0.019865424174866253
2023-02-22,-0.019614182702096583
2023-02-23,0.022007268484680154
2023-02-24,0.003262717038968077
2023-02-27,0.004242733317699532
2023-02-28,-0.00909990293735674
2023-03-01,0.012135338731627643
2023-03-02,0.013609725736334566
2023-03-03,-0.004155926020964484
2023-03-06,-0.019582718556838796
2023-03-07,-0.02783238175011704
2023-03-08,0.019535250453911246
2023-03-09,-0.016848382972965203
2023-03-10,-0.00907262569240641
2023-03-13,-0.014581175684286851
2023-03-14,0.006882391872873761
2023-03-15,-0.009569447257511299
2023-03-16,0.012077195993339895
2023-03-17,-0.014319747186360088
2023-03-20,0.009339307477013836
2023-03-21,0.004797943327674581
2023-03-22,-0.035129663907185305
2023-03-23,-0.007423084771282618
2023-03-24,0.006054067237227789
2023-03-27,0.01769917984819669
2023-03-28,0.012521732098815352
2023-03-29,0.016489260072609646
2023-03-30,-0.0030417159797787585
2023-03-31,0.014915306353202373
2023-04-03,-0.003005961055037032
2023-04-04,-0.011390428394134622
2023-04-05,-0.0074549594254109675
2023-04-06,0.024922989892412817
2023-04-10,-0.000999207590643758
2023-04-11,0.010670188621632049
2023-04-12,-0.00494888642417779
2023-04-13,0.00862077637940728
2023-04-14,0.0013149524530342571
2023-04-17,-0.00032838725764294807
2023-04-18,-0.0013136570120025892
2023-04-19,0.004932612677984061
2023-04-20,0.008180626078255981
2023-04-21,0.03278157872742571
2023-04-24,-0.013827767493044152
2023-04-25,-0.015296380198027704
2023-04-26,-0.024595421548901708
2023-04-27,0.008294687718329419
2023-04-28,0.008226257378017188
2023-05-01,0.021540577548593287
2023-05-02,-0.007348320699017363
2023-05-03,-0.004505828718775029
2023-05-04,0.012285653808554509
2023-05-05,0.017566381423716138
2023-05-08,0.0006276670050295863
2023-05-09,0.004391531007230887
2023-05-10,-0.006558433147994425
2023-05-11,-0.0006287155596912397
2023-05-12,0.0009436356497938281
2023-05-15,0.005971013871790332
2023-05-16,-0.010309145733888858
2023-05-17,0.008522706954816606
2023-05-18,0.013771503714540723
2023-05-19,-0.002469829232999543
2023-05-22,-0.012689611369294695
2023-05-23,-0.009090809710920578
2023-05-24,-0.0227777741419668
2023-05-25,0.0009712567199637867
2023-05-26,-0.0035576279269045052
2023-05-30,0.008794829995119047
2023-05-31,-0.009686804007585148
2023-06-01,0.023149607912041237
2023-06-02,0.017208494941108654
2023-06-05,0.0065789234957363
2023-06-06,-0.005913431907639932
2023-06-07,0.02003763194706809
2023-06-08,-0.0006139544760197513
2023-06-09,-0.007678090457787667
2023-06-12,0.0027853662125878476
2023-06-13,0.008024841976197239
2023-06-14,0.013165975443188094
2023-06-15,0.01420369093062801
2023-06-16,-0.0104290826590967
2023-06-20,-0.00903360981908663
2023-06-21,0.006685124708702528
2023-06-22,-0.0006038212940215892
2023-06-23,-0.011174774974765267
2023-06-26,0.011301061797326373
2023-06-27,0.010872741209595915
2023-06-28,0.003585421818471879
2023-06-29,0.008335745154577134
2023-06-30,0.006790552301267905
2023-07-03,0.007038362229021988
2023-07-05,-0.013686781415677363
2023-07-06,-0.012104937901652346
2023-07-07,-0.004781872746634441
2023-07-10,0.00930915160358925
2023-07-11,0.004760649224893276
2023-07-12,-0.0071069067074033265
2023-07-13,0.005666407058804612
2023-07-14,-0.0026688967050461088
2023-07-17,-0.012191556788856195
2023-07-18,0.01595419277122101
2023-07-19,0.0014814152995508145
2023-07-20,-0.0026625798855279825
2023-07-21,-0.0370810143953042
2023-07-24,0.0018484913271077374
2023-07-25,0.019987589592571187
2023-07-26,-0.006632250302523124
2023-07-27,0.0024276451984566183
2023-07-28,0.023312098155402028
2023-07-31,-0.01420108431506839
2023-08-01,-0.00030001236107490836
2023-08-02,-0.010507591494395618
2023-08-03,-0.0015169226697029359
2023-08-04,-0.0422364017292991
2023-08-07,0.008248823598582478
2023-08-08,-0.014789242895358545
2023-08-09,-0.006387638322544409
2023-08-10,-0.006107377853547202
2023-08-11,-0.005497991252889856
2023-08-14,0.002276307972115088
2023-08-15,-0.017521045848454375
2023-08-16,-0.0029721648139072743
2023-08-17,0.002649778245508605
2023-08-18,0.019821626761290956
2023-08-21,-0.005183200614932715
2023-08-22,-0.0065123741437382865
2023-08-23,0.01606020718127965
2023-08-24,-0.014193459319676305
2023-08-25,0.011452881136690296
2023-08-28,-0.0016175271142840897
2023-08-29,-0.0035644777199149713
2023-08-30,0.002937270429983707
2023-08-31,-0.017246919545015005
2023-09-01,0.01423821827240812
2023-09-05,-0.023179816439820478
2023-09-06,-0.006350189938862827
2023-09-07,-0.008072734886009458
2023-09-08,0.015598555204370701
2023-09-11,0.007679488674160018
2023-09-12,0.01358504375447711
2023-09-13,-0.0029420719161624698
2023-09-14,0.017704968416075717
2023-09-15,-0.006121121960755538
2023-09-18,0.008103608195258127
2023-09-19,-0.00610931337242715
2023-09-20,0.012940884838680722
2023-09-21,-0.009262195073570068
2023-09-22,0.005802639990889036
2023-09-25,-0.0016025280318580082
2023-09-26,-0.017014439434123063
2023-09-27,-0.011103731054230903
2023-09-28,0.00957706156541227
2023-09-29,0.0058882493208389786
2023-10-02,-0.00682930490965028
2023-10-03,0.0075310650508571
2023-10-04,0.0026000036363686974
2023-10-05,-0.014262619273653576
2023-10-06,0.016441911336090076
2023-10-09,0.005499841249720694
2023-10-10,0.014800559878296538
2023-10-11,0.002219415985662332
2023-10-12,-0.01423599000853748
2023-10-13,-0.000641896835596123
2023-10-16,0.008670576512806116
2023-10-17,-0.0012735756286574862
2023-10-18,-0.02231431097063341
2023-10-19,-0.004238574549061513
2023-10-20,0.007203633009658983
2023-10-23,-0.019505921385912006
2023-10-24,-0.01591508650396045
2023-10-25,-0.002695423119212892
2023-10-26,-0.00033769807545136477
2023-10-27,-0.011828449600872593
2023-10-30,0.00547196702342756
2023-10-31,0.0153061774424339
2023-11-01,-0.009380285175348502
2023-11-02,0.027730846059583536
2023-11-03,0.000328983829392282
2023-11-06,-0.0006578799625167608
2023-11-07,-0.0009874695802256639
2023-11-08,0.0006590926654252982
2023-11-09,-0.006585619331299863
2023-11-10,0.017567244257857384
2023-11-13,-0.008143329947367772
2023-11-14,0.02167483779637802
2023-11-15,-0.0038573195445865682
2023-11-16,0.010971287005969499
2023-11-17,0.009256407989482796
2023-11-20,0.013915176761632564
2023-11-21,0.005926498652394585
2023-11-22,0.00930211512119583
2023-11-24,0.0027650351717161126
2023-11-27,-0.02144607589753844
2023-11-28,0.0034439412558537885
2023-11-29,-0.00657475851313527
2023-11-30,0.01796412704000616
2023-12-01,0.03405576679340938
2023-12-04,0.007784503483573291
2023-12-05,-0.01099252408285012
2023-12-06,0.006909006584356447
2023-12-07,-0.0005964585621812679
2023-12-08,-0.016119695298712156
2023-12-11,0.007281713893869224
2023-12-12,0.0006024423930608425
2023-12-13,0.0006020796747407964
2023-12-14,0.018050466143309407
2023-12-15,0.00472815908035118
2023-12-18,0.00970595122358442
2023-12-19,0.007282315031617248
2023-12-20,-0.006362065775509129
2023-12-21,0.0029101783279938953
2023-12-22,0.004933411280115152
2023-12-26,0.009240368817645006
2023-12-27,-0.008583488943280648
2023-12-28,0.0025973184259731052
2023-12-29,-0.002015077787277386
2024-01-02,-0.0014420226056695018
2024-01-03,0.001155238982885054
2024-01-04,0.0017313088722070713
2024-01-05,-0.0028802282532323087
2024-01-08,0.002021724529221558
2024-01-09,-0.00230604102275922
2024-01-10,0.0026004333454769935
2024-01-11,-0.0037463767122626335
2024-01-12,0.008388781289321967
2024-01-16,-0.0034423042165709905
2024-01-17,-0.01007505224836891
2024-01-18,0.0017450151090283583
2024-01-19,0.002902575457115697
2024-01-22,0.005788688331770597
2024-01-23,0.004028771812509824
2024-01-24,-0.014330863206432842
2024-01-25,0.017737774747481838
2024-01-26,0.011143018539244265
2024-01-29,0.0056512903652974344
2024-01-30,0.007305381625287932
2024-01-31,-0.004184110429281018
2024-02-01,0.016246508511063906
2024-02-02,0.006890793798038475
2024-02-05,0.005475036648421083
2024-02-06,0.007895457816286644
2024-02-07,-0.0008104168101614739
2024-02-08,0.0021628643153632776
2024-02-09,-0.004855626440178007
2024-02-12,-0.0005421817393189698
2024-02-13,-0.007051868940370132
2024-02-14,0.010652766706549688
2024-02-15,0.0
2024-02-16,-0.007567557542773495
2024-02-20,0.003812631076447248
2024-02-21,0.0065111598425906525
2024-02-22,0.021293801473848406
2024-02-23,0.011612473306684468
2024-02-26,-0.003913291581520317
2024-02-27,-0.005762185837973388
2024-02-28,-0.004228441639155145
2024-02-29,0.0069003311176991655
2024-03-01,0.00764356186950943
2024-03-04,0.003923730630544853
2024-03-05,-0.003387289290606388
2024-03-06,-0.0041828126697178725
2024-03-07,-0.004463224821252165
2024-03-08,0.0071201659971333875
2024-03-11,-0.003927636797908418
2024-03-12,-0.005783398318149446
2024-03-13,-0.0010578492693246178
2024-03-14,-0.01985161465073093
2024-03-15,-0.0016203114297763666
2024-03-18,0.009196666232144324
2024-03-19,-0.008844833071210978
2024-03-20,0.01703616830512633
2024-03-21,0.0069130707548628045
2024-03-22,-0.013731114009554068
2024-03-25,-0.013654648311875794
2024-03-26,-0.019272361561365026
2024-03-27,0.019651084364306737
2024-03-28,0.006243438724131911
2024-04-01,-0.00782326276576073
2024-04-02,-0.007340856786932193
2024-04-03,-0.0024651897598925165
2024-04-04,-0.008237250749532188
2024-04-05,0.004983399964814783
2024-04-08,-0.006887067826456428
2024-04-09,-0.0027737157657193867
2024-04-10,-0.01502110938088519
2024-04-11,0.0005650330173334606
2024-04-12,-0.002540225446791
2024-04-15,-0.0056593213895184125
2024-04-16,-0.008537407995108826
2024-04-17,-0.019517727629292714
2024-04-18,0.006732921858035201
2024-04-19,-0.0014536882805465945
2024-04-22,0.008153659985259631
2024-04-23,0.0028885099161883865
2024-04-24,-0.03024211174265856
2024-04-25,0.010692035375552633
2024-04-26,-0.0011752077085402934
2024-04-29,-0.0011768191328929145
2024-04-30,-0.021502253438541508
2024-05-01,-0.0006020482275026495
2024-05-02,0.011144601796556408
2024-05-03,0.008340566292984075
2024-05-06,-0.005022053289565509
2024-05-07,0.008313442024407314
2024-05-08,0.007656197927920383
2024-05-09,0.008182367160046056
2024-05-10,-0.0034781556616318987
2024-05-13,0.004071917156268867
2024-05-14,-0.01709146703391229
2024-05-15,-0.002652525666739569
2024-05-16,0.002659580271672901
2024-05-17,-0.012083728037369235
2024-05-20,-0.0032816301410476534
2024-05-21,-0.01017649999872039
2024-05-22,0.02842449658257551
2024-05-23,-0.014995507815669384
2024-05-24,0.008358226409508118
2024-05-28,-0.008881013063683718
2024-05-29,-0.007168473760056693
2024-05-30,0.001804941027524487
2024-05-31,0.017179129351285738
2024-06-03,-0.016888991187070324
2024-06-04,-0.012356807033928607
2024-06-05,0.008544353198111532
2024-06-06,-0.0018152203626199404
2024-06-07,-0.007275024594996959
2024-06-10,0.0054961355832476855
2024-06-11,-0.007895559412261832
2024-06-12,0.0027547379952572726
2024-06-13,-0.007020769505558966
2024-06-14,-0.010759300261266924
2024-06-17,0.013362530845206999
2024-06-18,0.012879293746105747
2024-06-20,0.0084772132320734
2024-06-21,0.0030022178326205573
2024-06-24,-0.005986347090367827
2024-06-25,-0.015055706639296673
2024-06-26,0.009171507510089993
2024-06-27,0.0006058066402225837
2024-06-28,0.01271587846932043
2024-07-01,0.004185212103923863
2024-07-02,0.005061018948125717
2024-07-03,-0.006220230598299348
2024-07-05,-0.007451622111180556
2024-07-08,0.0027026212984466724
2024-07-09,-0.027253752160531608
2024-07-10,0.013546895672974513
2024-07-11,0.024908918799599666
2024-07-12,0.0014818632154514066
2024-07-15,0.023971556769048608
2024-07-16,0.021098503294493698
2024-07-17,0.003396371058744574
2024-07-18,-0.012129771812074641
2024-07-19,-0.009423198433654245
2024-07-22,-0.005188770973157175
2024-07-23,-0.02521018587519952
2024-07-24,-0.013079530730105371
2024-07-25,0.012048192771084265
2024-07-26,0.021428502276486627
2024-07-29,0.0023309573545833295
2024-07-30,0.018023302872158142
2024-07-31,0.0022843648286992035
2024-08-01,-0.009401611143670219
2024-08-02,-0.019844615959825562
2024-08-05,-0.03169032049278231
2024-08-06,0.02606074993759977
2024-08-07,-0.007088215151810462
2024-08-08,0.018738976081963843
2024-08-09,-0.007299213952548622
2024-08-12,-0.014705882352941124
2024-08-13,-0.008358278313732814
2024-08-14,0.004214305698032161
2024-08-15,0.008093630405852759
2024-08-16,-0.006244620305091653
2024-08-19,0.006582932070458458
2024-08-20,-0.0017834991163661051
2024-08-21,0.006253688145681391
2024-08-22,-0.016572860222304753
2024-08-23,0.013842819639661386
2024-08-26,-0.0005935790471653934
2024-08-27,-0.0026730372079050158
2024-08-28,0.004169240752578407
2024-08-29,0.0065241338632051615
2024-08-30,0.013305873527054368
2024-09-03,0.009045774648680283
2024-09-04,0.00809717186512593
2024-09-05,-0.024096402879927648
2024-09-06,-0.019106515255233103
2024-09-09,0.011687257283981234
2024-09-10,-0.007405263615703039
2024-09-11,-0.006266704590861982
2024-09-12,0.004504511812291945
2024-09-13,0.0020926482521310685
2024-09-16,0.008651619244485431
2024-09-17,0.007689915296456684
2024-09-18,-0.0005869219917019608
2024-09-19,0.02202624000870368
2024-09-20,0.0037358531907607517
2024-09-23,-0.026052203612049962
2024-09-24,0.0035272746452392756
2024-09-25,-0.01816044123079119
2024-09-26,0.01133656483067802
2024-09-27,0.018584054880457224
2024-09-30,0.0
2024-10-01,-0.00028966331110191756
2024-10-02,-0.010139029489830254
2024-10-03,-0.0014633495753315628
2024-10-04,0.010844181378815376
2024-10-07,-0.02435490269920837
2024-10-08,0.00653787021068486
2024-10-09,0.011514611070418956
2024-10-10,0.007880968873720917
2024-10-11,0.01245295206251007
2024-10-14,0.009439330189244588
2024-10-15,0.00595061644428041
2024-10-16,-0.0008449196826284533
2024-10-17,-0.06709894496447855
2024-10-18,0.03112703567867614
2024-10-21,-0.013481686243344226
2024-10-22,0.0056445916896781245
2024-10-23,-0.007680942989706008
2024-10-24,-0.01458771457606578
2024-10-25,0.005135968215403963
2024-10-28,-0.000300517467650252
2024-10-29,-0.0003006078055467487
2024-10-30,0.008721640393969166
2024-10-31,0.002981558173921872
2024-11-01,-0.00743167992306204
2024-11-04,-0.000898312379259969
2024-11-05,0.019784111705113627
2024-11-06,0.08406816803924166
2024-11-07,-0.03579175443976779
2024-11-08,0.012373524726431384
2024-11-11,0.014444331895385076
2024-11-12,-0.010678971515275748
2024-11-13,0.009687220507544891
2024-11-14,-0.02330040603343364
2024-11-15,-0.014033104450038358
2024-11-18,-0.004554577600933585
2024-11-19,-0.01058059592529259
2024-11-20,-0.0008668974006349472
2024-11-21,0.022273578960128715
2024-11-22,0.012450552661497305
2024-11-25,0.023476602719964657
2024-11-26,0.0019116044431921608
2024-11-27,-0.0029979780344602247
2024-11-29,0.0024683609066655787
2024-12-02,-0.005745467548089467
2024-12-03,-0.009356111159914304
2024-12-04,-0.019444506766581493
2024-12-05,-0.019263410100490597
2024-12-06,-0.004910472204116556
2024-12-09,-0.013933170041524057
2024-12-10,0.005887453278763166
2024-12-11,-0.016388585946848666
2024-12-12,0.002082605716357211
2024-12-13,-0.013064062084071848
2024-12-16,-0.009025299998657754
2024-12-17,-0.0003035832633145885
2024-12-18,-0.025812238401116017
2024-12-19,-0.015586144378575972
2024-12-20,0.00854974312406398
2024-12-23,0.011617052730397814
2024-12-24,0.010862673430364067
2024-12-26,-0.0015351601266483383
2024-12-27,-0.0018450245601153714
2024-12-30,-0.00955012884539641
2024-12-31,0.0037325159442433975
