Date,DIS
2015-01-05,-0.014613411755870387
2015-01-06,-0.005304061955076045
2015-01-07,0.010229596235804106
2015-01-08,0.010341713880384962
2015-01-09,0.004904256567093146
2015-01-12,0.0022281056369137797
2015-01-13,0.0077280376384349925
2015-01-14,-0.010084881604124685
2015-01-15,0.001273220981473644
2015-01-16,0.008797216800634944
2015-01-20,-0.0046228717695639965
2015-01-21,-0.006016386173125499
2015-01-22,0.010406835727519992
2015-01-23,-0.0045192819284438634
2015-01-26,0.0026394954127553216
2015-01-27,-0.01052983674283825
2015-01-28,-0.013834108138684353
2015-01-29,0.00593505947318107
2015-01-30,-0.024243677365431537
2015-02-02,0.010664025508827057
2015-02-03,0.023604976343240658
2015-02-04,0.07630164946086637
2015-02-05,0.013428075601970457
2015-02-06,-0.006040627127677278
2015-02-09,-0.0028426008680350057
2015-02-10,0.001867691521825865
2015-02-11,-0.0004903451409205006
2015-02-12,0.016786037073246662
2015-02-13,0.0056960743824894244
2015-02-17,-0.00048023329863078335
2015-02-18,-0.002496958233439872
2015-02-19,0.0002887917008125296
2015-02-20,0.006352944965095864
2015-02-23,0.00420848029196752
2015-02-24,-0.003047633753802237
2015-02-25,0.008598214156509298
2015-02-26,-0.009567086554545745
2015-02-27,-0.004590608462765822
2015-03-02,0.017390506123491356
2015-03-03,0.0043439288152125055
2015-03-04,-0.007334192831472519
2015-03-05,-0.0051150751991340115
2015-03-06,-0.011520528094396187
2015-03-09,0.013870227900667054
2015-03-10,-0.02061567204744219
2015-03-11,-0.0019399273209418366
2015-03-12,0.041597805457431525
2015-03-13,-0.006811750313943765
2015-03-16,0.008737418478621972
2015-03-17,-0.003818596179714029
2015-03-18,0.009442679013728084
2015-03-19,-0.005556972554137785
2015-03-20,0.009872231856881797
2015-03-23,-0.0019366471090790371
2015-03-24,-0.010256799895966284
2015-03-25,-0.0196994630265801
2015-03-26,0.002285646257225604
2015-03-27,0.0022807503123665196
2015-03-30,0.006067424471414062
2015-03-31,-0.011590727449410254
2015-04-01,0.005243686874898179
2015-04-02,0.005310971271486942
2015-04-06,-0.003490615834326638
2015-04-07,-0.0018933583312414903
2015-04-08,0.008821121117857711
2015-04-09,0.0038546229223068718
2015-04-10,0.001685914232961938
2015-04-13,-0.004113962712252173
2015-04-14,0.0014083448338264581
2015-04-15,0.0030003060230994194
2015-04-16,0.010469114342877228
2015-04-17,-0.01304359909841002
2015-04-20,0.014340664616737442
2015-04-21,-0.004989898466340237
2015-04-22,0.0024147153649336506
2015-04-23,0.00982017648961886
2015-04-24,0.004862415567792544
2015-04-27,0.005751743918604779
2015-04-28,-0.0021785845523797365
2015-04-29,-0.0010007768930019312
2015-04-30,-0.009926165565237288
2015-05-01,0.016556295953243927
2015-05-04,0.004614590814915331
2015-05-05,-0.0019815435216621324
2015-05-06,-0.009836587123129292
2015-05-07,-0.00419244722349732
2015-05-08,0.007779601469664721
2015-05-11,-0.01371369487482399
2015-05-12,0.005893266447648315
2015-05-13,-0.0004575640223946076
2015-05-14,0.006777044496710571
2015-05-15,0.003365901929609727
2015-05-18,0.0002719302011611191
2015-05-19,0.0020845583146420488
2015-05-20,-0.003256166520131498
2015-05-21,0.0017241401445755589
2015-05-22,-0.001177529341544803
2015-05-26,-0.007437166540087192
2015-05-27,0.00849805879242238
2015-05-28,0.0014495002643681865
2015-05-29,-0.0014474022544176401
2015-06-01,0.005345574194536962
2015-06-02,-0.0018926393325765511
2015-06-03,0.0037923061258076096
2015-06-04,-0.007825685045953157
2015-06-05,0.0
2015-06-08,-0.009156743993485095
2015-06-09,-0.007045590697502324
2015-06-10,0.013638002012344108
2015-06-11,0.005636453834591437
2015-06-12,-0.006056943757724698
2015-06-15,0.002091838650178257
2015-06-16,0.007987020148077839
2015-06-17,0.0038716436163517276
2015-06-18,0.01551709543155888
2015-06-19,-0.005299296345357751
2015-06-22,0.008080228989209903
2015-06-23,0.007751268573000347
2015-06-24,-0.005593919597580599
2015-06-25,0.005976951426324373
2015-06-26,0.00471834970979601
2015-06-29,-0.01687124523438288
2015-06-30,0.009641977315384853
2015-07-01,0.014539686923775053
2015-07-02,-0.00138965788658163
2015-07-06,0.006349605034372319
2015-07-07,0.0121002435295674
2015-07-08,-0.016310840085000944
2015-07-09,0.00355932239914325
2015-07-10,0.0072665412212893354
2015-07-13,0.01382685516234372
2015-07-14,-0.0016943152020649777
2015-07-15,0.0038183808576708334
2015-07-16,0.0065089761845793515
2015-07-17,-0.0017637460100119462
2015-07-20,0.006057565001855503
2015-07-21,-0.0022579526889994206
2015-07-22,0.000167621422198172
2015-07-23,-0.004441327253192462
2015-07-24,0.0009257709574952422
2015-07-27,-0.0055502536174275585
2015-07-28,0.0017757666696613938
2015-07-29,0.01164949670558868
2015-07-30,0.0015855336145000898
2015-07-31,-0.00024988942823644944
2015-08-03,0.00933330694760759
2015-08-04,0.004706127481956424
2015-08-05,-0.09170846694565782
2015-08-06,-0.01791375969913489
2015-08-07,0.007369855374449008
2015-08-10,0.015089211917945544
2015-08-11,-0.02702711970207261
2015-08-12,-0.009351687912899531
2015-08-13,0.004953502380853569
2015-08-14,-0.0033480323749328633
2015-08-17,0.017637104555388472
2015-08-18,-0.019348893463364436
2015-08-19,-0.004582029823737344
2015-08-20,-0.060403882323321834
2015-08-21,-0.011797741840802511
2015-08-24,-0.03520834351851043
2015-08-25,0.005557973511924219
2015-08-26,0.03483157517698565
2015-08-27,0.029627937227957313
2015-08-28,0.0030343581864340496
2015-08-31,-0.0058549658210032
2015-09-01,-0.02326249254032453
2015-09-02,0.02391688646016621
2015-09-03,0.0009814785113781976
2015-09-04,-0.010000842922626152
2015-09-08,0.03010795230539265
2015-09-09,-0.020190460158725054
2015-09-10,0.006770839718741373
2015-09-11,0.01832363620117161
2015-09-14,-0.006317128948957973
2015-09-15,-0.003756257307331534
2015-09-16,0.00512399842594502
2015-09-17,0.0023085341345483457
2015-09-18,-0.013051828141334432
2015-09-21,0.005542811948613169
2015-09-22,-0.008896779356271312
2015-09-23,-0.008976561832064966
2015-09-24,-0.009353094912899818
2015-09-25,-0.0031801091213591315
2015-09-28,-0.01804607307573547
2015-09-29,0.009442783448165626
2015-09-30,0.02796190240940022
2015-10-01,0.004598940326555168
2015-10-02,0.0032142078576957722
2015-10-05,0.00825233920843993
2015-10-06,-0.0007704592997106463
2015-10-07,-0.003661825722005352
2015-10-08,0.011800059237984328
2015-10-09,0.00908129025460891
2015-10-12,0.0074838410299100655
2015-10-13,0.0022570437503928176
2015-10-14,-0.008068556492238144
2015-10-15,0.02042937930216282
2015-10-16,0.0032441367640507757
2015-10-19,0.01136359032366041
2015-10-20,0.003380001919854436
2015-10-21,0.0022758007449856787
2015-10-22,0.028703957783403178
2015-10-23,-0.0014128727038078548
2015-10-26,0.003802403774747276
2015-10-27,0.0022021714855491314
2015-10-28,0.005010235382152839
2015-10-29,0.006122047425008104
2015-10-30,-0.011300376556945824
2015-11-02,0.011429534601816949
2015-11-03,0.0043462212178912996
2015-11-04,-0.019819935434337244
2015-11-05,-0.0022072756880101574
2015-11-06,0.023628014680162623
2015-11-09,0.006484075230266173
2015-11-10,0.008589405466504774
2015-11-11,-0.0076647289566652566
2015-11-12,-0.0026604492704552785
2015-11-13,-0.011789037364371868
2015-11-16,0.009404453537528168
2015-11-17,0.0018115312289097574
2015-11-18,0.017308494419053355
2015-11-19,0.004824625297660701
2015-11-20,0.01145656276909146
2015-11-23,-0.005413661067976805
2015-11-24,-0.012309553040447785
2015-11-25,0.006104440445700909
2015-11-27,-0.02983087775724147
2015-11-30,-0.014418275524830104
2015-12-01,0.0169207247376455
2015-12-02,-0.012046201390097488
2015-12-03,-0.01850874557771065
2015-12-04,0.021002774457831608
2015-12-07,-0.003588849000717431
2015-12-08,-0.011859617266859579
2015-12-09,-0.008979582168568978
2015-12-10,0.0
2015-12-11,-0.02455759154084103
2015-12-14,0.012125138288078485
2015-12-15,0.02569730510768009
2015-12-16,0.01453273515857112
2015-12-17,-0.01564279998627205
2015-12-18,-0.03830013119570119
2015-12-21,-0.010490054894916279
2015-12-22,0.0014069762760089422
2015-12-23,-0.011054675437880968
2015-12-24,0.002841955010206565
2015-12-28,0.013130587477836464
2015-12-29,-0.0015852101631910198
2015-12-30,-0.006910632058788058
2015-12-31,-0.01184882984919211
2016-01-04,-0.019984872878269444
2016-01-05,-0.02019785095951565
2016-01-06,-0.005352085132734663
2016-01-07,-0.00856907674305285
2016-01-08,-0.002512577346778455
2016-01-11,0.0067505495818140915
2016-01-12,0.01541247970320736
2016-01-13,-0.029371157839191087
2016-01-14,0.006397261169431179
2016-01-15,-0.05256784410693793
2016-01-19,0.0007454571243952213
2016-01-20,-0.015217642747041182
2016-01-21,0.015993054578895105
2016-01-22,0.03063185485898412
2016-01-25,-0.016614947437119443
2016-01-26,0.01028424842296305
2016-01-27,-0.02025569783574732
2016-01-28,-0.008375766838678689
2016-01-29,0.02448424224172374
2016-02-01,-0.006992279774247545
2016-02-02,-0.021334688415961756
2016-02-03,0.021692595830220762
2016-02-04,0.0030480459564306006
2016-02-05,-0.016032702246418506
2016-02-08,-0.018956360025846664
2016-02-09,0.002171057869053916
2016-02-10,-0.03758668846973223
2016-02-11,0.01643221703532949
2016-02-12,0.00930145077760769
2016-02-16,0.019308549572257583
2016-02-17,0.027876613287085128
2016-02-18,-0.003455554895534396
2016-02-19,-0.00168128773059939
2016-02-22,0.014314407630404702
2016-02-23,-0.010272907072740645
2016-02-24,0.0005242563825758051
2016-02-25,0.0023054504777866303
2016-02-26,-0.003554742309547554
2016-02-29,0.002203200640404024
2016-03-01,0.02229911102568982
2016-03-02,-0.006656396653211605
2016-03-03,0.01876288804844317
2016-03-04,-0.0034406285863279873
2016-03-07,0.009240330662631857
2016-03-08,-0.01579626458379213
2016-03-09,-0.0016356566252372362
2016-03-10,-0.006348437721118816
2016-03-11,0.00927451027073145
2016-03-14,0.008882885147127428
2016-03-15,-0.005768660009257465
2016-03-16,0.0020358088448637623
2016-03-17,0.011783969195010346
2016-03-18,-0.00401626846684866
2016-03-21,-0.007459581707805474
2016-03-22,-0.008937594074993505
2016-03-23,-0.007686044980348861
2016-03-24,0.004027829535814709
2016-03-28,0.008948585779767981
2016-03-29,0.0007136143434973707
2016-03-30,0.0076407147872978864
2016-03-31,0.004044036878437796
2016-04-01,-0.0024167153384681006
2016-04-04,-0.0039365932634263245
2016-04-05,-0.01702467728388657
2016-04-06,0.004948535954990563
2016-04-07,-0.013541294775298973
2016-04-08,0.002703729381851261
2016-04-11,-0.0015556345708319652
2016-04-12,0.011218293333433493
2016-04-13,0.021880098364925438
2016-04-14,-0.008544462079140613
2016-04-15,-0.00040570176444010286
2016-04-18,0.029313279345676957
2016-04-19,0.011430880171210855
2016-04-20,0.006137980238600127
2016-04-21,-0.0034859064244381344
2016-04-22,0.008356662125404757
2016-04-25,0.007709354063801355
2016-04-26,0.0030601498468627586
2016-04-27,0.003718164742853247
2016-04-28,-0.011873090787181573
2016-04-29,-0.007401624113354099
2016-05-02,0.010652686233508568
2016-05-03,-0.005557672571578909
2016-05-04,-0.0010600577664541255
2016-05-05,0.012154233358361966
2016-05-06,0.005813234190840122
2016-05-09,-0.0018951515653852224
2016-05-10,0.011961391251139597
2016-05-11,-0.040431371620490264
2016-05-12,-0.005670381173971228
2016-05-13,-0.011699992539074278
2016-05-16,-0.0015917225519873623
2016-05-17,-0.004184922711027106
2016-05-18,-0.009405362743197032
2016-05-19,-0.005959722130986833
2016-05-20,0.013921358506038928
2016-05-23,-0.006013164395422321
2016-05-24,0.0033272559944572677
2016-05-25,0.0035171551576844706
2016-05-26,-0.0005008191105261295
2016-05-27,0.004809218173381868
2016-05-31,-0.010669101520912161
2016-06-01,-0.007055037028130928
2016-06-02,0.0020301065290619924
2016-06-03,0.0003039781495508542
2016-06-06,0.0003036360057853127
2016-06-07,-0.004352986777324097
2016-06-08,-0.0031521163869675517
2016-06-09,-0.0020398781289172607
2016-06-10,-0.005110413450565177
2016-06-13,0.0023629194623362437
2016-06-14,0.008506629876199545
2016-06-15,-0.0013211324374274858
2016-06-16,0.0011194952641693234
2016-06-17,0.006302142663321408
2016-06-20,0.00575725567767682
2016-06-21,-0.007532185869718044
2016-06-22,-0.0003036705196493017
2016-06-23,0.002328071108116614
2016-06-24,-0.033326497247991305
2016-06-27,-0.013999169254015564
2016-06-28,0.01769440332305372
2016-06-29,0.009682533622833
2016-06-30,0.008661554566352647
2016-07-01,0.002146836091589943
2016-07-05,-0.003774389720751059
2016-07-06,0.008089312189160314
2016-07-07,0.006855008625756387
2016-07-08,0.012295333511159967
2016-07-11,0.003613785872904396
2016-07-12,0.002200663154281024
2016-07-13,-0.003193795107865438
2016-07-14,0.0009010537409175345
2016-07-15,-0.0017005489144590324
2016-07-18,0.003506997883860441
2016-07-19,-0.006789644414908702
2016-07-20,-0.012566636967267342
2016-07-21,-0.0021381304218837105
2016-07-22,-0.0030610406788788014
2016-07-25,-0.003274767822870839
2016-07-26,-0.007187645908306783
2016-07-27,-0.0037233784812074067
2016-07-28,-0.004359823095606563
2016-07-29,0.00041700704512126485
2016-08-01,-0.004273136009022682
2016-08-02,-0.005547596515663389
2016-08-03,0.011367394911433237
2016-08-04,-0.00967827263173382
2016-08-05,0.007040690859856591
2016-08-08,-0.0008347955670745533
2016-08-09,0.009608212501826419
2016-08-10,0.012310117524281239
2016-08-11,-0.0009198197893872662
2016-08-12,-0.00951205252641929
2016-08-15,0.0026847681948400925
2016-08-16,-0.002265767062266666
2016-08-17,-0.0001030394706046378
2016-08-18,-0.0022712306986467645
2016-08-19,-0.002690130782210365
2016-08-22,-0.005394689532894903
2016-08-23,0.0010430378479449054
2016-08-24,-0.0015628840551976664
2016-08-25,-0.0028177822769765992
2016-08-26,-0.003558427324785507
2016-08-29,-0.0035708777614120724
2016-08-30,-0.00010548063982873668
2016-08-31,-0.004216831185637981
2016-09-01,-0.0021173872802781046
2016-09-02,0.0016975733723787467
2016-09-06,-0.0065663005918211725
2016-09-07,-0.0009596328542855748
2016-09-08,0.004055094445393426
2016-09-09,-0.0177489799758368
2016-09-12,0.013200594939972055
2016-09-13,-0.010038448292498892
2016-09-14,-0.004746446878686861
2016-09-15,0.0026012939143629232
2016-09-16,0.0006486582454336975
2016-09-19,0.0007563508737893354
2016-09-20,0.0034545376361672098
2016-09-21,-0.006024979811650288
2016-09-22,0.011040498200173277
2016-09-23,-0.0014990238650192111
2016-09-26,-0.014045031578392764
2016-09-27,-0.0026099574959923544
2016-09-28,0.00523330742501904
2016-09-29,-0.004338223115016637
2016-09-30,0.01154668434270345
2016-10-03,-0.003984449308759963
2016-10-04,0.001081243366330975
2016-10-05,-0.0015122115445900253
2016-10-06,0.004110450035875957
2016-10-07,-0.003662604609104947
2016-10-10,0.0
2016-10-11,-0.006811427256246172
2016-10-12,-0.00489878637481278
2016-10-13,-0.003172670193383631
2016-10-14,0.001975356770375969
2016-10-17,-0.005147776986582309
2016-10-18,0.003743072444847284
2016-10-19,0.008336409369760656
2016-10-20,0.0010875633679463537
2016-10-21,0.010866213258115875
2016-10-24,0.0036547302501115375
2016-10-25,-0.00664031695187417
2016-10-26,0.00797852516352493
2016-10-27,0.005668978685453796
2016-10-28,-0.0018080802705340293
2016-10-31,-0.012359954148627339
2016-11-01,-0.003237082381368994
2016-11-02,-0.005195092032127868
2016-11-03,0.015885131720256185
2016-11-04,-0.009853475059866446
2016-11-07,0.021417124818026156
2016-11-08,-0.0005294285335443183
2016-11-09,0.0027547461275678753
2016-11-10,0.0033812553655490074
2016-11-11,0.02864360365483587
2016-11-14,0.002457038796963573
2016-11-15,-0.002246959673342319
2016-11-16,0.014534534243509478
2016-11-17,0.0025222187718658695
2016-11-18,-0.011371658104095017
2016-11-21,-0.006209361026133564
2016-11-22,0.0008193209250801914
2016-11-23,0.005629138934543532
2016-11-25,0.005699055291062072
2016-11-28,0.0015178924974961205
2016-11-29,0.0070728176097982765
2016-11-30,-0.005518114528187734
2016-12-01,-0.0018160073974323732
2016-12-02,-0.004447177852465289
2016-12-05,0.014822443987522638
2016-12-06,0.00700260464426572
2016-12-07,0.01321297881408423
2016-12-08,0.021440477056516638
2016-12-09,0.014316085093420083
2016-12-12,-0.007629201952894071
2016-12-13,-0.0020181911191495816
2016-12-14,0.0019260257604190034
2016-12-15,0.0032675759778557634
2016-12-16,-0.004597960146925484
2016-12-19,0.013376953472276298
2016-12-20,0.0015192797609335784
2016-12-21,0.000948234215233601
2016-12-22,-0.0013262395935771387
2016-12-23,-0.002561111549919226
2016-12-27,0.00019019052869650999
2016-12-28,-0.008272292422136784
2016-12-29,0.0024927041149032103
2016-12-30,-0.003251483455919524
2017-01-03,0.017846639720013435
2017-01-04,0.012820566661334576
2017-01-05,-0.0005584856955891393
2017-01-06,0.014900469426339269
2017-01-09,-0.005689220196441802
2017-01-10,0.00018448168197071624
2017-01-11,0.009780583521231234
2017-01-12,-0.01745250052196823
2017-01-13,0.004928834597612175
2017-01-17,-0.000832922006883341
2017-01-18,0.0017598817333068784
2017-01-19,-0.008136171556282767
2017-01-20,0.0035420995603747674
2017-01-23,-0.0050158743104009584
2017-01-24,0.0072817765717057
2017-01-25,0.0012973273570096033
2017-01-26,0.00018517803518602882
2017-01-27,0.011475089732879473
2017-01-30,0.015004438244521356
2017-01-31,-0.0026138708703545843
2017-02-01,0.005874423823475583
2017-02-02,-0.006199479178833678
2017-02-03,-0.0028026174361294176
2017-02-06,-0.006618452357086135
2017-02-07,-0.005202105621572528
2017-02-08,0.0
2017-02-09,0.004495417861704487
2017-02-10,-0.0021005315245808953
2017-02-13,0.0035693906882257043
2017-02-14,0.006201538934875073
2017-02-15,-0.001359641565593539
2017-02-16,0.00481043603274256
2017-02-17,-0.005871313108019249
2017-02-21,-0.0004540804018162703
2017-02-22,0.0009997988474519381
2017-02-23,-0.0035415887139322866
2017-02-24,0.005376771902483979
2017-02-27,-0.0008157854896057026
2017-02-28,-0.0012701990191559265
2017-03-01,0.008629370850609552
2017-03-02,-0.004052479222974359
2017-03-03,0.005877390999724064
2017-03-06,-0.005124081603467889
2017-03-07,0.0017169463312833866
2017-03-08,-0.00018046756442580136
2017-03-09,0.0017141667032052332
2017-03-10,-0.0009906142238603755
2017-03-13,0.00540934555798489
2017-03-14,0.00708373831379272
2017-03-15,-0.003917585313497729
2017-03-16,-0.001430271477893097
2017-03-17,0.00044766347076219404
2017-03-20,0.008500278015658225
2017-03-21,-0.00851738500182786
2017-03-22,0.0029529123551113035
2017-03-23,0.0014277363145338562
2017-03-24,-0.000891026910860182
2017-03-27,0.0021400972415577257
2017-03-28,0.005962018914503098
2017-03-29,-0.004599827212721119
2017-03-30,0.005776210288374273
2017-03-31,0.0018554230008043238
2017-04-03,-0.001675545859638694
2017-04-04,-0.0014134671058713133
2017-04-05,-0.0003537594736529037
2017-04-06,0.00044248126981005775
2017-04-07,-0.004157541645990137
2017-04-10,-0.0013323242453298079
2017-04-11,0.005692301740405581
2017-04-12,-0.00026526713360275345
2017-04-13,0.0014154678230786644
2017-04-17,0.00512380037041793
2017-04-18,0.003603358740107865
2017-04-19,-0.004028362177927347
2017-04-20,0.009320206441166157
2017-04-21,-0.003048928711772092
2017-04-24,-0.006466362613168908
2017-04-25,0.01301689720375565
2017-04-26,0.0034727811468553416
2017-04-27,0.002249359082983071
2017-04-28,-0.002071811373566157
2017-05-01,-0.007525855941042048
2017-05-02,-0.003137783538048833
2017-05-03,-0.024044880415115766
2017-05-04,-0.0040314943625404664
2017-05-05,0.007375987454081745
2017-05-08,-0.005089693268066853
2017-05-09,0.005833900245467261
2017-05-10,-0.02150432175180561
2017-05-11,-0.0007295479321559606
2017-05-12,0.001003722176442734
2017-05-15,-0.005105291797365963
2017-05-16,-0.010537971775731236
2017-05-17,-0.015465857411541273
2017-05-18,0.003480399514511623
2017-05-19,0.00787397090947195
2017-05-22,0.001023254307284338
2017-05-23,-0.005667638327747526
2017-05-24,0.006447412607387237
2017-05-25,-0.004085044609721922
2017-05-26,0.010627214113057448
2017-05-30,-0.0006455376129139712
2017-05-31,-0.0036919595025342034
2017-06-01,0.0025013186458435754
2017-06-02,-0.009518542005751085
2017-06-05,-0.006157867304054543
2017-06-06,-0.009575648980469587
2017-06-07,0.003980904311961853
2017-06-08,-0.015105552352677631
2017-06-09,0.012461518524876647
2017-06-12,0.013444512407605469
2017-06-13,-0.004484354475353336
2017-06-14,-0.0039413806659817086
2017-06-15,-0.0015075613876249783
2017-06-16,-0.004434665381247593
2017-06-19,-0.001326944653318951
2017-06-20,-0.013571268241385881
2017-06-21,0.008274021567239664
2017-06-22,-0.005534177511039129
2017-06-23,0.0013432135655944144
2017-06-26,0.01159452280535822
2017-06-27,-0.0015155475785496586
2017-06-28,0.013755761183111392
2017-06-29,-0.010761902199186157
2017-06-30,0.005108324320513891
2017-07-03,0.011388201873173687
2017-07-05,-0.017029438961964627
2017-07-06,-0.014306286797464596
2017-07-07,-0.0002901727438019419
2017-07-10,0.0026132465187451714
2017-07-11,0.0024131762590398065
2017-07-12,0.005200476084437744
2017-07-13,-0.0008623131930760586
2017-07-14,0.007670996190289658
2017-07-17,-0.002854830182934087
2017-07-18,0.009161227803857974
2017-07-19,0.010118211031194813
2017-07-20,0.005055245362751037
2017-07-21,-0.0025150589755268404
2017-07-24,-0.0008401915315360275
2017-07-25,-0.005420640256211251
2017-07-26,0.004886353394174758
2017-07-27,0.028614093693312137
2017-07-28,-0.0003634829516774296
2017-07-31,-0.0002728758548665722
2017-08-01,0.006185777224985811
2017-08-02,-0.017539077531689484
2017-08-03,0.004140912816431808
2017-08-04,-0.01310477966111434
2017-08-07,-0.012443285204086663
2017-08-08,0.005924002218401281
2017-08-09,-0.038792328578351354
2017-08-10,-0.014392711906429323
2017-08-11,0.006314862738620919
2017-08-14,-0.0057851391469202484
2017-08-15,0.0010850091679468488
2017-08-16,0.0067972435913530305
2017-08-17,-0.008023441675638954
2017-08-18,-0.006707541499433423
2017-08-21,0.004667375819084274
2017-08-22,0.015815047743158006
2017-08-23,-0.012357660303636164
2017-08-24,0.00019692157554684897
2017-08-25,0.008766907786065481
2017-08-28,0.001464494717526632
2017-08-29,9.767835177276751e-05
2017-08-30,0.0029249692668544824
2017-08-31,-0.01623428237630009
2017-09-01,0.002964486933781929
2017-09-05,0.0009851623632648465
2017-09-06,-0.000984192773586079
2017-09-07,-0.043743838774618626
2017-09-08,0.00010296486628358359
2017-09-11,0.00020590853122270936
2017-09-12,0.008239945517517278
2017-09-13,0.009500454690606785
2017-09-14,-0.009309833070308526
2017-09-15,0.00633290726868907
2017-09-18,-0.004262968095514852
2017-09-19,0.003363785496653282
2017-09-20,0.007924459719133692
2017-09-21,-0.003225579015015967
2017-09-22,-0.00293251341009626
2017-09-25,0.009837634388348171
2017-09-26,-0.009440528722578945
2017-09-27,0.006184872853550294
2017-09-28,-0.011991115447814171
2017-09-29,0.005303392404872209
2017-10-02,0.013087231050786796
2017-10-03,0.009312871301318193
2017-10-04,-0.0023810614002577335
2017-10-05,-0.004376004555196267
2017-10-06,-0.0003997131253197228
2017-10-09,-0.00499652390926153
2017-10-10,0.00010061155027063506
2017-10-11,-0.01034337705916022
2017-10-12,-0.016438475298436006
2017-10-13,0.004642536701297217
2017-10-16,0.007701777734074211
2017-10-17,0.002343926282994069
2017-10-18,-0.0011182979572118557
2017-10-19,0.0077353773773660706
2017-10-20,0.0039388966736761954
2017-10-23,-0.0070421532684058485
2017-10-24,-0.004154020439295691
2017-10-25,-0.0049853317741321845
2017-10-26,0.007771052533360745
2017-10-27,-0.002536658616294152
2017-10-30,-0.002746420991940335
2017-10-31,-0.002345995987524274
2017-11-01,0.012473119375577824
2017-11-02,-0.006866469634372541
2017-11-03,0.002948532461733544
2017-11-06,0.020275836008592396
2017-11-07,0.009638302036772961
2017-11-08,-0.004231841820491189
2017-11-09,0.014825125547160534
2017-11-10,0.02045183175958254
2017-11-13,-0.000381898077181142
2017-11-14,-0.014989373082487711
2017-11-15,0.00504004629043342
2017-11-16,-0.0008678965059198962
2017-11-17,-0.0015442932547623522
2017-11-20,-0.006670575278725721
2017-11-21,0.0024331393342580387
2017-11-22,-0.002524416548713604
2017-11-24,-0.000973272300804906
2017-11-27,0.0014614482225743242
2017-11-28,0.006031790504335666
2017-11-29,0.017696485333865697
2017-11-30,-0.003990836614974791
2017-12-01,0.004102246118199204
2017-12-04,0.047220819618157384
2017-12-05,-0.02721818732887471
2017-12-06,-0.01641489487583525
2017-12-07,-0.0018964158236478568
2017-12-08,-0.0018195117099988334
2017-12-11,0.02494468805193817
2017-12-12,0.005616339212374699
2017-12-13,0.001675580725439163
2017-12-14,0.027506667134106655
2017-12-15,0.00633085929810373
2017-12-18,-0.0021568637008368974
2017-12-19,0.0070252821656808795
2017-12-20,-0.018960918767524593
2017-12-21,-0.0010939658096601468
2017-12-22,-0.008213911092638027
2017-12-26,-0.005061200763605833
2017-12-27,-0.004439404562096794
2017-12-28,0.001207644632079674
2017-12-29,-0.0024125239879544402
2018-01-02,0.039903283471539375
2018-01-03,0.00429327720445305
2018-01-04,-0.0004452512828323485
2018-01-05,-0.005435295528959383
2018-01-08,-0.014334360270088053
2018-01-09,-0.000727195487342791
2018-01-10,-0.004275010720717343
2018-01-11,0.013885112361760932
2018-01-12,0.013334572221159968
2018-01-16,-0.015826450204793674
2018-01-17,0.011563835783213516
2018-01-18,-0.013843068721062779
2018-01-19,0.0015395571342624592
2018-01-22,0.004611643745958904
2018-01-23,-0.006210417633140786
2018-01-24,0.0008149973380029429
2018-01-25,0.0004524958077911645
2018-01-26,0.014834918781308826
2018-01-29,-0.005793762775785138
2018-01-30,-0.012820543073430835
2018-01-31,-0.013077805787804042
2018-02-01,0.016747878689128637
2018-02-02,-0.016200369926637648
2018-02-05,-0.03679866292874112
2018-02-06,0.014040137946911058
2018-02-07,-0.01328051138179831
2018-02-08,-0.032550660267386844
2018-02-09,0.017168168600407485
2018-02-12,0.0029100471790808324
2018-02-13,0.007060725074526486
2018-02-14,0.004610030671744925
2018-02-15,0.005545066350396866
2018-02-16,0.012835113156923761
2018-02-20,-0.005162870992912683
2018-02-21,-0.008775272879212426
2018-02-22,0.0018086757823763122
2018-02-23,0.019099213749918187
2018-02-26,0.02386948145409229
2018-02-27,-0.0449868322825453
2018-02-28,-0.01630586975108894
2018-03-01,-0.00571934524808182
2018-03-02,0.004094704644408198
2018-03-05,0.004078238742346585
2018-03-06,0.014795520642994164
2018-03-07,-0.012864618627771995
2018-03-08,0.00424741163127873
2018-03-09,0.006728934702897815
2018-03-12,0.004201254131399601
2018-03-13,-0.013692014572720956
2018-03-14,0.0016388496404280417
2018-03-15,-0.0063522998549603304
2018-03-16,-0.003583814868138413
2018-03-19,-0.01351231802967967
2018-03-20,-0.00128102933800045
2018-03-21,0.004637420936686842
2018-03-22,-0.01198199184066473
2018-03-23,-0.02047700040965572
2018-03-26,0.021412489704366378
2018-03-27,-0.012816640038138427
2018-03-28,-0.008252739039367296
2018-03-29,0.019281487803235464
2018-04-02,-0.01772203062502331
2018-04-03,0.007703198362915664
2018-04-04,0.01538930664245819
2018-04-05,0.011490874591616462
2018-04-06,-0.017236364068102472
2018-04-09,-0.006477351286624078
2018-04-10,0.016750305395357934
2018-04-11,-0.0056230847112711535
2018-04-12,-0.004067619314762738
2018-04-13,-0.00039819816126518415
2018-04-16,-0.0010962759681015788
2018-04-17,0.019253744442286447
2018-04-18,-0.009396034558346922
2018-04-19,-0.00316182421543465
2018-04-20,-0.006442604179743738
2018-04-23,-0.0008977638495172302
2018-04-24,-0.006889678026155144
2018-04-25,0.01699176566280669
2018-04-26,-0.012951045214677714
2018-04-27,-0.006109887381455237
2018-04-30,0.011085451868584784
2018-05-01,-0.0026911138390759426
2018-05-02,-0.004397494333746255
2018-05-03,-0.008632636993062826
2018-05-04,0.02420003981478458
2018-05-07,0.013148806007386327
2018-05-08,-0.0067331110495573165
2018-05-09,-0.017879948714288108
2018-05-10,0.017105177811369776
2018-05-11,0.003835685595364735
2018-05-14,0.003624894773029741
2018-05-15,0.004685478341721172
2018-05-16,0.020598648238653317
2018-05-17,-0.0066641568666518936
2018-05-18,-0.003929385718925649
2018-05-21,0.0012507540939019623
2018-05-22,9.62685438623545e-05
2018-05-23,-0.01133866841690967
2018-05-24,-0.0075807675030009625
2018-05-25,0.0008811662107088836
2018-05-29,-0.024559623332430336
2018-05-30,0.002909127857693372
2018-05-31,-0.005101116080545642
2018-06-01,-0.00110581434955892
2018-06-04,0.008856629319334619
2018-06-05,-0.0029927848685535885
2018-06-06,0.0197118500145248
2018-06-07,0.005495068392908475
2018-06-08,0.014736111427861243
2018-06-11,0.003558309399178894
2018-06-12,-0.00019169625041215443
2018-06-13,0.01897820374919057
2018-06-14,0.022951791057922222
2018-06-15,0.0009196280035417281
2018-06-18,-0.01644489060187293
2018-06-19,-0.008966793489071367
2018-06-20,0.009896329359150524
2018-06-21,-0.011759266758054943
2018-06-22,0.0042496847196416
2018-06-25,-0.017773220560968195
2018-06-26,-0.0018189892983471179
2018-06-27,-0.0028774671312454814
2018-06-28,0.007791596617508834
2018-06-29,0.0003817033026471961
2018-07-02,0.004961391067608734
2018-07-03,-0.012247248764734486
2018-07-05,0.012495160732670874
2018-07-06,0.0026795744572272184
2018-07-09,0.011834208267476276
2018-07-10,9.42577548832535e-05
2018-07-11,0.018957007515507884
2018-07-12,0.001943722350236543
2018-07-13,0.016166263524238778
2018-07-16,0.0018181695247252438
2018-07-17,0.0009074707915244229
2018-07-18,0.003535776694432613
2018-07-19,0.013009331898939491
2018-07-20,-0.005796786061407433
2018-07-23,-0.0034984927778821673
2018-07-24,-0.003510632751489884
2018-07-25,0.0043360283681253
2018-07-26,0.02095700419148616
2018-07-27,-0.007840620747525229
2018-07-30,8.866359374470889e-05
2018-07-31,0.008257206720582388
2018-08-01,-0.00519544566064245
2018-08-02,-0.0019475674527418274
2018-08-03,0.011884628242911477
2018-08-06,0.016215421488887216
2018-08-07,0.005347577890281174
2018-08-08,-0.02213442115841968
2018-08-09,0.00157919277973817
2018-08-10,-0.012964255441250128
2018-08-13,-0.004969820223199584
2018-08-14,0.005618831897486576
2018-08-15,0.0008870172948722832
2018-08-16,-0.0032787749592572135
2018-08-17,0.0
2018-08-20,-0.004356395805254376
2018-08-21,0.003571865097728999
2018-08-22,-0.0040039407213458
2018-08-23,0.0005359907580293477
2018-08-24,-0.0006249286923583064
2018-08-27,0.0035736378713151495
2018-08-28,0.002225623115656772
2018-08-29,-0.0011548636119568245
2018-08-30,-0.004713100566222206
2018-08-31,0.0008933832587314505
2018-09-04,-0.010444462118323616
2018-09-05,-0.008840765997005562
2018-09-06,0.003549686756761261
2018-09-07,0.006439256263138793
2018-09-10,-0.00261325495160869
2018-09-11,-0.009757951363513206
2018-09-12,-0.00127737090587432
2018-09-13,0.011054275293936433
2018-09-14,-0.012740505158959747
2018-09-17,0.0009151331831260823
2018-09-18,0.0015545283034703594
2018-09-19,0.0023739001875455745
2018-09-20,0.01666810320970802
2018-09-21,-0.010929959186057547
2018-09-24,0.021467357767843254
2018-09-25,0.0076260835618542355
2018-09-26,0.01390494388952801
2018-09-27,0.007204217592094997
2018-09-28,0.007755927645344052
2018-10-01,-0.005985969002329061
2018-10-02,0.012216042211157685
2018-10-03,-0.006374340063477146
2018-10-04,-0.006671666293646017
2018-10-05,-0.011624909127700866
2018-10-08,0.010803174754830058
2018-10-09,0.007498728456909243
2018-10-10,-0.03447679256861835
2018-10-11,-0.015151527898245032
2018-10-12,0.013135448798059945
2018-10-15,0.007370482041146875
2018-10-16,0.024241953333880684
2018-10-17,0.008090148890963489
2018-10-18,-0.008110675968473813
2018-10-19,0.023412048401512786
2018-10-22,-0.005298630577099117
2018-10-23,-0.0035511924780174953
2018-10-24,-0.0529486142368768
2018-10-25,0.022847418879129222
2018-10-26,-0.008496896011355504
2018-10-29,-0.001325144008139434
2018-10-30,0.015215874839308086
2018-10-31,0.0006098989509268904
2018-11-01,0.011059755990675324
2018-11-02,-0.007924136449112607
2018-11-05,0.0023440071228360004
2018-11-06,0.010914010422003129
2018-11-07,0.002913190568397228
2018-11-08,-0.008970582618744172
2018-11-09,0.017241331093431178
2018-11-12,-0.011016908806969261
2018-11-13,0.0012852875224866889
2018-11-14,0.0023107780468094585
2018-11-15,-8.539206577995451e-05
2018-11-16,-0.0078558626389158
2018-11-19,-0.0066272049285337475
2018-11-20,-0.0307571149838759
2018-11-21,0.010369065632650498
2018-11-23,-0.008404809612504893
2018-11-26,0.004193479204078976
2018-11-27,0.01199467575056623
2018-11-28,0.019315127406775545
2018-11-29,0.004392779667857338
2018-11-30,-0.009604722641437524
2018-12-03,0.00216465801849397
2018-12-04,-0.024796729153889974
2018-12-06,0.012935209408255988
2018-12-07,-0.01295722761226259
2018-12-10,-0.0010717640172794862
2018-12-11,0.0009834225462972412
2018-12-12,0.002143439191938601
2018-12-13,0.01051598889737937
2018-12-14,-0.010494837541449309
2018-12-17,-0.01408188636831531
2018-12-18,-0.010576858993690874
2018-12-19,-0.0021013284645466923
2018-12-20,-0.0203258788625007
2018-12-21,-0.02598137800311473
2018-12-24,-0.03713297431352247
2018-12-26,0.05460888721072932
2018-12-27,0.006519914252848702
2018-12-28,0.007322521450502828
2018-12-31,0.02190117026489724
2019-01-02,-0.0062014780065134945
2019-01-03,-0.024226939868917996
2019-01-04,0.030847428166322688
2019-01-07,0.008667028780764419
2019-01-08,0.0077786582013443795
2019-01-09,0.01121882932324958
2019-01-10,0.001153769768681645
2019-01-11,-0.0013297921396721035
2019-01-14,-0.0020417761549818003
2019-01-15,-0.0058706539725126294
2019-01-16,-0.0076057041340837905
2019-01-17,0.0009016588696806327
2019-01-18,0.0002701761845775863
2019-01-22,-0.003962456502423661
2019-01-23,0.0047016682826115375
2019-01-24,-0.005129608117271478
2019-01-25,0.004884543221773008
2019-01-28,-0.002520441215030478
2019-01-29,0.0008123457853814742
2019-01-30,-0.006943405598321184
2019-01-31,0.012621590126014048
2019-02-01,-0.0019727709592569642
2019-02-04,0.004492426490163792
2019-02-05,0.007692312013967806
2019-02-06,-0.011095417496191584
2019-02-07,-0.004128931995702856
2019-02-08,0.005047313834791511
2019-02-11,-0.018563286000229273
2019-02-12,-0.002193062221226505
2019-02-13,0.009157495462450482
2019-02-14,0.0041742680870582305
2019-02-15,0.01744075619558849
2019-02-19,0.008171318044660536
2019-02-20,0.0014976478724955111
2019-02-21,0.005365913324473226
2019-02-22,0.008399785060908771
2019-02-25,-0.01440354575649283
2019-02-26,-0.0007923953273005768
2019-02-27,-0.006343567148508367
2019-02-28,0.0005320808258830745
2019-03-01,0.01036870159077341
2019-03-04,0.0028066896948912845
2019-03-05,-0.0028863235579009716
2019-03-06,0.007456121652808401
2019-03-07,-0.007313846150480585
2019-03-08,-0.001754353223509586
2019-03-11,0.008259502608594316
2019-03-12,-0.00017433818542689217
2019-03-13,-0.00557842603473524
2019-03-14,0.003418435686833421
2019-03-15,0.004192887645616983
2019-03-18,-0.01600558065151947
2019-03-19,-0.027581292845252348
2019-03-20,-9.093321604802806e-05
2019-03-21,-0.012091933989901382
2019-03-22,-0.003957336376193221
2019-03-25,-0.004065406906309521
2019-03-26,0.0218015365214288
2019-03-27,0.0012711617928342633
2019-03-28,0.003899203926770678
2019-03-29,0.0028904923382593317
2019-04-01,0.013329660919267905
2019-04-02,-0.004888495587325292
2019-04-03,0.005001781566921881
2019-04-04,0.019818795911924925
2019-04-05,0.002178611523617313
2019-04-08,-0.0003478501189961847
2019-04-09,0.016527571541026687
2019-04-10,0.0025671836530667402
2019-04-11,-0.004779783175766328
2019-04-12,0.11543717889151495
2019-04-15,0.015223800479630567
2019-04-16,-0.01620729014988731
2019-04-17,0.014241939811302284
2019-04-18,0.005313072353394954
2019-04-22,-0.005813575073916777
2019-04-23,0.012758188986476515
2019-04-24,0.013047556406160732
2019-04-25,0.015839903072996986
2019-04-26,0.01952798371783193
2019-04-29,-0.004431044583156574
2019-04-30,-0.01672675533479273
2019-05-01,-0.004307509865381864
2019-05-02,-0.016424566211097114
2019-05-03,0.0014164553007094405
2019-05-06,0.004987637574432657
2019-05-07,-0.011555714883582091
2019-05-08,0.011615968281937894
2019-05-09,-0.010371214978232013
2019-05-10,0.0033684693076929673
2019-05-13,-0.02014331633646449
2019-05-14,0.014161891418086547
2019-05-15,0.011110994532447682
2019-05-16,0.006088490176858974
2019-05-17,-0.003394692283364864
2019-05-20,-0.008367785821149054
2019-05-21,0.0013439566218973464
2019-05-22,-0.0017896151730136811
2019-05-23,-0.00836780078423427
2019-05-24,0.0004520472083511251
2019-05-28,-0.0012802019942581566
2019-05-29,-0.00791715074218069
2019-05-30,0.004788103862056969
2019-05-31,-0.0012102524021829764
2019-06-03,0.0032565019439352305
2019-06-04,0.017740071566253457
2019-06-05,0.008307363964221715
2019-06-06,0.00934252550022352
2019-06-07,0.006048894707689101
2019-06-10,-0.007026879760295257
2019-06-11,-0.014518315467113685
2019-06-12,0.004738028567203845
2019-06-13,0.0443559985051607
2019-06-14,-0.0006349124051314714
2019-06-17,-0.004800508518674418
2019-06-18,-0.012272140496693562
2019-06-19,0.01206554241542035
2019-06-20,0.007805801126181011
2019-06-21,-0.012603996738710044
2019-06-24,-0.007202237779778464
2019-06-25,0.005171463626846062
2019-06-26,0.003287210277775232
2019-06-27,-0.007834600346467213
2019-06-28,0.0024405208984679128
2019-07-01,0.014394267122485926
2019-07-02,0.006212592333353806
2019-07-03,0.003157076104197243
2019-07-05,0.0024631512983106507
2019-07-08,-0.01003852281761819
2019-07-09,0.00418372443216497
2019-07-10,0.013628921804379468
2019-07-11,0.00013938295968296543
2019-07-12,0.009194732058385169
2019-07-15,0.0012423056063173288
2019-07-16,-0.005239116874543703
2019-07-17,-0.011988799941166195
2019-07-18,-0.006593270426544673
2019-07-19,-0.012568077684315226
2019-07-22,0.007079046582306958
2019-07-23,0.0029821582435349825
2019-07-24,0.00021222802415277187
2019-07-25,0.01358910017842807
2019-07-26,0.01005521147143229
2019-07-29,0.012028948277809537
2019-07-30,-0.009973240730761224
2019-07-31,-0.013247800710453173
2019-08-01,-0.008111334698135741
2019-08-02,-0.0009867548867416032
2019-08-05,-0.024063311601962067
2019-08-06,0.02581326656673344
2019-08-07,-0.049411314082315805
2019-08-08,0.022467655747753668
2019-08-09,0.004568994016621142
2019-08-12,-0.019997154127647132
2019-08-13,0.009281581069326972
2019-08-14,-0.030362602562814534
2019-08-15,0.004215352298033048
2019-08-16,0.013417203822343682
2019-08-19,0.0006655681598470853
2019-08-20,-0.0011824837372438335
2019-08-21,0.004661967780717591
2019-08-22,0.0023572399026710045
2019-08-23,-0.03240733042091193
2019-08-26,0.022328572840704775
2019-08-27,-0.0008915456201227245
2019-08-28,0.015317053812002657
2019-08-29,0.009447210038104892
2019-08-30,-0.004207897251495618
2019-09-03,-0.006921217008134195
2019-09-04,0.011591294193075585
2019-09-05,0.006889594792365505
2019-09-06,0.005113911432979901
2019-09-09,-0.005159576484623729
2019-09-10,-0.021897225186142455
2019-09-11,0.0029456110108616596
2019-09-12,0.0096188586971655
2019-09-13,0.003781899455341131
2019-09-16,-0.01608451314810666
2019-09-17,0.0037553486539789738
2019-09-18,0.003594980765708078
2019-09-19,-0.025585000798558077
2019-09-20,-0.007726955613440056
2019-09-23,0.0014366068328257597
2019-09-24,-0.0036992340566111004
2019-09-25,0.008486685378543024
2019-09-26,-0.01367483924559254
2019-09-27,-0.009979431610550926
2019-09-30,0.002770095909227166
2019-10-01,-0.005908513512987601
2019-10-02,-0.0031648291495798286
2019-10-03,-0.007666255063767058
2019-10-04,0.016543145197824405
2019-10-07,0.004836132567463514
2019-10-08,-0.018563757597918396
2019-10-09,0.0066942147405011365
2019-10-10,7.72280860932284e-05
2019-10-11,0.0052574992786065256
2019-10-14,-0.0024611247140094994
2019-10-15,0.0004625881182536151
2019-10-16,0.008477221679909164
2019-10-17,0.011539050031013076
2019-10-18,-0.011180820039198625
2019-10-21,-0.004813284113306837
2019-10-22,0.016428885965722007
2019-10-23,-0.009592215052136033
2019-10-24,-0.006634767354400162
2019-10-25,0.004913300493732287
2019-10-28,-0.002826505800160861
2019-10-29,-0.00804420498794034
2019-10-30,0.0009268687871391013
2019-10-31,0.0024690402117950594
2019-11-01,0.021782545002847264
2019-11-04,0.0012807002446661997
2019-11-05,-0.011059296870395308
2019-11-06,-0.0013692297171643553
2019-11-07,0.012874354258260556
2019-11-08,0.03760500756889029
2019-11-11,-0.008842971504484987
2019-11-12,0.01345612936838858
2019-11-13,0.07317054767886466
2019-11-14,-0.010556685426808543
2019-11-15,-0.016853430904655853
2019-11-18,0.020598507738167404
2019-11-19,0.004944277261725638
2019-11-20,-0.009772379926959007
2019-11-21,-0.00020425064389939518
2019-11-22,0.009462253186557357
2019-11-25,0.009441122587467543
2019-11-26,0.013026913314535316
2019-11-27,-0.0010551926583373117
2019-11-29,0.0006601791632290244
2019-12-02,-0.006333250419237824
2019-12-03,-0.013544011977599024
2019-12-04,-0.0020191936837806734
2019-12-05,-0.005664844620923537
2019-12-06,0.0014921275111181576
2019-12-09,-0.009819925233158888
2019-12-10,-0.00075218000915378
2019-12-11,0.010198338531985707
2019-12-12,0.0011518214438848151
2019-12-13,-0.0034041719933316505
2019-12-16,0.014209732088987792
2019-12-17,-0.004917377730137895
2019-12-18,-0.009950562219681713
2019-12-19,-0.000752111688002266
2019-12-20,0.004994995239373967
2019-12-23,-0.014978314523481417
2019-12-24,0.004216261331430271
2019-12-26,0.0028219245890863665
2019-12-27,0.00034327002819312114
2019-12-30,-0.013584954179491016
2019-12-31,0.005981691294187685
2020-01-02,0.024683770298751018
2020-01-03,-0.011471053032933387
2020-01-06,-0.005802029566715716
2020-01-07,0.00034328135650985026
2020-01-08,-0.0020590878024894232
2020-01-09,-0.003920115091898935
2020-01-10,-0.0014500946985317453
2020-01-13,-0.005116705948379874
2020-01-14,0.009174308959078337
2020-01-15,-0.006060604118061197
2020-01-16,0.005543225691054365
2020-01-17,-0.00544382485860484
2020-01-21,-0.005334967949885749
2020-01-22,0.003134618734490724
2020-01-23,-0.012568667912516984
2020-01-24,-0.014908457053188107
2020-01-27,-0.029840246979124907
2020-01-28,0.018175174574480923
2020-01-29,-0.01669428212568813
2020-01-30,0.012861924407590042
2020-01-31,0.00362833110615135
2020-02-03,0.021762618674679546
2020-02-04,0.02412959924072
2020-02-05,-0.023215616363413405
2020-02-06,0.009407866162561174
2020-02-07,-0.011772828567356508
2020-02-10,0.011133020803940852
2020-02-11,-0.011080614494968666
2020-02-12,0.005957072290614596
2020-02-13,-0.00669739916936507
2020-02-14,-0.009652183601890574
2020-02-18,-0.0028666113540933846
2020-02-19,0.015524091675961582
2020-02-20,-0.006581840882157741
2020-02-21,-0.009973759024203499
2020-02-24,-0.04288686663175634
2020-02-25,-0.036237778177953595
2020-02-26,-0.037678447062041154
2020-02-27,-0.04312580180739167
2020-02-28,-0.003303972573610592
2020-03-02,0.019804501177629108
2020-03-03,-0.029421675010476322
2020-03-04,0.02344359625672454
2020-03-05,-0.043631392484810516
2020-03-06,0.011317613019950601
2020-03-09,-0.09473406973428167
2020-03-10,0.06813609364094053
2020-03-11,-0.05338234932859909
2020-03-12,-0.12984559395487982
2020-03-13,0.11665406992904437
2020-03-16,-0.07325392546448317
2020-03-17,-0.015577413024607134
2020-03-18,-0.050572036530325604
2020-03-19,0.06903157409444738
2020-03-20,-0.09427985368960179
2020-03-23,-0.002559004097600126
2020-03-24,0.14412338900086508
2020-03-25,0.026599887761985297
2020-03-26,0.045964586460485624
2020-03-27,-0.0850417604613547
2020-03-30,0.03526967598971842
2020-03-31,-0.03206413993806545
2020-04-01,-0.017391365093405442
2020-04-02,0.021597244762509016
2020-04-03,-0.031865576687092556
2020-04-06,0.060715745473392424
2020-04-07,0.016670109536218947
2020-04-08,-0.0016792647275263306
2020-04-09,0.03393694797088287
2020-04-13,-0.009569395392620028
2020-04-14,0.024444475087731732
2020-04-15,-0.02508727160494817
2020-04-16,-0.013059902244703991
2020-04-17,0.04518722391600205
2020-04-20,-0.04098280399975729
2020-04-21,-0.016819934885974552
2020-04-22,0.0044759662438220715
2020-04-23,9.89254074010848e-05
2020-04-24,0.001881163170918354
2020-04-27,0.04812729778883362
2020-04-28,0.0014143366447392225
2020-04-29,0.05686850406346
2020-04-30,-0.03652565673370445
2020-05-01,-0.024503053396626284
2020-05-04,-0.021990536087187262
2020-05-05,-0.020546599259523735
2020-05-06,-0.001781189466459776
2020-05-07,0.04649098047344835
2020-05-08,0.03400589373871821
2020-05-11,-0.012733627419304283
2020-05-12,-0.0297857219868769
2020-05-13,-0.01568467680991692
2020-05-14,0.0290516855002938
2020-05-15,0.029647852200896274
2020-05-18,0.07152685093165756
2020-05-19,-0.021223759554336086
2020-05-20,0.04852654796255629
2020-05-21,-0.017428184504984623
2020-05-22,0.001612405264443284
2020-05-26,0.024826387154542218
2020-05-27,0.004795292617446378
2020-05-28,-0.03933186549921586
2020-05-29,0.0047109528657565125
2020-06-01,0.01253200499383711
2020-06-02,-0.00016836295500366472
2020-06-03,0.02888413848610738
2020-06-04,0.01235879138253737
2020-06-05,0.009135760321917319
2020-06-08,0.019708380595022224
2020-06-09,-0.026634182626681713
2020-06-10,-0.013802571599063618
2020-06-11,-0.0780815098836748
2020-06-12,0.02530185527198303
2020-06-15,0.013767479846251929
2020-06-16,0.011615991172283957
2020-06-17,-0.006670044617371751
2020-06-18,0.006119755027834017
2020-06-19,-0.03396121001112207
2020-06-22,0.013729793799740708
2020-06-23,0.0057797639408359025
2020-06-24,-0.03876827418875728
2020-06-25,-0.006335383736925437
2020-06-26,-0.020294648425046802
2020-06-29,0.022181623197571998
2020-06-30,-8.972373228188779e-05
2020-07-01,0.013451837717356918
2020-07-02,-0.007344626602733384
2020-07-06,0.020057106092249866
2020-07-07,-0.006991159272460634
2020-07-08,0.02666549438499377
2020-07-09,0.001285760162977212
2020-07-10,0.021659131650600072
2020-07-13,-0.026143788725632056
2020-07-14,0.020994695197433133
2020-07-15,0.01887746457439854
2020-07-16,-0.012158842730847996
2020-07-17,-0.006531038083044227
2020-07-20,-0.007248236644198602
2020-07-21,0.007046511572776026
2020-07-22,0.0034563280975208333
2020-07-23,-0.007645020004332204
2020-07-24,-0.0043176683920880254
2020-07-27,-0.011053574098438324
2020-07-28,-0.0011176387658664577
2020-07-29,-0.004906181611239235
2020-07-30,0.0004324792594796456
2020-07-31,0.011066910948255293
2020-08-03,-0.005045360152420075
2020-08-04,0.008079112206980765
2020-08-05,0.08798704560194381
2020-08-06,0.025154763900486765
2020-08-07,-0.0068031663836065626
2020-08-10,-0.008774136561682244
2020-08-11,0.01319980214359684
2020-08-12,0.009962593167858858
2020-08-13,-0.00629790405734143
2020-08-14,-0.003283516920376428
2020-08-17,-0.00888682199876778
2020-08-18,-0.0034783207218676004
2020-08-19,-0.008920309367991486
2020-08-20,0.002739177665123771
2020-08-21,-0.005307435113236614
2020-08-24,0.025502319944769036
2020-08-25,-0.006886673672457766
2020-08-26,0.01841445751883186
2020-08-27,0.01172629888412735
2020-08-28,0.013534839369775398
2020-08-31,-0.027076960124965965
2020-09-01,0.012739805861334164
2020-09-02,0.01377761892255358
2020-09-03,-0.015879825277235193
2020-09-04,-0.009381713657124147
2020-09-08,0.016743732970955882
2020-09-09,-0.006259364829601433
2020-09-10,-0.0010499536443022706
2020-09-11,-0.011034237495609944
2020-09-14,-0.003795102832556574
2020-09-15,-7.611792889261615e-05
2020-09-16,0.006476663114226344
2020-09-17,-0.01415692195524354
2020-09-18,-0.012210212288016331
2020-09-21,-0.02503302260974649
2020-09-22,0.014352923800318163
2020-09-23,-0.030893769094584744
2020-09-24,-0.006408240197830595
2020-09-25,0.012327576888411684
2020-09-28,0.01604836804330767
2020-09-29,-0.004682884832886924
2020-09-30,-0.010526312533962079
2020-10-01,-0.006205703075571001
2020-10-02,-0.006163246394110811
2020-10-05,0.006691103748565075
2020-10-06,-0.01977793177351661
2020-10-07,0.016373103588501525
2020-10-08,0.0014644800480527742
2020-10-09,0.015354680097545481
2020-10-12,-8.006073196109575e-05
2020-10-13,0.03192767292982057
2020-10-14,-0.018377914432198494
2020-10-15,0.006082719768367495
2020-10-16,-0.004318435713701496
2020-10-19,-0.02034541470463458
2020-10-20,0.0057956771556078035
2020-10-21,0.013445363336128668
2020-10-22,0.007344221052122846
2020-10-23,0.0061932869077510055
2020-10-26,-0.03342430924121598
2020-10-27,-0.0060454573476140805
2020-10-28,-0.03925065793504445
2020-10-29,0.025913806152887187
2020-10-30,-0.0023860709819740755
2020-11-02,-0.00923720912498982
2020-11-03,0.032381616880358566
2020-11-04,0.008466382608894651
2020-11-05,0.015111536140636872
2020-11-06,0.003938286051947459
2020-11-09,0.11870381711944433
2020-11-10,-0.0033661359327068485
2020-11-11,-0.030187952590046474
2020-11-12,-0.016688413461040552
2020-11-13,0.020956277994694794
2020-11-16,0.045605629497973865
2020-11-17,-0.001175041509268837
2020-11-18,-0.004152374694970429
2020-11-19,-0.015149215307645791
2020-11-20,-0.004586628731007569
2020-11-23,0.03480548392066618
2020-11-24,0.03774497817392075
2020-11-25,-0.015842697825843022
2020-11-27,-0.01314638873870666
2020-11-30,0.005980892017927841
2020-12-01,0.009661638783984072
2020-12-02,0.027904179221889924
2020-12-03,-0.0024086254847927036
2020-12-04,0.005873013767982549
2020-12-07,-0.002984377033310004
2020-12-08,0.000260437065887853
2020-12-09,0.004618728582610254
2020-12-10,0.0016835143671309893
2020-12-11,0.13594944807868004
2020-12-14,-0.03653530268944871
2020-12-15,0.027406892847295694
2020-12-16,-0.004714239477265014
2020-12-17,0.002483790796317553
2020-12-18,-0.0038028928050651833
2020-12-21,-0.012724849567898877
2020-12-22,-0.0014060820615339198
2020-12-23,0.01818712506631437
2020-12-24,0.001037160709316698
2020-12-28,0.02952858840476491
2020-12-29,-0.008721926407791902
2020-12-30,0.02182745074089132
2020-12-31,5.5229842199411294e-05
2021-01-04,-0.019317989361179233
2021-01-05,0.004277383579879501
2021-01-06,0.0038108277096224885
2021-01-07,-0.0030146396402248588
2021-01-08,0.0006159050842486913
2021-01-11,0.0022385525190378175
2021-01-12,-0.017309707772321214
2021-01-13,0.0007385919540812136
2021-01-14,-0.015273667485896647
2021-01-15,-0.011474357122303047
2021-01-19,0.004782984454531292
2021-01-20,0.008011172792937948
2021-01-21,-0.013591261882124561
2021-01-22,0.00875758291001505
2021-01-25,-0.0051510921795088205
2021-01-26,-0.0135551787696091
2021-01-27,-0.03851145719808613
2021-01-28,0.05428456127566683
2021-01-29,-0.02158475969805107
2021-02-01,0.0166496440376398
2021-02-02,0.03503550778961029
2021-02-03,-0.0029951555554893483
2021-02-04,0.021538266202675738
2021-02-05,0.005160152365226267
2021-02-08,0.0487966765041159
2021-02-09,-0.009421062614149323
2021-02-10,0.007544832680625335
2021-02-11,0.006749939646491621
2021-02-12,-0.016971356919528224
2021-02-16,-0.007033620589035672
2021-02-17,0.00048291849599491066
2021-02-18,-0.018451046664303528
2021-02-19,0.003552006233749294
2021-02-22,0.04416001813768888
2021-02-23,0.027795229459092408
2021-02-24,0.0021309446728901005
2021-02-25,-0.03306163237200299
2021-02-26,-0.010158125761422832
2021-03-01,0.03142203711391778
2021-03-02,-0.0053338930314167365
2021-03-03,-0.008662542781383675
2021-03-04,-0.022001485474664073
2021-03-05,0.010424008633844073
2021-03-08,0.06274008393389452
2021-03-09,-0.036650050962713565
2021-03-10,0.0028277170987678346
2021-03-11,0.008663941749527782
2021-03-12,0.0020839284645626233
2021-03-15,-0.002028922811627809
2021-03-16,-0.012807427901352475
2021-03-17,0.0051482396065036795
2021-03-18,-0.01516077308381747
2021-03-19,-0.00592893618892365
2021-03-22,0.008998674474164359
2021-03-23,-0.021414537393836697
2021-03-24,-0.02124727391450587
2021-03-25,0.011855830361628295
2021-03-26,-0.0052966030478375226
2021-03-29,-0.0057552733448197335
2021-03-30,0.003678764277608604
2021-03-31,-0.0054439471279827956
2021-04-01,0.024116698813409387
2021-04-05,-0.0024872615888592575
2021-04-06,0.006525322669712841
2021-04-07,-0.011437370214318454
2021-04-08,-0.0012795299931507298
2021-04-09,0.003042839170521061
2021-04-12,-0.007451256224482727
2021-04-13,-0.005362020170359472
2021-04-14,0.010620523991792918
2021-04-15,-0.008161830106293233
2021-04-16,0.007153176327177269
2021-04-19,0.0009078755281857198
2021-04-20,-0.024755924041365063
2021-04-21,0.001750673179157225
2021-04-22,-0.0019115477716654672
2021-04-23,0.001422719250152804
2021-04-26,0.006829877835738074
2021-04-27,0.0020079474342242776
2021-04-28,-0.006770037346193747
2021-04-29,0.010578626937263413
2021-04-30,0.0037230589250791812
2021-05-03,-0.0027416153272267207
2021-05-04,-0.006792058122978228
2021-05-05,-0.014871082873551544
2021-05-06,0.0015425132128119579
2021-05-07,0.016777668415421276
2021-05-10,-0.0029213493330531026
2021-05-11,-0.01427042598655881
2021-05-12,-0.021027013078127377
2021-05-13,0.0027550367191397918
2021-05-14,-0.026017737235128457
2021-05-17,-0.020840424183712347
2021-05-18,-0.002351783977368016
2021-05-19,-0.002416297671343326
2021-05-20,0.012347018649063513
2021-05-21,0.006069109265874895
2021-05-24,0.011078865005054395
2021-05-25,0.010670629550055821
2021-05-26,0.0017029522564888655
2021-05-27,0.014563315898202367
2021-05-28,-0.0021782896267404928
2021-06-01,0.0010635614285310346
2021-06-02,-0.010288444765317428
2021-06-03,-0.004293815813172452
2021-06-04,0.005333486375896257
2021-06-07,-0.0010721228277145167
2021-06-08,-0.003729154324459527
2021-06-09,-0.00164466116364137
2021-06-10,0.0030108088973517244
2021-06-11,0.004587440092630901
2021-06-14,0.004509906760977067
2021-06-15,-0.013020419776613168
2021-06-16,-0.006823551392404759
2021-06-17,-5.737720789000811e-05
2021-06-18,-0.012768316015554948
2021-06-21,0.008989663169471918
2021-06-22,-0.002701539376300688
2021-06-23,0.010547341030544333
2021-06-24,0.014829216706793824
2021-06-25,0.0023604981266587277
2021-06-28,-0.0099802664889459
2021-06-29,-0.014951659852220356
2021-06-30,0.010579062998806288
2021-07-01,0.008476769265773898
2021-07-02,-0.0008461090579264807
2021-07-06,-0.019310040374870052
2021-07-07,-0.005008798891276256
2021-07-08,-0.00011570690229822933
2021-07-09,0.02453692132672014
2021-07-12,0.041459597381513946
2021-07-13,-0.0039592306184315085
2021-07-14,-0.001252456743698671
2021-07-15,0.003979953154335192
2021-07-16,-0.026282830898584963
2021-07-19,-0.03546934997414475
2021-07-20,0.021971645577613552
2021-07-21,0.0007921149064264998
2021-07-22,-0.009949595591311255
2021-07-23,0.00576705559856161
2021-07-26,0.014761021180832445
2021-07-27,0.004251929468136462
2021-07-28,-0.0022283644941956116
2021-07-29,-0.0041876879704295655
2021-07-30,-0.013064111426187353
2021-08-02,-0.0026701642525139846
2021-08-03,-0.014582727269835227
2021-08-04,-0.0023700641412227608
2021-08-05,0.023930883455676177
2021-08-06,0.0023767947438371184
2021-08-09,-0.0023147570359023373
2021-08-10,0.001980667359281263
2021-08-11,0.0057603797662870715
2021-08-12,0.0067381084620044
2021-08-13,0.009983749637998862
2021-08-16,-0.010989520303245182
2021-08-17,-0.01820312881002195
2021-08-18,-0.006199177801432754
2021-08-19,-0.008526913484059206
2021-08-20,0.010793580012777637
2021-08-23,0.014504348106480602
2021-08-24,0.004559382386402522
2021-08-25,-0.000896611599155217
2021-08-26,-0.009814331845991675
2021-08-27,0.02027632690881931
2021-08-30,-0.0008882996171312163
2021-08-31,0.00733431950571628
2021-09-01,0.012024284732351731
2021-09-02,-0.008829347171286916
2021-09-03,-0.004728930361964423
2021-09-07,0.018453037537572214
2021-09-08,0.00439407813521564
2021-09-09,0.004104892951627637
2021-09-10,-0.009628491014323504
2021-09-13,0.004670884901701866
2021-09-14,-0.013947423638882905
2021-09-15,0.011019789830644555
2021-09-16,-0.0058023992615999775
2021-09-17,0.0007091515066952603
2021-09-20,-0.026489316996329504
2021-09-21,-0.04165511495774332
2021-09-22,0.01448859120303747
2021-09-23,0.0149725931122624
2021-09-24,-0.0014184093782076967
2021-09-27,0.012840845597914763
2021-09-28,-0.020980455378328156
2021-09-29,-0.01054338650079234
2021-09-30,-0.020326488003528875
2021-10-01,0.04043262259682123
2021-10-04,-0.01448776807936858
2021-10-05,0.006629718039782073
2021-10-06,0.004982586003181799
2021-10-07,0.012708188516244556
2021-10-08,-0.005458457532032446
2021-10-11,-0.018218794942993055
2021-10-12,-0.0022475847850847996
2021-10-13,-0.0009819716492536212
2021-10-14,0.008383440630622241
2021-10-15,0.011753927656232399
2021-10-18,-0.03014860144163578
2021-10-19,0.00023368552346281213
2021-10-20,-0.0036801855417437634
2021-10-21,0.004632027847470521
2021-10-22,-0.011205803122243951
2021-10-25,0.015287453666301465
2021-10-26,0.00017451295553527757
2021-10-27,-0.014473481679832756
2021-10-28,0.0007668288557121095
2021-10-29,-0.0035950530490204136
2021-11-01,0.006624498118362521
2021-11-02,-0.002115365105344824
2021-11-03,0.0014721201489731328
2021-11-04,0.0011758919886839525
2021-11-05,0.031418804054194505
2021-11-08,0.007060287499231599
2021-11-09,-0.009950721339807012
2021-11-10,-0.003769102537218627
2021-11-11,-0.0707365609489059
2021-11-12,-0.015298231981653254
2021-11-15,-0.007517513897755346
2021-11-16,0.0025248183227490895
2021-11-17,-0.009444052835984817
2021-11-18,-0.011123076002279353
2021-11-19,-0.010155548433916306
2021-11-22,0.0010389790404059518
2021-11-23,-0.020303567333278538
2021-11-24,0.0020525693169699544
2021-11-26,-0.021342746606918372
2021-11-29,-0.0020254782073606536
2021-11-30,-0.019687371071292037
2021-12-01,-0.01897873283474949
2021-12-02,0.03552596613513748
2021-12-03,-0.00665769741659461
2021-12-06,0.028381813122066335
2021-12-07,0.0029261150532799984
2021-12-08,0.016776149986318822
2021-12-09,-0.002608526393018229
2021-12-10,-0.0015038457309485276
2021-12-13,-0.014930365999322626
2021-12-14,-0.008841256377666085
2021-12-15,0.008719001763777046
2021-12-16,-0.010970715602447112
2021-12-17,6.716287236407936e-05
2021-12-20,-0.015393968782832945
2021-12-21,0.03126919022061592
2021-12-22,0.005494977811705937
2021-12-23,0.01152231345109156
2021-12-27,-0.00540259550369715
2021-12-28,0.015706671269175798
2021-12-29,-0.0021263631244073933
2021-12-30,0.006844544693534571
2021-12-31,-0.0066695763591827495
2022-01-03,0.012073105068454604
2022-01-04,-0.0065706300673717966
2022-01-05,-0.0034675254077497497
2022-01-06,0.01101865478207098
2022-01-07,0.005927433189077735
2022-01-10,-0.007793146018160169
2022-01-11,0.00823743025144097
2022-01-12,-0.0005699656124349417
2022-01-13,-0.014955653781564826
2022-01-14,-0.022516643667382374
2022-01-18,0.0021718836833357624
2022-01-19,-0.014185370435742972
2022-01-20,-0.01658774874440616
2022-01-21,-0.06936733576508103
2022-01-24,0.0005824493927926166
2022-01-25,-0.00691129069482288
2022-01-26,-0.02131716324665267
2022-01-27,0.013622788561130639
2022-01-28,0.02370402870313515
2022-01-31,0.0313064237796461
2022-02-01,0.010631676671682522
2022-02-02,-0.012942201363835615
2022-02-03,-0.01816014867924909
2022-02-04,0.014211335101529166
2022-02-07,0.003450100417201618
2022-02-08,-0.00021041995708648287
2022-02-09,0.033337949827850544
2022-02-10,0.03348506514148819
2022-02-11,-0.01767864505318073
2022-02-14,0.00923254735525858
2022-02-15,0.025654668860551233
2022-02-16,0.010535153977563994
2022-02-17,-0.021746110398154994
2022-02-18,-0.010395594281946474
2022-02-22,-0.021604253411056318
2022-02-23,-0.01499085750860174
2022-02-24,0.024199772391329866
2022-02-25,0.0008700454834733584
2022-02-28,-0.007155580869621203
2022-03-01,-0.018591029534360648
2022-03-02,0.011255934956718061
2022-03-03,-0.012012859060456349
2022-03-04,-0.033317440431457124
2022-03-07,-0.05130743506370017
2022-03-08,-0.013108681038324521
2022-03-09,0.014421414313110725
2022-03-10,-7.498318391829795e-05
2022-03-11,-0.014142471071558749
2022-03-14,-0.020645166304064877
2022-03-15,0.04006828052629574
2022-03-16,0.029359181515337784
2022-03-17,0.009627841309798768
2022-03-18,0.005951106448869092
2022-03-21,-0.011974327095780946
2022-03-22,0.010748758034821781
2022-03-23,-0.01762893830209289
2022-03-24,0.009590119544004905
2022-03-25,0.0012953314370565128
2022-03-28,-0.003018567187369703
2022-03-29,0.02638423579654048
2022-03-30,-0.00997329269127123
2022-03-31,-0.026958082874143585
2022-04-01,-0.0011666542065207341
2022-04-04,0.011532963553796849
2022-04-05,-0.021359426973383555
2022-04-06,-0.02248916841001969
2022-04-07,-0.005280466183543497
2022-04-08,0.0
2022-04-11,-0.00925154949307816
2022-04-12,0.0014543072870081275
2022-04-13,0.011540850641684752
2022-04-14,-0.0142047132825035
2022-04-18,-0.02069444323890879
2022-04-19,0.03232364415228273
2022-04-20,-0.055572413429719636
2022-04-21,-0.02336028325940598
2022-04-22,-0.027864592498290097
2022-04-25,0.01420483555055374
2022-04-26,-0.03484790697740592
2022-04-27,-0.00483712718222129
2022-04-28,0.0006943961944341215
2022-04-29,-0.031746143877494304
2022-05-02,0.016751800540966588
2022-05-03,0.00044065589114494763
2022-05-04,0.023249661302773728
2022-05-05,-0.030811699987789987
2022-05-06,-0.02060202264886224
2022-05-09,-0.030011832145570794
2022-05-10,0.006543356488763807
2022-05-11,-0.022938390209649606
2022-05-12,-0.008554357708410287
2022-05-13,0.028952256082774852
2022-05-16,-0.020031608811008517
2022-05-17,0.032895927448312046
2022-05-18,-0.03994846556910281
2022-05-19,-0.011121882075417311
2022-05-20,-0.006980773918028538
2022-05-23,0.033294383808751604
2022-05-24,-0.04006435991124824
2022-05-25,0.01643870173485862
2022-05-26,0.022758048505303163
2022-05-27,0.035129289466670155
2022-05-31,0.010245116358306161
2022-06-01,-0.011318260766963295
2022-06-02,0.015385934495780962
2022-06-03,-0.019843053570507863
2022-06-06,-0.007729815417332642
2022-06-07,-0.0003710326374924966
2022-06-08,-0.00417469501857437
2022-06-09,-0.03763741484849947
2022-06-10,-0.03775405433451762
2022-06-13,-0.03712281087269809
2022-06-14,-0.015567867538878954
2022-06-15,0.017618274908840492
2022-06-16,-0.016687411830357712
2022-06-17,0.0006362897937191025
2022-06-21,-0.011129881810370224
2022-06-22,0.0022510633185348627
2022-06-23,0.008556131810123269
2022-06-24,0.03690348040212821
2022-06-27,-0.01196558673172321
2022-06-28,-0.007142221150650885
2022-06-29,-0.002814833994823518
2022-06-30,-0.013068442330682273
2022-07-01,0.018432235368880168
2022-07-05,0.010817502895406061
2022-07-06,-0.01131919844287288
2022-07-07,0.01405073214853858
2022-07-08,-0.016114075502605574
2022-07-11,-0.02315881104363815
2022-07-12,-0.00042717530762714784
2022-07-13,-0.007051197588166858
2022-07-14,-0.01183567263185148
2022-07-15,0.03658549562991231
2022-07-18,0.005251906391749106
2022-07-19,0.04085701083660309
2022-07-20,0.03754634111812982
2022-07-21,0.008030971091851358
2022-07-22,-0.014014114776125686
2022-07-25,-0.0002920044911454145
2022-07-26,-0.02833776969396662
2022-07-27,0.03728196565990727
2022-07-28,0.013526579895868363
2022-07-29,0.011439368742882206
2022-08-01,0.0011311013090129496
2022-08-02,-0.01421575127996022
2022-08-03,0.041161293123161746
2022-08-04,-0.008255331138172783
2022-08-05,-0.013781060941393086
2022-08-08,0.023258035151437095
2022-08-09,-0.008981881616971887
2022-08-10,0.03976710309311415
2022-08-11,0.04678468196876584
2022-08-12,0.03296787744429697
2022-08-15,0.022127155120160946
2022-08-16,0.005633416150944814
2022-08-17,-0.017205508886332765
2022-08-18,-0.001140023640490262
2022-08-19,-0.020624339430621252
2022-08-22,-0.03495923694968395
2022-08-23,-0.009315190309210242
2022-08-24,0.013494669696636263
2022-08-25,0.009019850146912534
2022-08-26,-0.028860943357800983
2022-08-29,-0.0047339156312034
2022-08-30,-0.009688998149228745
2022-08-31,-0.0031129812393931866
2022-09-01,0.004014902767641937
2022-09-02,-0.011819120067379507
2022-09-06,-0.00998199594021043
2022-09-07,0.02361709807443857
2022-09-08,-0.0031946599146066568
2022-09-09,0.02537168135604362
2022-09-12,0.010505259363995378
2022-09-13,-0.03978002468457853
2022-09-14,0.006621411609110561
2022-09-15,-0.015377888240691528
2022-09-16,-0.022749817341833123
2022-09-19,0.00849884948210744
2022-09-20,-0.014656082227586409
2022-09-21,-0.028632511697066265
2022-09-22,-0.02229870837202408
2022-09-23,-0.026037621244044518
2022-09-26,-0.013869236498967319
2022-09-27,-0.023135039059192786
2022-09-28,0.037037132947168594
2022-09-29,-0.019617829961379396
2022-09-30,-0.03201641768793673
2022-10-03,0.02968304991479509
2022-10-04,0.04437351125211508
2022-10-05,-0.006309104846525693
2022-10-06,-0.00753973613001202
2022-10-07,-0.028788441855057467
2022-10-10,-0.02058456015486343
2022-10-11,-0.021647839947715575
2022-10-12,0.0033297483093190916
2022-10-13,0.034578779216411615
2022-10-14,-0.022661435468512292
2022-10-17,0.03049236023883206
2022-10-18,0.011815458541655888
2022-10-19,0.005178589628454411
2022-10-20,-0.004040804374653262
2022-10-21,0.03499344714690089
2022-10-24,-0.00313585163308594
2022-10-25,0.02595343534879646
2022-10-26,0.002587261738352886
2022-10-27,-0.0018158986429799295
2022-10-28,0.014458033728802056
2022-10-31,0.005568632865637246
2022-11-01,-0.005068497668547889
2022-11-02,-0.03943402415941155
2022-11-03,-0.02524058394527584
2022-11-04,0.003324897089495904
2022-11-07,0.008535901807490864
2022-11-08,-0.005277225406525421
2022-11-09,-0.13163159576330707
2022-11-10,0.04276652529570901
2022-11-11,0.05029850748828246
2022-11-14,-0.007683432208450802
2022-11-15,0.013046162108770076
2022-11-16,-0.01633340812981743
2022-11-17,-0.026609825241182605
2022-11-18,0.0038272306831212966
2022-11-21,0.0629629973865895
2022-11-22,-0.014039746638470185
2022-11-23,0.02775172811895854
2022-11-25,-0.00010111482824248785
2022-11-28,-0.03216349402828711
2022-11-29,-0.010450351105112388
2022-11-30,0.0335833204248106
2022-12-01,0.007356507602987339
2022-12-02,0.008520282531898404
2022-12-05,-0.03520074553052621
2022-12-06,-0.03794426709876486
2022-12-07,-0.001516857643817815
2022-12-08,0.00434065524298588
2022-12-09,0.008968134067259825
2022-12-12,0.013707503267765375
2022-12-13,0.00042249031656460545
2022-12-14,-0.005807771423441688
2022-12-15,-0.03887427326844717
2022-12-16,-0.004530773463898297
2022-12-19,-0.04773544062990198
2022-12-20,0.014455654827193243
2022-12-21,-0.0011492256030670722
2022-12-22,-0.0028761465098144923
2022-12-23,0.01546098816009267
2022-12-27,-0.018634127743259565
2022-12-28,-0.02547197541171975
2022-12-29,0.03576100438016039
2022-12-30,-0.0034412602639248835
2023-01-03,0.024056298076326366
2023-01-04,0.03383158130954156
2023-01-05,-0.0006523691896893613
2023-01-06,0.021758091165158255
2023-01-09,0.009050144089743695
2023-01-10,0.008336137254441267
2023-01-11,0.008057802604899633
2023-01-12,0.03612571604245085
2023-01-13,-0.004107701242350936
2023-01-17,0.005130658597741089
2023-01-18,-0.008707774818908942
2023-01-19,0.00040388421171422273
2023-01-20,0.04440846591597647
2023-01-23,0.0213568367475514
2023-01-24,0.0029331020669760566
2023-01-25,0.020000054149723834
2023-01-26,0.014613322352255764
2023-01-27,-0.001458548563169182
2023-01-30,-0.017801760193295713
2023-01-31,0.008365127344142076
2023-02-01,0.008295732485488205
2023-02-02,0.0349209284555807
2023-02-03,-0.022082861207949445
2023-02-06,-0.007587311994313173
2023-02-07,0.01601878466573181
2023-02-08,0.001343765588469381
2023-02-09,-0.012703433338981829
2023-02-10,-0.020840928436678396
2023-02-13,-0.0037015678402319008
2023-02-14,0.0
2023-02-15,0.014675760344546207
2023-02-16,-0.031215626942207586
2023-02-17,-0.005764042340689057
2023-02-21,-0.02974717832391327
2023-02-22,-0.004016038931067167
2023-02-23,0.0004917282325009875
2023-02-24,-0.014056850949725752
2023-02-27,0.0014954814235268454
2023-02-28,-0.008362283133251602
2023-03-01,-0.010741865147608998
2023-03-02,0.003856250565764441
2023-03-03,0.022442413730373367
2023-03-06,-0.004745902160469551
2023-03-07,-0.01589513619327687
2023-03-08,0.002422816096575575
2023-03-09,-0.03182276312250765
2023-03-10,-0.02673188843398777
2023-03-13,-0.010366563784396376
2023-03-14,0.008207318192753332
2023-03-15,-0.002784925411439043
2023-03-16,0.012781947808615524
2023-03-17,-0.01156017866545822
2023-03-20,0.010944355670961192
2023-03-21,0.02462323732662841
2023-03-22,-0.016987749839228128
2023-03-23,0.009799856490979586
2023-03-24,-0.018261596627024423
2023-03-27,0.016369124912791966
2023-03-28,-0.008366513633315087
2023-03-29,0.021619855998511905
2023-03-30,0.012697429718335318
2023-03-31,0.020693153800215303
2023-04-03,-0.0036951636047803937
2023-04-04,-0.0019046234313934152
2023-04-05,0.0034147035730525133
2023-04-06,0.0006005897362661994
2023-04-10,0.008402433535434906
2023-04-11,-0.003868596520209766
2023-04-12,-0.024696317685872216
2023-04-13,0.0296099652363504
2023-04-14,-0.0093215905670605
2023-04-17,0.0040039178889363924
2023-04-18,0.006281207579982739
2023-04-19,-0.021599156174890055
2023-04-20,-0.006886038254441451
2023-04-21,0.015295106021644633
2023-04-24,0.0011047891151396705
2023-04-25,-0.01675361047188395
2023-04-26,-0.014284188000367237
2023-04-27,0.03436492416157111
2023-04-28,0.0257180407555484
2023-05-01,-0.002829373970455684
2023-05-02,-0.015751834893541483
2023-05-03,0.002584576429705443
2023-05-04,-0.03380934359679433
2023-05-05,0.03150326544552828
2023-05-08,0.024373278988897074
2023-05-09,-0.007672064008793611
2023-05-10,-0.010178065861565111
2023-05-11,-0.08730479799871915
2023-05-12,-0.0034664721709187774
2023-05-15,0.009457396814025687
2023-05-16,-0.020245382323261008
2023-05-17,0.01967458847405079
2023-05-18,0.010671591905295541
2023-05-19,-0.025703935017450275
2023-05-22,0.00514498694287524
2023-05-23,-0.021781702643286383
2023-05-24,-0.008350026852695702
2023-05-25,-0.01044121077916682
2023-05-26,0.0017018014119725144
2023-05-30,-0.0053233925386583225
2023-05-31,0.0015941533989101142
2023-06-01,0.007162228442459506
2023-06-02,0.024607867464079725
2023-06-05,0.0025338567509567422
2023-06-06,0.012747389164190714
2023-06-07,0.0039061490686000955
2023-06-08,0.00010814949177273547
2023-06-09,-0.006484411727032735
2023-06-12,0.01316214234546953
2023-06-13,0.0076230031214539196
2023-06-14,-0.014917514105242557
2023-06-15,0.005300233435795221
2023-06-16,-0.01743061013937308
2023-06-20,-0.017192312693877443
2023-06-21,-0.012367751355176426
2023-06-22,-0.0016921145989577946
2023-06-23,-0.00440728811883484
2023-06-26,0.006810472459468642
2023-06-27,0.0040585197784084315
2023-06-28,-0.0025825081839956354
2023-06-29,0.0013509184123341456
2023-06-30,0.003709991907691945
2023-07-03,0.013664806726193524
2023-07-05,-0.007845290040462749
2023-07-06,-0.011693960983848006
2023-07-07,-0.001126950792641579
2023-07-10,-0.006091945081224903
2023-07-11,0.015777468336242162
2023-07-12,0.007375123707474618
2023-07-13,0.003549701107010028
2023-07-14,-0.02044875687638925
2023-07-17,-0.034529567087866586
2023-07-18,0.004558216116557601
2023-07-19,0.012681899529740859
2023-07-20,-0.00953585449565375
2023-07-21,0.011251587125639784
2023-07-24,-0.006652883712575108
2023-07-25,-0.011201005453611357
2023-07-26,0.0026860438404965326
2023-07-27,-0.005823489072353083
2023-07-28,0.009020570663090588
2023-07-31,0.032044691171751793
2023-08-01,0.0015748766682561754
2023-08-02,-0.030663810302027583
2023-08-03,-0.009385824274849464
2023-08-04,0.00947475263815889
2023-08-07,0.006141451661930919
2023-08-08,0.014971641086532372
2023-08-09,-0.007261950004761486
2023-08-10,0.04880573985331904
2023-08-11,-0.02986072473316459
2023-08-14,-0.002358865608006022
2023-08-15,-0.019705089185843683
2023-08-16,-0.00815528133203669
2023-08-17,-0.0049797529391474304
2023-08-18,0.0004655574596938994
2023-08-21,-0.0009306816336106527
2023-08-22,-0.0010477889674803675
2023-08-23,0.000466262849465382
2023-08-24,-0.039147193577988126
2023-08-25,0.010791777967075866
2023-08-28,0.009597002029031021
2023-08-29,0.002851575845880694
2023-08-30,-0.0014218256439778587
2023-08-31,-0.007119066485912873
2023-09-01,-0.024378544189297635
2023-09-05,-0.005511980469831812
2023-09-06,-0.002586546214665919
2023-09-07,-0.005063042101054682
2023-09-08,0.012535780448195144
2023-09-11,0.011522298032235812
2023-09-12,0.014057254707480427
2023-09-13,-0.002390098789822992
2023-09-14,0.011978939410945744
2023-09-15,0.013020829746786422
2023-09-18,-0.00654360788927244
2023-09-19,-0.03622676115793311
2023-09-20,0.007566596184696683
2023-09-21,0.00205912063513769
2023-09-22,-0.017889547891523416
2023-09-25,-0.0029538017990496934
2023-09-26,-0.011850401865792448
2023-09-27,-0.0018738854456105125
2023-09-28,0.0028785753207307696
2023-09-29,0.011481445235268062
2023-10-02,0.007649491716631429
2023-10-03,-0.026080522193588362
2023-10-04,-0.0027660005829626133
2023-10-05,0.018784678852350467
2023-10-06,0.026358270603656253
2023-10-09,0.021220057692730387
2023-10-10,0.0034237938240022636
2023-10-11,-0.0016471443975597522
2023-10-12,-0.0058928081540916555
2023-10-13,0.0
2023-10-16,0.01612329977052096
2023-10-17,0.005716938598023358
2023-10-18,-0.017633356975012116
2023-10-19,-0.016887144848761304
2023-10-20,-0.007207145931824033
2023-10-23,0.005444622933936216
2023-10-24,-0.006498167449200953
2023-10-25,-0.0238615412598282
2023-10-26,-0.010050833093917744
2023-10-27,-0.005640487764375646
2023-10-30,0.017017450011698854
2023-10-31,0.011279251584004113
2023-11-01,-0.006373440187002144
2023-11-02,0.027383788082552263
2023-11-03,0.021371157714344058
2023-11-06,-0.012342876108050516
2023-11-07,0.006784194001342225
2023-11-08,-0.0010639510408297914
2023-11-09,0.06911233678361994
2023-11-10,-0.022913428675588876
2023-11-13,0.0132548190634596
2023-11-14,0.018224498935551336
2023-11-15,0.03140449072634044
2023-11-16,0.006174793859740291
2023-11-17,-0.003809104541174557
2023-11-20,0.00934678378679199
2023-11-21,-0.006103400464807174
2023-11-22,0.006564310442314092
2023-11-24,0.010413417589924645
2023-11-27,-0.009265102220783805
2023-11-28,-0.02805491533165072
2023-11-29,0.0
2023-11-30,0.0020540265587016826
2023-12-01,-0.001186792941033965
2023-12-04,-0.006156839121725044
2023-12-05,-0.013259446995595447
2023-12-06,0.007820145036718795
2023-12-07,0.009289673352077976
2023-12-08,0.008365014093294265
2023-12-11,-0.006679543423487533
2023-12-12,-0.012255921573908646
2023-12-13,0.01932574383692298
2023-12-14,0.011957286244873355
2023-12-15,-0.005109676782183437
2023-12-18,-0.006419796184603532
2023-12-19,0.011522727282188505
2023-12-20,-0.02831902592289748
2023-12-21,0.008217445146088576
2023-12-22,-0.010867292150980923
2023-12-26,-0.0007690613433872784
2023-12-27,-0.006267140064906251
2023-12-28,0.00022129999159958835
2023-12-29,-0.00121675237186325
2024-01-02,0.004651589339406348
2024-01-03,0.010362749502522695
2024-01-04,-0.01189308840351333
2024-01-05,0.003754451351694721
2024-01-08,0.0071507227909057836
2024-01-09,-0.020535249962293167
2024-01-10,-0.004237733485966455
2024-01-11,0.0017918386399691233
2024-01-12,0.010061518316122564
2024-01-16,0.02988387776487933
2024-01-17,-0.02912426141600577
2024-01-18,0.02069964158687676
2024-01-19,0.009218047689924846
2024-01-22,0.02170653253857191
2024-01-23,-0.013777931841683522
2024-01-24,-0.002879336886785655
2024-01-25,0.014545421470013142
2024-01-26,0.005270968895072947
2024-01-29,0.02233637148523404
2024-01-30,-0.005641555434995227
2024-01-31,-0.009180998851138988
2024-02-01,0.010515327178437284
2024-02-02,0.0007212029608034687
2024-02-05,-0.0049417821857205
2024-02-06,0.02731502572395228
2024-02-07,-0.0015106918767899824
2024-02-08,0.11498886498143701
2024-02-09,-0.019450021150450247
2024-02-12,0.008303446347510679
2024-02-13,0.010705374758858577
2024-02-14,0.009958410383545502
2024-02-15,0.007977755012682941
2024-02-16,-0.007558881078513435
2024-02-20,-0.019354786863186035
2024-02-21,-0.016173385896949388
2024-02-22,-0.000278536670727747
2024-02-23,0.000929001555326936
2024-02-26,-0.0005568548836173415
2024-02-27,0.01615893796282042
2024-02-28,0.012611936206678331
2024-02-29,0.007039746924140333
2024-03-01,0.0033160142834525175
2024-03-04,0.015542672753799724
2024-03-05,-0.007212581245330196
2024-03-06,-0.02489598900961154
2024-03-07,0.0010903739620216069
2024-03-08,0.0012706472280374914
2024-03-11,0.018038332165426052
2024-03-12,0.0013356964621356049
2024-03-13,0.0003557014354622634
2024-03-14,-0.003911187079502887
2024-03-15,-0.0009815671391716352
2024-03-18,0.01697182212470194
2024-03-19,0.005797078616266216
2024-03-20,0.017029167191893624
2024-03-21,0.0020607730893120735
2024-03-22,-0.0071122112746906385
2024-03-25,0.030119903513499358
2024-03-26,0.004775438448080038
2024-03-27,0.00875516645137231
2024-03-28,0.011406763676859333
2024-04-01,-0.0067832857261735935
2024-04-02,0.010614766315971025
2024-04-03,-0.03126527297792381
2024-04-04,-0.015885077498714484
2024-04-05,0.011017207003027663
2024-04-08,-0.008700779284121385
2024-04-09,0.005283365288844211
2024-04-10,-0.006611883524994866
2024-04-11,-0.0003413446856280755
2024-04-12,-0.02680325556301677
2024-04-15,-0.009297463216077051
2024-04-16,0.008233736848431539
2024-04-17,-0.008254278654241998
2024-04-18,-0.004515610668160974
2024-04-19,0.001600946002919601
2024-04-22,-0.005505753808982328
2024-04-23,0.015358593977334634
2024-04-24,0.0018466660674294477
2024-04-25,-0.010094778695201145
2024-04-26,-0.0003545179823778444
2024-04-29,-0.0057661322595399245
2024-04-30,-0.008743749291220793
2024-05-01,-0.0055805149617258465
2024-05-02,0.019370029324396798
2024-05-03,0.009234617654824362
2024-05-06,0.024722811916562337
2024-05-07,-0.0951318099179983
2024-05-08,0.00047449090529760873
2024-05-09,0.0034143036474769684
2024-05-10,-9.463272418597235e-05
2024-05-13,0.00037812822727212314
2024-05-14,-0.004535604440063401
2024-05-15,-0.024489739604608096
2024-05-16,0.00583829738318542
2024-05-17,-0.0011609417375083586
2024-05-20,-0.0033898284778239862
2024-05-21,0.0010690949876883682
2024-05-22,9.697066494784856e-05
2024-05-23,-0.022908073893787906
2024-05-24,0.01092785749183478
2024-05-28,0.006682298609824722
2024-05-29,-0.01522835283915569
2024-05-30,0.008128376541103766
2024-05-31,0.02173066560763659
2024-06-03,-0.010971036140185797
2024-06-04,0.005449057496313303
2024-06-05,-0.017710280115100563
2024-06-06,-0.002857108471251535
2024-06-07,0.0032605343646328055
2024-06-10,0.01181796266976276
2024-06-11,-0.018201263284508107
2024-06-12,-0.0006939621005023211
2024-06-13,-0.007043690300364336
2024-06-14,-0.0011988320039326705
2024-06-17,0.015504530636064606
2024-06-18,-0.00019694013217985695
2024-06-20,0.0033497081268965
2024-06-21,0.00422235050504538
2024-06-24,-0.00283567265617779
2024-06-25,0.0021572520361790026
2024-06-26,-0.0001955541205673761
2024-06-27,-9.7909681269992e-05
2024-06-28,-0.028188339162077414
2024-07-01,-0.012589332573354373
2024-07-02,-0.0005100631806461697
2024-07-03,0.00632720634820938
2024-07-05,-0.0062874245158985875
2024-07-08,-0.0017428162186924334
2024-07-09,-0.0032864575203175317
2024-07-10,-0.0008243829577616602
2024-07-11,-0.003815639184244657
2024-07-12,0.005486621038433892
2024-07-15,-0.0026768002222320453
2024-07-16,0.016516945116310078
2024-07-17,-0.011780237492964085
2024-07-18,-0.005343776721256188
2024-07-19,-0.010848177593467456
2024-07-22,-0.016816389603472537
2024-07-23,-0.03388926043354623
2024-07-24,-0.012535804161444841
2024-07-25,-0.0065702076370726115
2024-07-26,0.008070883191355183
2024-07-29,0.024574700570528796
2024-07-30,0.017907579280760144
2024-07-31,-0.0010662145142532609
2024-08-01,-0.006831006977383924
2024-08-02,-0.03739932706337645
2024-08-05,-0.01998437110002449
2024-08-06,0.024948748928534048
2024-08-07,-0.044570410030356666
2024-08-08,0.0
2024-08-09,0.0029083371106948253
2024-08-12,-0.0030159529045362676
2024-08-13,-0.0040720563616009064
2024-08-14,0.008177591414419094
2024-08-15,0.0288527708688755
2024-08-16,0.0057439573170319225
2024-08-19,0.01702116547847332
2024-08-20,-0.01189158417943248
2024-08-21,0.010920448323161747
2024-08-22,-0.008818365192228228
2024-08-23,0.007117405132788912
2024-08-26,0.013471699411973903
2024-08-27,-0.00958807083195079
2024-08-28,-0.015511558000815273
2024-08-29,0.0035757591393410504
2024-08-30,0.006346766204965215
2024-09-03,-0.013830445065057373
2024-09-04,0.0013462824661560902
2024-09-05,-0.006722620817558589
2024-09-06,-0.008009010386268889
2024-09-09,0.00454839259032247
2024-09-10,0.0006793352794021157
2024-09-11,-0.0009049623276240482
2024-09-12,0.01109602587809233
2024-09-13,0.013997796548178343
2024-09-16,0.014356660615634675
2024-09-17,0.010996184485944527
2024-09-18,0.007753644333836185
2024-09-19,-0.0013892550786800406
2024-09-20,0.0032102813332046676
2024-09-23,-0.008320005437600808
2024-09-24,0.007744470629916567
2024-09-25,0.0024548944159654695
2024-09-26,0.01362855728558987
2024-09-27,0.008508393723492436
2024-09-30,0.0018748738528120423
2024-10-01,-0.0222476449119986
2024-10-02,0.0010632670052963533
2024-10-03,-0.005523132228783201
2024-10-04,0.016234172403164493
2024-10-07,-0.029006874042109665
2024-10-08,0.0012988619443778937
2024-10-09,0.011782490862858541
2024-10-10,-0.006517078275649291
2024-10-11,0.01225936513419712
2024-10-14,0.008923884943611515
2024-10-15,-0.007897332089718545
2024-10-16,0.02685210400073057
2024-10-17,-0.002170516515636489
2024-10-18,0.007665188580538995
2024-10-21,-0.006784525648845463
2024-10-22,0.0012419184102934189
2024-10-23,-0.005168506682623808
2024-10-24,-0.008728155023049244
2024-10-25,-0.003878433167210371
2024-10-28,0.012311950804026361
2024-10-29,-0.0007276686483690398
2024-10-30,-0.010922657806170633
2024-10-31,0.011779520007951572
2024-11-01,-0.004054096756090586
2024-11-04,-0.0002086827779196332
2024-11-05,0.00876915734977013
2024-11-06,0.023388211708616824
2024-11-07,0.0004044442012920424
2024-11-08,0.0009097676922393827
2024-11-11,0.018582106807340626
2024-11-12,0.0012889034508154484
2024-11-13,0.017130438877765553
2024-11-14,0.06230530855367955
2024-11-15,0.054618740820942646
2024-11-18,-0.01338199008978258
2024-11-19,-0.0098644043464301
2024-11-20,0.016367265305094136
2024-11-21,0.004025889299763774
2024-11-22,0.008106702244457198
2024-11-25,0.0030263805303363256
2024-11-26,-0.004741457922015635
2024-11-27,0.01862283008009924
2024-11-29,-0.00110543198229629
2024-12-02,-0.002638952327867705
2024-12-03,-0.006060143863550915
2024-12-04,0.004637155946417115
2024-12-05,-0.004188298104678134
2024-12-06,0.001974240801491778
2024-12-09,-0.018161629556502246
2024-12-10,0.0010470452548094755
2024-12-11,-0.001045950097722903
2024-12-12,0.002530353770088034
2024-12-13,-0.013577032172728987
2024-12-16,-0.0064693192487099704
2024-12-17,0.008116956674322218
2024-12-18,-0.014776094643475846
2024-12-19,0.0001796614067137714
2024-12-20,0.005926110302057586
2024-12-23,-0.005623444642985698
2024-12-24,0.010412864503045238
2024-12-26,-8.876293869586327e-05
2024-12-27,-0.008884910540254864
2024-12-30,-0.006723471403971004
2024-12-31,0.004963865152813218
