Date,EA
2015-01-05,-0.006400568189412481
2015-01-06,-0.01309858040629941
2015-01-07,0.018494336715838777
2015-01-08,0.02819921452627039
2015-01-09,-0.012882038946788854
2015-01-12,-0.009471727308928757
2015-01-13,-0.013599429112516104
2015-01-14,0.010340319071112214
2015-01-15,-0.005543766199581079
2015-01-16,0.031089294298128678
2015-01-20,-0.0058223873856306785
2015-01-21,0.005437919994168983
2015-01-22,0.026836144846811072
2015-01-23,0.00871146375864651
2015-01-26,-0.006226197621989615
2015-01-27,-0.021624951116753666
2015-01-28,0.12807281865846698
2015-01-29,0.01318454832968552
2015-01-30,-0.008494585869124771
2015-02-02,0.002004879770733936
2015-02-03,-0.00818595944771161
2015-02-04,0.0007333128945075096
2015-02-05,0.03354125567199562
2015-02-06,-0.022167080484294055
2015-02-09,-0.015596728639317714
2015-02-10,0.00884306550467251
2015-02-11,0.0034698835359250335
2015-02-12,0.022747980109590005
2015-02-13,0.0033806263856761554
2015-02-17,0.006561206414880338
2015-02-18,0.014975678387966429
2015-02-19,-0.008158400746843042
2015-02-20,0.009275486534259914
2015-02-23,-0.0020807942648617406
2015-02-24,0.0013899525953366965
2015-02-25,-0.004164409628438448
2015-02-26,0.005924416192198967
2015-02-27,-0.009527129608937424
2015-03-02,0.004722044415155446
2015-03-03,-0.013577159484990053
2015-03-04,0.009352414249154117
2015-03-05,0.003146700735275232
2015-03-06,-0.0177762119784739
2015-03-09,0.005500467438304124
2015-03-10,-0.02858655168389812
2015-03-11,0.0007268219785447894
2015-03-12,-0.0005447738737111019
2015-03-13,0.0043589309443989865
2015-03-16,0.009402995959271188
2015-03-17,-0.029559018538567905
2015-03-18,0.026952269978497423
2015-03-19,0.00593188022444302
2015-03-20,0.02358830174722626
2015-03-23,-0.00017451179079042145
2015-03-24,0.012048064273115555
2015-03-25,-0.03226347316391964
2015-03-26,-0.00017842361479825097
2015-03-27,0.03851656598641817
2015-03-30,0.02111939900653259
2015-03-31,-0.010929892480027736
2015-04-01,-0.026181575058867534
2015-04-02,0.006459533771210113
2015-04-06,-0.009193362919278858
2015-04-07,0.011904565240026699
2015-04-08,0.006055537419885626
2015-04-09,-0.011177932266349555
2015-04-10,0.014956310185764599
2015-04-13,-0.017649123635645414
2015-04-14,-0.004535262302972964
2015-04-15,-0.003679194190129298
2015-04-16,0.0
2015-04-17,-0.014597525333596262
2015-04-20,0.022487982640551518
2015-04-21,0.030371779869488247
2015-04-22,0.013213687994218182
2015-04-23,0.0011704324885193351
2015-04-24,0.00016686905206153568
2015-04-27,-0.0008349252002862739
2015-04-28,-0.012199073362205937
2015-04-29,-0.008289787039862606
2015-04-30,-0.009041306151238104
2015-05-01,0.021346421809759653
2015-05-04,-0.00033716189274723973
2015-05-05,-0.002529137965396888
2015-05-06,0.029918849934392533
2015-05-07,-0.010832049510596575
2015-05-08,0.026713122312339355
2015-05-11,0.011473826943799281
2015-05-12,-0.0020769988423930963
2015-05-13,-0.011687484794572489
2015-05-14,0.022031445040949116
2015-05-15,-0.003328747877680449
2015-05-18,0.006679419555706945
2015-05-19,-0.010900297632854494
2015-05-20,-0.005909632076796734
2015-05-21,0.007230041189153935
2015-05-22,-0.002073623275845149
2015-05-26,-0.00047978758665712107
2015-05-27,0.02127006497962025
2015-05-28,-0.009238913775574509
2015-05-29,-0.008060898903661351
2015-06-01,0.002071372966792273
2015-06-02,0.0014312499470807705
2015-06-03,0.0061922865237444835
2015-06-04,-0.011677269325366724
2015-06-05,0.0043109487044179495
2015-06-08,-0.019713982299122135
2015-06-09,0.001946210449046415
2015-06-10,0.012139728465400346
2015-06-11,0.0009597227041950873
2015-06-12,0.002556243711123063
2015-06-15,-0.018804814148230653
2015-06-16,0.020951851739269056
2015-06-17,0.025771615886688082
2015-06-18,0.012251860759664224
2015-06-19,0.010418150741200893
2015-06-22,0.01015904332726647
2015-06-23,-0.0006001823820963592
2015-06-24,0.016521396307920044
2015-06-25,-0.003398328639240722
2015-06-26,0.0026685143288829316
2015-06-29,-0.020848405213658716
2015-06-30,0.00422807179988216
2015-07-01,0.022556517587953406
2015-07-02,-0.0029410467473156565
2015-07-06,0.0030973293922087475
2015-07-07,0.027642968773118337
2015-07-08,-0.012734456635172364
2015-07-09,0.02173913783630943
2015-07-10,0.02226950578336262
2015-07-13,0.020397062645652886
2015-07-14,-0.017541916788075818
2015-07-15,0.0034602998709785115
2015-07-16,0.006483159856448761
2015-07-17,0.006851988400909725
2015-07-20,0.017966533527545847
2015-07-21,-0.014841586471234458
2015-07-22,-0.010315142454822124
2015-07-23,-0.015222089346051626
2015-07-24,0.006684491832822159
2015-07-27,-0.014801420227463002
2015-07-28,0.008143628694952332
2015-07-29,0.005292453133716624
2015-07-30,0.0016627192544214076
2015-07-31,-0.010373716106684028
2015-08-03,-0.008106289836060654
2015-08-04,0.01169524762019103
2015-08-05,0.04679675490148494
2015-08-06,-0.015300615337810686
2015-08-07,-0.008782869764181522
2015-08-10,0.008315331672309467
2015-08-11,-0.002027944902909362
2015-08-12,-0.0013547459069085388
2015-08-13,-0.004611917308196212
2015-08-14,-0.007631469760119636
2015-08-17,0.012084317293174829
2015-08-18,0.002035587397336114
2015-08-19,-0.030331920499577336
2015-08-20,-0.05446173338023874
2015-08-21,-0.032195977890983385
2015-08-24,-0.027926242874531715
2015-08-25,-0.0025115774988324624
2015-08-26,0.04406657128946612
2015-08-27,0.012360743037461708
2015-08-28,0.011167305534097949
2015-08-31,-0.025916756513667316
2015-09-01,-0.041118647687405696
2015-09-02,0.019549075650824754
2015-09-03,0.017318974295138734
2015-09-04,0.008815765323648694
2015-09-08,0.03209265398311434
2015-09-09,-0.010511012756570737
2015-09-10,0.014163634025671668
2015-09-11,0.0024729609606406466
2015-09-14,-0.008126389441455162
2015-09-15,0.015069421005465156
2015-09-16,0.012972087962022982
2015-09-17,0.011098520301288106
2015-09-18,-0.013931709256593816
2015-09-21,0.007278174918710745
2015-09-22,-0.02677788244013446
2015-09-23,0.011209383569405373
2015-09-24,-0.00935763404269907
2015-09-25,0.00988200746072554
2015-09-28,-0.04360341517808097
2015-09-29,-0.006921423893676226
2015-09-30,0.02651514432431923
2015-10-01,-0.008117811541664133
2015-10-02,-0.010565539779080146
2015-10-05,0.01654399489330527
2015-10-06,-0.015387276544042594
2015-10-07,-0.00661153912907908
2015-10-08,-0.004689013770794559
2015-10-09,-0.011550214627415678
2015-10-12,0.04720185589372439
2015-10-13,0.004551208424305786
2015-10-14,0.03142364181051871
2015-10-15,0.005668103888310405
2015-10-16,0.010427332848426563
2015-10-19,0.008087982043839093
2015-10-20,0.0001384393551673302
2015-10-21,0.006777173925405
2015-10-22,0.02404153742164472
2015-10-23,0.005098120005214923
2015-10-26,-0.011212217911139466
2015-10-27,0.01606385160347812
2015-10-28,0.019928475009168167
2015-10-29,-0.009248460103035816
2015-10-30,-0.05245863495080261
2015-11-02,-0.0009712731751712056
2015-11-03,-0.0013886645686607135
2015-11-04,0.03324055071856691
2015-11-05,-0.003095959567744111
2015-11-06,-0.02268440636065938
2015-11-09,-0.019895115986503065
2015-11-10,-0.0015505986147382744
2015-11-11,0.006635795218039586
2015-11-12,0.005048953021266511
2015-11-13,-0.024699850628787323
2015-11-16,-0.027185888445017015
2015-11-17,0.0016178773430830518
2015-11-18,0.004698949946132958
2015-11-19,0.03887802547132835
2015-11-20,0.018851569627418296
2015-11-23,-0.04750046442082345
2015-11-24,-0.02783435636449505
2015-11-25,0.036534855714353
2015-11-27,-0.009063509797190838
2015-11-30,-0.01582488263727433
2015-12-01,0.012391263540616704
2015-12-02,0.010345507476300364
2015-12-03,-0.03057416669424129
2015-12-04,0.047009821487235204
2015-12-07,0.005825267563980052
2015-12-08,0.002825134058081158
2015-12-09,-0.05493695634332674
2015-12-10,-0.010731800124541335
2015-12-11,0.01205346097352944
2015-12-14,0.037070642891701144
2015-12-15,0.038328711775187596
2015-12-16,-0.004009489652400777
2015-12-17,-0.012770729186515895
2015-12-18,-0.03008984297408912
2015-12-21,-0.003914044948284623
2015-12-22,0.005239271181603833
2015-12-23,-0.006225650582866837
2015-12-24,0.004516294860765102
2015-12-28,0.0034808797497956068
2015-12-29,0.009538676856043926
2015-12-30,-0.0028631528628109137
2015-12-31,-0.013352412116098944
2016-01-04,-0.038125654728282
2016-01-05,-0.017549199077077526
2016-01-06,-0.01940255006735292
2016-01-07,-0.019158258706125086
2016-01-08,0.010727000131579345
2016-01-11,0.017107406811083692
2016-01-12,0.021958965969005373
2016-01-13,-0.034135713589730776
2016-01-14,0.017355670471205453
2016-01-15,0.02450360007369312
2016-01-19,0.019830597862493304
2016-01-20,-0.007718879225292241
2016-01-21,0.0026925827463148977
2016-01-22,0.03476097666631506
2016-01-25,0.008073776743002359
2016-01-26,0.01301469655203391
2016-01-27,-0.01891866642859863
2016-01-28,0.004317147504793617
2016-01-29,-0.07508198008914724
2016-02-01,-0.005422671326334116
2016-02-02,-0.05514005331298455
2016-02-03,-0.017309447235519193
2016-02-04,-0.014762748047238983
2016-02-05,-0.05499731528214469
2016-02-08,0.014774772359622101
2016-02-09,0.034268366281640095
2016-02-10,0.012532195407149338
2016-02-11,-0.013394306062343153
2016-02-12,0.018216300731829227
2016-02-16,0.00185639859465625
2016-02-17,0.008086213899723527
2016-02-18,-0.024899742920499013
2016-02-19,0.020908345099687642
2016-02-22,0.06211202496185808
2016-02-23,-0.027659345365252275
2016-02-24,0.027308056892549004
2016-02-25,0.023417794215331744
2016-02-26,-0.0035560109406221896
2016-02-29,-0.0032582632113876686
2016-03-01,0.0193025808471603
2016-03-02,0.009315775947318805
2016-03-03,-0.019518802369837718
2016-03-04,-0.005709788174635189
2016-03-07,-0.013037400738379112
2016-03-08,-0.009907291850294375
2016-03-09,0.015247639266089852
2016-03-10,-0.0065704982332271955
2016-03-11,0.015275575917865547
2016-03-14,0.004963584951037658
2016-03-15,0.014354055419660172
2016-03-16,0.004260239457057224
2016-03-17,-0.020151419513445235
2016-03-18,-0.005411823768747381
2016-03-21,-0.005908234358522169
2016-03-22,-0.0010947098210662976
2016-03-23,0.0184753046103725
2016-03-24,-0.012452196528006554
2016-03-28,0.006226741221128096
2016-03-29,0.02150342304344277
2016-03-30,0.005754932566388593
2016-03-31,-0.004517370652089681
2016-04-01,-0.0028741027164795874
2016-04-04,-0.002730332288234383
2016-04-05,-0.004411474443418273
2016-04-06,0.005806110776800821
2016-04-07,-0.028862139583837876
2016-04-08,0.004849029596939669
2016-04-11,-0.016811994068133385
2016-04-12,-0.0031665456068425968
2016-04-13,0.028748332640239127
2016-04-14,0.002624780124792503
2016-04-15,0.02925799351467684
2016-04-18,-0.004787761999514473
2016-04-19,-0.004960654040203627
2016-04-20,-0.005892452972828033
2016-04-21,0.005774809790328073
2016-04-22,-0.004683936352422258
2016-04-25,0.0009108806368318678
2016-04-26,-0.009100457496357794
2016-04-27,-0.030307817659367964
2016-04-28,-0.01625867724850716
2016-04-29,-0.0075419963851594
2016-05-02,0.016814984776753583
2016-05-03,-0.012879568556803944
2016-05-04,-0.003221633635671628
2016-05-05,0.00581774626160203
2016-05-06,0.027313488936804076
2016-05-09,0.009070960184270227
2016-05-10,0.00031004060020811686
2016-05-11,0.136969384593022
2016-05-12,0.022213454915506636
2016-05-13,0.002532877981823889
2016-05-16,0.018882674106217356
2016-05-17,-0.019316012669528426
2016-05-18,-0.008650685092114196
2016-05-19,-0.013290311674697186
2016-05-20,-0.005305883925998289
2016-05-23,0.0017780264634603693
2016-05-24,0.028809359000101953
2016-05-25,-0.005441039624652921
2016-05-26,0.002268260847803072
2016-05-27,0.007855211552949326
2016-05-31,0.013870472739144546
2016-06-01,-0.0016939048097326381
2016-06-02,-0.0005219521931855153
2016-06-03,-0.0028725941308357372
2016-06-06,0.0017023507412712302
2016-06-07,0.009935684741183781
2016-06-08,-0.012556675849417998
2016-06-09,-0.00039328602950705616
2016-06-10,-0.012721148678604854
2016-06-13,-0.013815230831692338
2016-06-14,0.003771639301880292
2016-06-15,-0.0017443846052804801
2016-06-16,0.008199670514176916
2016-06-17,-0.00639976177608792
2016-06-20,0.010601234730067022
2016-06-21,0.0026558847989432977
2016-06-22,-0.009402887746098654
2016-06-23,0.016711252410095634
2016-06-24,-0.03734397706338366
2016-06-27,-0.023357352399121956
2016-06-28,0.015384539561769994
2016-06-29,0.01570251098444464
2016-06-30,0.02739383585064914
2016-07-01,0.0014515325798414302
2016-07-05,0.00026402040739448296
2016-07-06,0.011200157503665986
2016-07-07,-0.0015638160417627
2016-07-08,0.02140463906857648
2016-07-11,0.011627847637943
2016-07-12,0.004294534354890134
2016-07-13,-0.02377067247301856
2016-07-14,0.005539681055208856
2016-07-15,-0.0028184917216588223
2016-07-18,0.005524934698777351
2016-07-19,-0.0224895243105937
2016-07-20,0.00261477622903894
2016-07-21,-0.017209922978281944
2016-07-22,0.01260274826447949
2016-07-25,0.007467434872309386
2016-07-26,-0.0007801284253706742
2016-07-27,-0.002212378332694831
2016-07-28,-0.005087016311626225
2016-07-29,0.0005246893492065752
2016-08-01,0.004061824442216144
2016-08-02,0.0019573459231327917
2016-08-03,0.024094596411124547
2016-08-04,-0.005086794292815333
2016-08-05,0.020580237018520853
2016-08-08,-0.007139243545609464
2016-08-09,-0.007316630558512838
2016-08-10,-0.0015250631818998217
2016-08-11,-0.009163856978649076
2016-08-12,-0.0053951649520685985
2016-08-15,0.02647540043556451
2016-08-16,-0.017991765818758387
2016-08-17,0.022037350533503863
2016-08-18,0.01516873014564113
2016-08-19,0.009631861837297695
2016-08-22,-0.0033025234455124064
2016-08-23,0.010062632113187364
2016-08-24,0.0013365949205017547
2016-08-25,-0.01055563721231001
2016-08-26,-0.004169296142841672
2016-08-29,0.003694107816070602
2016-08-30,0.002698945775044592
2016-08-31,-0.0061175789299808825
2016-09-01,0.006524650290949063
2016-09-02,0.020792651600394008
2016-09-06,0.004912320405453308
2016-09-07,-0.013354122139621172
2016-09-08,-0.0071295917329289304
2016-09-09,-0.027994206951372447
2016-09-12,0.012271217599466144
2016-09-13,0.0003712953888754811
2016-09-14,-0.0004946185540056769
2016-09-15,0.03142391786431409
2016-09-16,-0.005757438593567921
2016-09-19,-0.0014476946615078479
2016-09-20,0.0026579547863858632
2016-09-21,0.005783895356380464
2016-09-22,-0.0035942754277724642
2016-09-23,0.013105906677990387
2016-09-26,-0.00902012034138111
2016-09-27,0.020359750572986002
2016-09-28,-0.002347589795861138
2016-09-29,-0.00870574771711008
2016-09-30,0.013529390553357779
2016-10-03,0.00011718714539532549
2016-10-04,0.001755950882885271
2016-10-05,-0.00105152240106976
2016-10-06,-0.010413141181689678
2016-10-07,-0.00910404012843724
2016-10-10,0.011096756326297585
2016-10-11,-0.016167112590655286
2016-10-12,-0.010075517538743806
2016-10-13,-0.009329894593796295
2016-10-14,0.01015170862320569
2016-10-17,-0.003269428933678098
2016-10-18,0.020529923288060026
2016-10-19,-0.014879199368464047
2016-10-20,-0.0028997478829787537
2016-10-21,0.004240994304440804
2016-10-24,0.01544580465010803
2016-10-25,-0.014378923667081489
2016-10-26,-0.004340654619888196
2016-10-27,0.001695602187697487
2016-10-28,-0.039531128102067936
2016-10-31,-0.011705517171909485
2016-11-01,-0.00866007277113956
2016-11-02,0.016443906606867786
2016-11-03,0.01769485215920974
2016-11-04,-0.003726055331527811
2016-11-07,0.010720857762333003
2016-11-08,0.005056418461364842
2016-11-09,-0.025156436139835314
2016-11-10,-0.03335844701438817
2016-11-11,0.00859482705258574
2016-11-14,-0.013815297702937213
2016-11-15,0.016234639022802755
2016-11-16,0.015588789606424402
2016-11-17,0.010021416279770046
2016-11-18,-0.007912349940098484
2016-11-21,-0.009241629435850274
2016-11-22,-0.006517106065098255
2016-11-23,0.02057898287413029
2016-11-25,-0.002268321121637218
2016-11-28,-0.005557731605944971
2016-11-29,0.03353235783510655
2016-11-30,-0.02617678508547927
2016-12-01,-0.04618896060657385
2016-12-02,0.0037048733413651558
2016-12-05,0.02095955868311017
2016-12-06,-0.007488969368619869
2016-12-07,0.014050037366253765
2016-12-08,-0.002180974906833888
2016-12-09,0.012471213345530252
2016-12-12,0.023745913682049036
2016-12-13,0.0017368247645703772
2016-12-14,-0.0007432291244974243
2016-12-15,0.010037320095017677
2016-12-16,-0.02453684013427382
2016-12-19,-0.00012596668845887837
2016-12-20,0.0
2016-12-21,0.00201247040173258
2016-12-22,0.0016322229354650553
2016-12-23,0.011028895793344207
2016-12-27,0.005082603593030699
2016-12-28,-0.00863388715960034
2016-12-29,-0.002736499342301024
2016-12-30,-0.017464979433858385
2017-01-03,0.005205461882208606
2017-01-04,0.018441136847852535
2017-01-05,-0.020711987499442808
2017-01-06,0.0006336256996759548
2017-01-09,-0.004683323836783271
2017-01-10,0.0026706827149272083
2017-01-11,0.002155882157820699
2017-01-12,0.007339976676024262
2017-01-13,0.00942216165692944
2017-01-17,-0.001493458517201507
2017-01-18,0.003738937865230163
2017-01-19,-0.0018627482440709553
2017-01-20,-0.0032346203554087793
2017-01-23,-0.0029952972094065
2017-01-24,0.00788698765166318
2017-01-25,0.012048034568798105
2017-01-26,0.0027002280720116456
2017-01-27,0.017870166257665687
2017-01-30,0.008177061533007235
2017-01-31,-0.0048903359124085055
2017-02-01,-0.0051539956959146815
2017-02-02,-0.005903584937400175
2017-02-03,-0.014907398795434568
2017-02-06,0.002952741397062475
2017-02-07,0.008464139102635881
2017-02-08,-0.00887965519645717
2017-02-09,0.021846225202058145
2017-02-10,0.034950384477272056
2017-02-13,0.0017407364964785454
2017-02-14,-0.0030121241557968803
2017-02-15,0.021961589329853703
2017-02-16,-0.00113700399536254
2017-02-17,-0.006260907762989043
2017-02-21,0.002749486624059827
2017-02-22,-0.001827816026868434
2017-02-23,-0.008354362179371688
2017-02-24,-0.0012694685890797253
2017-02-27,0.005315253628719319
2017-02-28,-0.005747099020130819
2017-03-01,0.015260042387799544
2017-03-02,-0.009223189596267112
2017-03-03,0.002643271241209
2017-03-06,-0.0011462576259343438
2017-03-07,0.013312026996812998
2017-03-08,0.007927391764040337
2017-03-09,0.00033716500716440834
2017-03-10,0.008761224527312317
2017-03-13,0.010243621932382707
2017-03-14,0.0018737684244904962
2017-03-15,0.00671063811494621
2017-03-16,-0.014315305542995316
2017-03-17,-0.006762715980079825
2017-03-20,-0.004799706311676699
2017-03-21,-0.008411802503261123
2017-03-22,0.0037325023452143835
2017-03-23,-0.0014649466875359396
2017-03-24,0.008351249678318906
2017-03-27,-0.0036933226678829145
2017-03-28,0.008088206187417013
2017-03-29,0.00044564259795243366
2017-03-30,0.005346288513970787
2017-03-31,-0.008198410967375502
2017-04-03,-0.004580046766198165
2017-04-04,0.0019078329504631508
2017-04-05,-0.00985666925676465
2017-04-06,0.0018099457724938262
2017-04-07,0.0019195930239961356
2017-04-10,0.00011261264242823366
2017-04-11,0.010592779677436326
2017-04-12,0.0030106026863678803
2017-04-13,-0.010338940702570909
2017-04-17,0.0021343413169174763
2017-04-18,-0.00011218228515319506
2017-04-19,0.005044906480131672
2017-04-20,0.01740100613528872
2017-04-21,0.008003555075074109
2017-04-24,0.009462475968409656
2017-04-25,0.0019396901406383282
2017-04-26,0.005484433445317682
2017-04-27,0.007914231890445045
2017-04-28,0.006154636189855678
2017-05-01,-0.0003162222336191567
2017-05-02,-0.005696857364352326
2017-05-03,-0.001485569906740647
2017-05-04,0.006906861054401636
2017-05-05,0.010342031273513186
2017-05-08,-0.00010444902973227865
2017-05-09,0.002924878333208758
2017-05-10,0.12654934065699242
2017-05-11,0.003883116696004496
2017-05-12,0.004697046352032608
2017-05-15,0.016591721560968553
2017-05-16,0.007754695664454081
2017-05-17,-0.05833936269664797
2017-05-18,0.016058604026887524
2017-05-19,0.006639898504785302
2017-05-22,0.006967562792018711
2017-05-23,0.005720201683780735
2017-05-24,0.030272158346674516
2017-05-25,0.013534253880232328
2017-05-26,-0.014934683932754433
2017-05-30,0.006421017566085041
2017-05-31,0.0042536218654440905
2017-06-01,0.004765099038771314
2017-06-02,0.005707890519083714
2017-06-05,0.0014845865169101913
2017-06-06,-0.00871931795642289
2017-06-07,0.014777299407739752
2017-06-08,-0.009361342357808833
2017-06-09,-0.03351114882290418
2017-06-12,-0.0141226892858064
2017-06-13,0.009917233543784931
2017-06-14,0.0003635583001619924
2017-06-15,0.004635569884767765
2017-06-16,-0.00018087462979332614
2017-06-19,0.028413933593326002
2017-06-20,-0.0015839396730378263
2017-06-21,-0.0026438574895251143
2017-06-22,-0.004859851807525906
2017-06-23,-0.015539110367539966
2017-06-26,0.008929403230036215
2017-06-27,-0.03164682395921259
2017-06-28,0.004523611767072833
2017-06-29,-0.01957524031486202
2017-06-30,-0.008998830222539556
2017-07-03,-0.002837744227774497
2017-07-05,0.012710922976116645
2017-07-06,-0.009460499637725772
2017-07-07,0.01607572084233655
2017-07-10,0.0036296503163810723
2017-07-11,0.0053784569518668945
2017-07-12,0.020844757182651996
2017-07-13,-0.01535966066280614
2017-07-14,9.154394101984487e-05
2017-07-17,0.00412879987538517
2017-07-18,0.007675689112266237
2017-07-19,0.011788188804447985
2017-07-20,0.003495232873758969
2017-07-21,0.002232729982203141
2017-07-24,0.013634006309870328
2017-07-25,-0.0007912048694656004
2017-07-26,0.038184074991729045
2017-07-27,-0.0033899463622382164
2017-07-28,0.005527250605340095
2017-07-31,-0.012769493448571145
2017-08-01,0.001541746144225975
2017-08-02,-0.0007696864110564583
2017-08-03,0.01729006202986949
2017-08-04,-0.013714765531155582
2017-08-07,-0.002218107514650014
2017-08-08,-0.003932949576937794
2017-08-09,-0.0033474888489857246
2017-08-10,-0.018258726576432793
2017-08-11,0.012808079472992118
2017-08-14,0.014378789713244355
2017-08-15,0.00273239317200602
2017-08-16,0.015498585111848984
2017-08-17,-0.023312254158376233
2017-08-18,0.0035199331096393838
2017-08-21,-0.0003420287241149289
2017-08-22,0.018743555026352166
2017-08-23,-0.007141021641417278
2017-08-24,-0.0030463843575601057
2017-08-25,-0.007553793160378297
2017-08-28,0.015393884048214623
2017-08-29,0.004211280699986331
2017-08-30,0.02298094142770135
2017-08-31,-0.0038535151889979025
2017-09-01,-0.018024923000216297
2017-09-05,-0.00921943874885467
2017-09-06,-0.010236167841619959
2017-09-07,0.016495645899366806
2017-09-08,-0.005465307701090216
2017-09-11,0.024602649686217948
2017-09-12,-0.0064360783789702
2017-09-13,-0.006727112411109126
2017-09-14,-0.003428076811391567
2017-09-15,0.0019295511791292963
2017-09-18,0.0045221618586797074
2017-09-19,0.002083756283875582
2017-09-20,0.0010815007415529987
2017-09-21,-0.01927868130475152
2017-09-22,0.004067220003572292
2017-09-25,-0.036287134084553974
2017-09-26,-0.002451621397190351
2017-09-27,0.01799506271009821
2017-09-28,0.005518573520962189
2017-09-29,0.012434617293335615
2017-10-02,-0.0009317250557430157
2017-10-03,8.471487965744373e-05
2017-10-04,0.005086445340130252
2017-10-05,0.008097192999953373
2017-10-06,0.0047690531828479266
2017-10-09,-0.012240695110914412
2017-10-10,-0.006744389913049709
2017-10-11,-0.015022777957748201
2017-10-12,0.009392389486990949
2017-10-13,0.012634594236856422
2017-10-16,-0.009610539423782205
2017-10-17,-0.012768067765744795
2017-10-18,-0.02431468557909411
2017-10-19,-0.0007953301876281182
2017-10-20,0.004864427576521502
2017-10-23,0.00035198000295944
2017-10-24,-0.0023756319045827867
2017-10-25,0.010318458466738845
2017-10-26,0.011086044361129588
2017-10-27,0.009151160870999098
2017-10-30,0.005903090830623903
2017-10-31,0.017179706668799533
2017-11-01,-0.0428928314322109
2017-11-02,-0.015550052254452829
2017-11-03,0.004525667617103046
2017-11-06,-0.006537208719792464
2017-11-07,-0.0067578562838468414
2017-11-08,0.02193371358706009
2017-11-09,-0.01979841429932283
2017-11-10,0.00768594213049667
2017-11-13,-0.006563091999274406
2017-11-14,0.002321070136377612
2017-11-15,-0.007036365552582469
2017-11-16,0.0010762804080648447
2017-11-17,-0.024910624501232825
2017-11-20,-0.010843257142256757
2017-11-21,0.0006502399005476889
2017-11-22,-0.0036207433800128364
2017-11-24,0.005777013537998865
2017-11-27,-0.008801070516152643
2017-11-28,0.023179694249105154
2017-11-29,-0.03635702793283946
2017-11-30,0.008152317335601733
2017-12-01,-0.0031027998020758396
2017-12-04,-0.04895300706021599
2017-12-05,0.02528996653089788
2017-12-06,-0.0019345250494444688
2017-12-07,0.011533185981247529
2017-12-08,0.008623125522485786
2017-12-11,0.02517353956440216
2017-12-12,-0.0024092524931877968
2017-12-13,-0.01969152437582966
2017-12-14,0.008337880409208687
2017-12-15,0.026874664272731996
2017-12-18,-0.017752547379729533
2017-12-19,-0.003167416688157565
2017-12-20,0.013551334429354744
2017-12-21,-0.004425981034336224
2017-12-22,-0.01806055583627797
2017-12-26,-0.00905485049252075
2017-12-27,0.0016181148965181968
2017-12-28,0.0007601612687899717
2017-12-29,-0.002373857584755279
2018-01-02,0.04178558669503918
2018-01-03,0.0027411071777772023
2018-01-04,-0.02332583620605877
2018-01-05,0.0485118201175887
2018-01-08,0.007385102511992425
2018-01-09,-0.009185541972013933
2018-01-10,0.0006240638170171842
2018-01-11,-0.002227369436791138
2018-01-12,0.010089306252696106
2018-01-16,-0.01069567651514125
2018-01-17,0.010900659895912934
2018-01-18,0.018914456893107223
2018-01-19,0.007807109223720854
2018-01-22,0.015579333790187055
2018-01-23,-0.0027120811054544003
2018-01-24,-0.025580087274961416
2018-01-25,-0.0013952867037577699
2018-01-26,0.006113575405140459
2018-01-29,0.021267187601645032
2018-01-30,0.008924800670288668
2018-01-31,0.06958718933942953
2018-02-01,0.009609464579682703
2018-02-02,-0.028475745764758975
2018-02-05,-0.02320714838500504
2018-02-06,0.012249200180461495
2018-02-07,-0.0006495258740950582
2018-02-08,-0.05290543889342991
2018-02-09,0.03518114992301902
2018-02-12,0.01309662169552328
2018-02-13,0.0004911719435614081
2018-02-14,0.012184831032001853
2018-02-15,0.021895663687788725
2018-02-16,-0.0036371063727774766
2018-02-20,0.0025392673296575907
2018-02-21,-0.011397761021266328
2018-02-22,-0.0023215954901523173
2018-02-23,0.01998218035845145
2018-02-26,0.011565824130123303
2018-02-27,-0.021544757636398848
2018-02-28,-0.016693391863173646
2018-03-01,-0.012368511761892576
2018-03-02,0.023901069053408497
2018-03-05,0.008074460672827799
2018-03-06,-0.01229195558705265
2018-03-07,0.021035687012366022
2018-03-08,0.012974817436467001
2018-03-09,-0.002561701250231252
2018-03-12,-0.0028797699694452783
2018-03-13,-0.012097974677958367
2018-03-14,0.01106108073046519
2018-03-15,0.008986559599222899
2018-03-16,-0.0046468776870665085
2018-03-19,-0.02396508426564936
2018-03-20,0.011240315110375487
2018-03-21,-0.006700795070061827
2018-03-22,-0.0239683227369768
2018-03-23,-0.012522300759610805
2018-03-26,0.041172587194553634
2018-03-27,-0.051091424520299134
2018-03-28,-0.005417477807849513
2018-03-29,0.01600595386020842
2018-04-02,-0.02078524654795655
2018-04-03,0.0066542801883142655
2018-04-04,0.005020541557478442
2018-04-05,0.009324870411123287
2018-04-06,-0.023674019523616696
2018-04-09,0.004224246851415092
2018-04-10,0.015564586607565545
2018-04-11,-0.01598872040803534
2018-04-12,0.019447821374605434
2018-04-13,-0.0046247656543538795
2018-04-16,0.01377256760047385
2018-04-17,0.01734994302647963
2018-04-18,0.004987632968268985
2018-04-19,-0.01456827407412975
2018-04-20,-0.0180326301586079
2018-04-23,-0.010670805963157282
2018-04-24,-0.00844477458415982
2018-04-25,-0.016105963423973746
2018-04-26,0.025025722966187658
2018-04-27,-0.017809277093327136
2018-04-30,0.004341445640202224
2018-05-01,0.01568048044221082
2018-05-02,-0.007427022386867765
2018-05-03,0.01034136335316882
2018-05-04,0.028875681498209405
2018-05-07,0.002264564895412269
2018-05-08,-0.000241900931836736
2018-05-09,0.057470176031197306
2018-05-10,0.020990841753208533
2018-05-11,-0.007102413431908539
2018-05-14,-0.002108029060046146
2018-05-15,-0.018259983977940153
2018-05-16,0.005764384283217572
2018-05-17,-0.0003823849896358311
2018-05-18,0.00909712025795173
2018-05-21,0.00689420329748569
2018-05-22,-0.0054925877403537715
2018-05-23,0.009986452179653993
2018-05-24,-0.015131128903192015
2018-05-25,0.0028140429127250233
2018-05-29,-0.004550663211011052
2018-05-30,0.0009144006770598345
2018-05-31,-0.0035015433626702785
2018-06-01,0.03651363567382249
2018-06-04,-0.007590852518320701
2018-06-05,0.01708031895016604
2018-06-06,-0.0001463703414351647
2018-06-07,-0.00021901581042538254
2018-06-08,0.00701164275420485
2018-06-11,0.009357108453443397
2018-06-12,0.004455280684258822
2018-06-13,0.025039333342147474
2018-06-14,0.0077470843771321185
2018-06-15,0.015651974521408762
2018-06-18,-0.012206138867443705
2018-06-19,-0.012218797959425265
2018-06-20,0.0031452423120463813
2018-06-21,-0.0027171627073427906
2018-06-22,-0.013202924408862282
2018-06-25,-0.005238430754715195
2018-06-26,-0.0010675140798063198
2018-06-27,-0.01866508737520045
2018-06-28,0.02090756738196653
2018-06-29,0.0027731653018563396
2018-07-02,0.01744435995273741
2018-07-03,-0.015681605651110875
2018-07-05,0.014161005502584922
2018-07-06,0.013056355421890986
2018-07-09,-0.0031705351570620044
2018-07-10,-0.003110778763415367
2018-07-11,0.01061067308497532
2018-07-12,0.0198326208824402
2018-07-13,0.0008074787156850949
2018-07-16,-0.01378356159565619
2018-07-17,0.014044325369902966
2018-07-18,0.001277653850993321
2018-07-19,-0.0065133566559392175
2018-07-20,-0.003244104236430956
2018-07-23,-0.006237997316241306
2018-07-24,-0.015283766031770174
2018-07-25,0.015105027423583106
2018-07-26,-0.03139938016285959
2018-07-27,-0.05701165450636714
2018-07-30,-0.05679707137750689
2018-07-31,0.020125150329491692
2018-08-01,-0.00986402907382411
2018-08-02,0.00917780316656569
2018-08-03,0.01725621983743686
2018-08-06,-0.014059743964013771
2018-08-07,-0.007207650954078271
2018-08-08,0.002419972404477555
2018-08-09,-0.004594635041094586
2018-08-10,0.02738205915138403
2018-08-13,0.0
2018-08-14,0.004493118637461935
2018-08-15,-0.029262346933735528
2018-08-16,0.012963497950228664
2018-08-17,-0.013106095804600426
2018-08-20,-0.002343677643265485
2018-08-21,-0.00743863101817277
2018-08-22,0.006784317514461291
2018-08-23,-0.01183182190360621
2018-08-24,0.022678749630456352
2018-08-27,0.0
2018-08-28,-0.00914955008189966
2018-08-29,0.005712468711057239
2018-08-30,-0.09788348037437045
2018-08-31,-0.02182179150569452
2018-09-04,0.0009697202035445773
2018-09-05,-0.017353343949176425
2018-09-06,0.014791357084531054
2018-09-07,0.015106140403609247
2018-09-10,-0.01479431659127406
2018-09-11,-0.008126519853236425
2018-09-12,0.006323022492481067
2018-09-13,0.0074333140311841905
2018-09-14,0.0037774198971538553
2018-09-17,-0.013826833923254345
2018-09-18,-0.00035495432290999496
2018-09-19,0.002396861946035056
2018-09-20,0.004870680604018407
2018-09-21,0.013659723325938122
2018-09-24,0.001912701847608389
2018-09-25,0.008764548660841198
2018-09-26,0.015828013880313296
2018-09-27,0.010923750982084535
2018-09-28,0.009298125930639056
2018-10-01,-0.024400439627887738
2018-10-02,-0.004253555076979776
2018-10-03,-0.00563858881540058
2018-10-04,-0.020448460362340937
2018-10-05,-0.002455775571482577
2018-10-08,-0.02734560530410457
2018-10-09,-0.010215030280875115
2018-10-10,-0.03963855381187009
2018-10-11,-0.014740701678371382
2018-10-12,0.02413130674459185
2018-10-15,-0.002073505297830347
2018-10-16,0.014544769547508718
2018-10-17,0.012753686832436273
2018-10-18,-0.02748415122002068
2018-10-19,-0.03487717574339266
2018-10-22,-0.007344984025858037
2018-10-23,-0.02239538878110614
2018-10-24,-0.028660907789688772
2018-10-25,0.024831291694006774
2018-10-26,-0.024533455654083824
2018-10-29,-0.05227633149453281
2018-10-30,0.03991654801795108
2018-10-31,-0.040598937278243485
2018-11-01,0.03539230941242022
2018-11-02,-0.018471083795804533
2018-11-05,0.002487634452907228
2018-11-06,-0.004962922967652883
2018-11-07,0.017022661816536777
2018-11-08,0.0007461814967526514
2018-11-09,-0.053051920051434664
2018-11-12,-0.01383752183668674
2018-11-13,-0.003079620619039991
2018-11-14,-0.018652279502018088
2018-11-15,0.029034277800509045
2018-11-16,-0.025835570255108964
2018-11-19,-0.03408185310403866
2018-11-20,-0.00024056374335668096
2018-11-21,0.012045135750308855
2018-11-23,-0.016067431878335148
2018-11-26,0.02733737538614145
2018-11-27,0.0012952702627320178
2018-11-28,0.010113022865078314
2018-11-29,0.005704278733231316
2018-11-30,-0.026855007470047765
2018-12-03,-0.0008327285029366971
2018-12-04,-0.03357145227695879
2018-12-06,0.033259552476305076
2018-12-07,-0.016213371592421533
2018-12-10,0.014662750754209197
2018-12-11,-0.0034633097816546554
2018-12-12,-0.0053932572037574955
2018-12-13,-0.02566571128646078
2018-12-14,-0.008656701472117612
2018-12-17,-0.011601736338205937
2018-12-18,0.009717995865473394
2018-12-19,-0.02049990368095378
2018-12-20,-0.011740327902928227
2018-12-21,-0.011234951799140469
2018-12-24,-0.02416068259113413
2018-12-26,0.042424949362231956
2018-12-27,0.0197716787875577
2018-12-28,-0.001637047332505026
2018-12-31,-0.004917516214877238
2019-01-02,0.018501896275416874
2019-01-03,-0.020654370426665847
2019-01-04,0.07254451605252177
2019-01-07,0.03755044067586555
2019-01-08,0.016326073744302505
2019-01-09,-0.001235759255659108
2019-01-10,0.023619364054275005
2019-01-11,-0.0034061166406944565
2019-01-14,-0.023373903631935478
2019-01-15,0.010273415537159769
2019-01-16,0.0048051571894471845
2019-01-17,-0.006784034232637293
2019-01-18,0.03594213491465936
2019-01-22,-0.013078190255475741
2019-01-23,-0.023874853091812698
2019-01-24,0.02636612075869227
2019-01-25,0.002842051820857172
2019-01-28,-0.013843233787333986
2019-01-29,-0.03570260978958251
2019-01-30,0.022810796041363046
2019-01-31,0.03373323171908971
2019-02-01,-0.011058391598209982
2019-02-04,-0.030585419969746397
2019-02-05,0.04625122403535209
2019-02-06,-0.13305234822483314
2019-02-07,0.048497949694938924
2019-02-08,0.16052312445947825
2019-02-11,-0.0036885864753808395
2019-02-12,0.05234469856475599
2019-02-13,-0.00078178059407219
2019-02-14,0.029340015833180688
2019-02-15,0.01510681193018737
2019-02-19,-0.0363159521109484
2019-02-20,-0.04205533623292501
2019-02-21,-0.017945691947796938
2019-02-22,-0.009704760675891655
2019-02-25,-0.0006257630696924199
2019-02-26,0.027540359011810844
2019-02-27,-0.006700315585818073
2019-02-28,-0.021054995617177608
2019-03-01,0.017018164907581124
2019-03-04,-0.0012318199438264843
2019-03-05,-0.01613740185825896
2019-03-06,-0.009924650083969366
2019-03-07,0.04843305219964322
2019-03-08,-0.010064676723567256
2019-03-11,0.006913505626150007
2019-03-12,-0.0045435964663288475
2019-03-13,0.015620247966541712
2019-03-14,-0.01298313618000757
2019-03-15,0.0015177503097503209
2019-03-18,0.006870041063914867
2019-03-19,-0.02157340144031683
2019-03-20,-0.004922548324630238
2019-03-21,0.08090298674233143
2019-03-22,-0.024218107593508176
2019-03-25,-0.005960646678017767
2019-03-26,0.005799560233500367
2019-03-27,-0.01612587837423629
2019-03-28,0.015198098948312255
2019-03-29,-0.005577272917435816
2019-04-01,0.010233458181029942
2019-04-02,-0.017824159438335263
2019-04-03,-0.006842721768763882
2019-04-04,-0.022066716208405612
2019-04-05,0.0152133205404974
2019-04-08,-0.014885007198002231
2019-04-09,0.0030629325836641907
2019-04-10,0.014045812940667757
2019-04-11,0.009535312670240437
2019-04-12,0.012428012829830637
2019-04-15,-0.039084707526040985
2019-04-16,-0.041083403731965173
2019-04-17,-0.02003622054472698
2019-04-18,0.012941837442162152
2019-04-22,-0.006656781040785376
2019-04-23,0.022806108341012266
2019-04-24,-0.005072278835567934
2019-04-25,-0.012427163664494478
2019-04-26,0.016025040415273972
2019-04-29,0.0027520996561636313
2019-04-30,-0.0008446665770032169
2019-05-01,0.002218689828783482
2019-05-02,-0.004849145759174722
2019-05-03,-0.020127020136725737
2019-05-06,0.013621468927031977
2019-05-07,-0.010985274625601615
2019-05-08,0.012401448747014987
2019-05-09,-0.005965115837756607
2019-05-10,0.006000911972806611
2019-05-13,-0.036855712562043674
2019-05-14,0.04589688004933712
2019-05-15,0.023263247096917405
2019-05-16,0.023044707429961342
2019-05-17,-0.017575904508373208
2019-05-20,-0.0469873827752999
2019-05-21,0.03193424312932458
2019-05-22,-0.018923146260222956
2019-05-23,-0.01843579470213319
2019-05-24,0.0017373003007947752
2019-05-28,0.013330376515602538
2019-05-29,-0.01016037760105537
2019-05-30,-0.0045379802539942116
2019-05-31,0.010311208756163648
2019-06-03,-0.019015809111829096
2019-06-04,0.030883737220788632
2019-06-05,0.011898630493228257
2019-06-06,0.01196836170157134
2019-06-07,0.006224763005924894
2019-06-10,-0.015259229930296936
2019-06-11,-0.009737397562354588
2019-06-12,-0.020194447323894416
2019-06-13,0.009711833268449821
2019-06-14,-0.008977025339555023
2019-06-17,-0.003127596495801521
2019-06-18,-0.004435118548672956
2019-06-19,0.005976282069281913
2019-06-20,0.00658886320815566
2019-06-21,0.022963891532586045
2019-06-24,0.038497985247215594
2019-06-25,-0.021212328547704495
2019-06-26,0.004334343958324327
2019-06-27,0.018701100152279215
2019-06-28,0.021383877508157623
2019-07-01,-0.0036539425830897088
2019-07-02,0.018138634702801193
2019-07-03,-0.04487929322622275
2019-07-05,-0.04596890597178893
2019-07-08,-0.0017094772202309594
2019-07-09,-0.014875702544277947
2019-07-10,0.02074974721055378
2019-07-11,-0.005002270236104556
2019-07-12,-0.0071665908210847284
2019-07-15,-0.006464008660636011
2019-07-16,-0.028952447201863518
2019-07-17,0.001675033526904457
2019-07-18,-0.005685590436873
2019-07-19,-0.018948656759400273
2019-07-22,0.007314520160639937
2019-07-23,0.0009076424901424129
2019-07-24,0.01768315626417727
2019-07-25,-0.0069058225482280244
2019-07-26,0.003925420006063662
2019-07-29,-0.007150004697964563
2019-07-30,-0.003375700980037144
2019-07-31,0.04437182130073758
2019-08-01,0.0227026739649292
2019-08-02,-0.01807618571447489
2019-08-05,-0.04629133886877301
2019-08-06,0.017044818712069087
2019-08-07,0.02408449423796255
2019-08-08,0.03207977501027326
2019-08-09,-0.03423306700506179
2019-08-12,-0.0021745264600167014
2019-08-13,0.006211064053027293
2019-08-14,-0.045917209943287185
2019-08-15,-0.00249723899319354
2019-08-16,0.019117063925227606
2019-08-19,0.015073707242227563
2019-08-20,0.01968979256566139
2019-08-21,0.014455245581798337
2019-08-22,0.006167641230090837
2019-08-23,-0.018072282176810894
2019-08-26,0.015821600034927163
2019-08-27,-0.0033906154998049054
2019-08-28,-0.017648059333711275
2019-08-29,0.006818062976867045
2019-08-30,0.006987211856845921
2019-09-03,0.012275519253243994
2019-09-04,0.03290090570080606
2019-09-05,-0.005104461255006076
2019-09-06,0.011082712854735055
2019-09-09,0.001522212395401068
2019-09-10,0.008309806366656236
2019-09-11,-0.003919578555782066
2019-09-12,-0.007769264744109883
2019-09-13,0.0014237846409470567
2019-09-16,0.006498589888850548
2019-09-17,-0.007062033855321892
2019-09-18,-0.0014225476548292981
2019-09-19,0.014346853973059126
2019-09-20,-0.009930893393145679
2019-09-23,-0.005268226858174407
2019-09-24,-0.008352282923833387
2019-09-25,0.002773279866728151
2019-09-26,-0.010345290586370237
2019-09-27,-0.009832285834027732
2019-09-30,0.022473303441941095
2019-10-01,-0.010938723439614995
2019-10-02,-0.02583958894811622
2019-10-03,0.0009548193158983587
2019-10-04,0.013461963230363194
2019-10-07,-0.021336739217804657
2019-10-08,-0.01100766452474855
2019-10-09,0.003673899296267491
2019-10-10,-0.00376794783300638
2019-10-11,0.01793986565158079
2019-10-14,-0.0032912037307236686
2019-10-15,0.013528008217851495
2019-10-16,0.011245592440807695
2019-10-17,0.005611946848134375
2019-10-18,-0.016846124175866728
2019-10-21,0.007148161885941917
2019-10-22,-0.015759957400881652
2019-10-23,0.014952036891683562
2019-10-24,0.002821089806301247
2019-10-25,0.003438117595533585
2019-10-28,0.004257147031750286
2019-10-29,-0.02388333769862938
2019-10-30,0.02446770823716915
2019-10-31,-0.003308503097471105
2019-11-01,-0.011410813071709436
2019-11-04,0.02990541394443813
2019-11-05,0.001120967558560615
2019-11-06,0.0041724229580091254
2019-11-07,-0.014593951534179528
2019-11-08,0.010696233743086703
2019-11-11,-0.01913103056217158
2019-11-12,-0.0006223056945926508
2019-11-13,-0.003425788099129856
2019-11-14,0.01604166841704413
2019-11-15,0.0
2019-11-18,-0.0015378229789529962
2019-11-19,-0.00718764083746859
2019-11-20,0.01478954148469147
2019-11-21,0.009070401195979017
2019-11-22,0.00181798941095912
2019-11-25,0.00615002071585935
2019-11-26,-0.005210551606321223
2019-11-27,0.015209670709800838
2019-11-29,0.002182667508251912
2019-12-02,-0.006038821025532104
2019-12-03,0.008665138046162202
2019-12-04,-0.006319862687393041
2019-12-05,0.014806724058409104
2019-12-06,0.010869742754022527
2019-12-09,-0.01162462126979047
2019-12-10,-0.0018621882457953154
2019-12-11,0.013354292400049372
2019-12-12,0.01831393904029266
2019-12-13,-0.005138501999134237
2019-12-16,0.01119098800847862
2019-12-17,0.000283544801856328
2019-12-18,0.012576845665911884
2019-12-19,0.002428152557864216
2019-12-20,0.005682922016124969
2019-12-23,-0.0014820152767266448
2019-12-24,0.007050638317750213
2019-12-26,-0.0003685640875885632
2019-12-27,-0.0007372556207982939
2019-12-30,-0.013833814113941023
2019-12-31,0.005424229082503507
2020-01-02,-0.0015813859849184153
2020-01-03,-0.0013044793007565003
2020-01-06,0.014739175356536016
2020-01-07,-0.0035854157674212184
2020-01-08,0.010148705303699712
2020-01-09,-0.001187460140554153
2020-01-10,-0.007040859728442039
2020-01-13,0.01132688137862714
2020-01-14,-0.002185454990922042
2020-01-15,0.0002738427375184038
2020-01-16,0.015053583682240745
2020-01-17,0.015009740304986474
2020-01-21,-0.004604669004700801
2020-01-22,0.006049463361696983
2020-01-23,0.0034485633444230057
2020-01-24,-0.010134100276514402
2020-01-27,-0.01575713694850278
2020-01-28,0.012120056541092827
2020-01-29,0.002770597197323754
2020-01-30,-0.005080154006234738
2020-01-31,-0.03332109329817745
2020-02-03,-0.026686373345394032
2020-02-04,0.019325723984983778
2020-02-05,0.0070047294265556115
2020-02-06,0.020218859033690917
2020-02-07,-0.008272474246759143
2020-02-10,-0.0035751553941776315
2020-02-11,0.0031280756841445267
2020-02-12,0.00623613996617034
2020-02-13,-0.008020732388125729
2020-02-14,0.007810023978099601
2020-02-18,-0.002096950458769009
2020-02-19,0.0029234994628386524
2020-02-20,-0.00528348147539448
2020-02-21,-0.010897240117843765
2020-02-24,-0.009073333572102715
2020-02-25,-0.015416309196258249
2020-02-26,0.011008174054853326
2020-02-27,-0.03566768335909676
2020-02-28,-0.013334489840748032
2020-03-02,0.05445401604046163
2020-03-03,-0.0017775925752542276
2020-03-04,0.04807863223926501
2020-03-05,-0.014486202801097248
2020-03-06,-0.023047008974848238
2020-03-09,-0.0625985943079056
2020-03-10,0.024274128945035667
2020-03-11,-0.021280684518421467
2020-03-12,-0.07738669019884215
2020-03-13,0.039742786905804905
2020-03-16,-0.086441273768472
2020-03-17,0.07601223892576092
2020-03-18,-0.054501757603608536
2020-03-19,-0.0016629522163176258
2020-03-20,-0.03464357917858507
2020-03-23,0.09811380371852985
2020-03-24,-0.01225493432803082
2020-03-25,-0.04941683277734288
2020-03-26,0.10664862655875917
2020-03-27,-0.03860891882491668
2020-03-30,0.02432635443468678
2020-03-31,0.02538654279726127
2020-04-01,-0.026355142481030547
2020-04-02,0.04880524886941773
2020-04-03,0.005279159511321518
2020-04-06,0.03578727566747175
2020-04-07,-0.0017839347937425032
2020-04-08,0.0045149453529576
2020-04-09,-0.009363467789181068
2020-04-13,0.03308126942391776
2020-04-14,0.024977075343257216
2020-04-15,0.013210752381066282
2020-04-16,0.04043697480382957
2020-04-17,-0.02497877524194636
2020-04-20,0.002257913237157405
2020-04-21,-0.018542766860746407
2020-04-22,0.011477223642082368
2020-04-23,-0.0009602436308077111
2020-04-24,0.016162909971003447
2020-04-27,-0.0024934591721729182
2020-04-28,-0.04025169033786513
2020-04-29,0.012842538427787265
2020-04-30,0.013122829436337469
2020-05-01,-0.008664544410133534
2020-05-04,0.03142945476447134
2020-05-05,0.023795275691884
2020-05-06,-0.035866586636665865
2020-05-07,0.012833926688032404
2020-05-08,-0.0015411552892125036
2020-05-11,0.006431112361857005
2020-05-12,-0.008519956536539142
2020-05-13,0.004554348457318724
2020-05-14,0.0018820081693691204
2020-05-15,0.008623524350745093
2020-05-18,-0.008549794985493797
2020-05-19,0.012124256951820511
2020-05-20,0.00852035509913307
2020-05-21,-0.01831867061515291
2020-05-22,0.0209611084206216
2020-05-26,-0.026539941046026194
2020-05-27,0.006344478438702783
2020-05-28,0.03382180859935291
2020-05-29,0.012608160102505872
2020-06-01,-0.0008139254928066775
2020-06-02,-0.0034207359844153906
2020-06-03,-0.03620472193821256
2020-06-04,-0.0063596081019497985
2020-06-05,0.009728641999085852
2020-06-08,0.010057422007211603
2020-06-09,0.013053303210477152
2020-06-10,0.03089139350226655
2020-06-11,-0.019149136009780743
2020-06-12,-0.0036757236818875105
2020-06-15,0.03730399933896811
2020-06-16,-0.006243917764556017
2020-06-17,0.018929356503026185
2020-06-18,0.0096792562810335
2020-06-19,0.006494096952442074
2020-06-22,-0.003610390591523238
2020-06-23,0.006783869726906699
2020-06-24,0.0020674911967781817
2020-06-25,-0.0009932275749510167
2020-06-26,0.0014531987292687454
2020-06-29,-0.0018331509652153022
2020-06-30,0.010406193947640974
2020-07-01,0.0240061209049518
2020-07-02,-0.010205657066340912
2020-07-06,0.00321306852256531
2020-07-07,0.0037981225876082547
2020-07-08,0.006158327954174814
2020-07-09,0.02330188380713971
2020-07-10,0.014700513187337894
2020-07-13,-0.03905943000820511
2020-07-14,0.02379708659684776
2020-07-15,-0.0007218617498516711
2020-07-16,-0.0027450562005086887
2020-07-17,0.00188325284507318
2020-07-20,0.023281149786392064
2020-07-21,-0.015473951598669156
2020-07-22,-0.007463497683069642
2020-07-23,-0.021258255054442565
2020-07-24,-0.0008866362181233489
2020-07-27,0.006802920401175916
2020-07-28,-0.010135200030274238
2020-07-29,0.008532788271091052
2020-07-30,0.01956856272991825
2020-07-31,0.02186311131803942
2020-08-03,0.005225224667298134
2020-08-04,0.027816664761586507
2020-08-05,-0.0009565883160502775
2020-08-06,0.005267398356911146
2020-08-07,-0.020142912502488564
2020-08-10,-0.022848750251120098
2020-08-11,-0.03553664732060369
2020-08-12,0.03095035736675955
2020-08-13,0.013367243363312742
2020-08-14,-0.009452321471063674
2020-08-17,0.00014253054620305683
2020-08-18,0.015165296817706286
2020-08-19,-0.005049662909105024
2020-08-20,0.011419764501443774
2020-08-21,-0.015820997216207444
2020-08-24,0.0079311886479414
2020-08-25,-0.0008428870620467155
2020-08-26,0.009985514561263509
2020-08-27,-0.012949873746336604
2020-08-28,-0.0063486087479295295
2020-08-31,-0.009938191762741022
2020-09-01,-0.008460446273886646
2020-09-02,0.00918326922889623
2020-09-03,-0.04829474391560318
2020-09-04,-0.020252878423535514
2020-09-08,-0.04480119699012153
2020-09-09,0.03539799091411311
2020-09-10,-0.011188697241775958
2020-09-11,-0.009743907227419357
2020-09-14,0.0012698200832408357
2020-09-15,0.017039189944484168
2020-09-16,-0.012390053273091839
2020-09-17,-0.011677269325366724
2020-09-18,0.005109221599217673
2020-09-21,0.018983164618349813
2020-09-22,0.021280177621396223
2020-09-23,-0.019844378255940986
2020-09-24,0.00700803661616356
2020-09-25,0.014460548658545846
2020-09-28,0.008308279681898956
2020-09-29,-0.017084594366311268
2020-09-30,0.002999342493534174
2020-10-01,0.0181736036622826
2020-10-02,-0.02794134403139592
2020-10-05,0.01278394371276459
2020-10-06,-0.044981601597074206
2020-10-07,0.001361673641679051
2020-10-08,0.007839522962312273
2020-10-09,0.011588163666822693
2020-10-12,0.026912505310914714
2020-10-13,0.015739770907971184
2020-10-14,-0.0014295034719710165
2020-10-15,-0.010621477165045135
2020-10-16,0.0044162369177849214
2020-10-19,-0.015539584197520773
2020-10-20,-0.019327221757396873
2020-10-21,0.0022769373643012347
2020-10-22,-0.005718673179484157
2020-10-23,-0.0011819643968162818
2020-10-26,-0.0007098819558718494
2020-10-27,-0.0004734465941547139
2020-10-28,-0.008055744114087715
2020-10-29,-0.013535089875747586
2020-10-30,-0.03284916477938116
2020-11-02,-0.0001667716177709
2020-11-03,0.007762186881773436
2020-11-04,0.03784993837302175
2020-11-05,0.02410042791712419
2020-11-06,-0.07122269992786723
2020-11-09,-0.018625631855905156
2020-11-10,0.016756215244359884
2020-11-11,0.007147158631273687
2020-11-12,-0.0038403551887257192
2020-11-13,0.012403756349821604
2020-11-16,-0.018212087742974004
2020-11-17,-0.0006745989876458802
2020-11-18,-0.014174688374561928
2020-11-19,0.02824374610520186
2020-11-20,0.014399991031129433
2020-11-23,-8.224699827374948e-05
2020-11-24,-0.013211753702929485
2020-11-25,0.010478052816091044
2020-11-27,0.02189122404129229
2020-11-30,0.028831488138021166
2020-12-01,-0.002665112804188019
2020-12-02,0.01807608941900063
2020-12-03,-0.008954696224386494
2020-12-04,0.002414709699993578
2020-12-07,0.016706620420460006
2020-12-08,0.010012365956031166
2020-12-09,0.0077186082904823206
2020-12-10,0.011338602208972093
2020-12-11,0.008316400174338767
2020-12-14,0.012812775412591959
2020-12-15,0.02268426143611868
2020-12-16,0.0066828626937474045
2020-12-17,-0.012358542543607576
2020-12-18,0.019735013672965263
2020-12-21,-0.011219342332190019
2020-12-22,-0.011204777889350703
2020-12-23,0.014918034772963384
2020-12-24,0.002119922864871171
2020-12-28,-0.007686386603077078
2020-12-29,-0.0001422698193807026
2020-12-30,0.009594796808122696
2020-12-31,0.01091188844421298
2021-01-04,-0.028481918824091568
2021-01-05,0.012974197239413732
2021-01-06,-0.03198436541265903
2021-01-07,0.028801117538926446
2021-01-08,0.007957865664577346
2021-01-11,-0.004511418791484867
2021-01-12,-0.015295566840728858
2021-01-13,-0.01955965305016294
2021-01-14,0.01907031483829602
2021-01-15,0.0004314893327685976
2021-01-19,0.01748224010773458
2021-01-20,0.0294843704934451
2021-01-21,0.0025411986022547683
2021-01-22,0.00020562221937203695
2021-01-25,0.002054942446184871
2021-01-26,0.0
2021-01-27,-0.00047863156488037184
2021-01-28,-0.02202000091344003
2021-01-29,0.0013283895862830075
2021-02-01,0.018645415872430515
2021-02-02,0.0212518269655233
2021-02-03,-0.0547090506051946
2021-02-04,-0.015551820909984637
2021-02-05,0.018682748446301023
2021-02-08,0.008780749402256482
2021-02-09,0.025620874819133554
2021-02-10,-0.010265802489038856
2021-02-11,0.018808853716739016
2021-02-12,0.0027831330417427136
2021-02-16,-0.013266508684903422
2021-02-17,0.0003428999486401185
2021-02-18,0.010834648351475185
2021-02-19,-0.009904487327896727
2021-02-22,-0.025282672824818553
2021-02-23,-0.007662073637046407
2021-02-24,-0.024721577431881303
2021-02-25,-0.01772266191414651
2021-02-26,-0.009390603636888484
2021-03-01,0.024632286197123987
2021-03-02,-0.0020421787448194895
2021-03-03,-0.027554641851424533
2021-03-04,-0.0132280148608378
2021-03-05,0.009977766635580032
2021-03-08,-0.04064850576272594
2021-03-09,0.029243223160422938
2021-03-10,-0.0061867039108545185
2021-03-11,0.009375673240040516
2021-03-12,-0.0064714611062928196
2021-03-15,0.0030653250450063396
2021-03-16,0.0064940067463674644
2021-03-17,-0.0086531451774704
2021-03-18,-0.019908215208333857
2021-03-19,0.003124832763873764
2021-03-22,0.02344222866572032
2021-03-23,0.01248013888456323
2021-03-24,-0.02442665393627519
2021-03-25,0.001771911549323768
2021-03-26,0.02168755639307074
2021-03-29,0.015957359243831792
2021-03-30,-0.004000551385123674
2021-03-31,0.006992161054321766
2021-04-01,0.01913309595974466
2021-04-05,0.025949372391854242
2021-04-06,-0.0018370673055326803
2021-04-07,0.005167187233248383
2021-04-08,-0.003239235950843966
2021-04-09,-0.007700349520271765
2021-04-12,0.007048210632661922
2021-04-13,0.004665883883997912
2021-04-14,-0.003518584168075045
2021-04-15,0.008191731909442668
2021-04-16,-0.012047541544142781
2021-04-19,-0.010067150515412737
2021-04-20,0.008808765894538384
2021-04-21,0.0012780155049763042
2021-04-22,0.0015597052442846149
2021-04-23,0.013309172437336647
2021-04-26,0.004540840168930416
2021-04-27,-0.0022950306746466476
2021-04-28,0.0036944339032476403
2021-04-29,0.01632063364872338
2021-04-30,-0.02911044813847441
2021-05-03,-0.006334437358414435
2021-05-04,-0.029182555395569465
2021-05-05,0.005836889639452503
2021-05-06,0.02524265265868353
2021-05-07,0.007641389411451316
2021-05-10,-0.0124282532933917
2021-05-11,0.005048168739360648
2021-05-12,-0.011955425907489547
2021-05-13,-0.0038658183877353647
2021-05-14,-0.0036659184001370804
2021-05-17,-0.007863112092987401
2021-05-18,0.0038535028302106866
2021-05-19,0.005939783640028784
2021-05-20,0.021097123299520293
2021-05-21,-0.011564763734423722
2021-05-24,0.01369752330786711
2021-05-25,0.008234530873059365
2021-05-26,0.005095552236062062
2021-05-27,-0.007361670601042203
2021-05-28,0.0
2021-06-01,0.0060241865861707655
2021-06-02,-0.015457694821448431
2021-06-03,0.004172601410743937
2021-06-04,0.022677798648962577
2021-06-07,0.003512116080561789
2021-06-08,-0.0015096378475277783
2021-06-09,0.002199410266366719
2021-06-10,-0.0010973987391256212
2021-06-11,0.005011632501849661
2021-06-14,0.014755069323863834
2021-06-15,-0.025243934192674677
2021-06-16,-0.015193263453164518
2021-06-17,-0.004698685816649784
2021-06-18,-0.005707079740482568
2021-06-21,-0.0011337268023563496
2021-06-22,-0.0007093004811797865
2021-06-23,-0.015902466203174703
2021-06-24,0.00021622461246151303
2021-06-25,-0.0004323557389710464
2021-06-28,0.031676157201031785
2021-06-29,0.007833065137971218
2021-06-30,-0.0018735318875062745
2021-07-01,-0.011749914164323916
2021-07-02,0.00893458334586561
2021-07-06,-0.002858689354850119
2021-07-07,-0.0003496999454446481
2021-07-08,-0.017488821786560416
2021-07-09,0.0038451087288589036
2021-07-12,0.002836818840886046
2021-07-13,0.01315498489706024
2021-07-14,-0.0009075244362827251
2021-07-15,-0.003213888884043614
2021-07-16,0.003084475383257068
2021-07-19,-0.012998110432310805
2021-07-20,-0.001203685424944867
2021-07-21,-0.0024810583164838196
2021-07-22,0.011156717952834683
2021-07-23,0.01897550872351217
2021-07-26,0.0017932666195965563
2021-07-27,-0.022857166182754796
2021-07-28,0.011484516822605206
2021-07-29,-0.0012536832038729795
2021-07-30,0.004045115684954581
2021-08-02,0.0010417788883920753
2021-08-03,-0.029907413683078365
2021-08-04,0.000786726740193533
2021-08-05,-0.021728215968001674
2021-08-06,-0.0038723811638734507
2021-08-09,-0.0013201874583793627
2021-08-10,0.006389532163494804
2021-08-11,0.009268106945090837
2021-08-12,0.004989298009921761
2021-08-13,-0.0022302434801273474
2021-08-16,0.009517863658369485
2021-08-17,0.00742862396874977
2021-08-18,-0.007444647752390066
2021-08-19,0.004357627017577359
2021-08-20,-0.003058644248889908
2021-08-23,0.018905741783379115
2021-08-24,-0.0017502667296810381
2021-08-25,-0.004980278395231186
2021-08-26,-0.002748920086749429
2021-08-27,0.01039082530701374
2021-08-30,0.002448490659582747
2021-08-31,0.014603120676729198
2021-09-01,0.008401649592699734
2021-09-02,-0.007034073515284955
2021-09-03,0.008253155504793996
2021-09-07,-0.009413422314948572
2021-09-08,-0.007712428485085798
2021-09-09,-0.012421931009556242
2021-09-10,0.01981589226872371
2021-09-13,-0.0031007582124831234
2021-09-14,0.00476911915904088
2021-09-15,-0.057301810899703653
2021-09-16,-0.00788097869653226
2021-09-17,-0.01529868239312715
2021-09-20,-0.028308928208493844
2021-09-21,-0.025597637804614104
2021-09-22,-0.002840057916256522
2021-09-23,0.01178811355969045
2021-09-24,0.015716418651594566
2021-09-27,0.016012327815813077
2021-09-28,0.013562663925928309
2021-09-29,0.031173083906411048
2021-09-30,0.03124536432965419
2021-10-01,0.009420054865596716
2021-10-04,-0.0029947652116230072
2021-10-05,0.006496083071136027
2021-10-06,-0.069539819323857
2021-10-07,0.02625472051659017
2021-10-08,0.01744371619137408
2021-10-11,-0.0037146778311838435
2021-10-12,-0.020076260065506224
2021-10-13,-0.0016824965397927993
2021-10-14,-0.005350344051040401
2021-10-15,-0.007074096109729422
2021-10-18,-0.00029676723791471904
2021-10-19,0.015143555468506875
2021-10-20,0.017916108109537365
2021-10-21,0.010272891380390448
2021-10-22,0.0031287227900409498
2021-10-25,0.007939312705430135
2021-10-26,0.0014768887461624747
2021-10-27,-0.014255391449523036
2021-10-28,-0.0009976543022370832
2021-10-29,0.0001426961254891168
2021-11-01,0.010837913440257196
2021-11-02,-0.011285966819028936
2021-11-03,-0.004780031070813484
2021-11-04,0.021362036799124073
2021-11-05,-0.02042391384955433
2021-11-08,-0.010102289110778817
2021-11-09,0.011797771946815638
2021-11-10,-0.003648309029667951
2021-11-11,0.037119298427782166
2021-11-12,0.006853760619083493
2021-11-15,-0.028602983588559172
2021-11-16,-0.012174264302852178
2021-11-17,-0.010174814472698412
2021-11-18,-0.0058636959199389604
2021-11-19,-0.035971733277288864
2021-11-22,-0.04615157515420998
2021-11-23,0.016867308107158197
2021-11-24,-0.013706101493163314
2021-11-26,-0.005369117854434835
2021-11-29,-0.008652784527955482
2021-11-30,-0.005285168345796398
2021-12-01,-0.03212031422582451
2021-12-02,0.019628953560379525
2021-12-03,0.021861599372304585
2021-12-06,0.008301916180410762
2021-12-07,7.939605206064293e-05
2021-12-08,0.0017439219806649753
2021-12-09,-0.010841142719769992
2021-12-10,0.005119969162152627
2021-12-13,0.008993831268934604
2021-12-14,0.0006311525015325614
2021-12-15,0.016160796362702845
2021-12-16,0.0038013700821646346
2021-12-17,-0.014452424119480889
2021-12-20,0.018820343714312848
2021-12-21,0.017318726634225845
2021-12-22,-0.005296155250579138
2021-12-23,0.00813858922438948
2021-12-27,0.003772474918273039
2021-12-28,0.003231875579282617
2021-12-29,-0.002472389531891328
2021-12-30,0.009914420253355205
2021-12-31,-0.019039123211157638
2022-01-03,0.023123674858292587
2022-01-04,0.006002183597737298
2022-01-05,-0.01443725685126862
2022-01-06,-0.03071744150569511
2022-01-07,0.016115552102099695
2022-01-10,-0.021854825766189023
2022-01-11,0.014740270097220787
2022-01-12,0.01299682545726255
2022-01-13,-0.012528439823858095
2022-01-14,-0.003056883560796475
2022-01-18,0.026602303791007254
2022-01-19,0.022402808678424035
2022-01-20,0.014389196615598676
2022-01-21,0.0009361768125790704
2022-01-24,-0.027408109511522838
2022-01-25,-0.03099155573175605
2022-01-26,-0.007861805567930036
2022-01-27,0.00830917599059977
2022-01-28,0.006561639583397172
2022-01-31,0.005609744415089546
2022-02-01,-0.02050371005101903
2022-02-02,0.055640960625581215
2022-02-03,0.0008747791636454227
2022-02-04,0.003059391162113956
2022-02-07,-0.009512845952878712
2022-02-08,-0.014882627897333855
2022-02-09,0.010567837082035236
2022-02-10,-0.005965168532114262
2022-02-11,-0.006519474715488527
2022-02-14,-0.005220164581591247
2022-02-15,0.008246128760988958
2022-02-16,-0.00899619617784897
2022-02-17,-0.021682203356681695
2022-02-18,-0.008205730345567264
2022-02-22,-0.017319935344620063
2022-02-23,-0.0029111029825334978
2022-02-24,0.006155212255156917
2022-02-25,0.009490288589730778
2022-02-28,0.010721675313611234
2022-03-01,-0.014912716793329506
2022-03-02,0.008661737482249077
2022-03-03,-0.010985672769737942
2022-03-04,-0.010560107852676026
2022-03-07,-0.0018182264482153876
2022-03-08,-0.027123511336865636
2022-03-09,0.023233015159951353
2022-03-10,-0.014659161523994602
2022-03-11,-0.010915055714443067
2022-03-14,-0.02615882213706
2022-03-15,0.014018426999128586
2022-03-16,0.02483438276677563
2022-03-17,0.011146899636913066
2022-03-18,0.008787390517683624
2022-03-21,-0.005701505205251256
2022-03-22,0.01887535977999999
2022-03-23,-0.025717122886208643
2022-03-24,0.007461447959343337
2022-03-25,0.013936420119291748
2022-03-28,0.0056549939170773555
2022-03-29,0.006170164869723438
2022-03-30,-0.008926773637307872
2022-03-31,-0.009163357404292638
2022-04-01,-0.010117853657721554
2022-04-04,0.02227913392985137
2022-04-05,-0.016872459958782615
2022-04-06,-0.0080249083414059
2022-04-07,-0.011613789102642658
2022-04-08,0.000648208663110772
2022-04-11,-0.007288551848809721
2022-04-12,0.008076265016520034
2022-04-13,0.00040475390886873797
2022-04-14,-0.008251162222293718
2022-04-18,-0.003588886830232396
2022-04-19,0.015389594965056874
2022-04-20,-0.0058850985183096505
2022-04-21,0.0034869874489249497
2022-04-22,0.03515453691053039
2022-04-25,0.00046837108847186393
2022-04-26,-0.02746777711631454
2022-04-27,-0.027361129029271125
2022-04-28,0.018066468824391668
2022-04-29,-0.04343244293149939
2022-05-02,0.01651832268241371
2022-05-03,0.020916765792631242
2022-05-04,0.009876799448587992
2022-05-05,-0.033220301721227474
2022-05-06,-0.03611726694702588
2022-05-09,-0.02818992218016858
2022-05-10,-0.003927146878789034
2022-05-11,0.0796595964073663
2022-05-12,0.003817748787834363
2022-05-13,0.03298881769841455
2022-05-16,0.019609245673748665
2022-05-17,0.008477983145787071
2022-05-18,0.0038921930751336653
2022-05-19,0.008141469657140687
2022-05-20,0.0056909285767694495
2022-05-23,0.02301941944445307
2022-05-24,0.021753782686879664
2022-05-25,0.004902087318764403
2022-05-26,0.00968324741165616
2022-05-27,-0.0010816244876825643
2022-05-31,0.0008661467766493125
2022-06-01,0.006347105666681507
2022-06-02,0.014118595848677362
2022-06-03,-0.003533452078002375
2022-06-06,-0.004609809193361625
2022-06-07,0.005778980810815959
2022-06-08,-0.012414003288145237
2022-06-09,-0.024493465465926123
2022-06-10,-0.01745098218489849
2022-06-13,-0.03507205729874874
2022-06-14,-0.010795156265350658
2022-06-15,0.014838756770563233
2022-06-16,-0.009902579653970789
2022-06-17,0.0043755843400445915
2022-06-21,0.014392395379503764
2022-06-22,-0.010430046036738472
2022-06-23,-0.0005425196791194464
2022-06-24,0.009615453473995617
2022-06-27,-0.03533045405446522
2022-06-28,-0.021656001603049813
2022-06-29,-0.00040704405366109864
2022-06-30,-0.00960661321361389
2022-07-01,0.008877922646610248
2022-07-05,0.016458860531572084
2022-07-06,-0.003206482266304822
2022-07-07,0.010052310785153562
2022-07-08,0.00023875209765411576
2022-07-11,-0.014248071798796835
2022-07-12,-0.015019332450021405
2022-07-13,-0.0024594568492154467
2022-07-14,0.005013253042708499
2022-07-15,0.00711400765241299
2022-07-18,0.003735031894654295
2022-07-19,0.025319577139030214
2022-07-20,0.0066272218043055275
2022-07-21,0.020534808642910907
2022-07-22,-0.00038424915795376435
2022-07-25,-0.0018439959291018937
2022-07-26,0.00638870228558952
2022-07-27,0.010936769375906152
2022-07-28,0.007565400075410844
2022-07-29,-0.014641800170014707
2022-08-01,-0.002743056873840133
2022-08-02,-0.015129496635814088
2022-08-03,0.03405991515217344
2022-08-04,-0.00030010907340249915
2022-08-05,-0.00510361880367427
2022-08-08,-0.011391149688132596
2022-08-09,-0.013506128716065602
2022-08-10,0.014542267061696146
2022-08-11,-0.01128434111286547
2022-08-12,0.013032292998463868
2022-08-15,0.0017507457033003604
2022-08-16,0.026671494484964642
2022-08-17,-0.014358436251906692
2022-08-18,-0.005256538300291935
2022-08-19,-0.015022336485292831
2022-08-22,-0.01808699955272597
2022-08-23,-0.010849201980221101
2022-08-24,-0.008837670324039149
2022-08-25,0.01592239790344885
2022-08-26,0.035733907432578205
2022-08-29,-0.019444735421762394
2022-08-30,-0.022718489158702893
2022-08-31,0.0031627712952448928
2022-09-01,0.006384515616427722
2022-09-02,-0.01840544043683534
2022-09-06,-0.004787340931560968
2022-09-07,0.006574201069556418
2022-09-08,0.012664352471937645
2022-09-09,0.014078933036933083
2022-09-12,0.014891965676118835
2022-09-13,-0.024914132899222508
2022-09-14,-0.0052512309508500055
2022-09-15,-0.01977616535489657
2022-09-16,-0.021461470385101822
2022-09-19,0.009775043631994773
2022-09-20,-0.01944190154851122
2022-09-21,-0.02530287460867764
2022-09-22,-0.0005957246467287458
2022-09-23,-0.015159313729534052
2022-09-26,-0.007090972399246387
2022-09-27,0.0027869002930454023
2022-09-28,0.027879179543189636
2022-09-29,-0.007435596825503876
2022-09-30,-0.014982598210701026
2022-10-03,0.035865584474554346
2022-10-04,0.027865869202837734
2022-10-05,-0.004301994287658095
2022-10-06,0.00807059388063558
2022-10-07,-0.010917138386358327
2022-10-10,-0.013326947704857983
2022-10-11,-0.011849535879853712
2022-10-12,-0.003102645212178845
2022-10-13,0.01968366969592128
2022-10-14,-0.007011961299006053
2022-10-17,0.005483160285773225
2022-10-18,0.01933406722151987
2022-10-19,0.003809638429195239
2022-10-20,-0.0023416856081511783
2022-10-21,0.011655061218535101
2022-10-24,0.005440569104657733
2022-10-25,0.016471657704745457
2022-10-26,-0.0038360072183643013
2022-10-27,0.0035364220842863947
2022-10-28,0.004228800396628207
2022-10-31,-0.017779338434311454
2022-11-01,0.0024610615435800565
2022-11-02,0.01892788620070074
2022-11-03,-0.01585583000542856
2022-11-04,0.02479855917590812
2022-11-07,0.020499398766238963
2022-11-08,-0.025071582430516104
2022-11-09,-0.021766349417562947
2022-11-10,0.03175250388861084
2022-11-11,0.007137207230460518
2022-11-14,-0.012725496249415658
2022-11-15,-0.006020600960743305
2022-11-16,0.004348526991767132
2022-11-17,-0.005334699856253899
2022-11-18,0.01111532291334938
2022-11-21,-0.017066276786861123
2022-11-22,0.012982836565329947
2022-11-23,0.011118022248010728
2022-11-25,-0.011148319118785666
2022-11-28,-0.00888045887347555
2022-11-29,-0.004447561741284689
2022-11-30,0.025001760251715188
2022-12-01,0.006423145665773067
2022-12-02,0.005014363369738817
2022-12-05,-0.014060881310166584
2022-12-06,-0.02307928350144317
2022-12-07,-0.010988191444381457
2022-12-08,0.0007935558572933488
2022-12-09,-0.0111014636224126
2022-12-12,0.007136598857809151
2022-12-13,0.0006369540155426456
2022-12-14,-0.008115855655733029
2022-12-15,-0.02350379815349779
2022-12-16,8.199950126508426e-05
2022-12-19,-0.007803551405944131
2022-12-20,-0.0030631020416687083
2022-12-21,0.017272864140170707
2022-12-22,-0.008816451851874296
2022-12-23,0.0007414730913137824
2022-12-27,-0.005678653328638816
2022-12-28,-0.010594204748409441
2022-12-29,0.022168227297215903
2022-12-30,-8.181746738333828e-05
2023-01-03,0.005074491336486853
2023-01-04,0.017996755278469667
2023-01-05,-0.0026397505820393574
2023-01-06,-0.006336356266841148
2023-01-09,0.0022600785412580926
2023-01-10,-0.0012079415551711215
2023-01-11,0.016852084665657907
2023-01-12,0.002458176847978333
2023-01-13,-0.0075936866848485
2023-01-17,-0.014028439514886304
2023-01-18,8.088127941796586e-05
2023-01-19,8.08747381657593e-05
2023-01-20,0.018347824564168613
2023-01-23,0.01127079806634712
2023-01-24,0.0006277838664707769
2023-01-25,0.0005490952249593839
2023-01-26,0.012386351380222482
2023-01-27,-0.002090723987404286
2023-01-30,0.000931037366926013
2023-01-31,-0.0024032925642021308
2023-02-01,-0.09263280108988681
2023-02-02,-0.006594651036197163
2023-02-03,-0.017846373767244184
2023-02-06,-0.015186237368377209
2023-02-07,0.01773797122208487
2023-02-08,-0.012962117234817883
2023-02-09,-0.008074600645240237
2023-02-10,8.95675162568832e-05
2023-02-13,0.012522341425709627
2023-02-14,-0.008392264220910883
2023-02-15,0.009710442472214975
2023-02-16,-0.014293139239913488
2023-02-17,0.00250606760225236
2023-02-21,0.00017879915914642552
2023-02-22,-0.00249970142148237
2023-02-23,-0.009128340436269866
2023-02-24,-0.008580101881895952
2023-02-27,0.012025039353527056
2023-02-28,0.0003606668868652019
2023-03-01,-0.004777287375862693
2023-03-02,0.017027412484376336
2023-03-03,0.007658693527264893
2023-03-06,0.00035356326437407937
2023-03-07,-0.009276339342808138
2023-03-08,0.0012483755550114495
2023-03-09,-0.016209610902054306
2023-03-10,-0.0114971731025717
2023-03-13,0.008059216565198923
2023-03-14,0.012810042662479537
2023-03-15,-0.0008971839524362091
2023-03-16,0.019303378384236014
2023-03-17,-0.0015854711996999837
2023-03-20,0.0014997370161700108
2023-03-21,0.01250891999700876
2023-03-22,-0.015486356182361494
2023-03-23,0.025450686755895013
2023-03-24,0.02576702594735969
2023-03-27,-0.0032765446092311024
2023-03-28,-0.0052258871370370885
2023-03-29,0.009913624198864435
2023-03-30,-0.0007551555308014102
2023-03-31,0.011335050169662297
2023-04-03,0.0074720473205720506
2023-04-04,0.032055956242189154
2023-04-05,0.0072660790200742564
2023-04-06,-0.007847736004612638
2023-04-10,0.003675169296450287
2023-04-11,0.0004776680648459486
2023-04-12,0.003580492740459462
2023-04-13,0.017045922916211653
2023-04-14,-0.003196120793217516
2023-04-17,0.0016422392761654692
2023-04-18,0.007495355170395346
2023-04-19,-0.006664618986283233
2023-04-20,0.004837002466230089
2023-04-21,0.0024066793282864207
2023-04-24,0.002865956437725359
2023-04-25,0.0001543964539405529
2023-04-26,-0.03382239668740694
2023-04-27,0.01110935433626592
2023-04-28,0.0060864392709143456
2023-05-01,0.0010999416953219043
2023-05-02,-0.00988841650691974
2023-05-03,-0.008639961871752089
2023-05-04,-0.008475253561547103
2023-05-05,0.011370124444418872
2023-05-08,0.0027108760049687763
2023-05-09,-0.00278309021167944
2023-05-10,-0.005342480890541568
2023-05-11,0.0046496814734422465
2023-05-12,0.0011968438628822131
2023-05-15,-0.005021018388319365
2023-05-16,0.002242818118569634
2023-05-17,-0.00159838386043476
2023-05-18,0.010326482877116128
2023-05-19,-0.004357685835571723
2023-05-22,-0.004297397777743517
2023-05-23,0.0013585954126198452
2023-05-24,0.0008781341754247052
2023-05-25,0.0
2023-05-26,0.011164257915246223
2023-05-30,-0.001026798559058295
2023-05-31,0.012017689211113014
2023-06-01,-0.0024218886380751314
2023-06-02,-0.0001566886765732578
2023-06-05,-0.0050912467927102245
2023-06-06,0.0009448481909497541
2023-06-07,-0.007078944229775952
2023-06-08,0.006891741408968199
2023-06-09,-0.009204654099132958
2023-06-12,-0.00142924230865904
2023-06-13,0.012404618367674258
2023-06-14,0.0045554196481270015
2023-06-15,0.00852207419600659
2023-06-16,-0.002558051871886402
2023-06-20,-0.017488042000651793
2023-06-21,-0.014555894478597065
2023-06-22,0.007064315655217701
2023-06-23,-0.0015941884456290856
2023-06-26,0.011337309783196137
2023-06-27,0.03718343625176024
2023-06-28,-0.005480482737113435
2023-06-29,-0.0016071844319990314
2023-06-30,-0.005749437797929802
2023-07-03,0.009020845853861204
2023-07-05,-0.007488237745183257
2023-07-06,0.0062358546619625255
2023-07-07,-0.011476587584288489
2023-07-10,0.010371566459173254
2023-07-11,0.05201473875995832
2023-07-12,-0.013543981799224891
2023-07-13,0.009153255279635841
2023-07-14,0.0046081789732355105
2023-07-17,0.006626100386100342
2023-07-18,0.004484431024005753
2023-07-19,-0.01461802906543519
2023-07-20,0.002119559286785533
2023-07-21,-0.0005107140840320268
2023-07-24,0.005107386920884638
2023-07-25,0.013138898316785497
2023-07-26,-0.005302238538729465
2023-07-27,-0.009508078866941938
2023-07-28,0.0024728114698604475
2023-07-31,-0.010881373578980225
2023-08-01,-0.0016868519450840003
2023-08-02,-0.07206885961532361
2023-08-03,-0.01963428274551804
2023-08-04,-0.01001372311155857
2023-08-07,0.011909599789252434
2023-08-08,-0.011608082003129905
2023-08-09,-0.005627718209094579
2023-08-10,0.0028707471072215718
2023-08-11,-0.0005725311345344819
2023-08-14,0.004664484508535072
2023-08-15,-0.010996191675967881
2023-08-16,-0.006094506812862166
2023-08-17,-0.01590986425644758
2023-08-18,-0.003368114670211142
2023-08-21,0.002027633156816533
2023-08-22,0.00784159403841933
2023-08-23,0.014975250319897215
2023-08-24,-0.011622046170814082
2023-08-25,-0.0018346324733679031
2023-08-28,0.006934436299307123
2023-08-29,0.005235536421050568
2023-08-30,-0.0033894362199767825
2023-08-31,-0.0047282841618482285
2023-09-01,0.004667307142789401
2023-09-05,0.007964201660368264
2023-09-06,-0.004938185531189965
2023-09-07,0.00033077395947134214
2023-09-08,0.0066975337885335495
2023-09-11,0.00640648443549896
2023-09-12,-0.009058961907661978
2023-09-13,0.002141298831374261
2023-09-14,0.011177009204833999
2023-09-15,-0.020968949081560884
2023-09-18,0.001162225448211096
2023-09-19,0.003316798402920318
2023-09-20,-0.00454548144929201
2023-09-21,-0.013698519784981933
2023-09-22,0.0016834938262817456
2023-09-25,0.0059662908063946585
2023-09-26,-0.0112772501380346
2023-09-27,-0.0032950528403011825
2023-09-28,0.010256827701744742
2023-09-29,0.010236757899506177
2023-10-02,-0.002076482215903619
2023-10-03,-0.004993734837826835
2023-10-04,0.009786761178665282
2023-10-05,0.0005797334795254461
2023-10-06,0.017965086577797162
2023-10-09,0.013256429931551406
2023-10-10,0.02801181305555267
2023-10-11,0.012570357995671522
2023-10-12,0.014495954925172416
2023-10-13,-0.002128170159963916
2023-10-16,-0.0011423718116412296
2023-10-17,-0.0008389088336406836
2023-10-18,-0.005876587086977136
2023-10-19,-0.015584048892024027
2023-10-20,-0.0061608692706864865
2023-10-23,-0.008631503546753239
2023-10-24,0.010448034847832188
2023-10-25,-0.015196624119899416
2023-10-26,-0.01654472410738428
2023-10-27,-0.008168992434046563
2023-10-30,-0.01076393838556311
2023-10-31,0.020443498777327207
2023-11-01,-8.087179798221822e-05
2023-11-02,0.03635481327213541
2023-11-03,0.010212046854715773
2023-11-06,-0.0024693388739448485
2023-11-07,0.0035584691255414747
2023-11-08,0.007785510364791692
2023-11-09,0.004283243258271341
2023-11-10,0.011271997015842805
2023-11-13,-0.0007533829154793281
2023-11-14,0.013265125248139276
2023-11-15,-7.457990377468526e-05
2023-11-16,-0.007661794895237772
2023-11-17,0.002248951897667828
2023-11-20,0.013089045343156025
2023-11-21,0.004503511353894929
2023-11-22,0.00044079307889210995
2023-11-24,0.0035263750016831796
2023-11-27,0.0038066837844539236
2023-11-28,-0.004016556854121389
2023-11-29,0.006819222432486782
2023-11-30,0.0050978946541888615
2023-12-01,-0.0018115217239401682
2023-12-04,0.0004356435466699171
2023-12-05,-0.002902318841938256
2023-12-06,-0.0020376598853981687
2023-12-07,-0.011593942188197648
2023-12-08,0.011729938416064511
2023-12-11,0.010354449752051131
2023-12-12,0.012774175344124394
2023-12-13,0.014394736495995097
2023-12-14,-0.010537425217148622
2023-12-15,-0.014341482697206809
2023-12-18,-0.005330344186862734
2023-12-19,0.003331246825686751
2023-12-20,-0.014146620828577983
2023-12-21,0.00944453946849122
2023-12-22,-0.0015233135237132656
2023-12-26,-0.0027600231124703667
2023-12-27,-0.004224703452390788
2023-12-28,0.00036563704774073
2023-12-29,0.00036572833132741955
2024-01-02,-0.007528753477477168
2024-01-03,-0.0005155112708480347
2024-01-04,0.0019157761171262333
2024-01-05,-0.002647480080837261
2024-01-08,0.006268063667811852
2024-01-09,0.009233412188865975
2024-01-10,-0.0006536549901080546
2024-01-11,0.0007992479559502108
2024-01-12,0.001306785368291763
2024-01-16,-0.005582971935596426
2024-01-17,-0.003864328310121512
2024-01-18,0.010320572111500725
2024-01-19,-0.002245716407936804
2024-01-22,-0.0010892016262641357
2024-01-23,0.01163037178551507
2024-01-24,-0.009413120790757401
2024-01-25,0.00783422297318026
2024-01-26,0.003454663519005585
2024-01-29,-0.006024957654856777
2024-01-30,-0.007432482750897584
2024-01-31,0.00021804249055512592
2024-02-01,0.0024712802821547086
2024-02-02,-0.009280642585974053
2024-02-05,-0.012441517349360609
2024-02-06,0.0023714557245819723
2024-02-07,0.011015746527303971
2024-02-08,0.015356651681056155
2024-02-09,0.012675383138738505
2024-02-12,-0.0217622412196673
2024-02-13,0.010541515793376588
2024-02-14,0.02935252126531651
2024-02-15,0.006779601621411446
2024-02-16,-0.012287434704117972
2024-02-20,-0.008715297123064403
2024-02-21,0.0009216888366709863
2024-02-22,0.016646701693890487
2024-02-23,-0.006480185970588637
2024-02-26,-7.00039985335188e-05
2024-02-27,-0.02029643213505572
2024-02-28,0.004157850329059576
2024-02-29,-0.0042833995569449
2024-03-01,0.009392129213356304
2024-03-04,-0.014063477278135061
2024-03-05,-0.018226379568130557
2024-03-06,-0.005576693997302429
2024-03-07,-0.0008855282715073409
2024-03-08,-0.001846476227511884
2024-03-11,0.011690676507905673
2024-03-12,-0.005192570410538
2024-03-13,0.006910932756850174
2024-03-14,-0.014091930969343691
2024-03-15,-0.0056283187048690175
2024-03-18,-0.013331425216044468
2024-03-19,0.003623277882144116
2024-03-20,-0.004813365134397896
2024-03-21,0.0012089872969853754
2024-03-22,-0.005887725109949948
2024-03-25,-0.008959585066083076
2024-03-26,0.002911223225672499
2024-03-27,0.007410295725386318
2024-03-28,0.006066730659405994
2024-04-01,0.005049995172177191
2024-04-02,-0.008924493376552323
2024-04-03,0.002799881305210361
2024-04-04,-0.022336163143968912
2024-04-05,0.005634289390143987
2024-04-08,-0.002225763113729462
2024-04-09,0.005307786139332693
2024-04-10,-0.010636036061235976
2024-04-11,-0.0009282456821845253
2024-04-12,-0.009985772065782883
2024-04-15,-0.006568095886333225
2024-04-16,-0.003935539982489411
2024-04-17,-0.0018965910032937572
2024-04-18,-0.005383500456686452
2024-04-19,0.01305413134568112
2024-04-22,-0.001178512690433453
2024-04-23,0.0001573808444252922
2024-04-24,0.007865206547221115
2024-04-25,-0.006477188485933261
2024-04-26,0.004634388302549031
2024-04-29,0.0
2024-04-30,-0.008444154593473696
2024-05-01,0.010723882832231357
2024-05-02,0.0024966107411241723
2024-05-03,0.00824903525577736
2024-05-06,0.007718235500611126
2024-05-07,-0.002450923299147645
2024-05-08,-0.03839063669585996
2024-05-09,0.015011149531268364
2024-05-10,0.0001573808444252922
2024-05-13,-0.004404641309685875
2024-05-14,7.899578519254824e-05
2024-05-15,0.008136529849736673
2024-05-16,0.012067055377795732
2024-05-17,-0.010916745987235466
2024-05-20,0.004305397614895012
2024-05-21,0.004286701193886966
2024-05-22,0.048816549531377484
2024-05-23,-0.00547575299701919
2024-05-24,0.004910706377609708
2024-05-28,-0.022286505431458603
2024-05-29,0.0008343542240214497
2024-05-30,-0.005607467294326152
2024-05-31,0.012573409071279018
2024-06-03,0.0008278341575316261
2024-06-04,0.026393009226544972
2024-06-05,0.010695998354980363
2024-06-06,-0.004059354425566819
2024-06-07,-0.004221128930405826
2024-06-10,-0.004458405867953097
2024-06-11,0.0035239410666882964
2024-06-12,-0.00775473276019456
2024-06-13,0.0017694487545725224
2024-06-14,0.0008097294873610217
2024-06-17,0.011398665439012134
2024-06-18,0.004362676128592424
2024-06-20,-0.0020270128470752935
2024-06-21,0.008777641392459401
2024-06-24,0.015604702058060305
2024-06-25,-0.004248272530625097
2024-06-26,-0.0004266615478915048
2024-06-27,-0.0074695459265017305
2024-06-28,-0.0013618439639905278
2024-07-01,-0.0144261920440788
2024-07-02,0.011360258897160636
2024-07-03,-0.0015120220719219146
2024-07-05,-0.0029568399584518623
2024-07-08,0.010053539150628676
2024-07-09,0.00665955406303631
2024-07-10,0.024967926264284568
2024-07-11,0.008397622211849587
2024-07-12,0.002615129453869214
2024-07-15,-0.004667665461865589
2024-07-16,0.011517302715867261
2024-07-17,0.002249897465746553
2024-07-18,-0.0032653834608369348
2024-07-19,-0.043134021300598735
2024-07-22,0.021754715084188803
2024-07-23,-0.008795805508947319
2024-07-24,-0.005704762037472388
2024-07-25,0.004391770002271755
2024-07-26,0.023836194187174087
2024-07-29,0.018391083164976507
2024-07-30,0.008589782638103394
2024-07-31,0.012205018640470744
2024-08-01,-0.016827970494223354
2024-08-02,0.0028976427042004538
2024-08-05,-0.022374637076341686
2024-08-06,0.0015807935064764411
2024-08-07,-0.009057850703861559
2024-08-08,0.01807365005227135
2024-08-09,-0.0028567172132678564
2024-08-12,-0.004706795653317997
2024-08-13,0.006784954694612377
2024-08-14,-0.0029952014340047795
2024-08-15,0.003960009911020634
2024-08-16,0.008977258266070542
2024-08-19,0.008829875559853484
2024-08-20,-0.0041424422998666
2024-08-21,0.004696418850710593
2024-08-22,-0.017495830631510167
2024-08-23,0.0033304669023124234
2024-08-26,0.0063675393369717614
2024-08-27,0.004375440460662183
2024-08-28,0.0020132064699738272
2024-08-29,0.006228144532838931
2024-08-30,0.010449344337873034
2024-09-03,-0.03682001030970383
2024-09-04,0.005812829204223879
2024-09-05,-0.007954910923327896
2024-09-06,-0.01302182959036391
2024-09-09,0.002013891843594351
2024-09-10,-0.003465025387645815
2024-09-11,-0.0006953934021994845
2024-09-12,0.007306924959950889
2024-09-13,0.007461127614024399
2024-09-16,0.004731505646945466
2024-09-17,-0.02682241968632082
2024-09-18,-0.015007896009023969
2024-09-19,0.002064828774193783
2024-09-20,-0.008455297613741641
2024-09-23,0.010892151367841718
2024-09-24,0.00404049222555436
2024-09-25,-0.001129726715581869
2024-09-26,0.015055265038970145
2024-09-27,0.0072417445850381235
2024-09-30,-0.008365049130142244
2024-10-01,-0.008296142990327882
2024-10-02,0.006678544372600292
2024-10-03,-0.01752806171459187
2024-10-04,0.014286731531261587
2024-10-07,0.0014015076942299753
2024-10-08,0.003009195884802418
2024-10-09,0.00286059030802166
2024-10-10,-0.012313962182434524
2024-10-11,0.008945593274598762
2024-10-14,0.006492398888453321
2024-10-15,0.015606729748093962
2024-10-16,-0.009424984804148773
2024-10-17,-0.005791555336300824
2024-10-18,0.0010403029487962012
2024-10-21,0.009421549362719217
2024-10-22,6.86488270826846e-05
2024-10-23,-0.005901817050714575
2024-10-24,0.001173666473152979
2024-10-25,0.0011720793524232498
2024-10-28,-0.007024770632329536
2024-10-29,0.00998757051810606
2024-10-30,0.024172483420214164
2024-10-31,0.01146568398668224
2024-11-01,0.002717987612776085
2024-11-04,0.010776046932232441
2024-11-05,0.0170712042930794
2024-11-06,0.015819964503023032
2024-11-07,0.012914618866782801
2024-11-08,-0.013062450419117022
2024-11-11,0.009372257148777319
2024-11-12,0.021833249064821425
2024-11-13,-0.0009208635745928673
2024-11-14,0.008603715467558892
2024-11-15,-0.016817039813463053
2024-11-18,0.016422887160954414
2024-11-19,0.01292623252144054
2024-11-20,0.003491211943756678
2024-11-21,0.007557960998958668
2024-11-22,-0.007739471651971308
2024-11-25,-0.015179658401162754
2024-11-26,0.005361202465255399
2024-11-27,-0.010495539354002603
2024-11-29,0.003494750931569257
2024-12-02,0.013991646593974227
2024-12-03,0.010484277962300226
2024-12-04,-0.0016695648429186916
2024-12-05,-0.010751466682361488
2024-12-06,0.008392706144701334
2024-12-09,-0.008382679454286168
2024-12-10,-0.0018718103695337662
2024-12-11,-0.008348601553239354
2024-12-12,-0.008113659181510191
2024-12-13,-0.030567734902461452
2024-12-16,-0.007740101872107719
2024-12-17,-0.010294166130476512
2024-12-18,-0.03146190453220177
2024-12-19,-0.013540618333981902
2024-12-20,-0.0006084450643735195
2024-12-23,-0.0033830099585485662
2024-12-24,0.012763083898285954
2024-12-26,-0.0007373384001715388
2024-12-27,-0.006372845268232452
2024-12-30,-0.010667046806233649
2024-12-31,-0.0016377111470128325
