Date,EBAY
2015-01-05,-0.008361663452315149
2015-01-06,-0.012916967769154741
2015-01-07,-0.001636037206216634
2015-01-08,0.026943400542420726
2015-01-09,-0.01382742579188534
2015-01-12,-0.00772940780337017
2015-01-13,-0.0012683648759791444
2015-01-14,-0.01995268397856098
2015-01-15,-0.018693351865623042
2015-01-16,0.012071161502493544
2015-01-20,0.00037254782554430044
2015-01-21,-0.005588397873875772
2015-01-22,0.0706251737709902
2015-01-23,-0.006824059585233355
2015-01-26,-0.012332378178552816
2015-01-27,-0.024438282772037967
2015-01-28,-0.015541843189181503
2015-01-29,0.00222865925584137
2015-01-30,-0.017791408167359468
2015-02-02,0.013396257694902713
2015-02-03,0.010054235705265313
2015-02-04,-0.009954154291769268
2015-02-05,0.010799014834647735
2015-02-06,0.003868223248547187
2015-02-09,-0.003119241974172904
2015-02-10,0.01730163954421049
2015-02-11,-0.0023523946275381125
2015-02-12,-0.007253997712054594
2015-02-13,0.031603736142102656
2015-02-17,-0.0008852928166679375
2015-02-18,0.008507614768432425
2015-02-19,0.013180814658178885
2015-02-20,0.006418286659311878
2015-02-23,0.000861729322659377
2015-02-24,0.005682569003774729
2015-02-25,-0.0008558625589190072
2015-02-26,0.0032562946259175884
2015-02-27,-0.010762170023587259
2015-03-02,0.008116377309957068
2015-03-03,-0.0020556914319214137
2015-03-04,0.0008583531497201591
2015-03-05,0.013205272011027835
2015-03-06,0.013371878326070341
2015-03-09,0.01570056594935587
2015-03-10,-0.026311492353501165
2015-03-11,0.007937746701020654
2015-03-12,-0.0045240243279355274
2015-03-13,-0.005722983096531076
2015-03-16,0.008464372700606182
2015-03-17,-0.00134260307733014
2015-03-18,-0.0178181900428942
2015-03-19,-0.009413026423481075
2015-03-20,0.0008638135533081126
2015-03-23,0.01191110713709409
2015-03-24,0.015182365805772813
2015-03-25,-0.02436563911925671
2015-03-26,-0.00930085622173038
2015-03-27,0.0019123016443243213
2015-03-30,0.005205804794037983
2015-03-31,-0.0043156020763929215
2015-04-01,-0.009535423268695387
2015-04-02,-0.0038508006231618985
2015-04-06,-0.0015813485665201465
2015-04-07,0.0045759122023107945
2015-04-08,0.0005253394301538705
2015-04-09,-0.0017508319928475347
2015-04-10,0.005788580138193389
2015-04-13,-0.00697629304241798
2015-04-14,0.00017589910427373567
2015-04-15,0.001229123093773321
2015-04-16,0.00035059483577004613
2015-04-17,-0.021914163989130042
2015-04-20,0.005018535487075315
2015-04-21,0.006242160198273838
2015-04-22,0.005849024378107526
2015-04-23,0.03770951376396936
2015-04-24,0.005263807993711067
2015-04-27,-0.0018578626948638766
2015-04-28,0.006599928604998251
2015-04-29,-0.010087436526174498
2015-04-30,-0.010530007243143902
2015-05-01,0.017850984475320963
2015-05-04,-0.003204043060305084
2015-05-05,-0.019793520825916677
2015-05-06,-0.007766534103290423
2015-05-07,0.008175141891662907
2015-05-08,0.014837978767329396
2015-05-11,-0.008160482114379364
2015-05-12,-0.0006856714182447154
2015-05-13,0.008747961985934749
2015-05-14,0.02193497478439954
2015-05-15,-0.011480870336259441
2015-05-18,0.0008416527249752725
2015-05-19,-0.0035318836809380416
2015-05-20,-0.001687851176774613
2015-05-21,0.009974645413785677
2015-05-22,-0.0003345474189848652
2015-05-26,-0.016577709330669377
2015-05-27,0.011067914855382499
2015-05-28,0.019871760523780146
2015-05-29,0.01321039183634598
2015-06-01,0.01955656958647012
2015-06-02,-0.008951384729231626
2015-06-03,0.00016113549038965225
2015-06-04,0.007740762285458169
2015-06-05,0.01184186060893988
2015-06-08,-0.037640471865306724
2015-06-09,-0.007230772555950282
2015-06-10,0.0009933482593755816
2015-06-11,-0.00033092691910630023
2015-06-12,-0.00711335112082534
2015-06-15,-0.0003331552796894677
2015-06-16,0.008666778795225039
2015-06-17,0.000495645963348057
2015-06-18,0.002311840780142793
2015-06-19,0.00790937462805652
2015-06-22,0.00948184947873032
2015-06-23,0.0029148846792552696
2015-06-24,-0.005167065032732787
2015-06-25,-0.00016240181279181254
2015-06-26,-0.009091051676553774
2015-06-29,-0.027358955815045993
2015-06-30,0.01465385788220197
2015-07-01,0.00315396196318507
2015-07-02,0.023498393782691362
2015-07-06,-0.0014553722906930355
2015-07-07,0.0035624433373300235
2015-07-08,-0.015973068059805362
2015-07-09,0.012789065228553831
2015-07-10,0.009713465302945812
2015-07-13,0.017636462877669068
2015-07-14,0.0018909944923899413
2015-07-15,-0.0023590629708968303
2015-07-16,0.03389037476327483
2015-07-17,0.010672448964718306
2015-07-20,0.02402033444856877
2015-07-21,0.001050326394795409
2015-07-22,-0.005245005241655498
2015-07-23,-0.0007029714950820276
2015-07-24,-0.007034735000968628
2015-07-27,-0.008147473992713983
2015-07-28,0.01178582293376107
2015-07-29,0.01482530616238531
2015-07-30,-0.01321738115612725
2015-07-31,-0.008812221318538094
2015-08-03,0.007468048992642418
2015-08-04,0.002823721121110845
2015-08-05,0.0052798594535390375
2015-08-06,-0.014005726898090765
2015-08-07,0.013849492574121713
2015-08-10,0.0038530994553938047
2015-08-11,-0.01814392812195953
2015-08-12,-0.0046195007861450366
2015-08-13,-0.0007141661111154107
2015-08-14,0.009646307386808495
2015-08-17,0.0010615465733878615
2015-08-18,-0.01838092973272365
2015-08-19,-0.012243450411043577
2015-08-20,-0.03317543931817102
2015-08-21,-0.02828045108460231
2015-08-24,-0.03259602873323442
2015-08-25,0.012033585618587583
2015-08-26,0.03725721586001973
2015-08-27,0.035537029463812875
2015-08-28,0.0055349266401270025
2015-08-31,-0.0051375739953549715
2015-09-01,-0.023238668677263763
2015-09-02,0.014728077244920756
2015-09-03,0.006326849788659938
2015-09-04,-0.02071012928684335
2015-09-08,-0.004531697521712563
2015-09-09,-0.006069662035835699
2015-09-10,-0.0019088399906812548
2015-09-11,0.006501132953879996
2015-09-14,-0.021656440144695477
2015-09-15,0.008931997415472681
2015-09-16,0.02925308741525101
2015-09-17,-0.017576579613514776
2015-09-18,-0.009516420822148541
2015-09-21,-0.003843190370840799
2015-09-22,-0.011959928068438486
2015-09-23,-0.0007807606347670637
2015-09-24,0.0007813706982493507
2015-09-25,-0.010933225928867807
2015-09-28,-0.04697978849156348
2015-09-29,-0.00248544359241587
2015-09-30,0.014950083722060192
2015-10-01,0.01923058495954688
2015-10-02,0.024889885010003
2015-10-05,0.008225425543625153
2015-10-06,-0.0023310312507728304
2015-10-07,0.0
2015-10-08,-0.05957947547432163
2015-10-09,0.006211213524977666
2015-10-12,0.010699429550078632
2015-10-13,0.002443200888758268
2015-10-14,-0.025182715639649356
2015-10-15,0.021250128957875702
2015-10-16,0.001631862092148495
2015-10-19,0.00040706238495547
2015-10-20,-0.005700021913826014
2015-10-21,-0.008599657900288937
2015-10-22,0.13919872483434537
2015-10-23,0.021029555081679252
2015-10-26,0.00035525670680280896
2015-10-27,0.007099890158175581
2015-10-28,-0.004229872236336085
2015-10-29,-0.002477743416172018
2015-10-30,-0.009936271451553402
2015-11-02,0.021505336959753985
2015-11-03,0.014035137257643937
2015-11-04,0.0138407312928428
2015-11-05,0.0
2015-11-06,0.003412890670441593
2015-11-09,-0.0074826765956790275
2015-11-10,-0.001371134814151187
2015-11-11,-0.006519951382924383
2015-11-12,-0.013471704309952592
2015-11-13,-0.012955032750423534
2015-11-16,0.010287323986209573
2015-11-17,-0.0010534958825227925
2015-11-18,0.010544946586064752
2015-11-19,0.0006956360500904868
2015-11-20,0.010079932914899947
2015-11-23,-0.007570441701774677
2015-11-24,0.005547499742183604
2015-11-25,0.0
2015-11-27,0.0034484905310765424
2015-11-30,0.01683831816985304
2015-12-01,-0.01824927752454142
2015-12-02,-0.002753809059662493
2015-12-03,-0.013117154891661431
2015-12-04,0.026582630825513043
2015-12-07,-0.010221303319720265
2015-12-08,-0.008949952730284094
2015-12-09,-0.015630581934732324
2015-12-10,0.00811570054850641
2015-12-11,-0.02100093907153089
2015-12-14,0.002502699650238638
2015-12-15,0.009629106076650684
2015-12-16,0.00918389638966377
2015-12-17,-0.018200863540432266
2015-12-18,-0.02103383816599269
2015-12-21,0.0047342819884232945
2015-12-22,0.010873483832952946
2015-12-23,-0.003944279786693983
2015-12-24,-0.00431955511433213
2015-12-28,-0.000723203041331999
2015-12-29,0.009768612424771561
2015-12-30,-0.005732656070384867
2015-12-31,-0.009729734457316508
2016-01-04,-0.038209496612669036
2016-01-05,-0.011729144884272014
2016-01-06,0.011102345460442198
2016-01-07,-0.027262419164047702
2016-01-08,0.002335734121607258
2016-01-11,0.013592166385353321
2016-01-12,0.004214462097126281
2016-01-13,-0.030522649442130345
2016-01-14,0.01770974161465877
2016-01-15,-0.02320181145138389
2016-01-19,0.02018997550589985
2016-01-20,0.00194003031942791
2016-01-21,0.010457016871712632
2016-01-22,0.013032084280754752
2016-01-25,-0.010972366095665875
2016-01-26,0.01951003742880486
2016-01-27,-0.008630435093470501
2016-01-28,-0.12452691466449917
2016-01-29,0.014267226660260368
2016-02-01,0.020460614288507983
2016-02-02,-0.027151381531095198
2016-02-03,0.009016720500312436
2016-02-04,-0.00042534093408674867
2016-02-05,-0.012345573833310919
2016-02-08,-0.031034677049183057
2016-02-09,-0.02090736899925183
2016-02-10,0.014084566985966829
2016-02-11,-0.010752914837044214
2016-02-12,0.01856879835197711
2016-02-16,0.020453632387448684
2016-02-17,0.011764619664960563
2016-02-18,0.013350894428508786
2016-02-19,0.011899334247110094
2016-02-22,0.018059670877931255
2016-02-23,-0.02557749615968674
2016-02-24,0.014394609254797519
2016-02-25,0.009182024390382626
2016-02-26,0.0
2016-02-29,-0.015715455603375728
2016-03-01,0.018907572233554326
2016-03-02,-0.021855514719341773
2016-03-03,0.009274746839396775
2016-03-04,0.019632047619187354
2016-03-07,-0.006144707678307326
2016-03-08,-0.007831991509397063
2016-03-09,-0.004985344428269034
2016-03-10,-0.010855965669814172
2016-03-11,0.013929965985018944
2016-03-14,0.010824239937141433
2016-03-15,-0.028830525002282004
2016-03-16,0.004241146378958893
2016-03-17,0.0033782104124762125
2016-03-18,0.0004210449728718757
2016-03-21,0.023979789748829194
2016-03-22,-0.008627661452237034
2016-03-23,0.0016572961439278444
2016-03-24,0.006620330227286253
2016-03-28,-0.008631467716152863
2016-03-29,-0.0008293446791263204
2016-03-30,-0.0024894808150260905
2016-03-31,-0.007487524187799188
2016-04-01,0.0008378466110754434
2016-04-04,0.006281798590885845
2016-04-05,0.0149812800446667
2016-04-06,0.04264030923210549
2016-04-07,-0.05230047986784481
2016-04-08,-0.0012448729159840743
2016-04-11,-0.000415180021756667
2016-04-12,0.014962510767619008
2016-04-13,0.027027010533253515
2016-04-14,0.005183377843899217
2016-04-15,0.0003965743609439798
2016-04-18,0.0035686829436878398
2016-04-19,-0.03990526212902645
2016-04-20,0.0148148239004946
2016-04-21,0.001216775968441608
2016-04-22,-0.011745717465555972
2016-04-25,-0.007377226975853524
2016-04-26,0.011147906595375234
2016-04-27,0.031849519686619976
2016-04-28,-0.02572203203968859
2016-04-29,-0.00771729777233876
2016-05-02,-0.006958583833636789
2016-05-03,-0.011541803705529707
2016-05-04,-0.007506082611654419
2016-05-05,0.0004199794277168767
2016-05-06,0.00042025019371738637
2016-05-09,0.008396199888564215
2016-05-10,0.005828518704483976
2016-05-11,-0.017384143673696673
2016-05-12,-0.006739972321606058
2016-05-13,0.008482112183711754
2016-05-16,0.0008410233913547227
2016-05-17,-0.022269017800060964
2016-05-18,0.018049031437842977
2016-05-19,-0.011397310255269577
2016-05-20,0.009820622042725491
2016-05-23,-0.00803382226119087
2016-05-24,0.025149338689939515
2016-05-25,-0.00041570228634491
2016-05-26,0.003327798367849466
2016-05-27,0.009950282569453961
2016-05-31,0.004104820087259764
2016-06-01,-0.015944380799723157
2016-06-02,0.007478370438757986
2016-06-03,-0.01113420152550082
2016-06-06,0.0004169158084867952
2016-06-07,0.012088537099583574
2016-06-08,-0.0020592605829641286
2016-06-09,0.0041273712351379555
2016-06-10,-0.010686758251700956
2016-06-13,-0.00747810509149216
2016-06-14,-0.0004188428672663447
2016-06-15,0.003350363904081499
2016-06-16,-0.004590967767617471
2016-06-17,-0.0025155758429021846
2016-06-20,0.03278692779036563
2016-06-21,0.005290881965007932
2016-06-22,-0.014574991818121608
2016-06-23,0.02095294207996279
2016-06-24,-0.0692152505861735
2016-06-27,-0.01772595106407071
2016-06-28,0.01188409333433782
2016-06-29,0.013919143433907877
2016-06-30,0.004289996100999893
2016-07-01,0.015805208689904537
2016-07-05,-0.0008412919745114378
2016-07-06,0.0029461499697858162
2016-07-07,0.004196562772710077
2016-07-08,0.028416446318791477
2016-07-11,0.01015832140023698
2016-07-12,0.010860568537518933
2016-07-13,-0.0003977521875946355
2016-07-14,0.03821660855365949
2016-07-15,0.009969094028927206
2016-07-18,0.005695034230825291
2016-07-19,0.0003773314381303461
2016-07-20,0.01849054139049988
2016-07-21,0.10892932712653414
2016-07-22,0.01871031833817205
2016-07-25,0.0062315469542122415
2016-07-26,0.023468070213519487
2016-07-27,-0.0028662435713093792
2016-07-28,-0.004471515499080092
2016-07-29,-0.00032081391795546477
2016-08-01,0.0028883885005857035
2016-08-02,-0.01472013692985863
2016-08-03,0.005196718800724254
2016-08-04,0.0035540371583882013
2016-08-05,0.010624352132900361
2016-08-08,-0.007645572298839776
2016-08-09,-0.0012840112272897164
2016-08-10,0.0003214326163432091
2016-08-11,0.002570839879754372
2016-08-12,-0.009936075659190524
2016-08-15,0.0051796191260709
2016-08-16,-0.007085320114387006
2016-08-17,-0.007135811054136854
2016-08-18,-0.0029402866214350842
2016-08-19,0.0036042502655107
2016-08-22,-0.00032640024733021633
2016-08-23,0.001632812211021406
2016-08-24,0.0189109672948109
2016-08-25,0.0028800697402671105
2016-08-26,-0.0009572888969772153
2016-08-29,0.0028744825384059425
2016-08-30,0.011783438259653112
2016-08-31,0.012275582042247768
2016-09-01,-0.0009327481932720483
2016-09-02,0.004668691473633135
2016-09-06,0.004027233920413487
2016-09-07,0.003085395902210575
2016-09-08,0.00584448242667146
2016-09-09,-0.024770782627899113
2016-09-12,0.01881470816730446
2016-09-13,-0.01785149584172785
2016-09-14,-0.003447448559813604
2016-09-15,0.005660447844130445
2016-09-16,-0.006566585579874218
2016-09-19,-0.006295436607576921
2016-09-20,-0.006651732183568293
2016-09-21,0.019451760513754968
2016-09-22,0.009696497736280785
2016-09-23,-0.006505688990591674
2016-09-26,-0.012472826099584111
2016-09-27,0.00852555849150649
2016-09-28,-0.00281771817019294
2016-09-29,0.014128534389569403
2016-09-30,0.01857588547172062
2016-10-03,-0.010638311640493336
2016-10-04,0.0003075396195992841
2016-10-05,-0.01259230135841416
2016-10-06,-0.0006222020030851594
2016-10-07,-0.01587284864259808
2016-10-10,0.010436526860998052
2016-10-11,-0.015336838524541263
2016-10-12,0.0012717650099298705
2016-10-13,0.0003172501776507186
2016-10-14,0.012059723573144554
2016-10-17,-0.002508765725850015
2016-10-18,-0.00534390790750594
2016-10-19,0.02781271855743639
2016-10-20,-0.10762594585124963
2016-10-21,0.0013782543349132315
2016-10-24,0.0055057225022669964
2016-10-25,-0.005817871831955701
2016-10-26,-0.007917347619291859
2016-10-27,-0.00034697324021515374
2016-10-28,-0.007288967121058643
2016-10-31,-0.0031470031449932767
2016-11-01,-0.004559772696876796
2016-11-02,-0.004228381829645689
2016-11-03,-0.007077278496227524
2016-11-04,-0.003919853324162892
2016-11-07,0.010375505173089827
2016-11-08,-0.007436239293429514
2016-11-09,0.009275712980620687
2016-11-10,-0.004595458198751956
2016-11-11,0.017045744498680904
2016-11-14,-0.026187138171881563
2016-11-15,0.021512740571029365
2016-11-16,-0.005615727744138654
2016-11-17,0.01906115086531357
2016-11-18,-0.00623506974715049
2016-11-21,0.010805058443516202
2016-11-22,0.002069211779046398
2016-11-23,-0.005505869024581944
2016-11-25,0.001730211120085423
2016-11-28,-0.013126289193713503
2016-11-29,-0.002099982130665534
2016-11-30,-0.024552892190894515
2016-12-01,-0.015102515889185764
2016-12-02,0.0376049551280222
2016-12-05,-0.0024630724536583992
2016-12-06,-0.004938158126644887
2016-12-07,0.024814001962032872
2016-12-08,0.017640766393540952
2016-12-09,0.0186949141798054
2016-12-12,0.008007964632259057
2016-12-13,-0.012909545583798088
2016-12-14,0.0
2016-12-15,-0.003018324198589828
2016-12-16,-0.004036234160015195
2016-12-19,-0.007767466788149546
2016-12-20,-0.0040843886210447655
2016-12-21,0.00341740990190309
2016-12-22,0.006130793846002236
2016-12-23,0.008463338123154251
2016-12-27,0.015105459715427205
2016-12-28,-0.007605715410141656
2016-12-29,-0.0009997855423476976
2016-12-30,-0.009673034875191111
2017-01-03,0.005052232890174535
2017-01-04,-0.0026809745200044865
2017-01-05,0.008400558139069148
2017-01-06,0.03465502290965339
2017-01-09,-0.009661613158224447
2017-01-10,-0.016260338221515402
2017-01-11,0.005289274857547266
2017-01-12,-0.001972919594057876
2017-01-13,-0.0019769599948820105
2017-01-17,0.0
2017-01-18,0.003301343035828408
2017-01-19,0.010858864326930062
2017-01-20,-0.0026042449927987654
2017-01-23,-0.012075647897364816
2017-01-24,-0.00925022021152122
2017-01-25,0.008002909426081839
2017-01-26,0.04995006465431784
2017-01-27,0.024259790644606927
2017-01-30,-0.010458406187173752
2017-01-31,-0.010568675744578426
2017-02-01,0.01099579436633169
2017-02-02,-0.006525575584201304
2017-02-03,0.0031277263471189976
2017-02-06,-0.0012473755490626237
2017-02-07,0.012488536765137503
2017-02-08,0.025284970351660663
2017-02-09,-0.003909556505862111
2017-02-10,0.015398643360711395
2017-02-13,0.004757419406055119
2017-02-14,-0.004734893531681772
2017-02-15,0.011298981874263703
2017-02-16,-0.013819023913946848
2017-02-17,0.006558925435624641
2017-02-21,0.004739669435819938
2017-02-22,-0.0029483585660941003
2017-02-23,-0.00650525484716713
2017-02-24,0.013691051843653268
2017-02-27,0.006459039069954375
2017-02-28,-0.01108498617753706
2017-03-01,0.010914136490889126
2017-03-02,-0.010504634717422356
2017-03-03,-0.00501340509673065
2017-03-06,-0.002964025087260014
2017-03-07,-0.005053202093275977
2017-03-08,-0.004481775719244241
2017-03-09,-0.004201839335010171
2017-03-10,-0.00150670487519311
2017-03-13,-0.009658695959090413
2017-03-14,0.001523630482913818
2017-03-15,0.0009128782435523508
2017-03-16,0.0063851610883649546
2017-03-17,0.01812666028233223
2017-03-20,0.00326427259301032
2017-03-21,-0.018337911677059116
2017-03-22,0.01024407009191064
2017-03-23,-0.000298297002223058
2017-03-24,-0.0035799969843831603
2017-03-27,0.0008980554985422717
2017-03-28,0.0029915753798346323
2017-03-29,0.0035792465543458274
2017-03-30,0.001485469709647358
2017-03-31,-0.0038574780592944835
2017-04-03,0.005659621238781165
2017-04-04,0.011256107939272564
2017-04-05,-0.009665982536214979
2017-04-06,0.010351852930481131
2017-04-07,-0.007318332408660866
2017-04-10,0.0044235594943891066
2017-04-11,-0.0020552738078383204
2017-04-12,0.008237525550447211
2017-04-13,0.0017509484692479482
2017-04-17,0.0032039962356997798
2017-04-18,-0.012194965147705017
2017-04-19,-0.004997007427737121
2017-04-20,-0.03899566998500725
2017-04-21,-0.010759312326542703
2017-04-24,-0.004039947615974371
2017-04-25,0.02371340148250689
2017-04-26,0.006095300585281516
2017-04-27,0.0015148512239768763
2017-04-28,0.010586889090938412
2017-05-01,-0.0029931738533022223
2017-05-02,0.006004127937822679
2017-05-03,-0.00746054163879184
2017-05-04,0.007516619692994331
2017-05-05,-0.00029847503273505716
2017-05-08,-0.007761015479070266
2017-05-09,0.014440354597619054
2017-05-10,0.0047449751083583624
2017-05-11,0.007083724293701188
2017-05-12,-0.0014651328518775486
2017-05-15,0.003228384185716582
2017-05-16,0.018431842705906476
2017-05-17,-0.03533465430147842
2017-05-18,0.004466841523652398
2017-05-19,0.002964904191633755
2017-05-22,0.0008868292700732194
2017-05-23,0.022149892881918154
2017-05-24,0.006067593579308861
2017-05-25,0.011487630546884064
2017-05-26,-0.009085718827930411
2017-05-30,-0.008022798639509277
2017-05-31,-0.009243366695997901
2017-06-01,0.014286068079478964
2017-06-02,0.015233845401620316
2017-06-05,0.006511802008235534
2017-06-06,-0.002250180363568166
2017-06-07,0.008457716788001557
2017-06-08,0.01034416221261436
2017-06-09,-0.03320437773543661
2017-06-12,-0.022610216518755943
2017-06-13,0.009077701715344721
2017-06-14,0.0011609246275663399
2017-06-15,-0.011883966623443487
2017-06-16,-0.003813658212264537
2017-06-19,0.027679546993454762
2017-06-20,0.000859640034580833
2017-06-21,0.0008587797891144167
2017-06-22,0.004576797277159983
2017-06-23,0.012813581950705588
2017-06-26,-0.013494918666462574
2017-06-27,-0.0051296086664400775
2017-06-28,0.011458013355241325
2017-06-29,-0.02265630845659017
2017-06-30,0.011880337266671814
2017-07-03,-0.009163713727499911
2017-07-05,0.0034680663224382346
2017-07-06,-0.01987324414430658
2017-07-07,0.00587753238983435
2017-07-10,0.023663459488983962
2017-07-11,0.004280235715236502
2017-07-12,0.023870478283175345
2017-07-13,0.013045036664016019
2017-07-14,0.015890392038285572
2017-07-17,-0.0008091001373380369
2017-07-18,-0.0067474246080571065
2017-07-19,0.007608517818890048
2017-07-20,0.002696694241448583
2017-07-21,-0.015330870951235975
2017-07-24,-0.006282350335936382
2017-07-25,-0.0016488686850717471
2017-07-26,0.01982355820994064
2017-07-27,-0.023488437697650966
2017-07-28,-0.0063586564782189825
2017-07-31,-0.00584299603445404
2017-08-01,0.005037547437044099
2017-08-02,-0.00027793399707864985
2017-08-03,-0.0052928885453547014
2017-08-04,-0.002520423142058359
2017-08-07,0.01375641933362659
2017-08-08,0.00692330722166945
2017-08-09,-0.007700592422625441
2017-08-10,-0.030210707746485155
2017-08-11,0.0017146750532273103
2017-08-14,0.004279684013565932
2017-08-15,0.0014203611590617449
2017-08-16,0.0031209785504369147
2017-08-17,-0.014423460751537887
2017-08-18,-0.002008561938927178
2017-08-21,-0.015526294912804106
2017-08-22,0.016647248524488623
2017-08-23,0.0022981983450915955
2017-08-24,-0.00028654744559974965
2017-08-25,-0.005733995421617455
2017-08-28,0.003748533110630614
2017-08-29,0.011203785736993543
2017-08-30,0.013920313529423911
2017-08-31,0.012328516994682515
2017-09-01,0.006089099453680413
2017-09-05,-0.007152282506900809
2017-09-06,0.018564675334971747
2017-09-07,0.03400384256799471
2017-09-08,-0.005788041341328043
2017-09-11,0.007938989440783528
2017-09-12,0.002362825710163996
2017-09-13,0.0023569213570711067
2017-09-14,0.0010452923681085746
2017-09-15,0.0023492574614794037
2017-09-18,-0.0002602443347237138
2017-09-19,0.005209568970001577
2017-09-20,-0.0012958080103311342
2017-09-21,-0.007524532038230447
2017-09-22,0.0010461727531998477
2017-09-25,-0.013319702894084906
2017-09-26,0.001852845521033375
2017-09-27,0.005283893103141368
2017-09-28,-0.008409792520329251
2017-09-29,0.01934760447831696
2017-10-02,0.007020507414416732
2017-10-03,-0.0005163836084869367
2017-10-04,-0.0012919009852766505
2017-10-05,0.008536254548566546
2017-10-06,-0.004616898041217343
2017-10-09,0.004638312657841981
2017-10-10,-0.003847214823522127
2017-10-11,-0.013645794107184028
2017-10-12,-0.005742382362908249
2017-10-13,0.006825667685225634
2017-10-16,-0.015123954875839729
2017-10-17,-0.007413233634947725
2017-10-18,0.012803346928678794
2017-10-19,-0.01790857687150571
2017-10-20,0.008581646448406977
2017-10-23,-0.020739357195290853
2017-10-24,-0.002443776549248322
2017-10-25,-0.0016331754821095057
2017-10-26,0.005997796505123887
2017-10-27,-0.002709733774974299
2017-10-30,0.00543488699456951
2017-10-31,0.017296891222596367
2017-11-01,-0.0026566868304125357
2017-11-02,-0.003729269062583196
2017-11-03,0.0026735069949725965
2017-11-06,-0.0034666439273779437
2017-11-07,0.0010705806133757267
2017-11-08,-0.010692422053321105
2017-11-09,-0.035666076353667364
2017-11-10,0.007845333139584687
2017-11-13,-0.003336036617565208
2017-11-14,-0.01757329088301096
2017-11-15,0.0022717470576305576
2017-11-16,0.009064763292138567
2017-11-17,-0.0011228193152654775
2017-11-20,-0.0014053112459844197
2017-11-21,0.012102469041261443
2017-11-22,-0.0005561606843772493
2017-11-24,-0.0027825878031026985
2017-11-27,0.0041853500984945224
2017-11-28,-0.01361469804125337
2017-11-29,-0.0315492232351251
2017-11-30,0.008435002231144573
2017-12-01,0.015287006176774032
2017-12-04,0.014204639785970752
2017-12-05,0.031092369822788735
2017-12-06,0.0005434336888863189
2017-12-07,0.000542907307941709
2017-12-08,0.021709477338928362
2017-12-11,-0.0034524930487590533
2017-12-12,-0.0021328272228374745
2017-12-13,-0.0010678968595871918
2017-12-14,0.00534724168717271
2017-12-15,0.020478877788299377
2017-12-18,-0.004951504771399606
2017-12-19,-0.009953069005134707
2017-12-20,0.0034390177002963096
2017-12-21,-0.0031633132447955736
2017-12-22,-0.0013225395010701968
2017-12-26,0.004766951183235557
2017-12-27,-0.008697685944180411
2017-12-28,0.008242125250596644
2017-12-29,-0.0047468379304173025
2018-01-02,0.008478871192732829
2018-01-03,0.030478388328547323
2018-01-04,-0.016573173684159115
2018-01-05,0.02903810330639911
2018-01-08,0.002771253968819387
2018-01-09,-0.006783710792186426
2018-01-10,-0.0462941230644448
2018-01-11,0.0029182132285707763
2018-01-12,0.005554012742956305
2018-01-16,-0.008942901411715831
2018-01-17,0.008227382072721223
2018-01-18,0.019741746364304813
2018-01-19,-0.008001826275639723
2018-01-22,0.029924785288784728
2018-01-23,0.004800022720473418
2018-01-24,0.001257360656088835
2018-01-25,0.00502259209422129
2018-01-26,0.021738998597178538
2018-01-29,-0.002201236707868759
2018-01-30,-0.009803384415043137
2018-01-31,0.004455235903434218
2018-02-01,0.13824564547637608
2018-02-02,-0.040918328075055466
2018-02-05,-0.0435665037243993
2018-02-06,0.009912746924274796
2018-02-07,-0.010750225086631482
2018-02-08,-0.03094725809063681
2018-02-09,0.01560230314819644
2018-02-12,0.01584237003809963
2018-02-13,-0.004016970581387724
2018-02-14,0.006880080798799426
2018-02-15,0.013430967615586376
2018-02-16,0.007672603887840745
2018-02-20,0.0011534944367792566
2018-02-21,-0.006222537203481315
2018-02-22,-0.0067256069857836165
2018-02-23,0.019846191272030245
2018-02-26,0.0034340346680752365
2018-02-27,-0.01551441826396005
2018-02-28,-0.006720930126996039
2018-03-01,-0.013765877361834544
2018-03-02,0.01608709202809444
2018-03-05,0.005587863238373236
2018-03-06,-0.0011576980313809937
2018-03-07,0.018312691441937146
2018-03-08,-0.00569078819834834
2018-03-09,0.0029760723974208148
2018-03-12,0.002054326472587187
2018-03-13,-0.02460166938340591
2018-03-14,0.00023367954698394477
2018-03-15,-0.0056036187809410665
2018-03-16,-0.0030523396621900956
2018-03-19,-0.008713733308196137
2018-03-20,-0.003089103998991649
2018-03-21,-0.00691133855076409
2018-03-22,-0.02615756543529746
2018-03-23,-0.021439107599926732
2018-03-26,0.03273712190827682
2018-03-27,-0.019263514621935318
2018-03-28,-0.0027347358135314526
2018-03-29,0.0032407460977130764
2018-04-02,-0.021868814203063303
2018-04-03,0.006351750796308231
2018-04-04,0.004544417203620865
2018-04-05,0.006031526507833451
2018-04-06,-0.02348259201796521
2018-04-09,-0.005371823047469304
2018-04-10,0.01826127619869511
2018-04-11,0.006062534154118504
2018-04-12,0.017574171268473826
2018-04-13,-0.015543840591509928
2018-04-16,0.0072681614127732
2018-04-17,0.01045022370860993
2018-04-18,0.028071778716367346
2018-04-19,0.008622964131426825
2018-04-20,0.0021369571748079963
2018-04-23,-0.014217885626296
2018-04-24,-0.010096126043182219
2018-04-25,-0.005099497008999587
2018-04-26,-0.05589456358831668
2018-04-27,-0.011633815518094726
2018-04-30,-0.009155068249525167
2018-05-01,-0.0013204328753726458
2018-05-02,-0.017181907795733253
2018-05-03,0.012372301911926842
2018-05-04,0.009564411957613483
2018-05-07,-0.005263259920127772
2018-05-08,0.00793654995446369
2018-05-09,0.003412162192366841
2018-05-10,0.007062296653659317
2018-05-11,-0.0062338440242810655
2018-05-14,0.003398116112205196
2018-05-15,-0.00807510918522314
2018-05-16,0.007090227930533377
2018-05-17,0.0013038064419785833
2018-05-18,-0.002083507051324096
2018-05-21,-0.000782251947796242
2018-05-22,-0.013581139552463983
2018-05-23,0.007148761150457483
2018-05-24,-0.006572268933806136
2018-05-25,0.00396960739409935
2018-05-29,-0.01080667838628413
2018-05-30,0.008526655626809987
2018-05-31,-0.003434586764573422
2018-06-01,0.01643663416094454
2018-06-04,0.01904022897362112
2018-06-05,0.02482736929451712
2018-06-06,-0.002247859652227291
2018-06-07,0.012515675503070867
2018-06-08,-0.003955303959977674
2018-06-11,0.004963895244795458
2018-06-12,-0.0009879804995048813
2018-06-13,-0.027688390890769243
2018-06-14,-0.00839040085570153
2018-06-15,-0.0028210474002343666
2018-06-18,-0.0007710057179457497
2018-06-19,0.008234497341418345
2018-06-20,0.0020420284003874745
2018-06-21,-0.03183920480888891
2018-06-22,0.002104996900363698
2018-06-25,-0.025728944083964866
2018-06-26,-0.0010775076952131979
2018-06-27,-0.02077212140648177
2018-06-28,-0.004407144519432138
2018-06-29,0.003320225701358037
2018-07-02,0.01130725891710016
2018-07-03,-0.0008179144157763885
2018-07-05,0.010644496568548156
2018-07-06,0.009721272468721232
2018-07-09,0.013907596691311586
2018-07-10,-0.022949063107564838
2018-07-11,-0.001619832795458298
2018-07-12,0.015413666507195556
2018-07-13,0.0015981726357556791
2018-07-16,0.003190452620629447
2018-07-17,0.00212039209140813
2018-07-18,0.0037024123958349087
2018-07-19,-0.10118545730431738
2018-07-20,0.0026383358417840785
2018-07-23,-0.011988461485548552
2018-07-24,-0.007990597503239938
2018-07-25,0.011038122909376558
2018-07-26,0.01593422947315748
2018-07-27,-0.01800762755866614
2018-07-30,-0.004140942671790215
2018-07-31,-0.006533982608968314
2018-08-01,-0.01076227481374381
2018-08-02,0.003928652954963141
2018-08-03,0.013244983880202454
2018-08-06,0.009804138600342238
2018-08-07,-0.0061782694331530275
2018-08-08,0.0017760315778161395
2018-08-09,0.009160670814088556
2018-08-10,-0.0017566024862872842
2018-08-13,-0.006160395097638771
2018-08-14,0.015348373022565864
2018-08-15,-0.015697681435048905
2018-08-16,-0.002658004751008969
2018-08-17,0.007106545606055503
2018-08-20,0.00029433744091189595
2018-08-21,0.014991147443071728
2018-08-22,0.0049232029661789856
2018-08-23,-0.008645395051440685
2018-08-24,0.003778982061888092
2018-08-27,0.0014480443940347865
2018-08-28,0.004627091152020979
2018-08-29,0.005469011122728906
2018-08-30,-0.003721460352288708
2018-08-31,-0.0054600707625170886
2018-09-04,0.005490046806570392
2018-09-05,-0.019252974224428288
2018-09-06,-0.013771117058112958
2018-09-07,0.009804138600342238
2018-09-10,-0.00823777609108256
2018-09-11,0.011866145373417236
2018-09-12,0.00439730962270124
2018-09-13,0.0052537565337946734
2018-09-14,-0.009872138192626001
2018-09-17,0.002932670876323762
2018-09-18,-0.0023393759742601494
2018-09-19,0.002931201651660942
2018-09-20,0.000584066579110587
2018-09-21,-0.005840924937781766
2018-09-24,-0.009400799639301072
2018-09-25,-0.028469850650150064
2018-09-26,0.025030599063175396
2018-09-27,-0.00714700983776595
2018-09-28,-0.009598177183491319
2018-10-01,-0.01544515060491869
2018-10-02,0.0015382147043607741
2018-10-03,0.005834983077117162
2018-10-04,-0.0036640380554465724
2018-10-05,-0.011952046446637055
2018-10-08,0.01054585937617114
2018-10-09,0.021485599725024507
2018-10-10,-0.04837756296739926
2018-10-11,-0.008525289597338337
2018-10-12,0.010190982784435532
2018-10-15,0.004413786030644351
2018-10-16,0.012240971242945875
2018-10-17,-0.007131684179777387
2018-10-18,-0.014678384374403941
2018-10-19,-0.08874798928807948
2018-10-22,-0.009043787008889415
2018-10-23,-0.01052969501927914
2018-10-24,-0.031926229972472187
2018-10-25,0.02821527786987632
2018-10-26,-0.025659015097398874
2018-10-29,-0.019019853530985342
2018-10-30,0.02237132238832551
2018-10-31,0.05871653744811889
2018-11-01,0.016878842392511917
2018-11-02,0.011856310442947438
2018-11-05,-0.007699998211009973
2018-11-06,0.01045874116431067
2018-11-07,-0.0030050102222523023
2018-11-08,-0.0006697056410918112
2018-11-09,-0.007037656215976851
2018-11-12,-0.0226119848412768
2018-11-13,-0.029696324911261063
2018-11-14,-0.0074731374812729845
2018-11-15,0.010039284022113515
2018-11-16,-0.0017748969637736423
2018-11-19,-0.005689844748013484
2018-11-20,0.007152834102736927
2018-11-21,0.006392201438642164
2018-11-23,0.00352857525444894
2018-11-26,0.01265838514524309
2018-11-27,-0.002083506743287833
2018-11-28,0.03549067672117068
2018-11-29,-0.008064472860112248
2018-11-30,0.011178747232862829
2018-12-03,0.011725308304735504
2018-12-04,-0.03112560376903728
2018-12-06,0.007176793627237776
2018-12-07,-0.013912349453251482
2018-12-10,-0.0027530810346058088
2018-12-11,0.0024155503228386888
2018-12-12,-0.00034422613245777
2018-12-13,-0.0006885427065461691
2018-12-14,-0.0037905478911285373
2018-12-17,-0.0148737692886739
2018-12-18,0.0007021561643749674
2018-12-19,-0.00701745657780195
2018-12-20,-0.010954110708504383
2018-12-21,-0.05037518615170511
2018-12-24,-0.016553578182436857
2018-12-26,0.0654167648077364
2018-12-27,0.006463275813447744
2018-12-28,0.007491951235591987
2018-12-31,-0.0060198414807494105
2019-01-02,0.02778763762834502
2019-01-03,-0.018370902324362226
2019-01-04,0.022952049099206118
2019-01-07,0.017259128111771105
2019-01-08,0.01798440990413641
2019-01-09,0.009666798544494482
2019-01-10,0.009243830786524354
2019-01-11,-0.005233838426749404
2019-01-14,-0.006576772027429234
2019-01-15,0.015226746507126743
2019-01-16,-0.012389879461603304
2019-01-17,0.0029711384460409107
2019-01-18,0.020408113209596568
2019-01-22,0.06129035470349464
2019-01-23,-0.008814645446341363
2019-01-24,0.0012266546993462413
2019-01-25,0.03277191570350091
2019-01-28,0.00889684411234537
2019-01-29,-0.009700264663040858
2019-01-30,0.01157643707963274
2019-01-31,-0.012617325982727134
2019-02-01,0.01961333753011152
2019-02-04,0.021568054513529944
2019-02-05,0.007988524824663834
2019-02-06,0.004245706342129729
2019-02-07,-0.006482496006682159
2019-02-08,0.0002835606055984208
2019-02-11,0.009358953102408751
2019-02-12,0.01685929985664303
2019-02-13,0.0019337787832842679
2019-02-14,0.0016551475676493954
2019-02-15,0.0071581879944928595
2019-02-19,0.012848662398406985
2019-02-20,-0.008367050153113342
2019-02-21,0.006532470140830693
2019-02-22,0.013790975313055842
2019-02-25,-0.004000804567636296
2019-02-26,0.0010714404225644625
2019-02-27,0.005350329238324791
2019-02-28,-0.007745639551187566
2019-03-01,0.005383267178661777
2019-03-04,-0.002677221391285123
2019-03-05,-0.0034898900237658737
2019-03-06,-0.00835135720125424
2019-03-07,-0.016299780716614642
2019-03-08,-0.008837714799710406
2019-03-11,0.010030401351980078
2019-03-12,0.0008275854644068659
2019-03-13,0.0049617575764875355
2019-03-14,-0.003016923626805279
2019-03-15,-0.0013755528994442434
2019-03-18,-0.0008266789418088782
2019-03-19,0.016543047607752825
2019-03-20,-0.00461105624908742
2019-03-21,0.013624346697144851
2019-03-22,-0.014785568826863327
2019-03-25,0.0019101501394445108
2019-03-26,0.004902186171246381
2019-03-27,-0.0018969780327161567
2019-03-28,-0.001357740566738097
2019-03-29,0.009787800467412566
2019-04-01,0.014539906016415971
2019-04-02,0.006369304847933188
2019-04-03,0.001845839924287107
2019-04-04,0.0015795844350747767
2019-04-05,-0.0055193805432666165
2019-04-08,-0.0007925867689130284
2019-04-09,-0.0015868797001802326
2019-04-10,-0.0007947009448873166
2019-04-11,-0.03711557733674331
2019-04-12,-0.004130067277547389
2019-04-15,0.0016587139952746188
2019-04-16,0.004416302876088185
2019-04-17,-0.011541502289602268
2019-04-18,0.0002777339129853562
2019-04-22,0.0047249995107110365
2019-04-23,0.01438457034160745
2019-04-24,0.05045028245032124
2019-04-25,-0.010643841689993327
2019-04-26,0.006559799621786322
2019-04-29,-0.0028677139226449544
2019-04-30,0.0130718055418928
2019-05-01,-0.024515918844202123
2019-05-02,-0.005555772522392144
2019-05-03,0.01835615071774499
2019-05-06,-0.010449380776614614
2019-05-07,-0.005279637698931361
2019-05-08,-0.0037157561910037273
2019-05-09,0.0021309822994448613
2019-05-10,-0.006379239849630625
2019-05-13,-0.04039629017019941
2019-05-14,0.02592716636840864
2019-05-15,0.006521500062593777
2019-05-16,0.006209763831759085
2019-05-17,-0.009927504551951127
2019-05-20,-0.00921438599347113
2019-05-21,0.0005473160973821223
2019-05-22,-0.0073810725725452775
2019-05-23,-0.009914844215583418
2019-05-24,0.005007066391035986
2019-05-28,0.0024910015855243994
2019-05-29,-0.0033131996731891045
2019-05-30,0.011679929325358218
2019-05-31,-0.012369417120561166
2019-06-03,-0.008628011712729089
2019-06-04,0.02582815184204379
2019-06-05,0.0005472265029704548
2019-06-06,0.006838208251666034
2019-06-07,0.01901657395394274
2019-06-10,0.01626251549827562
2019-06-11,0.002885440475291823
2019-06-12,0.02066455381747012
2019-06-13,-0.0005129877295544372
2019-06-14,-0.0023074084323122523
2019-06-17,0.0025700181991823445
2019-06-18,0.016918530583135194
2019-06-19,0.011596024226351975
2019-06-20,-0.005233119037084233
2019-06-21,0.0032564407961619413
2019-06-24,-0.008489338553061665
2019-06-25,-0.017375819998388886
2019-06-26,0.004612774401598241
2019-06-27,0.0022959589010529413
2019-06-28,0.005344893914659199
2019-07-01,0.009873627073096802
2019-07-02,0.004762804678716037
2019-07-03,-0.004490991922287302
2019-07-05,-0.0025063569710634948
2019-07-08,-0.0065326258631212
2019-07-09,0.010116386374335429
2019-07-10,0.0017525658452688386
2019-07-11,-0.010247431963576581
2019-07-12,0.011616414804457076
2019-07-15,0.005242158017673804
2019-07-16,-0.008691438457251621
2019-07-17,-0.022294509948212804
2019-07-18,0.018959660607556605
2019-07-19,0.011063763052207909
2019-07-22,0.011439871186245565
2019-07-23,0.008851576681576656
2019-07-24,0.0
2019-07-25,-0.005361796105916028
2019-07-26,0.010291637467300774
2019-07-29,0.008246270576474313
2019-07-30,-0.004570322958917461
2019-07-31,-0.004592225771260616
2019-08-01,-0.0021846253057270504
2019-08-02,-0.012652199607417813
2019-08-05,-0.04361745197906719
2019-08-06,0.02267443632926991
2019-08-07,0.0007562262235363271
2019-08-08,0.03851956345856489
2019-08-09,-0.022788151984389104
2019-08-12,-0.014140173780030185
2019-08-13,0.03120295151473318
2019-08-14,-0.032699091026828664
2019-08-15,-0.005045165896819026
2019-08-16,0.014705792543938001
2019-08-19,0.00924548004971082
2019-08-20,-0.008913147371011232
2019-08-21,0.008743231005249985
2019-08-22,-0.009410439512083646
2019-08-23,-0.032500226863201864
2019-08-26,0.018087969000725845
2019-08-27,-0.010152546126608986
2019-08-28,0.027948939703785758
2019-08-29,0.010975346761594507
2019-08-30,-0.0024760514043660198
2019-09-03,-0.013650884033959199
2019-09-04,-0.0025163386641947616
2019-09-05,0.0292632495224614
2019-09-06,-0.010539029273154754
2019-09-09,0.025514012491430815
2019-09-10,-0.027294583193643862
2019-09-11,-0.009188238903622747
2019-09-12,0.009774336343427503
2019-09-13,0.0019858415766662585
2019-09-16,-0.0017338546649682263
2019-09-17,0.0057071444319867215
2019-09-18,-0.00419450814610034
2019-09-19,0.000991198470591259
2019-09-20,-0.0009902169690458873
2019-09-23,-0.002973282401730226
2019-09-24,-0.016898636020201252
2019-09-25,-0.008089092424310329
2019-09-26,-0.008155059453959113
2019-09-27,-0.014131402087878775
2019-09-30,0.015897869430003153
2019-10-01,-0.01128789102315153
2019-10-02,-0.009600469047897686
2019-10-03,-0.0057634948212171855
2019-10-04,0.009485966012172664
2019-10-07,-0.0127901636684562
2019-10-08,-0.013220424623537785
2019-10-09,0.014201048830322582
2019-10-10,0.0021139703837209645
2019-10-11,0.0163456289514472
2019-10-14,-0.0049282699463248925
2019-10-15,0.013555755226872357
2019-10-16,0.0010283876138590387
2019-10-17,0.0043681318532695634
2019-10-18,-0.006907423185349759
2019-10-21,0.011334309687744959
2019-10-22,-0.008150370894594028
2019-10-23,0.006677086457044457
2019-10-24,-0.09132666823577584
2019-10-25,0.006176214639980193
2019-10-28,0.0027901591637347067
2019-10-29,0.004729967470562313
2019-10-30,-0.006923184569276208
2019-10-31,-0.01701057325305999
2019-11-01,0.0
2019-11-04,0.004539011480937605
2019-11-05,0.001976959808278611
2019-11-06,0.0005634090341279929
2019-11-07,-0.017182899375842386
2019-11-08,0.007165206304208471
2019-11-11,0.003130470316525358
2019-11-12,-0.005106574575144518
2019-11-13,-0.012260797113012978
2019-11-14,0.009237821524736178
2019-11-15,0.008867370672885233
2019-11-18,-0.004820236144708945
2019-11-19,-0.001139437314121583
2019-11-20,-0.005704526327155568
2019-11-21,0.002294805220298235
2019-11-22,0.005151881774940303
2019-11-25,0.020785716461115156
2019-11-26,-0.0027891458588790163
2019-11-27,0.002796946951887369
2019-11-29,-0.005320579103970546
2019-12-02,-0.017454995315929978
2019-12-03,-0.004298066416970725
2019-12-04,0.0063311667148691075
2019-12-05,-0.005147090794976661
2019-12-06,0.0020117478454235727
2019-12-09,-0.008319017480681867
2019-12-10,0.004338913169562142
2019-12-11,0.005760546610417583
2019-12-12,0.011168439625050874
2019-12-13,0.0048145646013975085
2019-12-16,-0.0022552387365745163
2019-12-17,0.014124732269346296
2019-12-18,-0.0072423745921819105
2019-12-19,0.011223453135533523
2019-12-20,0.00416187831658954
2019-12-23,0.000552284923850177
2019-12-24,0.0
2019-12-26,0.0011047710307883207
2019-12-27,-0.004965462656913666
2019-12-30,-0.00748501340185459
2019-12-31,0.008659118448688607
2020-01-02,0.00526152430058735
2020-01-03,-0.009366286199807505
2020-01-06,-0.005005621744925692
2020-01-07,-0.004471838845455545
2020-01-08,-0.0005617115504027437
2020-01-09,-0.011797211143032671
2020-01-10,-0.008243702149580479
2020-01-13,-0.0045856699946627
2020-01-14,0.017851739166956593
2020-01-15,-0.0005655273019993245
2020-01-16,0.016699619020685175
2020-01-17,-0.0027839331557096836
2020-01-21,-0.0027918221777547547
2020-01-22,0.0047590679991165175
2020-01-23,-0.0078012965930247535
2020-01-24,-0.007020420471357647
2020-01-27,0.0033936265112837205
2020-01-28,0.02057450185185883
2020-01-29,-0.04501464108321074
2020-01-30,0.013880514919608178
2020-01-31,-0.042783622266326926
2020-02-03,0.024731668836138754
2020-02-04,0.08781628234100247
2020-02-05,-0.007484545856971114
2020-02-06,0.023431374897027624
2020-02-07,-0.04736853956992726
2020-02-10,-0.004972666844183293
2020-02-11,0.011660176240089637
2020-02-12,0.019484558772068672
2020-02-13,0.001076364887809822
2020-02-14,0.02554455434377423
2020-02-18,-0.007079212526826528
2020-02-19,-0.008978204002543566
2020-02-20,0.004263544188041646
2020-02-21,0.01353106451155539
2020-02-24,-0.02460738905762394
2020-02-25,-0.02147039907435433
2020-02-26,0.006308326973197165
2020-02-27,-0.04497138731644412
2020-02-28,-0.006880661049109116
2020-03-02,0.03810610027395844
2020-03-03,0.02113445837725325
2020-03-04,0.048202688513539815
2020-03-05,-0.03299555629611861
2020-03-06,-0.02229996216086272
2020-03-09,-0.023907583794325116
2020-03-10,0.01463986852095589
2020-03-11,-0.03357391871837945
2020-03-12,-0.05167990934173683
2020-03-13,0.02906494793446668
2020-03-16,-0.05148584920581156
2020-03-17,0.03225791829418645
2020-03-18,-0.059495121658980965
2020-03-19,-0.05431301294930402
2020-03-20,-0.06824331472727807
2020-03-23,-0.04496013584228564
2020-03-24,0.05049370027558009
2020-03-25,0.02529809544109307
2020-03-26,0.06309476791518209
2020-03-27,0.0006632095229162083
2020-03-30,0.03346583659818392
2020-03-31,-0.03622965481816398
2020-04-01,-0.04258154399950276
2020-04-02,0.014246154846096593
2020-04-03,0.007536730088909094
2020-04-06,0.06018355709486012
2020-04-07,0.01411183110583436
2020-04-08,0.0439593401341869
2020-04-09,0.024840965869048937
2020-04-13,0.02749063721723055
2020-04-14,0.028193038420198047
2020-04-15,0.012591014809577361
2020-04-16,0.028460882597604487
2020-04-17,0.006448134523798332
2020-04-20,0.004805200450759273
2020-04-21,-0.000796814958778147
2020-04-22,0.01701645647600647
2020-04-23,-0.008888809322224467
2020-04-24,0.03798462965883731
2020-04-27,0.0071154216314675
2020-04-28,-0.013878172861592875
2020-04-29,-0.0012794467746936045
2020-04-30,0.02049715973370092
2020-05-01,-0.014562009120950847
2020-05-04,0.014777194765914103
2020-05-05,0.012302265917765842
2020-05-06,0.0156247249259307
2020-05-07,0.010256470389105266
2020-05-08,0.018854438134029428
2020-05-11,-0.00047450322781072973
2020-05-12,-0.003085735172068782
2020-05-13,-0.009999957251544789
2020-05-14,0.011062982420112721
2020-05-15,0.0016651068394721857
2020-05-18,0.009261304796697845
2020-05-19,-0.0023526834266828223
2020-05-20,0.007311039885892656
2020-05-21,-0.005619283589490265
2020-05-22,0.02307508156444471
2020-05-26,-0.0020712829221214424
2020-05-27,0.01821965058307251
2020-05-28,0.001811843658263479
2020-05-29,0.033356342416697604
2020-06-01,-0.007465929684287609
2020-06-02,0.01725632988434378
2020-06-03,0.01022220649859662
2020-06-04,0.0626475986147057
2020-06-05,-0.010939990238066577
2020-06-08,-0.0020480361759219745
2020-06-09,0.021140890625545694
2020-06-10,-0.010050010887929894
2020-06-11,-0.026599220680222135
2020-06-12,-0.005840598573270128
2020-06-15,0.004825926218191778
2020-06-16,0.004802748508246468
2020-06-17,0.006442193518779726
2020-06-18,0.00020634116819850945
2020-06-19,-0.0030963685004883335
2020-06-22,0.01801621656781327
2020-06-23,0.013018365009126232
2020-06-24,-0.020682253466813516
2020-06-25,0.01291730883555875
2020-06-26,0.030161861966766512
2020-06-29,0.008253290574100625
2020-06-30,0.022217973516617917
2020-07-01,0.009723502136004036
2020-07-02,0.026435116041355622
2020-07-06,0.03329638072336549
2020-07-07,0.014776601886700824
2020-07-08,0.02228073603321956
2020-07-09,0.016303451478404396
2020-07-10,0.0008443592739928452
2020-07-13,-0.0163657256834161
2020-07-14,0.013378907093226422
2020-07-15,-0.011679052110407762
2020-07-16,0.004452809905095556
2020-07-17,-0.00886635337603181
2020-07-20,0.0058492205381157625
2020-07-21,-0.03215333393860964
2020-07-22,-0.004417782611601195
2020-07-23,-0.02112174182539084
2020-07-24,-0.0005438975897416043
2020-07-27,0.0382799799712612
2020-07-28,-0.01537634271029098
2020-07-29,-0.03229830191530758
2020-07-30,0.0034845116919055563
2020-07-31,0.0102337012671887
2020-08-03,0.02333583369351122
2020-08-04,-0.004242547081476533
2020-08-05,0.0058584304469990744
2020-08-06,-0.027885563287981863
2020-08-07,0.002360161364429736
2020-08-10,-0.015214765033914057
2020-08-11,-0.0014715326796027606
2020-08-12,0.02210383329389365
2020-08-13,0.014236724989445504
2020-08-14,0.00017756045390138198
2020-08-17,0.01883100080863609
2020-08-18,-0.005579770323865585
2020-08-19,0.011923715822933056
2020-08-20,-0.0008665242644816384
2020-08-21,0.00953873483079093
2020-08-24,0.009792025153212425
2020-08-25,-0.012419190188707407
2020-08-26,0.009130071083172764
2020-08-27,-0.03875040782987915
2020-08-28,-0.0362280860666675
2020-08-31,0.01238239526414242
2020-09-01,-0.020628004797453414
2020-09-02,0.026840617682906576
2020-09-03,-0.035033453290008953
2020-09-04,-0.011662867919875919
2020-09-08,-0.019223659130235382
2020-09-09,0.03706577481352036
2020-09-10,-0.020958029683627366
2020-09-11,0.008600882699638879
2020-09-14,-0.008906735689387713
2020-09-15,-0.009942339569965819
2020-09-16,-0.02626503811921288
2020-09-17,-0.03530334932417967
2020-09-18,-0.0006167509980415931
2020-09-21,0.03147473634519504
2020-09-22,0.015556386160467506
2020-09-23,-0.004713246546099725
2020-09-24,0.021705047825063106
2020-09-25,0.013518525758026367
2020-09-28,0.029725661265150638
2020-09-29,-0.025721736827662434
2020-09-30,-0.010446180073267475
2020-10-01,0.0053742457855390224
2020-10-02,-0.013363833745301701
2020-10-05,0.001741334423215779
2020-10-06,-0.04075716009198649
2020-10-07,0.025775109297970333
2020-10-08,0.022379498578063428
2020-10-09,0.06470822681096511
2020-10-12,-0.0012625961319434609
2020-10-13,0.03990617203426572
2020-10-14,-0.019621500105484246
2020-10-15,-0.018774198857115953
2020-10-16,0.007761514404287961
2020-10-19,-0.02704627825768957
2020-10-20,-0.0022092698000966138
2020-10-21,-0.02546113504112013
2020-10-22,-0.01003403420005966
2020-10-23,0.02868634762220723
2020-10-26,-0.008366140328107785
2020-10-27,0.003937080435594487
2020-10-28,-0.005602321612487082
2020-10-29,-0.07455385561663785
2020-10-30,-0.033482202229380364
2020-11-02,0.005038896230995515
2020-11-03,0.021934287170544575
2020-11-04,-0.022485677022940576
2020-11-05,0.03324971576416558
2020-11-06,0.025905691355587956
2020-11-09,-0.04675475437369159
2020-11-10,-0.03683781478944903
2020-11-11,0.025139796506163492
2020-11-12,-0.02347535968836778
2020-11-13,0.04464476340917001
2020-11-16,-0.002465484033203902
2020-11-17,-0.0045315105220190555
2020-11-18,0.0041382765952462375
2020-11-19,0.025757380073564207
2020-11-20,-0.015869788572252297
2020-11-23,0.018575163797147187
2020-11-24,0.012625232559463795
2020-11-25,-0.0015830436682481297
2020-11-27,0.01764097010165755
2020-11-30,-0.014654111201638398
2020-12-01,0.0017845932629554362
2020-12-02,0.01642905201329925
2020-12-03,-0.020642410543809997
2020-12-04,0.013521530523717962
2020-12-07,-0.018442271004945998
2020-12-08,-0.002798219718972983
2020-12-09,-0.007817298912076387
2020-12-10,0.00202011696328519
2020-12-11,-0.009475541685813882
2020-12-14,0.008955722099913244
2020-12-15,0.05063539815523188
2020-12-16,0.030145898421185757
2020-12-17,-0.011183589201606337
2020-12-18,0.00018855583766619333
2020-12-21,-0.028081418320992646
2020-12-22,0.0009695952661428198
2020-12-23,-0.009492460912701173
2020-12-24,-0.019753609810058914
2020-12-28,0.002394202431263537
2020-12-29,0.012340706008157731
2020-12-30,-0.006094972129720544
2020-12-31,-0.005934876609030804
2021-01-04,0.024875645636269983
2021-01-05,0.010291102140682185
2021-01-06,0.022871669699204178
2021-01-07,-0.0030064016861272025
2021-01-08,0.02676208801614144
2021-01-11,-0.010095402563721878
2021-01-12,0.03912489144604825
2021-01-13,-0.005888727004135452
2021-01-14,-0.007898022321256248
2021-01-15,0.002713760445849145
2021-01-19,0.02814875468084521
2021-01-20,-0.014215409968574289
2021-01-21,0.004094790174211438
2021-01-22,0.0010636968789425882
2021-01-25,0.013992071911181458
2021-01-26,0.033537198434991033
2021-01-27,-0.013858252770913237
2021-01-28,-0.032733598510983675
2021-01-29,0.001240173655083332
2021-02-01,0.03468441195853411
2021-02-02,-0.019497216830236752
2021-02-03,0.012384480637293693
2021-02-04,0.053066631062539615
2021-02-05,0.01816109700108104
2021-02-08,0.025871725292680336
2021-02-09,-0.025219259537832772
2021-02-10,0.001446200113189633
2021-02-11,-0.0001603757503637615
2021-02-12,0.011234009625415764
2021-02-16,-0.0022217892323647126
2021-02-17,0.002862956416868734
2021-02-18,-0.00396507153485659
2021-02-19,-0.013057341721683824
2021-02-22,-0.00677626793742514
2021-02-23,-0.003086638892671023
2021-02-24,-0.03242606553307714
2021-02-25,-0.0404177556674058
2021-02-26,-0.006689946204803232
2021-03-01,0.03651173251932316
2021-03-02,-0.02547873602439854
2021-03-03,-0.04193712552198536
2021-03-04,-0.023077173374479565
2021-03-05,0.007874128928544444
2021-03-08,-0.0050223930550475915
2021-03-09,0.05010292461257615
2021-03-10,-0.014776634723374427
2021-03-11,0.016263109956937916
2021-03-12,-0.007823651610579518
2021-03-15,0.03351258184489403
2021-03-16,-0.00433492855387585
2021-03-17,0.02751672051488696
2021-03-18,-0.0016950089214856634
2021-03-19,0.014091530105316386
2021-03-22,0.009375519097580609
2021-03-23,0.0003318030827672569
2021-03-24,-0.044271279375473926
2021-03-25,0.007807046494506142
2021-03-26,0.04716829237364473
2021-03-29,-0.01611069997328074
2021-03-30,0.007853147660843662
2021-03-31,0.015252069508817634
2021-04-01,0.030535558102270155
2021-04-05,0.009190236957952846
2021-04-06,-0.01837010404651518
2021-04-07,-0.012156347492849329
2021-04-08,0.006962601886261188
2021-04-09,0.004502196581445794
2021-04-12,0.0027212792077599968
2021-04-13,0.018837941949610526
2021-04-14,-0.01613917689842581
2021-04-15,0.025003878186029116
2021-04-16,0.008856367484778582
2021-04-19,-0.017557178101207715
2021-04-20,-0.03135287001152942
2021-04-21,-0.0001619074957833755
2021-04-22,-0.01683376686909599
2021-04-23,0.0027986505345389823
2021-04-26,0.010999925219376205
2021-04-27,0.0019487792300150186
2021-04-28,0.010048429975824114
2021-04-29,-0.10028880950478536
2021-04-30,-0.004993608475217681
2021-05-03,0.0423014197164675
2021-05-04,-0.007910617360613381
2021-05-05,0.009533707337306296
2021-05-06,0.009958791330318073
2021-05-07,0.016320931125337168
2021-05-10,0.027768536025812418
2021-05-11,-0.016438700442236942
2021-05-12,-0.03557844821229528
2021-05-13,0.007893042889121293
2021-05-14,0.0360911270730786
2021-05-17,0.013637712702139648
2021-05-18,-0.006483992580673559
2021-05-19,-0.024473692829809823
2021-05-20,-0.0053522105160977995
2021-05-21,0.026063658162715386
2021-05-24,-0.0008192800482003104
2021-05-25,0.005412506820818619
2021-05-26,0.002283747680915438
2021-05-27,-0.031412737572535376
2021-05-28,0.026125030399487548
2021-06-01,0.008048623452030723
2021-06-02,0.03324096940539478
2021-06-03,0.010408291999133956
2021-06-04,0.018105408268236367
2021-06-07,0.0033726079743920945
2021-06-08,0.005347569071302072
2021-06-09,0.002431660527349333
2021-06-10,0.011977035821638449
2021-06-11,0.005692799158550477
2021-06-14,-0.018471538938007237
2021-06-15,0.0010622968627003182
2021-06-16,0.001970752416712074
2021-06-17,-0.011499239577346998
2021-06-18,-0.03168538906002971
2021-06-21,0.01802072952002165
2021-06-22,0.007608699952663001
2021-06-23,0.006318617273492366
2021-06-24,0.019448612260446474
2021-06-25,0.01997882786267091
2021-06-28,0.013549644909739422
2021-06-29,0.024266295492772594
2021-06-30,-0.003972478439897675
2021-07-01,-0.0058393697446872395
2021-07-02,0.004011159274958098
2021-07-06,-0.015125307692415935
2021-07-07,0.015212432217179384
2021-07-08,-0.02026520814347843
2021-07-09,0.011799139144501147
2021-07-12,-0.007054363183267132
2021-07-13,-0.003334932604199259
2021-07-14,-0.010328709004339687
2021-07-15,0.0016168985775810718
2021-07-16,0.000587129116538021
2021-07-19,0.005133084374320918
2021-07-20,0.015176028412813292
2021-07-21,0.004168437826443716
2021-07-22,0.031491581079356123
2021-07-23,0.020538660205667192
2021-07-26,-0.003807500755252491
2021-07-27,-0.013240480039204416
2021-07-28,0.008299815264046995
2021-07-29,0.007134097970795894
2021-07-30,-0.07083507155891233
2021-08-02,0.0061574744570245254
2021-08-03,-0.009033699215457047
2021-08-04,-0.00014713833759183448
2021-08-05,-0.010588508817240383
2021-08-06,-0.026605034030966035
2021-08-09,-0.0021377584416421014
2021-08-10,0.029992169432058624
2021-08-11,0.010548203634803244
2021-08-12,0.012790276929330657
2021-08-13,0.07446685076462534
2021-08-16,0.016616959474397452
2021-08-17,-0.032026718258878595
2021-08-18,-0.00013698676509255048
2021-08-19,0.0
2021-08-20,0.007277205755225502
2021-08-23,-0.0021812932674796226
2021-08-24,-0.004918049353411225
2021-08-25,0.01812208522291936
2021-08-26,0.019957172802014034
2021-08-27,0.010179575000760721
2021-08-30,0.014919344559109815
2021-08-31,-0.008142683280589424
2021-09-01,-0.007688394297694967
2021-09-02,0.004464897204956797
2021-09-03,0.0005230543242140673
2021-09-07,-0.023781440517950614
2021-09-08,-0.010440645670786508
2021-09-09,-0.012579372544287093
2021-09-10,-0.006027431113307835
2021-09-13,0.0015160518416272861
2021-09-14,-0.017614082148196486
2021-09-15,0.03641987787676482
2021-09-16,0.009595778801577692
2021-09-17,-0.007897920581258489
2021-09-20,-0.016731864178207045
2021-09-21,-0.010292525169502409
2021-09-22,0.015113954145459019
2021-09-23,0.004097710640517116
2021-09-24,-0.007074128874618224
2021-09-27,0.009316622252580675
2021-09-28,-0.03271335021072996
2021-09-29,-0.01810310593270903
2021-09-30,-0.004287224593401029
2021-10-01,0.0034448297011455686
2021-10-04,-0.02059790423505825
2021-10-05,0.021907042407356636
2021-10-06,0.022438491124770144
2021-10-07,0.03676256175884807
2021-10-08,0.011864589669719594
2021-10-11,-0.007328324244722406
2021-10-12,0.002281726398440709
2021-10-13,0.0030802916245147305
2021-10-14,-0.002937156263873253
2021-10-15,0.002945808563949104
2021-10-18,-0.008678230414807087
2021-10-19,0.006329724835770989
2021-10-20,0.016729491886130488
2021-10-21,0.0031588348287201473
2021-10-22,0.05747277446569776
2021-10-25,-0.0002479676471920378
2021-10-26,-0.02569213567448969
2021-10-27,-0.010700383922692791
2021-10-28,-0.06760236378192441
2021-10-29,0.05952186277511928
2021-11-01,-0.005474269798976028
2021-11-02,-0.018348616951328167
2021-11-03,0.007343109621682942
2021-11-04,0.011000668726063312
2021-11-05,-0.009307703099073916
2021-11-08,-0.023951052289828523
2021-11-09,0.002711065920502742
2021-11-10,-0.009869977643676253
2021-11-11,0.0009556175339580086
2021-11-12,0.008322067013950774
2021-11-15,0.004058791060962852
2021-11-16,0.02263858725739132
2021-11-17,-0.03307420829166996
2021-11-18,0.01826098510377161
2021-11-19,-0.0012044487893616562
2021-11-22,-0.014203483829441255
2021-11-23,-0.0260972980925811
2021-11-24,0.014096320872726942
2021-11-26,-0.0026149893932165824
2021-11-29,-0.026493527478063217
2021-11-30,-0.04135338913912867
2021-12-01,-0.009635061329512973
2021-12-02,0.010028617427095599
2021-12-03,-0.006372397923878337
2021-12-06,-0.014616014958004575
2021-12-07,0.017557253514910887
2021-12-08,-0.0010410450598414833
2021-12-09,-0.00833850115478274
2021-12-10,0.004354505931766228
2021-12-13,-0.002990074537264742
2021-12-14,-0.012595534440966283
2021-12-15,-0.0036448697382468476
2021-12-16,-0.023929196818997966
2021-12-17,-0.00015613802524794274
2021-12-20,-0.003748089405629318
2021-12-21,-0.0012541916980369772
2021-12-22,0.003610096484707004
2021-12-23,0.014857460975923553
2021-12-27,0.011866530569234479
2021-12-28,0.006396496719380362
2021-12-29,0.005750570505139496
2021-12-30,0.0048148519408106605
2021-12-31,-0.004192792389933309
2022-01-03,0.00451147757778414
2022-01-04,-0.024850698917871727
2022-01-05,-0.009978281279095391
2022-01-06,0.035974489097711615
2022-01-07,-0.0073341070993635515
2022-01-10,-0.02638724749464061
2022-01-11,0.028806015902391735
2022-01-12,-0.031762968296562666
2022-01-13,-0.01616925616589393
2022-01-14,0.0026866783228127744
2022-01-18,-0.028999248080271434
2022-01-19,0.011037215188125726
2022-01-20,-0.0253652542513092
2022-01-21,-0.019271925384517608
2022-01-24,0.00201540352957319
2022-01-25,-0.024807219362645738
2022-01-26,-0.008078336491798344
2022-01-27,-0.017501317197909927
2022-01-28,0.014814820691832375
2022-01-31,0.0439693426201575
2022-02-01,0.0068254910468192875
2022-02-02,-0.032076670852513756
2022-02-03,-0.023061333556885222
2022-02-04,0.03671983079240193
2022-02-07,-0.00995099857281212
2022-02-08,0.01754669287727828
2022-02-09,0.014733046086599977
2022-02-10,-0.029698166277802418
2022-02-11,-0.007311495275260316
2022-02-14,-0.0034260050645779083
2022-02-15,0.030079036602578935
2022-02-16,-0.03804436315129134
2022-02-17,-0.03278414422983267
2022-02-18,-0.005379999404455216
2022-02-22,-0.005589688833305573
2022-02-23,-0.01015400561955182
2022-02-24,0.015570604786190767
2022-02-25,-0.015151667154753579
2022-02-28,-0.00018298352122159134
2022-03-01,-0.00439645365024921
2022-03-02,0.013615329049346148
2022-03-03,-0.01216191086684515
2022-03-04,0.022785822258577504
2022-03-07,-0.014552622738778886
2022-03-08,-0.028076445521683757
2022-03-09,-0.000565225816459014
2022-03-10,-0.013192683831063978
2022-03-11,-0.04392655901166853
2022-03-14,0.04055128074852887
2022-03-15,0.035515435544755336
2022-03-16,0.01538756471605951
2022-03-17,0.016432261250504343
2022-03-18,0.00628700989935016
2022-03-21,-0.012495533414783044
2022-03-22,0.0077730758357481555
2022-03-23,-0.002690555703853903
2022-03-24,0.029316444317346813
2022-03-25,0.0033198088188639563
2022-03-28,0.023685364797685793
2022-03-29,0.02432784787989628
2022-03-30,-0.014117227678302702
2022-03-31,-0.0353771405224218
2022-04-01,0.007858737470911814
2022-04-04,-0.0169815224865828
2022-04-05,-0.005816969561740826
2022-04-06,-0.04042562870896038
2022-04-07,0.004804191205304953
2022-04-08,0.011952753684644657
2022-04-11,-0.0025438443473954075
2022-04-12,-0.011841918889618719
2022-04-13,0.016224075606129595
2022-04-14,-0.017597916111888212
2022-04-18,0.007571660234918509
2022-04-19,0.011180214077865847
2022-04-20,-0.0056189890470462744
2022-04-21,-0.0016403747175316452
2022-04-22,-0.029213272430087533
2022-04-25,0.00865176673366208
2022-04-26,-0.00988268075689358
2022-04-27,-0.019585592858877954
2022-04-28,0.03284646036270411
2022-04-29,-0.034405638707580066
2022-05-02,0.023690289600453163
2022-05-03,0.0058325417762816745
2022-05-04,0.01795739925755413
2022-05-05,-0.11723627324202057
2022-05-06,0.01602826017051706
2022-05-09,0.00921949604838801
2022-05-10,-0.013601464064564972
2022-05-11,-0.041366457836431114
2022-05-12,-0.009016741892888924
2022-05-13,0.010615203036757004
2022-05-16,-0.03344052794400676
2022-05-17,0.04058563071115362
2022-05-18,-0.04219958073149521
2022-05-19,-0.007120654456403974
2022-05-20,-0.006947548455353392
2022-05-23,0.019860122865621888
2022-05-24,-0.022349972687772834
2022-05-25,0.014259885416112672
2022-05-26,0.037045257420135425
2022-05-27,0.05057015525786479
2022-05-31,0.001440136520570734
2022-06-01,-0.03492892267709269
2022-06-02,0.01703216299182153
2022-06-03,-0.014234947027929379
2022-06-06,0.012317062460932782
2022-06-07,-0.0033567001919937445
2022-06-08,0.003578276581638562
2022-06-09,-0.020763439761186553
2022-06-10,-0.05161705566734731
2022-06-13,-0.03048763906119112
2022-06-14,-0.008152754163475717
2022-06-15,0.021840953403953867
2022-06-16,-0.05584915309167615
2022-06-17,0.027507261452764276
2022-06-21,0.001895402556204795
2022-06-22,0.01986297390571723
2022-06-23,-0.003709943100606572
2022-06-24,0.06283457186548236
2022-06-27,-0.028246114899700192
2022-06-28,-0.03898145165548683
2022-06-29,0.0004688432642327989
2022-06-30,-0.02343564345805038
2022-07-01,0.029277494621412936
2022-07-05,0.024248064506980915
2022-07-06,-0.004780247513362257
2022-07-07,0.002287400896450409
2022-07-08,-0.015518014108698686
2022-07-11,-0.007186032357539673
2022-07-12,0.008638947994784596
2022-07-13,-0.016435224876428456
2022-07-14,-0.010826100618098633
2022-07-15,0.037592225404991186
2022-07-18,-0.0004587084317564383
2022-07-19,0.04106468822438547
2022-07-20,0.01784906531890207
2022-07-21,0.00995897613520036
2022-07-22,0.0006430504317016528
2022-07-25,-0.002570635588932779
2022-07-26,-0.019329847757268537
2022-07-27,0.03328945092469171
2022-07-28,0.021831223807811995
2022-07-29,0.008712065943057956
2022-08-01,0.006374443399239649
2022-08-02,-0.010420666466350537
2022-08-03,0.0423288821469503
2022-08-04,-0.05170353538428274
2022-08-05,-0.012325055140990027
2022-08-08,0.006979643414165793
2022-08-09,0.008191689310890427
2022-08-10,0.010416526769710277
2022-08-11,0.0014431059069870411
2022-08-12,0.01791245090844007
2022-08-15,-0.015372092449214336
2022-08-16,0.016844801982877966
2022-08-17,-0.018788206314631406
2022-08-18,-0.0006174634730746753
2022-08-19,-0.03028425963721637
2022-08-22,-0.03569157069509532
2022-08-23,0.0008812610983874869
2022-08-24,0.002201391391450258
2022-08-25,0.023281070553639482
2022-08-26,-0.04421546534002774
2022-08-29,-0.0015721279120489706
2022-08-30,-0.000224604630193026
2022-08-31,-0.0022609623793482525
2022-09-01,0.01450265731209921
2022-09-02,-0.01474211127456393
2022-09-06,-0.024257510728043608
2022-09-07,0.03763949240483799
2022-09-08,-0.00918070987697539
2022-09-09,0.019209042535539345
2022-09-12,0.009312717878266152
2022-09-13,-0.059973612163681134
2022-09-14,-0.005141359575273063
2022-09-15,0.002114101391764489
2022-09-16,-0.015470987276804515
2022-09-19,-0.015476556170883171
2022-09-20,-0.035066371422394216
2022-09-21,-0.02431058860833213
2022-09-22,-0.016183026692947133
2022-09-23,-0.002872152101136116
2022-09-26,-0.0015709393025434837
2022-09-27,-0.014686545119050654
2022-09-28,0.027681543486475446
2022-09-29,-0.02382811034710186
2022-09-30,-0.02334824103595079
2022-10-03,0.01113823542241188
2022-10-04,0.038957393088177916
2022-10-05,0.011637102268162947
2022-10-06,-0.005879547295586707
2022-10-07,-0.03445603041217982
2022-10-10,0.00026633942407938704
2022-10-11,-0.016240552919066564
2022-10-12,0.0048713012814025625
2022-10-13,0.022353946541367353
2022-10-14,-0.023182168367235745
2022-10-17,0.020765684641122606
2022-10-18,0.017173141772881984
2022-10-19,-0.017921959335661874
2022-10-20,-0.005025329911980458
2022-10-21,0.020999519250515464
2022-10-24,0.007029313787727309
2022-10-25,0.007497677509752165
2022-10-26,0.015396512608369495
2022-10-27,0.007075786215460678
2022-10-28,0.011794449401697715
2022-10-31,-0.011904903652437349
2022-11-01,-0.0007528882148842841
2022-11-02,-0.043958832449032315
2022-11-03,0.01996822374688212
2022-11-04,0.03220004508197527
2022-11-07,0.012727747760718389
2022-11-08,0.025135476831023684
2022-11-09,-0.024759585405198514
2022-11-10,0.10081360331861222
2022-11-11,0.04142389846341388
2022-11-14,-0.012900325312023342
2022-11-15,0.024177714727043664
2022-11-16,-0.03253931067252358
2022-11-17,-0.00043970296016404564
2022-11-18,0.004618468408199794
2022-11-21,-0.020796899024895565
2022-11-22,0.008942576214154174
2022-11-23,0.0022156053528166186
2022-11-25,-0.004200566854428822
2022-11-28,-0.015763620485030327
2022-11-29,-0.012632663166628477
2022-11-30,0.043398236776979404
2022-12-01,-0.00616185246729839
2022-12-02,0.0008858239108993082
2022-12-05,-0.02787627095720091
2022-12-06,-0.013427355761711723
2022-12-07,-0.004382930368686866
2022-12-08,0.01668212073893094
2022-12-09,-0.005469434150949248
2022-12-12,0.0018332631062307758
2022-12-13,0.0
2022-12-14,0.0006862041744790659
2022-12-15,-0.0333716661547061
2022-12-16,-0.03050348871235853
2022-12-19,0.008292688848774654
2022-12-20,-0.008950098559251218
2022-12-21,0.007566398754544235
2022-12-22,-0.0281006303716681
2022-12-23,0.0012461295446459797
2022-12-27,-0.002240341475205909
2022-12-28,-0.003992295229746534
2022-12-29,0.04759530302299009
2022-12-30,-0.008369182358123672
2023-01-03,0.016397504778455474
2023-01-04,0.022301044675798964
2023-01-05,0.00023214111049529862
2023-01-06,0.04663602966171698
2023-01-09,-0.035247273802512136
2023-01-10,0.036075247162025814
2023-01-11,0.03371027277945604
2023-01-12,-0.0038617696260907497
2023-01-13,-0.0036614718871458285
2023-01-17,0.011024695821913122
2023-01-18,-0.016891276040549186
2023-01-19,-0.009569329954844386
2023-01-20,0.024593727220562744
2023-01-23,0.0214316972881905
2023-01-24,-0.020352540536552555
2023-01-25,0.04797619953394627
2023-01-26,0.004700670645419347
2023-01-27,-0.0032547429789214766
2023-01-30,-0.0022449885882819265
2023-01-31,0.012476986455588923
2023-02-01,0.018181846195240325
2023-02-02,0.025000069687992843
2023-02-03,-0.01935746800762872
2023-02-06,-0.013422750192797817
2023-02-07,0.0038012800558204773
2023-02-08,-0.02013119323242818
2023-02-09,-0.015663282178157156
2023-02-10,-0.006406269947270116
2023-02-13,0.017678923145048042
2023-02-14,-0.002657150474784098
2023-02-15,0.017418255279106676
2023-02-16,-0.01993957532953028
2023-02-17,-0.008631398595254969
2023-02-21,-0.00725529048413065
2023-02-22,-0.0008352431190299381
2023-02-23,-0.05224662693687354
2023-02-24,-0.006174168828355975
2023-02-27,0.016196831491499752
2023-02-28,0.0021835266698930766
2023-03-01,-0.0032678915488169036
2023-03-02,-0.0037158057431401215
2023-03-03,0.010092048763308492
2023-03-06,-0.02801903507427439
2023-03-07,-0.01720686067832866
2023-03-08,0.006366771799904969
2023-03-09,-0.02408543694180776
2023-03-10,-0.02118735698613028
2023-03-13,-0.02259758002765655
2023-03-14,0.0017034896427789992
2023-03-15,-0.008503545333833351
2023-03-16,0.015682575624503814
2023-03-17,0.014716400974333688
2023-03-20,0.02330008437266584
2023-03-21,0.016496242710026587
2023-03-22,-0.02034277671361895
2023-03-23,-0.009566122165460267
2023-03-24,0.004947118532640404
2023-03-27,-0.0014066112224446758
2023-03-28,0.006338104377702214
2023-03-29,0.017728061230950054
2023-03-30,0.006417638295933781
2023-03-31,0.010475875707508742
2023-04-03,-0.0020284218340193005
2023-04-04,0.0011291714646914919
2023-04-05,-0.010827981663353636
2023-04-06,-0.0063851685030393845
2023-04-10,-0.003901854253335335
2023-04-11,0.0023041341154306227
2023-04-12,-0.016551738565660945
2023-04-13,0.019401645599157247
2023-04-14,-0.00183450418277753
2023-04-17,0.005743132562245901
2023-04-18,0.005938896701014107
2023-04-19,-0.007493126150210916
2023-04-20,-0.007549788296554283
2023-04-21,-0.006224232273685848
2023-04-24,0.01739744155107914
2023-04-25,0.003420134850667278
2023-04-26,-0.014769464112767916
2023-04-27,0.050737894438595
2023-04-28,0.01909569336576422
2023-05-01,-0.01658411302886642
2023-05-02,-0.011826423754003779
2023-05-03,-0.007757135233078083
2023-05-04,-0.008711175554468098
2023-05-05,0.028165766258387626
2023-05-08,0.012710932605658032
2023-05-09,-0.008656085241053324
2023-05-10,0.00021834395952224916
2023-05-11,-0.0008731851833784221
2023-05-12,-0.01900392910556481
2023-05-15,0.0048988540959835625
2023-05-16,-0.04653241161000643
2023-05-17,0.019753919863253255
2023-05-18,0.005469375354746786
2023-05-19,-0.014506025888264329
2023-05-22,0.014719548033095942
2023-05-23,-0.00770633756137773
2023-05-24,-0.010963920623621504
2023-05-25,0.007390460788662345
2023-05-26,0.01696454053343799
2023-05-30,-0.01668154577399461
2023-05-31,-0.019137642185165338
2023-06-01,0.01692508893395961
2023-06-02,0.026121331827769545
2023-06-05,0.020274736056794307
2023-06-06,-0.0024289303479687607
2023-06-07,-0.0026558425593763424
2023-06-08,0.012206024496949519
2023-06-09,0.004384904013445379
2023-06-12,-0.01506228979446722
2023-06-13,0.008865224990903364
2023-06-14,-0.009885717020707285
2023-06-15,0.01220322912911631
2023-06-16,-0.01227523329389213
2023-06-20,-0.004882480255582022
2023-06-21,-0.01650308782952037
2023-06-22,-0.0052155361389014665
2023-06-23,-0.011397236085216922
2023-06-26,0.0020752852739476246
2023-06-27,0.023239802259056308
2023-06-28,0.008320063424275492
2023-06-29,-0.005352491544190929
2023-06-30,0.002018052314358032
2023-07-03,0.01208330628627996
2023-07-05,-0.004421832095146683
2023-07-06,-0.026204831886023627
2023-07-07,0.009350046259714473
2023-07-10,0.03185713830995307
2023-07-11,0.026932485611978363
2023-07-12,-0.010447762962120577
2023-07-13,-0.006033183535555375
2023-07-14,0.008020836711731372
2023-07-17,0.014838699656423593
2023-07-18,0.01780038421677066
2023-07-19,0.020820430059906414
2023-07-20,-0.003875236455551656
2023-07-21,-0.010237604169536008
2023-07-24,0.012412048383271479
2023-07-25,-0.01287282749243479
2023-07-26,0.010142664827031522
2023-07-27,-0.10532785542111067
2023-07-28,0.030920695569309098
2023-07-31,-0.011108659037180169
2023-08-01,-0.021343309664511367
2023-08-02,0.004591264826224961
2023-08-03,-0.0034277110903053742
2023-08-04,-0.012841002830533355
2023-08-07,0.018582899827285893
2023-08-08,-0.007525541036842109
2023-08-09,0.0034466134198618548
2023-08-10,-0.008701575596403388
2023-08-11,0.027951058169530807
2023-08-14,-0.010561951842636308
2023-08-15,-0.010220255597873207
2023-08-16,-0.014915219047246131
2023-08-17,0.00046617857347874825
2023-08-18,0.0009312759210058363
2023-08-21,0.0011630348942777147
2023-08-22,0.005343800873803151
2023-08-23,0.014559743640068845
2023-08-24,-0.017312153283473908
2023-08-25,0.010431196410227495
2023-08-28,0.006423401922149852
2023-08-29,0.010257711488691035
2023-08-30,0.009702090928505047
2023-08-31,0.006292102467835736
2023-09-01,0.007146098943273671
2023-09-05,-0.017960083472759347
2023-09-06,-0.00383840749080655
2023-09-07,-0.02266534228557704
2023-09-08,0.00718911030950431
2023-09-11,0.0018420352963475217
2023-09-12,0.0
2023-09-13,0.004596802500387742
2023-09-14,0.014870570807314909
2023-09-15,0.004508632374989219
2023-09-18,-0.014586998680961916
2023-09-19,-0.006604473574376657
2023-09-20,0.001604850649553402
2023-09-21,0.005264244649856087
2023-09-22,-0.017987157421546662
2023-09-25,0.015998061706077538
2023-09-26,-0.007530859249940014
2023-09-27,-0.013796114159693729
2023-09-28,0.017719839280599503
2023-09-29,0.0100801295076407
2023-10-02,-0.012247789543310295
2023-10-03,-0.02388056428511043
2023-10-04,0.010115121578078146
2023-10-05,-0.007685011310028744
2023-10-06,0.009387326428603737
2023-10-09,0.007905190200489187
2023-10-10,0.0039217307030912085
2023-10-11,-0.010799666232197858
2023-10-12,-0.009756138252643876
2023-10-13,-0.019704331350026583
2023-10-16,0.016271654886916842
2023-10-17,0.0021192250142700875
2023-10-18,-0.015742584906849988
2023-10-19,-0.01790394329522993
2023-10-20,-0.009236800630795572
2023-10-23,-0.01447499800796559
2023-10-24,0.020413335913776587
2023-10-25,-0.0412296426659684
2023-10-26,-0.023918452572637472
2023-10-27,-0.009645413418582938
2023-10-30,0.017109571206881835
2023-10-31,0.015269175296836135
2023-11-01,-0.013255194457099773
2023-11-02,0.007233440077054398
2023-11-03,0.03975367500671556
2023-11-06,-0.004439938949987732
2023-11-07,0.010158714762618093
2023-11-08,-0.020113009421775296
2023-11-09,-0.0005007219424574272
2023-11-10,-0.0020033970086320574
2023-11-13,-0.0281055448070483
2023-11-14,0.041569936394411755
2023-11-15,0.006940965499727003
2023-11-16,-0.010832143789453963
2023-11-17,-0.0009956132907155135
2023-11-20,-0.01718965107205639
2023-11-21,0.023827706032861773
2023-11-22,0.030948091233116592
2023-11-24,-0.0038423447372586406
2023-11-27,-0.003134024102359745
2023-11-28,-0.0053205028180083325
2023-11-29,-0.01191347939571663
2023-11-30,0.015350309261912942
2023-12-01,0.017556767157821396
2023-12-04,-0.0026360237404732256
2023-12-05,-0.003363789246013993
2023-12-06,-0.00024110862312221037
2023-12-07,0.00024116677051022606
2023-12-08,-0.004580591077316787
2023-12-11,0.011382827076870772
2023-12-12,-0.0155648217578227
2023-12-13,0.02067610657664143
2023-12-14,0.016444312172922526
2023-12-15,-0.02110210141890234
2023-12-18,0.018443139625897276
2023-12-19,0.027046073285390104
2023-12-20,-0.015800307691478666
2023-12-21,0.017450037646228767
2023-12-22,0.0020578790939305147
2023-12-26,-0.0077588609596864755
2023-12-27,-0.002299819792125013
2023-12-28,0.0020744824643170734
2023-12-29,0.0034507041300451124
2024-01-02,0.005731276312669786
2024-01-03,-0.007294249897836669
2024-01-04,-0.02342134088885439
2024-01-05,0.006113319016173513
2024-01-08,0.0011686359021814141
2024-01-09,-0.016339973995931123
2024-01-10,0.00996674927073804
2024-01-11,-0.016212393608153963
2024-01-12,-0.015763072071747986
2024-01-16,-0.012375581785774914
2024-01-17,-0.0007372844688439129
2024-01-18,0.002950831655434971
2024-01-19,0.008335306048392388
2024-01-22,-0.0017019317516594468
2024-01-23,0.008524070788024085
2024-01-24,0.004829945129413815
2024-01-25,0.013217750398848427
2024-01-26,0.012571160121028546
2024-01-29,-0.0016397390124945899
2024-01-30,-0.01572015929972459
2024-01-31,-0.02097750155362066
2024-02-01,0.015339764437324321
2024-02-02,0.005755325312445825
2024-02-05,-0.014544535374611312
2024-02-06,0.032180127712340356
2024-02-07,-0.007501324812365762
2024-02-08,-0.007557834711386824
2024-02-09,0.009757295010281108
2024-02-12,0.024982326354585194
2024-02-13,-0.05426537583161717
2024-02-14,0.025528880917891295
2024-02-15,0.010431325087455479
2024-02-16,0.01947443458803133
2024-02-20,0.0032221154682845476
2024-02-21,0.004817560201732407
2024-02-22,0.010958950721613903
2024-02-23,-0.006097486984348421
2024-02-26,-0.0029539568781291603
2024-02-27,0.011622644936263749
2024-02-28,0.07884674717717832
2024-02-29,-0.012737639658444877
2024-03-01,0.016285895669097883
2024-03-04,0.017898104992475572
2024-03-05,0.024125838012883483
2024-03-06,0.00898387690968172
2024-03-07,0.004748811361512173
2024-03-08,-0.002771837916685116
2024-03-11,0.023426675087081517
2024-03-12,-0.012415136093663404
2024-03-13,0.02946375519563449
2024-03-14,-0.0030529096318948623
2024-03-15,-0.0009569650923892947
2024-03-18,-0.016283466633623678
2024-03-19,0.00915292048339067
2024-03-20,0.002894642321959351
2024-03-21,0.0005771824443754348
2024-03-22,-0.011153849039334363
2024-03-25,-0.0036950442494123603
2024-03-26,-0.0029279030247205684
2024-03-27,0.016444755880314466
2024-03-28,0.016563859956056026
2024-04-01,-0.009662701649368444
2024-04-02,-0.007843782629561091
2024-04-03,-0.0001928774509785125
2024-04-04,-0.008678902502179842
2024-04-05,0.012840498437213022
2024-04-08,-0.009220152958321015
2024-04-09,0.007367088548236866
2024-04-10,0.009622911430743564
2024-04-11,-0.010865447668193529
2024-04-12,-0.011177418054922339
2024-04-15,-0.008185634413468201
2024-04-16,-0.01257615024441594
2024-04-17,-0.015920385804580106
2024-04-18,0.010111274749417198
2024-04-19,0.008808778068480905
2024-04-22,0.010914787593179431
2024-04-23,0.006085504159382582
2024-04-24,-0.0013657557340313042
2024-04-25,0.0031262798603592934
2024-04-26,0.013245014996442706
2024-04-29,0.014033073937110396
2024-04-30,-0.022938346565297585
2024-05-01,-0.009313177389082772
2024-05-02,-0.03270664869240947
2024-05-03,0.005264183897470742
2024-05-06,-0.005438001564872175
2024-05-07,0.013973223748468211
2024-05-08,-0.007589263939959734
2024-05-09,0.013081003139393754
2024-05-10,0.01311080126238906
2024-05-13,0.01941181370686551
2024-05-14,0.0021158217499153142
2024-05-15,0.006141999653461516
2024-05-16,0.005341461163834715
2024-05-17,-0.02314991346708828
2024-05-20,-0.004662016320542972
2024-05-21,0.01814985236956712
2024-05-22,0.01207593639543214
2024-05-23,0.000189443672500067
2024-05-24,0.03029726828756596
2024-05-28,-0.02775215310579393
2024-05-29,-0.015312019519762576
2024-05-30,0.02418888931328289
2024-05-31,0.021477038721278596
2024-06-03,-0.011250438916590944
2024-06-04,0.0026114443222389205
2024-06-05,-0.013767437037323749
2024-06-06,0.0071685393505238615
2024-06-07,-0.005806378350383112
2024-06-10,0.0013187231039790692
2024-06-11,-0.0028222388271591514
2024-06-12,0.003584909501742173
2024-06-13,0.00940024251863858
2024-06-14,-0.029055615153493197
2024-06-17,0.019374644235791383
2024-06-18,0.026533642134196844
2024-06-20,-0.013015584447927053
2024-06-21,0.005757776588579233
2024-06-24,-0.0025854023576771246
2024-06-25,-0.0011108914433115569
2024-06-26,-0.004819312474203197
2024-06-27,-0.01192025422434273
2024-06-28,0.012629631201335645
2024-07-01,-0.019359639578426346
2024-07-02,0.010820056593229044
2024-07-03,-0.01201874926926949
2024-07-05,0.004941988353330373
2024-07-08,-0.0015130774379964462
2024-07-09,-0.002652081858524835
2024-07-10,0.0062678009749814745
2024-07-11,0.01963004592227202
2024-07-12,0.0031469669038926007
2024-07-15,-0.008673173307463755
2024-07-16,0.03164548410551071
2024-07-17,-0.015156863412507104
2024-07-18,-0.003481132045281554
2024-07-19,-0.014524878372385808
2024-07-22,0.0057837030196783434
2024-07-23,-0.012428084348775514
2024-07-24,0.007888705720350497
2024-07-25,-0.010063308069033772
2024-07-26,0.019954835921262015
2024-07-29,0.007936527267842663
2024-07-30,0.0144662218379088
2024-07-31,0.0037904957638046355
2024-08-01,0.011149167012687533
2024-08-02,-0.0005335163031717771
2024-08-05,-0.02740224996229068
2024-08-06,0.02305158760422743
2024-08-07,-0.014484936388025949
2024-08-08,0.015060833472844815
2024-08-09,0.010368167502648795
2024-08-12,-0.012561790866921552
2024-08-13,-0.0019710407715636258
2024-08-14,0.0010772554299520731
2024-08-15,0.0012554107612126053
2024-08-16,-0.0059108648998101865
2024-08-19,0.021261250046332503
2024-08-20,0.004587121095134927
2024-08-21,0.030558576495726575
2024-08-22,0.0057941085909190004
2024-08-23,-0.002372069283705258
2024-08-26,0.002038017772601375
2024-08-27,0.006271151361680216
2024-08-28,-0.026781193344640464
2024-08-29,0.014191762715651368
2024-08-30,0.013200725974354732
2024-09-03,-0.00507609401468978
2024-09-04,0.0025510618100756943
2024-09-05,0.002883737281571541
2024-09-06,0.0013532890976577505
2024-09-09,0.0038850238137100312
2024-09-10,0.013966064055144223
2024-09-11,0.007799490724011537
2024-09-12,0.040342539930005694
2024-09-13,0.0041151911061239055
2024-09-16,0.014501842861075254
2024-09-17,0.008079604078269575
2024-09-18,-0.026356361290774344
2024-09-19,0.0007915482076221725
2024-09-20,-0.007908854869145832
2024-09-23,0.011639013601528303
2024-09-24,0.031363217846702485
2024-09-25,-0.020476829959632292
2024-09-26,-0.0024959999267070154
2024-09-27,0.0009383949458399155
2024-09-30,0.01734366873899984
2024-10-01,0.011058151841486508
2024-10-02,-0.009570085076813228
2024-10-03,0.002760781238870802
2024-10-04,0.013918718127756913
2024-10-07,0.00724079519826093
2024-10-08,0.00599073487937174
2024-10-09,-0.0032752483211346828
2024-10-10,-0.013442855485812144
2024-10-11,0.004239203578170425
2024-10-14,0.00829187280436261
2024-10-15,0.001644782828818414
2024-10-16,-0.0010449297893461162
2024-10-17,-0.023311447951214426
2024-10-18,-0.006272953144610405
2024-10-21,-0.012163142218239664
2024-10-22,-0.013092300486593267
2024-10-23,0.005527467375952888
2024-10-24,-0.0012565193279882036
2024-10-25,-0.0077055976373696655
2024-10-28,-0.0017431909321252714
2024-10-29,-0.003492715249985734
2024-10-30,-0.0022302985270119535
2024-10-31,-0.08175000982389835
2024-11-01,0.010433003434336285
2024-11-04,0.03648254875599388
2024-11-05,0.021251784639943816
2024-11-06,-0.006990637714872072
2024-11-07,0.015389564764602959
2024-11-08,-0.0020960490966499545
2024-11-11,0.00872517430153752
2024-11-12,-0.014896740165346145
2024-11-13,0.006341503773937385
2024-11-14,0.006624660128778936
2024-11-15,-0.013964665546877253
2024-11-18,-0.00032560006450366163
2024-11-19,-0.005048035832328268
2024-11-20,-0.0045827046892527035
2024-11-21,0.009700808417641316
2024-11-22,0.029799687279348674
2024-11-25,0.027672299853729987
2024-11-26,0.001538762987697062
2024-11-27,-0.011983364820289277
2024-11-29,-0.01171141262561648
2024-12-02,-0.0018961284864126293
2024-12-03,-0.003640927038333852
2024-12-04,0.006037511547650087
2024-12-05,0.004737832463521663
2024-12-06,0.0
2024-12-09,0.023891858647743236
2024-12-10,-0.02932146507627864
2024-12-11,-0.0009489639219688595
2024-12-12,0.011556247971121536
2024-12-13,-0.000939074041806709
2024-12-16,-0.0031328275112203485
2024-12-17,0.00927101824260479
2024-12-18,-0.0018683787322051337
2024-12-19,-0.0024956947809751107
2024-12-20,0.01657553293066405
2024-12-23,-0.021227552646184145
2024-12-24,0.0023573145104507365
2024-12-26,0.0004704506445456502
2024-12-27,-0.01567156075470888
2024-12-30,-0.01194075562307051
2024-12-31,-0.0017725251167651779
