Date,ESS
2015-01-05,0.0039934584581216015
2015-01-06,0.014394948745968694
2015-01-07,0.015077299900274621
2015-01-08,0.0064376240904602255
2015-01-09,0.0080415051452849
2015-01-12,0.0064366294870752405
2015-01-13,0.0018014095569456323
2015-01-14,0.013486756012296874
2015-01-15,0.008117646269846901
2015-01-16,0.003960179522142004
2015-01-20,-0.009028518932050922
2015-01-21,-0.001238401755422669
2015-01-22,0.0132398901500419
2015-01-23,-0.004195503931819222
2015-01-26,0.009874676481596234
2015-01-27,-0.0035636385239781188
2015-01-28,-0.008635234054377161
2015-01-29,0.009722359356238108
2015-01-30,-0.015118294356173845
2015-02-02,0.001459817847288214
2015-02-03,0.008878485552672455
2015-02-04,-0.0010066575333729233
2015-02-05,0.010168368098807612
2015-02-06,-0.029417071663431993
2015-02-09,-0.007018331428588875
2015-02-10,0.009768956219247338
2015-02-11,-0.002229263868248399
2015-02-12,0.018722098108094665
2015-02-13,-0.00570216525743894
2015-02-17,-0.0021169934541063196
2015-02-18,0.007736260028855746
2015-02-19,-0.019345741707109676
2015-02-20,0.013464750153381999
2015-02-23,0.00847414456366935
2015-02-24,-0.023240278028895167
2015-02-25,-0.0035398268930283416
2015-02-26,-0.0091733912763875
2015-02-27,0.009485138326383646
2015-03-02,0.012273466680656542
2015-03-03,-0.007372391799475464
2015-03-04,-0.010111991725573533
2015-03-05,0.022374018257680817
2015-03-06,-0.030195774335098124
2015-03-09,0.012809938093679918
2015-03-10,0.0059863928626027185
2015-03-11,0.00035804272770256773
2015-03-12,0.023213017652293777
2015-03-13,-0.001136414195748392
2015-03-16,0.026694788939910286
2015-03-17,-0.008354283711275112
2015-03-18,0.017493777947978684
2015-03-19,-0.007941773104045313
2015-03-20,0.02431445799519416
2015-03-23,-0.0029101542651751577
2015-03-24,-0.00871368458377686
2015-03-25,-0.019473244138171197
2015-03-26,0.0008577668085438805
2015-03-27,0.002070163616299414
2015-03-30,0.007401729210350982
2015-03-31,-0.017899036707801685
2015-04-01,-0.012092267410830693
2015-04-02,0.008937878376908959
2015-04-06,0.007767743813510641
2015-04-07,-0.016238764204027367
2015-04-08,0.004270042881145741
2015-04-09,-0.02743825631721397
2015-04-10,0.0013518292517766817
2015-04-13,-0.0014847761158774953
2015-04-14,0.005228719765859813
2015-04-15,-0.006457019830140132
2015-04-16,0.007807529144524095
2015-04-17,-0.003806521398379892
2015-04-20,0.0030115143787754484
2015-04-21,0.009053416446913376
2015-04-22,0.007239616132943549
2015-04-23,0.004277199879098026
2015-04-24,-0.0032491299445696065
2015-04-27,0.004493058677871531
2015-04-28,0.006446476850334282
2015-04-29,-0.020392082732038408
2015-04-30,-0.012766125680742868
2015-05-01,0.012075362389591726
2015-05-04,0.005475702219099876
2015-05-05,-0.028955973543967617
2015-05-06,0.002461882505465862
2015-05-07,0.01969443441258978
2015-05-08,0.014496679924815847
2015-05-11,-0.02743579556186615
2015-05-12,0.005063311000130133
2015-05-13,-0.012549387822783586
2015-05-14,0.023277017279641488
2015-05-15,0.007389353294516621
2015-05-18,-0.006230642337732295
2015-05-19,-0.003735080310531491
2015-05-20,0.0008035234508041444
2015-05-21,-0.009008810048823923
2015-05-22,-0.0018000654084399104
2015-05-26,-0.010865283253284175
2015-05-27,0.020966219948683307
2015-05-28,0.004375159899765224
2015-05-29,-0.010490011067563643
2015-06-01,0.01635089575158477
2015-06-02,-0.01984455013538733
2015-06-03,-0.02254560646282444
2015-06-04,-0.0031830154824942225
2015-06-05,-0.007497272663968935
2015-06-08,-0.0026577956380732237
2015-06-09,-0.011127405603308937
2015-06-10,0.00926663827122809
2015-06-11,0.003747826820561073
2015-06-12,0.0004665686385281198
2015-06-15,-0.0017260122404317846
2015-06-16,0.011402239507352752
2015-06-17,0.007853805504869804
2015-06-18,0.017145280815564767
2015-06-19,-0.009780075161794688
2015-06-22,-0.009967595970041376
2015-06-23,-0.011125587849968865
2015-06-24,-0.00023238418201598776
2015-06-25,-0.008137698670939608
2015-06-26,0.010903601267051588
2015-06-29,-0.017182766669225025
2015-06-30,0.009548860242241552
2015-07-01,0.019812174418117
2015-07-02,0.007383302529562652
2015-07-06,0.006183801549893175
2015-07-07,0.012200208780073885
2015-07-08,-0.0030581242130870434
2015-07-09,-0.002932374733271792
2015-07-10,0.0036650496863603887
2015-07-13,-0.004508674365400256
2015-07-14,0.00475554930692379
2015-07-15,0.003380080470888336
2015-07-16,0.005165588901117291
2015-07-17,-0.0034852382972859752
2015-07-20,0.00820622484247302
2015-07-21,-0.005648712834518399
2015-07-22,0.003220879460408055
2015-07-23,-0.0084723356160602
2015-07-24,0.006476132824622116
2015-07-27,0.0022337291791205693
2015-07-28,-0.00887142880034375
2015-07-29,0.0010345305536336724
2015-07-30,0.005526685632034178
2015-07-31,0.005049484630012424
2015-08-03,0.007291873929263337
2015-08-04,-0.005473270776365502
2015-08-05,-0.003950079414872132
2015-08-06,0.007352189125387598
2015-08-07,0.0041141102134869545
2015-08-10,0.0005283612679891636
2015-08-11,0.004535158514909821
2015-08-12,0.0007889157112246359
2015-08-13,-0.001751958375729945
2015-08-14,0.002720204506407864
2015-08-17,0.011200876432781781
2015-08-18,0.0035480815020996204
2015-08-19,-0.01578045321324595
2015-08-20,-0.002891385384286349
2015-08-21,-0.020473667227966064
2015-08-24,-0.049742107571519534
2015-08-25,-0.011139038962229564
2015-08-26,0.02682526136078378
2015-08-27,0.02384750090822596
2015-08-28,0.0018614662551621475
2015-08-31,-0.027372486664830054
2015-09-01,-0.020687622772466607
2015-09-02,0.007802706270277238
2015-09-03,0.0016051015535596402
2015-09-04,-0.023519879636424434
2015-09-08,0.01588064475904738
2015-09-09,-0.013351752896342162
2015-09-10,0.004478655326354497
2015-09-11,0.028526362018651108
2015-09-14,-0.00941596908223774
2015-09-15,0.013410885047197008
2015-09-16,0.011051610555732116
2015-09-17,0.00835842692366473
2015-09-18,-0.00036427270728145444
2015-09-21,0.00979613789600231
2015-09-22,-0.009520811642387716
2015-09-23,0.006514345146634293
2015-09-24,-0.01384927128125124
2015-09-25,0.0027076924976621175
2015-09-28,-0.010090157002681344
2015-09-29,0.021270919483435735
2015-09-30,0.018229222427366132
2015-10-01,0.010115773194710354
2015-10-02,0.008640561842851113
2015-10-05,0.0036027067726558393
2015-10-06,-0.007529622443974815
2015-10-07,0.010100529151206628
2015-10-08,0.00240148062280765
2015-10-09,-0.004399610120140229
2015-10-12,0.008357006066078698
2015-10-13,-0.006508771198648899
2015-10-14,-0.011835478090626905
2015-10-15,0.021081911174605228
2015-10-16,0.010128636137351155
2015-10-19,0.017911371904790085
2015-10-20,-0.0014312185311242676
2015-10-21,-0.012309817977721571
2015-10-22,-0.009816939059364205
2015-10-23,-0.007500506298351528
2015-10-26,-0.0025623215754386752
2015-10-27,-0.01027625218610051
2015-10-28,-0.018081489019922237
2015-10-29,0.013710192815403532
2015-10-30,-0.025679270079998817
2015-11-02,0.025312872948466625
2015-11-03,-0.012786688872573504
2015-11-04,-0.005781629389891685
2015-11-05,0.007844061174546946
2015-11-06,-0.02164794921145352
2015-11-09,-0.011657862795158791
2015-11-10,0.00957503455633768
2015-11-11,0.01099601177400622
2015-11-12,-0.008111888455997862
2015-11-13,-0.005116998327852507
2015-11-16,0.014006775541767214
2015-11-17,0.006567046460428161
2015-11-18,0.006163985290316587
2015-11-19,0.010508900378067176
2015-11-20,0.010089957724028098
2015-11-23,0.007886329273939063
2015-11-24,-0.009563275280185968
2015-11-25,0.012069151649418242
2015-11-27,0.014007085808624531
2015-11-30,-0.013000875410971169
2015-12-01,0.01980125369789132
2015-12-02,-0.027362081040591235
2015-12-03,-0.005722597807831908
2015-12-04,0.025350332390208674
2015-12-07,-0.0035137644960009373
2015-12-08,-0.0026226178680825996
2015-12-09,-0.007458587111284887
2015-12-10,-0.003431566621633797
2015-12-11,0.006015043889615601
2015-12-14,0.0088815882620783
2015-12-15,0.009190156777693526
2015-12-16,0.022042526345719793
2015-12-17,-0.006453334302417346
2015-12-18,-0.013242512300662534
2015-12-21,-0.0015712920447431555
2015-12-22,-0.0030624422017324626
2015-12-23,0.01608471391351851
2015-12-24,0.0009239765784476717
2015-12-28,0.01032027344362163
2015-12-29,0.0143668810266806
2015-12-30,0.0017296202271970262
2015-12-31,-0.01586736790099441
2016-01-04,-0.00872970456188904
2016-01-05,0.01146125013196797
2016-01-06,-0.008290058657543842
2016-01-07,-0.009872106981368645
2016-01-08,-0.00861250373635336
2016-01-11,0.008644505013919446
2016-01-12,-0.0038610477276546096
2016-01-13,-0.004259467868894751
2016-01-14,-0.01261845310805021
2016-01-15,-0.002945941050963241
2016-01-19,0.009472380393869217
2016-01-20,-0.033788556607170506
2016-01-21,-0.01550229893496824
2016-01-22,0.017420852348200233
2016-01-25,-0.007738485122505523
2016-01-26,0.014387602992219417
2016-01-27,-0.02598070841001865
2016-01-28,-0.04382194298800701
2016-01-29,0.011054492782853753
2016-02-01,0.005255395732155721
2016-02-02,-0.027587423107053977
2016-02-03,0.009888952805515272
2016-02-04,0.00256667934564625
2016-02-05,-0.03992038892625438
2016-02-08,-0.021382594086827522
2016-02-09,-0.023615963584400768
2016-02-10,0.017054949006696907
2016-02-11,-0.02301935286787815
2016-02-12,0.01706008733132225
2016-02-16,0.015802264527341237
2016-02-17,0.014801591332529895
2016-02-18,0.002281969873754841
2016-02-19,0.02519432313715031
2016-02-22,0.011635889786121956
2016-02-23,-0.001718160119287493
2016-02-24,-0.008366319016127832
2016-02-25,0.01725960715711805
2016-02-26,-0.0048341558324142
2016-02-29,-0.0033337567710910454
2016-03-01,0.0349293565136386
2016-03-02,0.006509842873991589
2016-03-03,0.013990994070636198
2016-03-04,0.006514192119131845
2016-03-07,0.00305646283281491
2016-03-08,-0.005556210789810723
2016-03-09,0.0013967435382256088
2016-03-10,-0.0070645782875952134
2016-03-11,0.017038933380492782
2016-03-14,-0.014792638624220089
2016-03-15,0.0009494174456041726
2016-03-16,0.0031628485257986227
2016-03-17,0.01963811388389458
2016-03-18,-0.0013694708588338766
2016-03-21,0.0007961811950834008
2016-03-22,0.009856223383875484
2016-03-23,0.00013119120982563182
2016-03-24,-0.010064515988375655
2016-03-28,0.009106136956725575
2016-03-29,0.030881935704464514
2016-03-30,-0.005648923107322346
2016-03-31,0.0064989502569221536
2016-04-01,-0.004447210093129095
2016-04-04,0.004166502878597544
2016-04-05,-0.008255404952061562
2016-04-06,0.0023290193697635964
2016-04-07,-0.007745654455471929
2016-04-08,0.0035995026180841716
2016-04-11,-0.018536918863149232
2016-04-12,0.006647656767689192
2016-04-13,-0.024928566122673024
2016-04-14,-0.018210472040723125
2016-04-15,0.027319742958091364
2016-04-18,0.006981596414686875
2016-04-19,0.012497768661973607
2016-04-20,-0.02817648632689307
2016-04-21,-0.0022887374597031496
2016-04-22,0.009941479203016357
2016-04-25,0.013139729427174895
2016-04-26,-0.008924747572416125
2016-04-27,-0.0034598627484453415
2016-04-28,-0.0014244789434945115
2016-04-29,-0.017295744991108752
2016-05-02,0.0112495937340229
2016-05-03,0.0026463489889025915
2016-05-04,0.010692740683032831
2016-05-05,0.013102642828140887
2016-05-06,0.014374717486533184
2016-05-09,0.0058148485731499555
2016-05-10,0.011134341493685751
2016-05-11,-0.02333646538348355
2016-05-12,-0.002905327512369049
2016-05-13,-0.009480965991912393
2016-05-16,0.007639886517628591
2016-05-17,-0.02270241130149997
2016-05-18,-0.003388913636926394
2016-05-19,-0.009842308564474878
2016-05-20,0.006822654386584137
2016-05-23,-0.002962047934096268
2016-05-24,0.005941602676833968
2016-05-25,0.011230860637904128
2016-05-26,0.004778818658807804
2016-05-27,-0.0007925304077152084
2016-05-31,0.0014542308369793755
2016-06-01,-0.036526764737925044
2016-06-02,-0.004020158885672531
2016-06-03,-0.022058561483488726
2016-06-06,-0.015194328255024425
2016-06-07,-0.0038097806946768564
2016-06-08,-4.739301937284335e-05
2016-06-09,0.000334624369857206
2016-06-10,0.0003822858526949524
2016-06-13,0.009649201405675711
2016-06-14,0.004305650681341255
2016-06-15,0.019362083378932304
2016-06-16,0.005037385056075205
2016-06-17,0.002620945765985816
2016-06-20,0.002751832522502662
2016-06-21,0.005671174097549914
2016-06-22,0.0015465010565929305
2016-06-23,-0.008037400165465391
2016-06-24,-0.007095345856592994
2016-06-27,0.00760714631564019
2016-06-28,0.02894663996299096
2016-06-29,0.00577898567329993
2016-06-30,0.01590030281387156
2016-07-01,0.0024551419426033227
2016-07-05,0.011196567926236245
2016-07-06,-0.004974201974529913
2016-07-07,-0.00565055616603205
2016-07-08,0.011234384228284044
2016-07-11,0.0
2016-07-12,0.0031987792204599685
2016-07-13,0.009437187123266133
2016-07-14,-0.020148730504549794
2016-07-15,-0.012808070683734463
2016-07-18,-0.004280863588017048
2016-07-19,0.0042547410703897
2016-07-20,-0.0010591561607418143
2016-07-21,0.0003975707864480871
2016-07-22,0.0024292059903967544
2016-07-25,-0.0025994590327167444
2016-07-26,-0.016210309883977092
2016-07-27,-0.01759975688233195
2016-07-28,0.008135174344935825
2016-07-29,0.06024739995553152
2016-08-01,0.0031639896768111964
2016-08-02,-0.013255477722037834
2016-08-03,-0.00466513268711044
2016-08-04,-0.003992424152954088
2016-08-05,0.004792799398178671
2016-08-08,0.011231123856815017
2016-08-09,0.0016722008929401788
2016-08-10,-0.0037670766696676905
2016-08-11,-0.017317756453019584
2016-08-12,0.0032361153587840974
2016-08-15,0.009719929708841724
2016-08-16,-0.006690896718308137
2016-08-17,-0.008995990735456316
2016-08-18,-0.001929956955535106
2016-08-19,-0.013225558138242777
2016-08-22,-0.0024934225014092704
2016-08-23,0.0
2016-08-24,-0.0037498024809308195
2016-08-25,0.010484946901402115
2016-08-26,-0.015519953603908232
2016-08-29,0.015224463467932603
2016-08-30,0.0015526849403086906
2016-08-31,0.005979681970071038
2016-09-01,-0.001056777675925269
2016-09-02,-0.004275507447615956
2016-09-06,0.018150489931702873
2016-09-07,-0.00030462422057919714
2016-09-08,-0.013439143004670306
2016-09-09,-0.03024299086665516
2016-09-12,0.02295760707993577
2016-09-13,-0.0267530330267306
2016-09-14,0.009223603717657847
2016-09-15,0.004252758479108998
2016-09-16,4.5078962855660265e-05
2016-09-19,0.01378616628630902
2016-09-20,0.004487948589133595
2016-09-21,0.018536291014636275
2016-09-22,0.004126627528050486
2016-09-23,-0.0011247774541776057
2016-09-26,-0.00025971317068307354
2016-09-27,-0.011478741240047996
2016-09-28,0.0035301440336781287
2016-09-29,-0.007827413781673287
2016-09-30,-0.012985677429231401
2016-10-03,-0.021553747835665882
2016-10-04,-0.0012390433294982017
2016-10-05,-0.019804380776417774
2016-10-06,-0.00398447926600165
2016-10-07,-0.0009413650271034024
2016-10-10,0.0002356587259630949
2016-10-11,-0.009655042267425307
2016-10-12,0.00651529440867038
2016-10-13,-0.014505910252636589
2016-10-14,0.0007193229791349065
2016-10-17,-0.006947224225395066
2016-10-18,0.0020743585133786713
2016-10-19,0.0041889433456197
2016-10-20,-0.005130241881119213
2016-10-21,-0.003999982374618627
2016-10-24,-0.006386742819166291
2016-10-25,-0.0035551554701515053
2016-10-26,0.013977141835802565
2016-10-27,-0.00785609565471923
2016-10-28,0.016565432917152734
2016-10-31,0.023081281905489748
2016-11-01,-0.0037367776399972463
2016-11-02,0.01003361558434035
2016-11-03,0.013554104372036191
2016-11-04,0.008151823952464055
2016-11-07,-0.00045402706034503026
2016-11-08,0.012270855278169623
2016-11-09,-0.02671399084173587
2016-11-10,-0.01554547406624196
2016-11-11,0.008996974318840945
2016-11-14,0.022476959863535484
2016-11-15,-0.024435942432573743
2016-11-16,0.002188370307369736
2016-11-17,-0.011939057646200513
2016-11-18,0.0012223940371320907
2016-11-21,-0.012350227020338833
2016-11-22,0.01882838539052778
2016-11-23,-0.012507019090598925
2016-11-25,0.005812564526437303
2016-11-28,0.011887498365134919
2016-11-29,0.0023684381837068003
2016-11-30,0.0002316345606669934
2016-12-01,-0.017089749603720006
2016-12-02,0.010696249993896734
2016-12-05,-0.002424536583023218
2016-12-06,0.0008880998887810243
2016-12-07,0.016295212538372184
2016-12-08,0.007167360351944652
2016-12-09,-0.0021439616689460372
2016-12-12,0.0008684554682043544
2016-12-13,0.00027404531909613894
2016-12-14,0.003516059638116298
2016-12-15,0.0077805629411744626
2016-12-16,0.024923492736500075
2016-12-19,0.008722480997611859
2016-12-20,0.00275135251687475
2016-12-21,-0.00884110478812139
2016-12-22,0.008832027209421778
2016-12-23,0.00470390854595748
2016-12-27,-0.005982697820513749
2016-12-28,-0.0006146220499736454
2016-12-29,0.008657349215041465
2016-12-30,0.01298374445286199
2017-01-03,-0.013978618261908271
2017-01-04,0.007764534376126564
2017-01-05,0.007488126965684572
2017-01-06,0.004210286340385672
2017-01-09,-0.01287743180937917
2017-01-10,-0.002730494388691884
2017-01-11,-0.014037085403544425
2017-01-12,0.006875898896049781
2017-01-13,-0.001882497297437613
2017-01-17,0.0069297853606304916
2017-01-18,-0.007317646130356792
2017-01-19,-0.005397155690186617
2017-01-20,0.00824990602550324
2017-01-23,0.011245229808757973
2017-01-24,-0.01903847312276674
2017-01-25,-0.0037933810555573766
2017-01-26,-0.0020809752550298155
2017-01-27,0.00013320805092265076
2017-01-30,-0.009626938241229177
2017-01-31,0.004748278086032842
2017-02-01,-0.011502415811360134
2017-02-02,0.0208369259093808
2017-02-03,-0.014403004579394918
2017-02-06,0.00040338255263727696
2017-02-07,0.0035398367700747446
2017-02-08,0.018351339751764728
2017-02-09,-0.00666465082859613
2017-02-10,0.008078206831520163
2017-02-13,-0.007312715364388378
2017-02-14,-0.003043408688928717
2017-02-15,-0.0026106439466402342
2017-02-16,0.010868281062549778
2017-02-17,0.0009655224804709928
2017-02-21,0.01258205437658133
2017-02-22,-0.00636450483037776
2017-02-23,0.009063188864685046
2017-02-24,0.003325118914494496
2017-02-27,0.00847867522870449
2017-02-28,0.0016215485478650038
2017-03-01,-0.008862298840258687
2017-03-02,-0.0037827863747873502
2017-03-03,-0.005135420777750199
2017-03-06,0.0037736063713738055
2017-03-07,0.009851999000859202
2017-03-08,-0.013221609592660055
2017-03-09,-0.02029421213762872
2017-03-10,-0.007435954796296218
2017-03-13,-0.0009363453416526557
2017-03-14,0.0047759913876717075
2017-03-15,0.03118485379060809
2017-03-16,0.003575387082261683
2017-03-17,0.0008154209923747491
2017-03-20,-0.00017134552448083706
2017-03-21,0.0021019389770373653
2017-03-22,0.007320064782024849
2017-03-23,0.006204934142777452
2017-03-24,-0.0005069441722297396
2017-03-27,-0.013479669446966436
2017-03-28,-0.0019704489693903593
2017-03-29,0.0032430254948685455
2017-03-30,0.002456925474325189
2017-03-31,-0.004471640163067558
2017-04-03,-0.0028506811320283543
2017-04-04,0.00043307469415232447
2017-04-05,0.0017318956818956899
2017-04-06,0.003716757205501242
2017-04-07,0.00512438366067669
2017-04-10,0.007925686289144362
2017-04-11,0.006460596024348009
2017-04-12,-0.008615098697900003
2017-04-13,-0.005026465610316944
2017-04-17,0.01078881524935138
2017-04-18,0.0036004653149124266
2017-04-19,-0.007259357721575044
2017-04-20,-0.0006802924363586982
2017-04-21,0.0018293761311138912
2017-04-24,-0.00526552006981007
2017-04-25,0.01771613560631846
2017-04-26,0.011031712719703046
2017-04-27,0.0017009846170308318
2017-04-28,0.012549688845480356
2017-05-01,0.014357803154956938
2017-05-02,0.002298599223216291
2017-05-03,-0.004063778440608012
2017-05-04,0.01191733727541644
2017-05-05,-0.00047925600920684097
2017-05-08,-0.0020367949169225463
2017-05-09,0.002281304340264745
2017-05-10,0.003474019140929041
2017-05-11,0.00011952741727871974
2017-05-12,0.005331321475824602
2017-05-15,0.0049870679082426594
2017-05-16,0.001575142059691892
2017-05-17,-0.002319944475654312
2017-05-18,0.008434119074094415
2017-05-19,-0.005197860940805099
2017-05-22,0.0001570990932620031
2017-05-23,-0.010448398301079354
2017-05-24,0.019449989233663256
2017-05-25,-0.0021023612267329073
2017-05-26,3.891046023341005e-05
2017-05-30,-0.004331003249990806
2017-05-31,0.006779125025110577
2017-06-01,0.006111267817613841
2017-06-02,0.016015752126954608
2017-06-05,0.013326656102857104
2017-06-06,-0.01288826185101577
2017-06-07,0.0033496420952814354
2017-06-08,0.007967387741898424
2017-06-09,0.00207031753461262
2017-06-12,-0.013484469873557003
2017-06-13,-0.0012567359997414096
2017-06-14,0.0007624870421862884
2017-06-15,0.004799977908689801
2017-06-16,0.009591447896398986
2017-06-19,0.007848484463387706
2017-06-20,-0.0047318990926118465
2017-06-21,-0.0023586442102567773
2017-06-22,-0.009606566886935508
2017-06-23,0.007047651101627528
2017-06-26,-0.0010913864774608761
2017-06-27,-0.018756817776076185
2017-06-28,0.005680541614196732
2017-06-29,-0.00023059131194302918
2017-06-30,-0.011184232203430122
2017-07-03,0.015430974625184835
2017-07-05,-0.0058183969429033144
2017-07-06,-0.021908218892414566
2017-07-07,0.006731606880359564
2017-07-10,-0.01036195563450637
2017-07-11,-0.00537366104471404
2017-07-12,0.009017526199222248
2017-07-13,-0.006850646846308539
2017-07-14,0.004995051469136591
2017-07-17,0.01688221045477989
2017-07-18,0.00391780592992208
2017-07-19,0.01808281060509409
2017-07-20,0.0025807813317746398
2017-07-21,0.00257421333797736
2017-07-24,-0.00789131305945956
2017-07-25,-0.004985598144983894
2017-07-26,0.02176325178368077
2017-07-27,-0.011604420274866634
2017-07-28,0.0023483587666046635
2017-07-31,-0.011184447410363063
2017-08-01,0.0057317093654807305
2017-08-02,0.0009881678313434783
2017-08-03,-0.000721444616593292
2017-08-04,-0.004823705490065389
2017-08-07,-0.0018702205842998643
2017-08-08,0.00451207550453292
2017-08-09,0.007499547018152919
2017-08-10,-0.008048337976234277
2017-08-11,-0.012912604897110214
2017-08-14,0.0166705888511407
2017-08-15,0.006148737479470645
2017-08-16,-0.008978479172872644
2017-08-17,-0.00034268581941698795
2017-08-18,-0.007044206249426699
2017-08-21,0.01319193589761869
2017-08-22,0.0038984862282547272
2017-08-23,0.007276841781373555
2017-08-24,-0.0028073213559153265
2017-08-25,-0.002852704181990129
2017-08-28,0.0015811168658530494
2017-08-29,-0.00537472678578077
2017-08-30,0.006461420541453267
2017-08-31,-0.0014264870765587911
2017-09-01,-0.0007520283676826223
2017-09-05,0.0012041808800922205
2017-09-06,-0.012477023621847105
2017-09-07,0.012482444492653677
2017-09-08,0.001991946834965841
2017-09-11,0.010540941494286526
2017-09-12,-0.017817997312123746
2017-09-13,-0.012887921815935455
2017-09-14,0.003752261630366016
2017-09-15,-0.0006485443979398209
2017-09-18,-0.00694707159731478
2017-09-19,-0.01060814517662989
2017-09-20,-0.0049725398380015
2017-09-21,-0.0033577375940262444
2017-09-22,-0.0010575909009625795
2017-09-25,0.002235047009776281
2017-09-26,-0.0025823089577792224
2017-09-27,-0.01369100576429727
2017-09-28,0.013538022163195995
2017-09-29,0.003872629561837204
2017-10-02,-0.006495496795599465
2017-10-03,0.005190598335749641
2017-10-04,0.015294248265784516
2017-10-05,-0.0019412152418447626
2017-10-06,-0.00023326982441984612
2017-10-09,0.002295815341837981
2017-10-10,0.004347633395615169
2017-10-11,-0.0016233908760149296
2017-10-12,0.010840127259220012
2017-10-13,0.0027574694734944227
2017-10-16,-0.0030554967747240536
2017-10-17,0.0013791952192339085
2017-10-18,-0.0006502594727993971
2017-10-19,-0.004862084782466303
2017-10-20,-0.002308234440389745
2017-10-23,0.00115682543763862
2017-10-24,-0.008088345098058336
2017-10-25,0.000349649679245001
2017-10-26,0.007840639395295224
2017-10-27,0.010591306956734936
2017-10-30,-0.006097861612136102
2017-10-31,0.00625008898945234
2017-11-01,0.00038121869105078865
2017-11-02,-0.03310109798800753
2017-11-03,0.0005516112510954851
2017-11-06,-0.000669283295269163
2017-11-07,0.00468850985511593
2017-11-08,0.014862776421568968
2017-11-09,-0.007109801799763726
2017-11-10,-0.002218788675445227
2017-11-13,0.008776246845540348
2017-11-14,-0.006998498237965167
2017-11-15,-0.01818384019952146
2017-11-16,0.007099000288425028
2017-11-17,-0.012168546246659417
2017-11-20,-0.002551168647838109
2017-11-21,0.007593429632082094
2017-11-22,-0.008488110917604597
2017-11-24,0.0016000933032183084
2017-11-27,-0.011023637079964121
2017-11-28,-0.0033924618393911254
2017-11-29,0.003687517213949887
2017-11-30,-0.0027855817395986415
2017-12-01,0.00020224491050968574
2017-12-04,-0.0030760755630570014
2017-12-05,-0.01335905427808537
2017-12-06,-0.004238860483231854
2017-12-07,-0.005579356047928252
2017-12-08,0.015377494954904591
2017-12-11,0.0198520392505237
2017-12-12,-4.027110061000094e-05
2017-12-13,-0.004696132399587549
2017-12-14,0.004113260627841564
2017-12-15,0.0031727532703424988
2017-12-18,0.00032024929153751103
2017-12-19,-0.028214732000005016
2017-12-20,-0.01037790725340726
2017-12-21,-0.011360817390323685
2017-12-22,0.007661051056796042
2017-12-26,0.004887429467053561
2017-12-27,0.002785098377113604
2017-12-28,0.005971412646975205
2017-12-29,0.0019093351496082267
2018-01-02,-0.005344691581481209
2018-01-03,0.01024656106609001
2018-01-04,-0.01574984386463818
2018-01-05,0.002722710793851668
2018-01-08,-0.005054880187125632
2018-01-09,-0.007935727727268804
2018-01-10,-0.017141466667120353
2018-01-11,0.0009473285655323682
2018-01-12,-0.022973520741319753
2018-01-16,0.002201669241569393
2018-01-17,-0.001054520974370532
2018-01-18,-0.012139361648362379
2018-01-19,-0.004318950712364988
2018-01-22,0.013281102240207732
2018-01-23,0.023080055603206917
2018-01-24,-0.0012075732784341264
2018-01-25,-0.0012523914757777144
2018-01-26,-0.006183493234888537
2018-01-29,-0.009093761805842093
2018-01-30,-0.0043472252536850275
2018-01-31,0.02747553467432673
2018-02-01,-0.02493793521831389
2018-02-02,-0.007879338841263128
2018-02-05,-0.03278924429125851
2018-02-06,0.0038073867278385354
2018-02-07,-0.0046156599265497755
2018-02-08,0.0021579249998175953
2018-02-09,0.0442551260287698
2018-02-12,-0.00039494154804875503
2018-02-13,0.0018874494251850393
2018-02-14,-0.015419977209799929
2018-02-15,0.021400537360251937
2018-02-16,0.00043569880801652694
2018-02-20,-0.018417653271269763
2018-02-21,-0.023465320415074875
2018-02-22,0.0065409734263881525
2018-02-23,0.025633270254449725
2018-02-26,-0.0007043798032464466
2018-02-27,-0.023248485128957608
2018-02-28,0.009015809023782184
2018-03-01,0.0006256734070668735
2018-03-02,-0.007813751007591185
2018-03-05,0.015705570929816615
2018-03-06,0.019228059396833252
2018-03-07,0.006215590168249241
2018-03-08,0.011534655469861432
2018-03-09,0.014392773390214275
2018-03-12,0.005136271009128279
2018-03-13,-0.0028901173886375364
2018-03-14,0.002604345138621733
2018-03-15,0.012737401875972498
2018-03-16,0.008108869581103573
2018-03-19,-0.006894587100924943
2018-03-20,-0.010455125780445496
2018-03-21,-0.011150097350958288
2018-03-22,-0.013471779510751847
2018-03-23,-0.01896391324781943
2018-03-26,0.015098098925554027
2018-03-27,0.005673868024850259
2018-03-28,0.032487634524546616
2018-03-29,0.004381744013184585
2018-04-02,-0.015290091288904128
2018-04-03,0.013080246006659912
2018-04-04,0.00920441534527261
2018-04-05,-0.003342865262620398
2018-04-06,0.003644055372887367
2018-04-09,-0.004126009833081645
2018-04-10,0.002361593640524351
2018-04-11,-0.0030584808947252684
2018-04-12,-0.003938440138669619
2018-04-13,0.011362564495805527
2018-04-16,-0.002222100182078246
2018-04-17,0.015425745686692416
2018-04-18,-0.003655624885872788
2018-04-19,-0.020588086480954892
2018-04-20,-0.003538147105980105
2018-04-23,-0.008646811044547897
2018-04-24,0.0013061624226702317
2018-04-25,-0.004124086551543615
2018-04-26,0.004774928800221234
2018-04-27,0.014341057303853821
2018-04-30,-0.006219390192796048
2018-05-01,0.0048813916856054185
2018-05-02,-0.002366530720237181
2018-05-03,-0.007740434838643617
2018-05-04,0.01149195532124625
2018-05-07,0.0018658182135540269
2018-05-08,-0.0006622703167481481
2018-05-09,0.010105227845967901
2018-05-10,4.099499151277719e-05
2018-05-11,-0.00606772780856224
2018-05-14,-0.0015263328933484699
2018-05-15,-0.03420645656119392
2018-05-16,-0.015612987949038315
2018-05-17,-0.011862646281851852
2018-05-18,0.006464294922474245
2018-05-21,0.01708422602304216
2018-05-22,-0.0008594843745574066
2018-05-23,0.015048520465378967
2018-05-24,-0.012410890964695054
2018-05-25,0.004503360103191412
2018-05-29,0.0008541904253260846
2018-05-30,0.029436949501209675
2018-05-31,-0.009407582529576852
2018-06-01,-0.0022172459989879822
2018-06-04,0.014213751601583668
2018-06-05,-0.004010200736015657
2018-06-06,0.007014981037831269
2018-06-07,-0.007749160245715925
2018-06-08,0.0010801479124669111
2018-06-11,-0.007095518400739298
2018-06-12,-0.002716529515054522
2018-06-13,-0.023635373857747277
2018-06-14,0.007897461741268819
2018-06-15,-0.0014478303916150015
2018-06-18,-0.008571657533885224
2018-06-19,0.00017211873900313535
2018-06-20,0.004300722096652887
2018-06-21,0.0046674934666253165
2018-06-22,0.0032821894396664053
2018-06-25,-0.0039935101534429585
2018-06-26,0.0007249533472566405
2018-06-27,-0.006734603331009725
2018-06-28,0.019119943662931238
2018-06-29,0.014771671365083394
2018-07-02,-0.011921341906087735
2018-07-03,0.0
2018-07-05,0.010498965118581616
2018-07-06,0.005529876873292094
2018-07-09,-0.0055829198670904745
2018-07-10,0.008128069896291334
2018-07-11,0.008270171500136092
2018-07-12,0.0003298560969966502
2018-07-13,-0.012649829488746156
2018-07-16,-0.01452307153105592
2018-07-17,-0.01439828740547422
2018-07-18,-0.004984046507486073
2018-07-19,0.00414538608204551
2018-07-20,-0.013718061216309807
2018-07-23,0.0013080341280289343
2018-07-24,0.00030477565041708843
2018-07-25,0.01314647018224857
2018-07-26,0.003265569890657849
2018-07-27,-0.0008994165073631377
2018-07-30,0.0021860863396570007
2018-07-31,0.02844338362766985
2018-08-01,0.0018298230825921635
2018-08-02,-0.027855036052570892
2018-08-03,0.03514381919994447
2018-08-06,0.0014849798042269047
2018-08-07,0.002224405328875134
2018-08-08,-0.016686620255900286
2018-08-09,0.0012121277625249949
2018-08-10,-0.012190143913737295
2018-08-13,-0.0020705048156282047
2018-08-14,0.002837282602761837
2018-08-15,0.012246686801823614
2018-08-16,0.005381780440361084
2018-08-17,0.009751362946294195
2018-08-20,-0.0013970680365869015
2018-08-21,-0.007284176925331676
2018-08-22,0.0019068626737290817
2018-08-23,0.0019860313506154803
2018-08-24,0.008134844285548226
2018-08-27,0.0009829714192128858
2018-08-28,0.00986175476189266
2018-08-29,0.0020259196356799958
2018-08-30,-0.008087684512179005
2018-08-31,0.004035944221033816
2018-09-04,-0.00970418487095892
2018-09-05,0.0052482572866154875
2018-09-06,0.0046498920763164975
2018-09-07,-0.0006902286113940059
2018-09-10,0.012838260404072876
2018-09-11,0.0037705426884633297
2018-09-12,-0.008951350144179249
2018-09-13,0.0011288208098314545
2018-09-14,-0.00793441863035449
2018-09-17,-0.00024373453008474932
2018-09-18,-0.003410999456459396
2018-09-19,-0.006153296204234104
2018-09-20,0.00598615586238016
2018-09-21,0.007662260596138948
2018-09-24,-0.02616882288727873
2018-09-25,0.00984322824416295
2018-09-26,-0.012503003068427554
2018-09-27,0.015320910973084967
2018-09-28,0.01992637522418006
2018-10-01,-0.004904447446173021
2018-10-02,0.00012198510954908315
2018-10-03,-0.005253610346132698
2018-10-04,-0.004217261112615889
2018-10-05,0.002014542686685772
2018-10-08,0.017767573933998193
2018-10-09,0.009353787842878214
2018-10-10,-0.01382069329478508
2018-10-11,-0.02916271710196805
2018-10-12,-0.004464040706171568
2018-10-15,0.008297994363151151
2018-10-16,0.017081914880748172
2018-10-17,-0.007805022482045398
2018-10-18,0.005518670484473853
2018-10-19,0.0061442928843660205
2018-10-22,-0.012945815297710661
2018-10-23,0.00775385783706839
2018-10-24,0.030613086131792366
2018-10-25,0.010285069221689591
2018-10-26,-0.025549203522145958
2018-10-29,0.034851207583351806
2018-10-30,-0.003547086500397034
2018-10-31,-0.01901115251938179
2018-11-01,0.007456680283799866
2018-11-02,-0.018879710330883537
2018-11-05,0.006858042892025296
2018-11-06,0.0018431353985646215
2018-11-07,0.019836908763636307
2018-11-08,-0.005019608973902634
2018-11-09,0.0008275899126706232
2018-11-12,0.0030325400841082484
2018-11-13,0.0020416178195488133
2018-11-14,-0.007914928677712374
2018-11-15,-0.009794480467378741
2018-11-16,0.01974285637913975
2018-11-19,0.008370205716442536
2018-11-20,0.002133521963036289
2018-11-21,0.0014708532994665013
2018-11-23,-0.00850274564050657
2018-11-26,-0.00046776339904786024
2018-11-27,0.007409757151011442
2018-11-28,0.007432642786618482
2018-11-29,-0.0034585305957633983
2018-11-30,0.012223617097042005
2018-12-03,0.0010285505380760451
2018-12-04,-0.01213952375036298
2018-12-06,0.02345998247706027
2018-12-07,-0.007603097195090336
2018-12-10,-0.004020438877092025
2018-12-11,0.002627771736629869
2018-12-12,-0.019636198985638065
2018-12-13,0.013985578230182316
2018-12-14,0.002101567469672716
2018-12-17,-0.030539940256560816
2018-12-18,0.015023215170015591
2018-12-19,-0.009647634108368441
2018-12-20,-0.000821727527617444
2018-12-21,-0.014252566664602395
2018-12-24,-0.048063527137681916
2018-12-26,0.021489376679038497
2018-12-27,0.0037176544353028085
2018-12-28,0.001424307268206304
2018-12-31,0.00413603227272441
2019-01-02,-0.03515375130874021
2019-01-03,0.005283686715658931
2019-01-04,0.0019340352247529946
2019-01-07,0.004154224156334152
2019-01-08,0.02499066676799999
2019-01-09,-0.0008562162570914245
2019-01-10,0.014771860619034127
2019-01-11,0.003015994905789965
2019-01-14,-0.0021646850449160704
2019-01-15,0.014906143899758195
2019-01-16,0.01607273086189709
2019-01-17,0.005922112138304847
2019-01-18,0.006778154746754472
2019-01-22,0.005155416616251962
2019-01-23,0.002028475020860121
2019-01-24,-0.0007639743243654795
2019-01-25,0.004663552159519746
2019-01-28,0.013926147018343382
2019-01-29,0.009118786831670889
2019-01-30,0.007809245985559876
2019-01-31,0.0007010582557813727
2019-02-01,-0.0040931113819734355
2019-02-04,0.017031663038619582
2019-02-05,0.008118326248101937
2019-02-06,-0.005091852350006532
2019-02-07,0.007077686041619291
2019-02-08,0.002198796729995234
2019-02-11,0.0021216010560372034
2019-02-12,-0.007464336475616062
2019-02-13,0.005242604885421054
2019-02-14,-0.0006474053991505357
2019-02-15,0.003491291468703972
2019-02-19,0.0050924586792349125
2019-02-20,-0.012310773403299224
2019-02-21,0.011633553500388416
2019-02-22,0.005214218240866542
2019-02-25,-0.007389816749342137
2019-02-26,0.0023263061683367336
2019-02-27,-0.0007140104013984017
2019-02-28,0.0
2019-03-01,-0.0026800972812770496
2019-03-04,0.010534102393825684
2019-03-05,-0.0024467698029808638
2019-03-06,0.00010672151702340038
2019-03-07,0.003269922527771252
2019-03-08,0.004286536622334802
2019-03-11,0.007865974186917146
2019-03-12,0.0044098434228248
2019-03-13,0.007735157242507729
2019-03-14,0.005947093087129263
2019-03-15,-0.005258942773006758
2019-03-18,-0.01088447595706854
2019-03-19,-0.0018164051906661705
2019-03-20,-0.0016452614634248075
2019-03-21,0.014863465006391907
2019-03-22,0.004179913101288291
2019-03-25,-0.006329338161687681
2019-03-26,0.013812056201047973
2019-03-27,-0.004541142717985225
2019-03-28,0.002037726723253197
2019-03-29,-0.003205360056246387
2019-04-01,-0.003353368006034252
2019-04-02,0.012037283559059864
2019-04-03,-0.005690189697576509
2019-04-04,-0.007928627515950248
2019-04-05,0.00545548437437593
2019-04-08,-0.006393922290215626
2019-04-09,-0.00013899357359892228
2019-04-10,0.004313930648390363
2019-04-11,0.0038793686540501415
2019-04-12,0.0011731924642655045
2019-04-15,-0.005031666660703427
2019-04-16,-0.035330742118457104
2019-04-17,-0.013895835153444835
2019-04-18,0.013326861460685624
2019-04-22,-0.011211417807196145
2019-04-23,0.006287198900019719
2019-04-24,0.006355897107776176
2019-04-25,-0.0011482390033303869
2019-04-26,0.011101439712240646
2019-04-29,-0.013431568760897905
2019-04-30,0.017468237513152518
2019-05-01,0.00417672304609118
2019-05-02,-0.0021854406693181394
2019-05-03,0.004522161813810044
2019-05-06,-0.0016881183856333193
2019-05-07,-0.017438187620660295
2019-05-08,-0.0015416370942018531
2019-05-09,0.005781372177943611
2019-05-10,0.013388334900779064
2019-05-13,-0.0008103331070917763
2019-05-14,-0.0036317189646133397
2019-05-15,0.005626817142637686
2019-05-16,0.006228366117528861
2019-05-17,0.00027996587070155954
2019-05-20,-0.00688756903473986
2019-05-21,0.009259143581218376
2019-05-22,0.004394934381828142
2019-05-23,0.005105271435148495
2019-05-24,0.005390190913057591
2019-05-28,-0.005911090498822769
2019-05-29,-0.013483093273887081
2019-05-30,0.0003851948382700421
2019-05-31,0.021999824371705667
2019-06-03,-0.007232419064015061
2019-06-04,-0.005835203310894932
2019-06-05,0.026603304145150997
2019-06-06,0.0030441162177941017
2019-06-07,0.0005732850929260902
2019-06-10,-0.0022243824125667278
2019-06-11,0.010168500197873076
2019-06-12,-0.0006354939031849582
2019-06-13,-0.002074895988321779
2019-06-14,0.00328668128806453
2019-06-17,0.010461487911437972
2019-06-18,-0.004002672819162334
2019-06-19,0.0017935121500260998
2019-06-20,0.004176764618441409
2019-06-21,-0.009672905681691657
2019-06-24,-0.006600397153952331
2019-06-25,-0.012818628786141706
2019-06-26,-0.01998779580886778
2019-06-27,0.007054400279075113
2019-06-28,0.012345257618336491
2019-07-01,0.007193532615358711
2019-07-02,0.015440343746750074
2019-07-03,0.010416643773024648
2019-07-05,-0.0019225060106666803
2019-07-08,0.009431980314870803
2019-07-09,0.004737742050097804
2019-07-10,0.009168775232028192
2019-07-11,-0.007171089333220637
2019-07-12,-0.0066017377425229284
2019-07-15,0.0030266983426838756
2019-07-16,-0.0019025130120156053
2019-07-17,-0.002267626368075759
2019-07-18,-0.0019432628747186875
2019-07-19,-0.026764773852603452
2019-07-22,-0.009664483803998203
2019-07-23,0.012189894686053027
2019-07-24,-0.006292106754426818
2019-07-25,0.016510779993318847
2019-07-26,0.01831861308091698
2019-07-29,0.012365853411903993
2019-07-30,-0.0037360359247060604
2019-07-31,-0.014542906949127521
2019-08-01,0.00880161059300022
2019-08-02,0.0016727077689562275
2019-08-05,-0.035920934420325845
2019-08-06,0.01701600261389835
2019-08-07,0.004108018039238992
2019-08-08,0.011807511718059827
2019-08-09,0.010880490434966417
2019-08-12,0.015478706285011024
2019-08-13,0.0032981399655314103
2019-08-14,-0.019245907542881358
2019-08-15,0.017410723791920324
2019-08-16,0.006685027458729342
2019-08-19,0.009691360282531924
2019-08-20,-0.006388390896976626
2019-08-21,0.008171414076108885
2019-08-22,0.008388011250451965
2019-08-23,-0.018069224494411396
2019-08-26,0.014340360318475964
2019-08-27,-0.002721218325168806
2019-08-28,0.0028226090028538042
2019-08-29,0.005661109539004228
2019-08-30,-0.0009018821279473954
2019-09-03,0.004233241585281267
2019-09-04,0.008648135998237994
2019-09-05,-0.0021205661034601198
2019-09-06,0.007206285493894793
2019-09-09,-0.004250003382117562
2019-09-10,-0.013787011489329704
2019-09-11,0.0031136419781048197
2019-09-12,0.005710759593408055
2019-09-13,-0.004289531515622169
2019-09-16,0.005176191217245885
2019-09-17,0.013937637158707439
2019-09-18,-0.0012469662571045204
2019-09-19,-0.004506443452578002
2019-09-20,-0.012571340879945714
2019-09-23,0.007217451977060474
2019-09-24,3.079084734558535e-05
2019-09-25,0.006642776626199609
2019-09-26,0.008829251533832183
2019-09-27,-0.005818527353891878
2019-09-30,0.0009191201665952331
2019-10-01,-0.0031223899965754365
2019-10-02,0.0009211523573635638
2019-10-03,0.006780770562695215
2019-10-04,0.006886979114483438
2019-10-07,-0.0025116877587290087
2019-10-08,-0.005644066197832087
2019-10-09,0.004669118098693303
2019-10-10,0.005284826911983842
2019-10-11,-0.012146194913036146
2019-10-14,0.0017130530170870184
2019-10-15,0.002503727308939885
2019-10-16,0.0029541923090414812
2019-10-17,-0.0019739610104497762
2019-10-18,0.008032816299088585
2019-10-21,0.0037428380221757873
2019-10-22,-0.004661269918062372
2019-10-23,-0.008006112894852091
2019-10-24,-0.006273940656631782
2019-10-25,-0.003646994511172119
2019-10-28,-0.005229488407248795
2019-10-29,-0.0005256057606390918
2019-10-30,0.013705688661150184
2019-10-31,-0.0015870328833212932
2019-11-01,-0.007397529500214106
2019-11-04,-0.008038004770226315
2019-11-05,-0.011704763874308965
2019-11-06,-0.0011934489116159908
2019-11-07,-0.009812816604634844
2019-11-08,0.00028581367269153723
2019-11-11,-0.004794947633158908
2019-11-12,-0.013975496570752033
2019-11-13,0.013397265447438134
2019-11-14,0.0034484195140647156
2019-11-15,0.015114995524584396
2019-11-18,0.005956581317746457
2019-11-19,0.004954520929200568
2019-11-20,-0.011721125836525625
2019-11-21,-0.010856181270227694
2019-11-22,-0.014242792938196858
2019-11-25,-0.0016734689765012245
2019-11-26,0.006478914107394429
2019-11-27,0.0022738868543124013
2019-11-29,-0.002492170577665709
2019-12-02,-0.02389680201839528
2019-12-03,0.004857162254650937
2019-12-04,0.0170803203075911
2019-12-05,-0.0008347847360726801
2019-12-06,0.002442118795755732
2019-12-09,-0.0023078272957682833
2019-12-10,-0.005269885499346705
2019-12-11,-0.015537841889475601
2019-12-12,-0.01463415260615053
2019-12-13,0.0006988353096533118
2019-12-16,0.001597453897760781
2019-12-17,-0.015947327292294422
2019-12-18,0.0007768689626062031
2019-12-19,0.007624017689758178
2019-12-20,-0.004452938077384783
2019-12-23,-0.0017824104165927723
2019-12-24,0.005457873045129791
2019-12-26,0.0040206780583589286
2019-12-27,0.00030030284061099977
2019-12-30,-6.634774976044255e-05
2019-12-31,0.010410696190783275
2020-01-02,-0.008575247173885137
2020-01-03,0.009789467901218929
2020-01-06,-0.003983981206202136
2020-01-07,-0.012233427604536495
2020-01-08,0.005770689692771613
2020-01-09,0.004764355831593958
2020-01-10,0.009817796341878404
2020-01-13,0.010250895021459261
2020-01-14,-0.012045556591047668
2020-01-15,0.003345925056039478
2020-01-16,0.010567504745587986
2020-01-17,0.009279870818883484
2020-01-21,0.008515385232397366
2020-01-22,-0.005297121603812904
2020-01-23,0.0085847222838904
2020-01-24,-0.009727653202628028
2020-01-27,-0.0017125310097829693
2020-01-28,-0.0017155886739501636
2020-01-29,-0.015920542400625126
2020-01-30,0.02843518535183187
2020-01-31,-0.00759307802867093
2020-02-03,0.005262020250421218
2020-02-04,0.000609979304231123
2020-02-05,-0.005006411634671526
2020-02-06,0.015224651194070793
2020-02-07,0.00015919628584359913
2020-02-10,0.00810042474996453
2020-02-11,0.0015437935450082207
2020-02-12,0.004247889280129646
2020-02-13,0.007299940815680861
2020-02-14,0.008273328177693218
2020-02-18,-0.0007709987489691317
2020-02-19,-0.007069531002767637
2020-02-20,0.013928964388699727
2020-02-21,0.008953699473618348
2020-02-24,-0.009786135108046712
2020-02-25,-0.024247468164726782
2020-02-26,-0.0030509493751617045
2020-02-27,-0.06389245590563597
2020-02-28,-0.044928962436167064
2020-03-02,0.03557367060894312
2020-03-03,-0.005282452909791457
2020-03-04,0.0376167671751213
2020-03-05,-0.019117025893704453
2020-03-06,-0.008146027655332566
2020-03-09,-0.052331352806554765
2020-03-10,0.05343071273154898
2020-03-11,-0.056500001699562485
2020-03-12,-0.05343369054533709
2020-03-13,0.049560302871141104
2020-03-16,-0.18880785693098567
2020-03-17,0.05543874195965426
2020-03-18,-0.12631835474849296
2020-03-19,0.01367261337726644
2020-03-20,-0.06093671107377974
2020-03-23,-0.0718176587253121
2020-03-24,0.031718324428049005
2020-03-25,0.06786851521594306
2020-03-26,0.08930610963506869
2020-03-27,0.04526761479440977
2020-03-30,-0.004467511580254935
2020-03-31,-0.02336932059866026
2020-04-01,-0.0904468893032152
2020-04-02,-0.02920318366022001
2020-04-03,-0.018563032159423898
2020-04-06,0.11395779360204461
2020-04-07,0.009500952528894047
2020-04-08,0.09080724465765311
2020-04-09,0.05484376406995639
2020-04-13,-0.028992395225392098
2020-04-14,0.05346106916476279
2020-04-15,-0.028580391265919602
2020-04-16,0.002567014495523212
2020-04-17,0.060195999497054675
2020-04-20,-0.07261154418172588
2020-04-21,-0.012856566830937388
2020-04-22,0.024833600011802348
2020-04-23,-0.014179517348636206
2020-04-24,0.0014922617016788209
2020-04-27,0.04329297145628774
2020-04-28,-0.018288705235603553
2020-04-29,0.007112207413505933
2020-04-30,-0.020543958517173944
2020-05-01,-0.029864787788898006
2020-05-04,0.023140799001310386
2020-05-05,0.009203813140283845
2020-05-06,-0.012800451904246168
2020-05-07,0.03177423997590778
2020-05-08,-0.00967632976048971
2020-05-11,-0.015122808800275167
2020-05-12,-0.05359803992805179
2020-05-13,0.0038279629002684334
2020-05-14,-0.025002094949970077
2020-05-15,0.006844109130319742
2020-05-18,0.062017319540872196
2020-05-19,-0.03994181989225565
2020-05-20,0.021083040829948496
2020-05-21,-0.0018230637833501762
2020-05-22,0.004162711818967102
2020-05-26,0.0456834425169923
2020-05-27,0.003357150756346128
2020-05-28,0.0033060469005505855
2020-05-29,-0.024471706828486206
2020-06-01,0.017053149344899987
2020-06-02,-0.00048599332316512367
2020-06-03,0.025406167161136528
2020-06-04,-0.010195213091728439
2020-06-05,0.04806789268174416
2020-06-08,0.05211044423069855
2020-06-09,-0.029543896901476074
2020-06-10,-0.028876356692755234
2020-06-11,-0.054591001520291615
2020-06-12,0.014588269573494683
2020-06-15,-0.020185854660641267
2020-06-16,0.028409112642169942
2020-06-17,-0.0337452267324424
2020-06-18,-0.0006993562767376726
2020-06-19,-0.03766530985015859
2020-06-22,-0.0008554025195093296
2020-06-23,-0.005694133390665601
2020-06-24,-0.019289251635845273
2020-06-25,0.0065415002425925906
2020-06-26,-0.01949776166896522
2020-06-29,0.01669433833638112
2020-06-30,0.012100985169471112
2020-07-01,0.04450846881929116
2020-07-02,-0.009692005322089692
2020-07-06,-0.007804518633161672
2020-07-07,-0.03010202370222015
2020-07-08,-0.005260064730798986
2020-07-09,-0.0132205795021616
2020-07-10,0.006296875040591399
2020-07-13,-0.0019528180569919895
2020-07-14,0.015163103637201747
2020-07-15,-0.008891852724782656
2020-07-16,-0.008883092639274448
2020-07-17,-0.004860431108834273
2020-07-20,-0.035533701149642494
2020-07-21,0.002230252004034261
2020-07-22,0.023688074255739044
2020-07-23,-0.02037788669852847
2020-07-24,-0.01021560249693998
2020-07-27,-0.0072856584103059285
2020-07-28,0.025733902189363667
2020-07-29,0.005136800989440804
2020-07-30,0.006707751245577098
2020-07-31,0.0005440693271050456
2020-08-03,-0.029446614340993937
2020-08-04,0.00014000425612947787
2020-08-05,0.014467880986910542
2020-08-06,0.01200723660612768
2020-08-07,0.014592125222169683
2020-08-10,0.0012993479151668375
2020-08-11,-0.017674978545834663
2020-08-12,0.007652719859295276
2020-08-13,-0.023416732840120247
2020-08-14,0.01444248921895852
2020-08-17,0.0050193041225483626
2020-08-18,-0.00690105931297591
2020-08-19,-0.036712104440419946
2020-08-20,0.008590567200029042
2020-08-21,0.0023997043675081375
2020-08-24,0.009952345244931271
2020-08-25,0.004136675131203527
2020-08-26,-0.014951416311786536
2020-08-27,0.01804505394773881
2020-08-28,0.018463954583313624
2020-08-31,-0.018718387031712802
2020-09-01,-0.006004333585133637
2020-09-02,0.02681092665607876
2020-09-03,0.004344312023774055
2020-09-04,0.01045340973639397
2020-09-08,-0.011995159104320807
2020-09-09,-0.013810549398654337
2020-09-10,-0.011532455647761064
2020-09-11,-0.012871048720852762
2020-09-14,0.04305635629803062
2020-09-15,-0.02697991522265597
2020-09-16,0.014649314087325838
2020-09-17,-0.014027891517550573
2020-09-18,-0.023281365200552906
2020-09-21,-0.03372133131441868
2020-09-22,0.015515555149038462
2020-09-23,-0.02674948913518027
2020-09-24,-0.01460904860776524
2020-09-25,0.02578124200614229
2020-09-28,0.01670691834586835
2020-09-29,-0.028436213667329735
2020-09-30,0.005961822803226102
2020-10-01,0.03003156528424622
2020-10-02,0.02552917780677122
2020-10-05,0.006129233432182302
2020-10-06,-0.012324202448547483
2020-10-07,-0.0017080285538930706
2020-10-08,0.026472013071788147
2020-10-09,-0.0024537448105397264
2020-10-12,0.0069618603718739624
2020-10-13,-0.03438564742393002
2020-10-14,-0.012411192460334175
2020-10-15,-0.010633387809551476
2020-10-16,-0.01294656496603408
2020-10-19,-0.014749544209618382
2020-10-20,0.003968605551871063
2020-10-21,0.0004003616041514668
2020-10-22,0.012954606848052386
2020-10-23,0.0035058971459547283
2020-10-26,-0.02071562905070834
2020-10-27,-0.018490545256957813
2020-10-28,-0.04617583519687074
2020-10-29,0.06043369610866178
2020-10-30,0.03547920010033856
2020-11-02,0.06065798308232506
2020-11-03,0.032396196096045715
2020-11-04,0.006561723328780467
2020-11-05,0.002793880374067692
2020-11-06,0.004554783664886708
2020-11-09,0.12013563416960049
2020-11-10,0.0176458652031668
2020-11-11,-0.04707651017980752
2020-11-12,0.0017424656103541825
2020-11-13,0.03127291148795752
2020-11-16,0.03154057555205281
2020-11-17,-0.011218921803043291
2020-11-18,-0.022307650031985204
2020-11-19,-0.00019674334890307232
2020-11-20,-0.00019678206446549495
2020-11-23,-0.006414771460885538
2020-11-24,0.020041885055603226
2020-11-25,-0.012153639037221109
2020-11-27,-0.017256508081852195
2020-11-30,-0.01651929834462218
2020-12-01,0.0026842450536999074
2020-12-02,0.008761211563079518
2020-12-03,0.0006033554028168631
2020-12-04,0.015591505238534697
2020-12-07,0.0010684797615834185
2020-12-08,-0.0020158166813933898
2020-12-09,-0.009149120137921796
2020-12-10,-0.0190661937913571
2020-12-11,-0.005989996018060273
2020-12-14,-0.01508562926419088
2020-12-15,0.009198374011631039
2020-12-16,-0.008001065819157382
2020-12-17,0.005488049183694832
2020-12-18,-0.030928088204599358
2020-12-21,-0.002304209743901664
2020-12-22,0.0038488854710094778
2020-12-23,-0.014868067236361582
2020-12-24,0.0130167687547742
2020-12-28,0.017374476143648954
2020-12-29,-0.014602037484470531
2020-12-30,0.01494624014357937
2020-12-31,0.004858855209255664
2021-01-04,-0.038623376841963486
2021-01-05,-0.004513075828865287
2021-01-06,0.04158993070268435
2021-01-07,-0.021844737401087944
2021-01-08,0.01032390400174088
2021-01-11,-0.011159088711033105
2021-01-12,0.004929019709599469
2021-01-13,0.016866070336173156
2021-01-14,0.0031309435485873394
2021-01-15,0.014510109513014902
2021-01-19,-0.01388677605128763
2021-01-20,0.03208534108030836
2021-01-21,0.0016750052544325378
2021-01-22,-0.007136988920555143
2021-01-25,-0.003409484945593899
2021-01-26,0.004740035887950356
2021-01-27,-0.018788146545084095
2021-01-28,0.01747552048088874
2021-01-29,-0.015449617545621463
2021-02-01,0.010266626283635505
2021-02-02,0.008757871365162373
2021-02-03,0.016380631463041917
2021-02-04,0.0174866379386871
2021-02-05,0.022056897979084944
2021-02-08,0.009569841979241378
2021-02-09,-0.004758905078020792
2021-02-10,0.032236894648894676
2021-02-11,0.014606330036122994
2021-02-12,-0.008284166150724914
2021-02-16,-0.004492112872681142
2021-02-17,-0.005109230552340471
2021-02-18,-0.0077222953509479275
2021-02-19,-0.003097376085749559
2021-02-22,0.0008713930647927803
2021-02-23,0.019120050014535428
2021-02-24,0.0035665208192745546
2021-02-25,-0.03361330830216269
2021-02-26,-0.023980114271593744
2021-03-01,0.02033047613753025
2021-03-02,0.006923852241744521
2021-03-03,0.02097267828606375
2021-03-04,-0.018858162680155277
2021-03-05,0.01018247010927631
2021-03-08,0.028766550284234915
2021-03-09,0.0015410851292256833
2021-03-10,-0.0009524064128829668
2021-03-11,0.01628334980964463
2021-03-12,0.03872100821877744
2021-03-15,0.020567123801319198
2021-03-16,-0.02471413040587067
2021-03-17,-0.0014658328503471818
2021-03-18,-0.0002797408449881633
2021-03-19,-0.03727276781718314
2021-03-22,0.002324442881396882
2021-03-23,0.0008332842063456525
2021-03-24,0.00028967248795330747
2021-03-25,0.005718680782835772
2021-03-26,0.023248182980338594
2021-03-29,-0.01937888607168292
2021-03-30,0.005023127384982562
2021-03-31,-0.02258028885621588
2021-04-01,0.017105765027165765
2021-04-05,-0.002495748684581689
2021-04-06,0.00021775999689799264
2021-04-07,0.025266470066380498
2021-04-08,-0.004419791621671165
2021-04-09,0.006214712747958373
2021-04-12,0.0013768224759520553
2021-04-13,0.00951635646194049
2021-04-14,-0.017491947930175167
2021-04-15,0.027539971055063228
2021-04-16,0.0011413028303379757
2021-04-19,0.0037305255818433913
2021-04-20,0.014798516772531745
2021-04-21,0.007257851303487106
2021-04-22,-0.00892248551956043
2021-04-23,0.010123773641015577
2021-04-26,-0.001547161510632722
2021-04-27,0.0005388447740586333
2021-04-28,-0.03390110158999071
2021-04-29,-0.00278794290276152
2021-04-30,0.015200839129531296
2021-05-03,-0.012770181347728116
2021-05-04,-0.010982916992080316
2021-05-05,-0.00972984768521079
2021-05-06,0.015628537700765
2021-05-07,0.01258337487388883
2021-05-10,0.00858513804125538
2021-05-11,-0.0028486972695969115
2021-05-12,-0.031873062576807554
2021-05-13,0.023571800558728206
2021-05-14,0.0016325163556061284
2021-05-17,-0.0008323960154282828
2021-05-18,0.009440205904666765
2021-05-19,-0.019013094711661127
2021-05-20,0.011180269149571265
2021-05-21,-0.0013518569069160824
2021-05-24,0.01471633659435767
2021-05-25,0.0016758045281908274
2021-05-26,0.0006488010089638063
2021-05-27,-0.005255137451979475
2021-05-28,0.013001916482380249
2021-06-01,0.022553968199051644
2021-06-02,0.02059963768562101
2021-06-03,-0.001135995534156331
2021-06-04,-0.008608803819979083
2021-06-07,0.017858775693972317
2021-06-08,0.004667975347490305
2021-06-09,-0.00650509626582485
2021-06-10,0.012901896473702434
2021-06-11,0.0002227042908746757
2021-06-14,0.004106880120565037
2021-06-15,-0.013728481566503081
2021-06-16,-0.0065904397925821145
2021-06-17,-0.0011970437625723473
2021-06-18,-0.024234366660501827
2021-06-21,0.023242691441939245
2021-06-22,-0.007139328599750527
2021-06-23,0.004477933754912566
2021-06-24,-0.003611681449373516
2021-06-25,0.003657267111285112
2021-06-28,-0.005531180305048511
2021-06-29,-0.004710859294751013
2021-06-30,-0.007016679601237308
2021-07-01,0.013066217918396461
2021-07-02,0.006350025544284099
2021-07-06,0.009645118378388329
2021-07-07,0.01317949136119445
2021-07-08,0.005657048025164535
2021-07-09,0.017765841856343556
2021-07-12,0.012147129549174629
2021-07-13,-0.011106511729598312
2021-07-14,0.015505403586078659
2021-07-15,0.004546864568329312
2021-07-16,0.004128747303907332
2021-07-19,-0.017117096562344947
2021-07-20,0.024852117049145805
2021-07-21,-0.0006047505725563784
2021-07-22,-0.009136652908698362
2021-07-23,0.013434565514379715
2021-07-26,-0.0023800973760967903
2021-07-27,0.0020535387962592466
2021-07-28,-0.0019892305746870287
2021-07-29,-0.0016306032137953785
2021-07-30,-0.007561875670266338
2021-08-02,0.0006092764809630946
2021-08-03,-0.0018884211757703717
2021-08-04,-0.01126073476943712
2021-08-05,0.005000089012048736
2021-08-06,0.0038386105091885447
2021-08-09,-0.01645950967291554
2021-08-10,-0.011291491560153188
2021-08-11,-0.008463150435882083
2021-08-12,-0.0008564735563371118
2021-08-13,0.006541919021735509
2021-08-16,-0.002145457942921425
2021-08-17,0.007809755594715639
2021-08-18,-0.008376845617071194
2021-08-19,0.00816253273185974
2021-08-20,0.002636418982128408
2021-08-23,-0.0076371464869599
2021-08-24,-0.006434344011389981
2021-08-25,0.009333028168227786
2021-08-26,0.0020129428753623557
2021-08-27,0.006811137103332587
2021-08-30,0.01883032891236147
2021-08-31,0.012056004794593456
2021-09-01,0.016810966296933127
2021-09-02,0.002081308879958499
2021-09-03,-0.004213248920858503
2021-09-07,-0.024018364703783823
2021-09-08,0.01276291786915884
2021-09-09,-0.010250586865660272
2021-09-10,-0.019372278859859815
2021-09-13,0.00792051864846055
2021-09-14,-9.245159297455174e-05
2021-09-15,0.00859933508910049
2021-09-16,0.00140559881636948
2021-09-17,-0.0158069158543509
2021-09-20,-0.0033176235543530552
2021-09-21,0.006843979669804989
2021-09-22,0.01847622889078293
2021-09-23,0.0038221952128725256
2021-09-24,-0.010214682967730648
2021-09-27,-0.02128094354704657
2021-09-28,-0.0027454288658755877
2021-09-29,0.019995159196426693
2021-09-30,-0.012934973289164708
2021-10-01,0.01998476269070948
2021-10-04,0.004568942695857281
2021-10-05,-0.006501503612017512
2021-10-06,0.010384303383362825
2021-10-07,0.0012162512327982267
2021-10-08,-0.008078436524197818
2021-10-11,-0.0010102862199484752
2021-10-12,0.012903064143094278
2021-10-13,0.008079061235053198
2021-10-14,0.005132499555599468
2021-10-15,-0.00531538445085189
2021-10-18,-0.00021021028266043906
2021-10-19,-0.008828170155467663
2021-10-20,0.009482105897823612
2021-10-21,-0.0006901728074429903
2021-10-22,0.007147519034307992
2021-10-25,-0.0014608871988169847
2021-10-26,0.010511615143795838
2021-10-27,0.01043159417329953
2021-10-28,0.01114312840415077
2021-10-29,-0.016776219449710195
2021-11-01,-0.010237354503140894
2021-11-02,-0.0009213377758041652
2021-11-03,-0.0017253594472862455
2021-11-04,-0.010668986532181068
2021-11-05,0.015362457033280874
2021-11-08,0.004093803715301769
2021-11-09,0.00644110530791675
2021-11-10,0.006311774974390616
2021-11-11,0.004025712946974513
2021-11-12,0.006566414518596186
2021-11-15,0.014548500768170936
2021-11-16,-0.01655890468589405
2021-11-17,0.005409798996016235
2021-11-18,0.008920396283766507
2021-11-19,-0.009126727249100908
2021-11-22,-0.006591377535652865
2021-11-23,0.018166910713041995
2021-11-24,0.016647816448758235
2021-11-26,-0.04635391951402812
2021-11-29,0.01705352437213281
2021-11-30,-0.020375179676750732
2021-12-01,-0.033231216878715664
2021-12-02,0.039127217037014494
2021-12-03,-0.013020482186952509
2021-12-06,0.017262897420266876
2021-12-07,0.007535735348550565
2021-12-08,0.010581243144642594
2021-12-09,-0.011474540149915557
2021-12-10,0.0031341205051134136
2021-12-13,0.019642303757381185
2021-12-14,-0.01915051377976562
2021-12-15,0.018830313730761272
2021-12-16,-0.02858930641778412
2021-12-17,-0.0011690102012682502
2021-12-20,-0.013723218188874231
2021-12-21,0.010858258737569848
2021-12-22,0.008393790342485552
2021-12-23,-0.0026772893198141468
2021-12-27,0.011206118909622198
2021-12-28,0.008974930231230971
2021-12-29,0.0074080506986970995
2021-12-30,0.0013629231532164
2021-12-31,0.0046491685685692286
2022-01-03,0.004627555218273738
2022-01-04,0.007827829562951472
2022-01-05,-0.020469253268052823
2022-01-06,-0.001087722535701996
2022-01-07,-0.013296907703290173
2022-01-10,0.002062002095997162
2022-01-11,0.0029852152618652372
2022-01-12,0.008842673835393056
2022-01-13,-0.003809726387764889
2022-01-14,-0.010983727792183928
2022-01-18,-0.003605233268276331
2022-01-19,-0.009512028547334794
2022-01-20,-0.010840798555938114
2022-01-21,-0.01101918999659579
2022-01-24,0.002469391469146709
2022-01-25,-0.007089132959194222
2022-01-26,-0.00786615308651939
2022-01-27,-0.021924592636008433
2022-01-28,0.03551068592963147
2022-01-31,0.0010836795537703114
2022-02-01,-0.0030375572186092104
2022-02-02,0.02069451682792911
2022-02-03,-0.02532904299752481
2022-02-04,-0.008490612637033657
2022-02-07,-0.011559744395235216
2022-02-08,-0.022555944959247287
2022-02-09,0.04013785272371928
2022-02-10,-0.02720721714888874
2022-02-11,-0.0030032004148130564
2022-02-14,-0.007342453738160226
2022-02-15,0.0058163152825836395
2022-02-16,0.0031112912923139113
2022-02-17,-0.014349293569472898
2022-02-18,0.0026382826885069655
2022-02-22,0.0033287882873691554
2022-02-23,-0.008499641238931765
2022-02-24,0.008668138216470167
2022-02-25,0.025623141483310574
2022-02-28,-0.022949782351815884
2022-03-01,-0.004256453368734925
2022-03-02,0.034925005322827385
2022-03-03,0.010218605168151873
2022-03-04,0.030164377671026754
2022-03-07,0.008819709915018237
2022-03-08,-0.018388464278712213
2022-03-09,0.016417430741896277
2022-03-10,0.0010514008617956705
2022-03-11,-0.019578140332554006
2022-03-14,-0.006011578068443435
2022-03-15,0.003802278601035214
2022-03-16,0.021296598546571843
2022-03-17,0.0009636376896755561
2022-03-18,-0.0033260109949587724
2022-03-21,-0.009982454777534788
2022-03-22,-0.007510647298437645
2022-03-23,-0.0012512616612474492
2022-03-24,0.0025353940848471535
2022-03-25,0.0161271570266297
2022-03-28,0.009926898912001603
2022-03-29,0.03435872682839336
2022-03-30,-0.016415642518584073
2022-03-31,-0.009291012646337027
2022-04-01,0.023184986415168085
2022-04-04,-0.010183935805562094
2022-04-05,-0.002658255221703154
2022-04-06,0.018197216986997056
2022-04-07,-0.010160233299777777
2022-04-08,-0.0007392443238805058
2022-04-11,-0.01960535105165362
2022-04-12,0.006501233664514494
2022-04-13,0.0014996212127622588
2022-04-14,-0.005182673178419028
2022-04-18,-0.005788425885639992
2022-04-19,0.01213925352895906
2022-04-20,0.02387254895147306
2022-04-21,0.009354224188370619
2022-04-22,-0.021652297064474024
2022-04-25,-0.00978578059513402
2022-04-26,-0.009624163580237988
2022-04-27,-0.008064063127525167
2022-04-28,0.009211726471168857
2022-04-29,-0.0458984809662939
2022-05-02,-0.030096817459137726
2022-05-03,0.008579653301071799
2022-05-04,0.003942872923901941
2022-05-05,-0.021090388094267998
2022-05-06,-0.009856078463915119
2022-05-09,-0.05570633709019435
2022-05-10,-0.03206421204628396
2022-05-11,0.007853866654521147
2022-05-12,0.01208764362053194
2022-05-13,0.013893572855262715
2022-05-16,-0.014816866181015853
2022-05-17,0.014080516248541564
2022-05-18,-0.026925716034288838
2022-05-19,-0.022324039435031695
2022-05-20,0.001669163506621052
2022-05-23,0.018257756395308578
2022-05-24,-0.015284545380634174
2022-05-25,-0.0009546462481559992
2022-05-26,0.002017337607895797
2022-05-27,0.01963753470443197
2022-05-31,-0.016765180518320655
2022-06-01,-0.00440378044358114
2022-06-02,0.018506711108130736
2022-06-03,-0.013514961541171377
2022-06-06,-0.026026929885031413
2022-06-07,0.023648918946682418
2022-06-08,-0.020241077327682766
2022-06-09,-0.023290993708949492
2022-06-10,3.6888388605493816e-05
2022-06-13,-0.04739581724038522
2022-06-14,-0.007207431097540518
2022-06-15,0.003981245216776452
2022-06-16,-0.012789961643735581
2022-06-17,0.008427050485433796
2022-06-21,-0.002381966072990349
2022-06-22,0.001800502243584745
2022-06-23,0.013714683862948274
2022-06-24,0.008749533162648593
2022-06-27,0.01734761541264307
2022-06-28,-0.008375675846668762
2022-06-29,0.0020244005373997176
2022-06-30,-0.0032019131104641385
2022-07-01,0.0199610504595249
2022-07-05,-0.008360558476810498
2022-07-06,0.005746555590016245
2022-07-07,0.00018812617578856106
2022-07-08,-0.011838977300709264
2022-07-11,-0.0011790408562524224
2022-07-12,0.00555947794793199
2022-07-13,-0.009126292086068188
2022-07-14,-0.001452313546665085
2022-07-15,0.01595990467068331
2022-07-18,-0.010811982545619436
2022-07-19,0.015271509397448257
2022-07-20,0.00592685070675425
2022-07-21,0.005369604260299976
2022-07-22,0.01557814934036239
2022-07-25,0.0
2022-07-26,-0.00043818229233472117
2022-07-27,0.01319000346322019
2022-07-28,0.027046470957765356
2022-07-29,0.00607469221791801
2022-08-01,-0.023173741897412614
2022-08-02,-0.01079003193819128
2022-08-03,-0.005056718002647953
2022-08-04,0.009365701439406626
2022-08-05,0.0025176605878858282
2022-08-08,0.00746174539978961
2022-08-09,0.018908507426592225
2022-08-10,0.01768347960404615
2022-08-11,0.005322807385043982
2022-08-12,0.014961779684382837
2022-08-15,-0.0004711864855881931
2022-08-16,0.004983215433157051
2022-08-17,-0.0031495430857310103
2022-08-18,-0.01425062742337746
2022-08-19,-0.01118319689011471
2022-08-22,-0.019206311454560532
2022-08-23,-0.023730924683148635
2022-08-24,0.009326944518714297
2022-08-25,0.011631093729504993
2022-08-26,-0.030824556834972427
2022-08-29,-0.01597514908988995
2022-08-30,-0.01508836776311695
2022-08-31,-0.004768306043517301
2022-09-01,0.011091730289649604
2022-09-02,-0.007537273651722964
2022-09-06,0.014286867958887894
2022-09-07,0.017124940420108592
2022-09-08,0.0032069474401179576
2022-09-09,0.01082555454107692
2022-09-12,0.00043092867220151376
2022-09-13,-0.03685595198549119
2022-09-14,-0.013165717848785508
2022-09-15,-0.013832788749697511
2022-09-16,0.0004983153242554828
2022-09-19,-0.013560118544828414
2022-09-20,-0.024929928834866
2022-09-21,-0.0138194086265091
2022-09-22,0.001736418296345743
2022-09-23,8.079533520444215e-05
2022-09-26,-0.028619797383601653
2022-09-27,-0.010913830146131898
2022-09-28,0.026641369297877304
2022-09-29,-0.015834894023233792
2022-09-30,0.014958385519188377
2022-10-03,0.018866510871862197
2022-10-04,-0.005186310350889678
2022-10-05,-0.03734945751857499
2022-10-06,-0.03240953342388553
2022-10-07,-0.0327080227547486
2022-10-10,0.0010398790789778456
2022-10-11,0.024430845539526347
2022-10-12,-0.012475233503601135
2022-10-13,0.0231229514588982
2022-10-14,-0.028708496904603087
2022-10-17,0.038855298703675434
2022-10-18,0.0086910840096317
2022-10-19,-0.026405911915873714
2022-10-20,-0.0017611207245941118
2022-10-21,0.004675330699186242
2022-10-24,-0.000614628561880104
2022-10-25,0.0387013779529759
2022-10-26,-0.034637298225030144
2022-10-27,-0.029308608076300424
2022-10-28,0.0030238550864472025
2022-10-31,0.0
2022-11-01,-0.003824881834764926
2022-11-02,-0.022900651070127398
2022-11-03,-0.01077099799272363
2022-11-04,0.0011683362487575621
2022-11-07,-0.022218323516062233
2022-11-08,-0.007303690297556398
2022-11-09,-0.0029334112226714337
2022-11-10,0.05411404378131346
2022-11-11,-0.014915801001795459
2022-11-14,-0.022433750156773624
2022-11-15,0.008124540342736797
2022-11-16,-0.010179849469807656
2022-11-17,-0.011903646630009646
2022-11-18,0.019612532437243146
2022-11-21,0.009121396897120215
2022-11-22,0.0010304625936596867
2022-11-23,-0.008795941877680735
2022-11-25,0.0035402478221511213
2022-11-28,-0.010112589112404868
2022-11-29,0.019148523091065295
2022-11-30,0.02746070050012217
2022-12-01,-0.0021327690486114825
2022-12-02,-0.009958614781025887
2022-12-05,-0.015340825564318705
2022-12-06,-0.015393191860512911
2022-12-07,0.008622167923189039
2022-12-08,0.0046501878669842345
2022-12-09,0.0042076598282281275
2022-12-12,0.01778496208955027
2022-12-13,0.021041907302205454
2022-12-14,-0.010169748599790251
2022-12-15,-0.01213014112870725
2022-12-16,-0.028131465906640285
2022-12-19,-0.016735593691977746
2022-12-20,-0.00513040709752266
2022-12-21,0.006506099023361633
2022-12-22,0.0003830850995489854
2022-12-23,0.013018769096180938
2022-12-27,-0.0033547112933585144
2022-12-28,-0.008106518834091303
2022-12-29,0.024088339476125764
2022-12-30,-0.0007072892109937223
2023-01-03,-0.002878609332020665
2023-01-04,0.018645612917295162
2023-01-05,-0.04353055482201684
2023-01-06,0.04284031079557171
2023-01-09,-0.009920790679534441
2023-01-10,0.007009503556281826
2023-01-11,0.03928805270623403
2023-01-12,-0.008855172863423855
2023-01-13,-0.00888898836938501
2023-01-17,0.007046855439564403
2023-01-18,-0.02153764289600124
2023-01-19,0.004040217257760048
2023-01-20,-9.247358213770873e-05
2023-01-23,0.003145246725018147
2023-01-24,0.007838811245865385
2023-01-25,-0.008830074804520915
2023-01-26,0.004385210408890616
2023-01-27,0.026793381876362155
2023-01-30,-0.01736634807398363
2023-01-31,0.02974395301565247
2023-02-01,0.005042809299977025
2023-02-02,0.04277980673251758
2023-02-03,-0.027814200441020898
2023-02-06,-0.016367104026008494
2023-02-07,0.016551050143796653
2023-02-08,0.02084072832781314
2023-02-09,0.005571549725335245
2023-02-10,-0.01125063122025316
2023-02-13,0.008170333592332879
2023-02-14,0.013365690456441204
2023-02-15,0.0016329043260472353
2023-02-16,-0.008945736180607122
2023-02-17,-0.0010544836372349264
2023-02-21,-0.022801159086623835
2023-02-22,-0.00056165720138035
2023-02-23,0.004063942536662424
2023-02-24,-0.011970372062361179
2023-02-27,-0.008193207824129356
2023-02-28,0.002109223304372687
2023-03-01,-0.02288880662642545
2023-03-02,0.016559073993620554
2023-03-03,0.024941487403794094
2023-03-06,0.01068133667605009
2023-03-07,-0.028381439472740633
2023-03-08,0.019342100002584406
2023-03-09,-0.02521415388655901
2023-03-10,-0.06700506613676338
2023-03-13,0.012395401809540685
2023-03-14,0.0023365294300803363
2023-03-15,0.010723106044152386
2023-03-16,-0.022648691104463103
2023-03-17,-0.022135148026133367
2023-03-20,0.006708856872399416
2023-03-21,-0.01169817504348547
2023-03-22,-0.03356937450853037
2023-03-23,-0.015309825393028054
2023-03-24,0.023449298046013034
2023-03-27,0.0015936969203187434
2023-03-28,-0.004127501925505261
2023-03-29,0.0202236824633808
2023-03-30,0.010792092509049667
2023-03-31,0.024292158158582877
2023-04-03,-0.003825194029395851
2023-04-04,-0.0002877521775001002
2023-04-05,0.005569352297930541
2023-04-06,0.0014322343466011134
2023-04-10,0.004910967302053315
2023-04-11,0.0030365677216970255
2023-04-12,-0.0018447194796944455
2023-04-13,-0.001137412860418352
2023-04-14,-0.013473937515551815
2023-04-17,0.02433413514034699
2023-04-18,-0.0042253570514371175
2023-04-19,0.015558560483167394
2023-04-20,-0.01708443928967185
2023-04-21,0.003306336083230388
2023-04-24,-0.003483824792218315
2023-04-25,-0.01799877259177196
2023-04-26,-0.009092272275200708
2023-04-27,0.02660455901112302
2023-04-28,0.039109218207301844
2023-05-01,0.004232358450418028
2023-05-02,-0.015816244443576988
2023-05-03,-0.0023944405568858684
2023-05-04,-0.00023067236051754758
2023-05-05,0.01569707899573447
2023-05-08,-0.00622731796583087
2023-05-09,-0.01061139693091051
2023-05-10,0.0021265799629746063
2023-05-11,0.000968654965422866
2023-05-12,-0.007650484061497931
2023-05-15,-0.005898089680624663
2023-05-16,-0.02293878539740013
2023-05-17,0.008750171022679165
2023-05-18,-0.0063515435460799186
2023-05-19,0.000715586904775467
2023-05-22,0.005815623261860026
2023-05-23,0.0010427339199630126
2023-05-24,-0.014108606551741287
2023-05-25,-0.006818983385333488
2023-05-26,0.017212974577821116
2023-05-30,0.019631048536612017
2023-05-31,0.0072258956465505175
2023-06-01,0.014394051130776742
2023-06-02,0.04279780591801141
2023-06-05,-0.014570025533546582
2023-06-06,0.0020424497930615626
2023-06-07,0.02268694358045953
2023-06-08,0.00948878239206219
2023-06-09,0.005622458661294072
2023-06-12,-0.010542018142242426
2023-06-13,0.010438696596586139
2023-06-14,-0.0036712250536630187
2023-06-15,0.006041361479607321
2023-06-16,0.009028900979826782
2023-06-20,-0.011480613001782491
2023-06-21,-0.0064901162840552695
2023-06-22,-0.033006742157795754
2023-06-23,-0.022133359456616097
2023-06-26,0.03895101374912513
2023-06-27,0.010674145514720568
2023-06-28,-0.0032896918080848048
2023-06-29,0.022416289755833763
2023-06-30,0.005277358469815585
2023-07-03,0.009773762332563773
2023-07-05,-0.005748325436475521
2023-07-06,-0.001615372117445113
2023-07-07,-0.0068129472444007355
2023-07-10,0.0044588143650803325
2023-07-11,0.016219232234971903
2023-07-12,0.010920225906104752
2023-07-13,0.015538582264879697
2023-07-14,0.004132058072661593
2023-07-17,-0.011856262499087
2023-07-18,-0.011297459223398199
2023-07-19,0.013595084080965991
2023-07-20,0.003661878671461505
2023-07-21,0.004919272484102288
2023-07-24,-0.0030187674597270675
2023-07-25,-0.018944291548319336
2023-07-26,-0.0013346570258323531
2023-07-27,-0.03215692103162848
2023-07-28,0.023991356464108105
2023-07-31,0.02629469901155579
2023-08-01,0.00201186488223426
2023-08-02,0.0023767223409947302
2023-08-03,-0.001839641040277118
2023-08-04,-0.0010238690352057933
2023-08-07,0.0058215905009362245
2023-08-08,-0.011372061197309935
2023-08-09,-0.005071027030483788
2023-08-10,0.006298628970534015
2023-08-11,0.011077277125914886
2023-08-14,-0.022726255229096548
2023-08-15,-0.007418237406468298
2023-08-16,-0.0006298664165781398
2023-08-17,-0.00659608959183855
2023-08-18,-0.000592059070261608
2023-08-21,-0.013372260869468522
2023-08-22,0.0038600759978228982
2023-08-23,0.0173041457022729
2023-08-24,-0.0022260212408123925
2023-08-25,-0.0013891367225917772
2023-08-28,0.0032035798645777547
2023-08-29,0.004243692866793269
2023-08-30,0.004811546391412458
2023-08-31,-0.007370016753272313
2023-09-01,-0.003649577934410564
2023-09-05,-0.007283694037256372
2023-09-06,0.0026296338184734758
2023-09-07,-0.021868814082379506
2023-09-08,-0.025731000966790152
2023-09-11,-0.005415187467927796
2023-09-12,0.007096060622704181
2023-09-13,-0.011787584648995209
2023-09-14,0.00941704187863679
2023-09-15,0.0005330777168623957
2023-09-18,-0.006083025935518793
2023-09-19,-0.007907079575214082
2023-09-20,0.008060141946986787
2023-09-21,-0.021396448880723784
2023-09-22,-0.01570187983357163
2023-09-25,0.003107143809599977
2023-09-26,-0.012204733740036278
2023-09-27,-0.01371287542902
2023-09-28,0.011130903785382174
2023-09-29,0.006358178030681172
2023-10-02,-0.01527651126726326
2023-10-03,-0.007230084896967526
2023-10-04,0.012395110458308212
2023-10-05,0.011671616936231421
2023-10-06,0.016811089135581048
2023-10-09,0.01329146862272812
2023-10-10,-0.0070841539256373265
2023-10-11,0.023245064955815353
2023-10-12,-0.008187087819242378
2023-10-13,-0.0046262943872846796
2023-10-16,0.00018231008650171354
2023-10-17,-0.0018680046074139867
2023-10-18,-0.015838216188691412
2023-10-19,-0.006121869566177551
2023-10-20,-0.012272518353950601
2023-10-23,-0.011102097748763029
2023-10-24,0.02570218547416636
2023-10-25,-0.020680000093857176
2023-10-26,-0.00818033717148614
2023-10-27,-0.009398712737391346
2023-10-30,0.01674888232618077
2023-10-31,0.018472776722399553
2023-11-01,-0.028281635059208887
2023-11-02,0.018713618261450682
2023-11-03,0.025972776172842993
2023-11-06,-0.023013839539965608
2023-11-07,-0.013521126199832034
2023-11-08,0.007115900145031384
2023-11-09,-0.015696073222859708
2023-11-10,0.014838312058720993
2023-11-13,-0.023688545147824813
2023-11-14,0.0509091776856494
2023-11-15,-0.011798367343501481
2023-11-16,-0.009410971419058223
2023-11-17,-0.002599594406739625
2023-11-20,0.009619787587475281
2023-11-21,-0.0018305077092154454
2023-11-22,0.0008935485838099666
2023-11-24,0.0087854228663784
2023-11-27,-0.011829373179982894
2023-11-28,0.001508138979782414
2023-11-29,-0.0012705545503350901
2023-11-30,0.005795674986442956
2023-12-01,0.033729912361808
2023-12-04,0.009562164823800456
2023-12-05,-0.005656053802761352
2023-12-06,0.009796406763893817
2023-12-07,0.005230693292084032
2023-12-08,0.0056038762842547385
2023-12-11,0.004245607899510118
2023-12-12,0.002378129708944021
2023-12-13,0.04736179004758978
2023-12-14,0.042409458323977134
2023-12-15,-0.014285770339484083
2023-12-18,0.004939763112693729
2023-12-19,-0.0012999550353270939
2023-12-20,-0.022006238069942397
2023-12-21,0.007029134663133707
2023-12-22,0.009293001619051555
2023-12-26,0.011253282753334481
2023-12-27,0.008538376959356997
2023-12-28,0.01412356087908484
2023-12-29,-0.009982470864233428
2024-01-02,0.007784146547544113
2024-01-03,-0.028534826729246898
2024-01-04,0.00436689826108827
2024-01-05,-0.000902473963553474
2024-01-08,0.019500904974892874
2024-01-09,-0.001812095089537391
2024-01-10,0.0
2024-01-11,0.0008067438301537777
2024-01-12,0.004031051768677241
2024-01-16,-0.0012446580972110821
2024-01-17,-0.028459953918804626
2024-01-18,-0.01175057215174824
2024-01-19,0.008373380895122073
2024-01-22,0.005688221214916966
2024-01-23,-0.01428454521564626
2024-01-24,-0.017172023588973184
2024-01-25,-0.003153574703221418
2024-01-26,0.0106447780891743
2024-01-29,0.0020724487261867264
2024-01-30,-0.010257276106125701
2024-01-31,-0.005118058026450711
2024-02-01,0.01856224712083443
2024-02-02,-0.006649896950757683
2024-02-05,-0.024065723873821332
2024-02-06,0.01141792398052055
2024-02-07,-0.016954966646465786
2024-02-08,0.001397270720305599
2024-02-09,0.0020057433333802166
2024-02-12,0.004264542626401857
2024-02-13,-0.022488933351855978
2024-02-14,0.007402720183815381
2024-02-15,0.03238590207550618
2024-02-16,0.0031966642739327256
2024-02-20,-0.010281671890920996
2024-02-21,0.009787451120808477
2024-02-22,-0.02244608455295838
2024-02-23,-0.002652711582144085
2024-02-26,-0.01547926642607389
2024-02-27,0.008592129515227143
2024-02-28,0.008343223654182719
2024-02-29,0.007707945172050756
2024-03-01,0.012834808458699776
2024-03-04,0.03929694682360463
2024-03-05,-0.003202167999751926
2024-03-06,-0.000411844679510609
2024-03-07,-0.000824095077788467
2024-03-08,0.012123744237084733
2024-03-11,-0.010063604600073828
2024-03-12,-0.009630820534378026
2024-03-13,0.007106388448886669
2024-03-14,-0.021498633914184162
2024-03-15,0.008181032949034384
2024-03-18,-0.006148776134908607
2024-03-19,-0.006186885261677877
2024-03-20,0.019353700107662908
2024-03-21,0.013751595187717625
2024-03-22,-0.008278272869548742
2024-03-25,-0.010165822941646141
2024-03-26,-0.007514676556446442
2024-03-27,0.02605414382902871
2024-03-28,0.014083962194026522
2024-04-01,-0.02099599769347571
2024-04-02,-0.017398903086612405
2024-04-03,0.008492537106380649
2024-04-04,-0.006400011058218524
2024-04-05,0.007203953330878754
2024-04-08,0.024486737068748488
2024-04-09,0.025010343966839654
2024-04-10,-0.022356745314745297
2024-04-11,0.0009836436024306394
2024-04-12,-0.020307179048890567
2024-04-15,-0.015462266628296861
2024-04-16,-0.012267053992016441
2024-04-17,-0.00021504274693684433
2024-04-18,0.005673828628044442
2024-04-19,0.0051289253818325165
2024-04-22,0.02007062807512061
2024-04-23,0.009420833107740334
2024-04-24,0.0230849835660083
2024-04-25,-0.002139397803711085
2024-04-26,-0.0011730738014721354
2024-04-29,0.004454938514748985
2024-04-30,-0.007136575787830002
2024-05-01,-0.003167486614515047
2024-05-02,0.017639682517526456
2024-05-03,0.002041562358849447
2024-05-06,0.02069440032862291
2024-05-07,0.008532539976944475
2024-05-08,-0.012302491342012112
2024-05-09,0.019960636658928887
2024-05-10,-0.002426812232425357
2024-05-13,0.006217214353424261
2024-05-14,0.01692513856319966
2024-05-15,0.010831336290230142
2024-05-16,-0.01168607572884095
2024-05-17,0.005969049777340585
2024-05-20,-0.010815406352447376
2024-05-21,0.002847155600199658
2024-05-22,-0.0046183489859366045
2024-05-23,-0.01890166870271459
2024-05-24,0.00554331697083299
2024-05-28,-0.015690091239548565
2024-05-29,-0.009477921342234352
2024-05-30,0.010636229861179514
2024-05-31,0.01639290703332974
2024-06-03,0.0032332357520654664
2024-06-04,0.012201292464816493
2024-06-05,0.016185755155725845
2024-06-06,0.00089538500425701
2024-06-07,-0.0009317643011684806
2024-06-10,0.00484936022354665
2024-06-11,-0.01384685104681127
2024-06-12,0.02183384317082715
2024-06-13,0.01385210007226112
2024-06-14,0.011991251167582373
2024-06-17,0.01001804681276175
2024-06-18,0.011731636769326315
2024-06-20,-0.01584741149052693
2024-06-21,-0.006640869890683243
2024-06-24,0.003486176669686758
2024-06-25,-0.012786835014597875
2024-06-26,-0.008671320358134671
2024-06-27,0.0005489655452379782
2024-06-28,0.004687547546149418
2024-07-01,0.002277717441190763
2024-07-02,0.0006231310843418658
2024-07-03,-0.012418065379687593
2024-07-05,0.009792167320614276
2024-07-08,0.003159074306644305
2024-07-09,0.010509038339715282
2024-07-10,0.001485792601849445
2024-07-11,0.007344796389192165
2024-07-12,-0.014654531876967969
2024-07-15,0.006415437857635098
2024-07-16,0.009634520669125068
2024-07-17,0.018762549916371718
2024-07-18,0.0005633827882942644
2024-07-19,0.00228761366920871
2024-07-22,0.018750711237316642
2024-07-23,0.0032053229198716338
2024-07-24,-0.017522213690959076
2024-07-25,-0.011330145519444002
2024-07-26,0.014218957828353807
2024-07-29,-0.002580716658637794
2024-07-30,-0.01818200091801847
2024-07-31,-0.008689309679932644
2024-08-01,0.026332966199726915
2024-08-02,-0.014106187083799626
2024-08-05,-0.03209561452381149
2024-08-06,0.028501296824879008
2024-08-07,-0.010556761023630346
2024-08-08,0.00670445038422085
2024-08-09,0.011994652254611271
2024-08-12,-0.003714944894406602
2024-08-13,0.010192075512377219
2024-08-14,0.005976216835655412
2024-08-15,-0.004053712910276452
2024-08-16,-0.003473601086158462
2024-08-19,0.00492944055598743
2024-08-20,0.006061463946081647
2024-08-21,0.00720894352543211
2024-08-22,0.003907095168179442
2024-08-23,0.019804540628046263
2024-08-26,-0.00496483945482884
2024-08-27,0.003122702279296119
2024-08-28,0.0018610981430273732
2024-08-29,0.006619572577239108
2024-08-30,0.012548211502043216
2024-09-03,0.002982258320948672
2024-09-04,-0.0035020540221495366
2024-09-05,0.001259908915004937
2024-09-06,-0.012582503288835811
2024-09-09,0.00617021954952901
2024-09-10,0.027395381217323767
2024-09-11,-3.22768588038036e-05
2024-09-12,0.006358234077081137
2024-09-13,0.012346033504160303
2024-09-16,0.003502610060046374
2024-09-17,-0.009550948750361332
2024-09-18,0.00032038590411320733
2024-09-19,0.0005765301544289336
2024-09-20,-0.019877161348976546
2024-09-23,0.011234153890939291
2024-09-24,-0.030421491208205143
2024-09-25,-0.009093001817400914
2024-09-26,-0.01119324977663294
2024-09-27,0.0014617306921460571
2024-09-30,0.011192889629236813
2024-10-01,-0.0091735317498145
2024-10-02,0.0011275175714453578
2024-10-03,-0.011295293896562697
2024-10-04,0.0005175531832655178
2024-10-07,-0.006795814774848474
2024-10-08,0.0019797221012427535
2024-10-09,-0.001005278854125491
2024-10-10,-0.009993449003475763
2024-10-11,0.009708738930013006
2024-10-14,0.0113511329983913
2024-10-15,0.004358990375988414
2024-10-16,0.016608592792416665
2024-10-17,-0.010857982246464615
2024-10-18,0.007646601377429452
2024-10-21,-0.01730193734790686
2024-10-22,0.006967155483482257
2024-10-23,0.022358524307501737
2024-10-24,0.006000916887969554
2024-10-25,-0.02024792247419227
2024-10-28,0.013597182282914178
2024-10-29,-0.004137932620458251
2024-10-30,-0.01477732770149598
2024-10-31,-0.03455546590899039
2024-11-01,-0.02427251159442667
2024-11-04,0.013142135517288045
2024-11-05,0.03702653138864487
2024-11-06,0.009484562316674605
2024-11-07,0.009463482556889113
2024-11-08,0.02738242961558579
2024-11-11,-0.001706677995852779
2024-11-12,-0.010949075387723162
2024-11-13,0.021508579866406308
2024-11-14,-0.014774782783148477
2024-11-15,-0.003236961874747646
2024-11-18,0.0025847749076279847
2024-11-19,-0.002512156984392777
2024-11-20,-0.00394323379217143
2024-11-21,0.012475534030805813
2024-11-22,0.003910167227322958
2024-11-25,0.013321116414746648
2024-11-26,0.000484438035184942
2024-11-27,0.009975825221560042
2024-11-29,-0.0076078521685583045
2024-12-02,-0.020517966274075317
2024-12-03,-0.010161402554566101
2024-12-04,0.0012957548133425423
2024-12-05,-0.005706893358451981
2024-12-06,0.0014348860981414635
2024-12-09,0.002998954108100582
2024-12-10,-0.01119598346187678
2024-12-11,0.0013775737021402001
2024-12-12,0.014293331169635826
2024-12-13,-0.008303031157116947
2024-12-16,-0.0024683287910497453
2024-12-17,-0.016552422691535007
2024-12-18,-0.034376182592934956
2024-12-19,-0.017535648947733073
2024-12-20,0.01702445934222796
2024-12-23,0.0020085652419412625
2024-12-24,0.008652072844252956
2024-12-26,0.0032079309402481826
2024-12-27,-0.011400461022358255
2024-12-30,-0.0057307783081076424
2024-12-31,0.009335231268477795
