Date,ETN
2015-01-05,-0.04136634818410356
2015-01-06,-0.011210198084611211
2015-01-07,0.002951029464584476
2015-01-08,0.035769488656025805
2015-01-09,-0.01240859116295745
2015-01-12,-0.008779737927337883
2015-01-13,-0.0003053844565183983
2015-01-14,-0.018637456286217602
2015-01-15,-0.00264618015682605
2015-01-16,0.008116040300645944
2015-01-20,0.0032511783746946854
2015-01-21,0.015740709039851142
2015-01-22,0.028258994870710152
2015-01-23,-0.009899288708978937
2015-01-26,-0.002835500018797843
2015-01-27,-0.0269383688351994
2015-01-28,-0.021685565218657277
2015-01-29,0.00911820792484086
2015-01-30,-0.017136685959605713
2015-02-02,0.02076410564699427
2015-02-03,0.08369516904728758
2015-02-04,-0.018770215609383856
2015-02-05,0.010806167807153377
2015-02-06,0.011990408698665966
2015-02-09,0.0012850695038275628
2015-02-10,0.008554049535564046
2015-02-11,-0.005795856661513499
2015-02-12,0.018769026854134285
2015-02-13,0.012560903167945225
2015-02-17,-0.005788799143225609
2015-02-18,0.0022178365512970366
2015-02-19,-0.002351714071724631
2015-02-20,0.005407617313098134
2015-02-23,-0.011998128307486255
2015-02-24,0.0011166409436433877
2015-02-25,-0.002370060657962303
2015-02-26,0.0033542047522230334
2015-02-27,-0.010865152153197277
2015-03-02,-0.00014087054385814035
2015-03-03,-0.007887292686629133
2015-03-04,-0.011215117584878587
2015-03-05,0.0036176403072574193
2015-03-06,-0.017014999207605852
2015-03-09,0.004840822480622231
2015-03-10,-0.01956183640015774
2015-03-11,-0.008785279236986021
2015-03-12,0.010215073554128429
2015-03-13,-0.009070921165652446
2015-03-16,0.017257157184282557
2015-03-17,-0.0016227727009962
2015-03-18,0.012411396850544376
2015-03-19,-0.01371867616056388
2015-03-20,0.013317457831391488
2015-03-23,-0.006133131114569479
2015-03-24,-0.0027914859928748204
2015-03-25,-0.015618153630795328
2015-03-26,-0.002095429683516281
2015-03-27,0.00045008928054612873
2015-03-30,0.016791300340755377
2015-03-31,0.0017694688268778958
2015-04-01,-0.005298814033815602
2015-04-02,0.0014797336204452893
2015-04-06,0.01861702300644774
2015-04-07,-0.005512132303094663
2015-04-08,-0.0059801520078961445
2015-04-09,0.005869285981530137
2015-04-10,0.002042242059554944
2015-04-13,-0.005095128311372377
2015-04-14,0.00468263191311058
2015-04-15,0.015729458051703338
2015-04-16,-0.004444994611904618
2015-04-17,-0.004609117904048277
2015-04-20,0.010129034463473907
2015-04-21,-0.006589549667863626
2015-04-22,-0.001009130059782537
2015-04-23,-0.0025983743145855387
2015-04-24,-0.0075250733731815345
2015-04-27,0.01166503947935138
2015-04-28,-0.011098238071429734
2015-04-29,0.013554893368690202
2015-04-30,-0.003768552007093806
2015-05-01,0.026043754586510426
2015-05-04,0.003970632567375398
2015-05-05,0.008616075733627993
2015-05-06,0.002100214914087628
2015-05-07,-0.004331790422743009
2015-05-08,0.011929465490996272
2015-05-11,0.0023577392866116487
2015-05-12,-0.004565801355546184
2015-05-13,0.012093151634435362
2015-05-14,0.009476615799215882
2015-05-15,-0.0024492284217449978
2015-05-18,0.0019100296610530254
2015-05-19,-0.00898459848230082
2015-05-20,-0.00041212969067472294
2015-05-21,0.00865749164998264
2015-05-22,-0.004223464613435479
2015-05-26,-0.014776141420957511
2015-05-27,0.013470232232208001
2015-05-28,-0.002740555068620587
2015-05-29,-0.016350903764172253
2015-06-01,-0.00013942738791772324
2015-06-02,0.010757268827050748
2015-06-03,0.007187207575354293
2015-06-04,-0.011390303139432012
2015-06-05,-0.004025411398782763
2015-06-08,-0.0012542121272066664
2015-06-09,-0.0023725540252566013
2015-06-10,0.014687231229424391
2015-06-11,0.00041360698065306956
2015-06-12,-0.009508292022611275
2015-06-15,-0.013772602759516195
2015-06-16,-0.006347685863169028
2015-06-17,-0.0008519439608664081
2015-06-18,0.009519612935768862
2015-06-19,-0.011963324201332393
2015-06-22,0.0
2015-06-23,0.0014247151969366545
2015-06-24,-0.010099492233299645
2015-06-25,-0.015088647293325264
2015-06-26,-0.0037935780401086028
2015-06-29,-0.019771265554157647
2015-06-30,0.008367074186279133
2015-07-01,0.0022221295516051676
2015-07-02,-0.0034001268079786318
2015-07-06,-0.009939251173588737
2015-07-07,0.0025474568074943527
2015-07-08,-0.022418196742069685
2015-07-09,-0.0003057204442108441
2015-07-10,0.005811206904612343
2015-07-13,0.009730981436012476
2015-07-14,0.0003007515500652591
2015-07-15,-0.01038661470693103
2015-07-16,0.0036507465506907533
2015-07-17,-0.013185974449402726
2015-07-20,0.002150276706895715
2015-07-21,-0.019003678236826138
2015-07-22,-0.008280113203393391
2015-07-23,-0.007718832891246641
2015-07-24,-0.029211173966597004
2015-07-27,-0.009484884422660822
2015-07-28,0.015188898054823374
2015-07-29,0.005041746239681899
2015-07-30,-0.0027755076914572907
2015-07-31,-0.0081858438435507
2015-08-03,-0.005282471301073288
2015-08-04,-0.011284344720525863
2015-08-05,0.0006714320746927793
2015-08-06,0.00603810800947735
2015-08-07,-0.0021672410241591056
2015-08-10,0.025731024602823283
2015-08-11,-0.020850542115818493
2015-08-12,0.00316090213604725
2015-08-13,-0.0059700175958916635
2015-08-14,0.00033337877340833266
2015-08-17,0.006170946181803139
2015-08-18,-0.00845341886637474
2015-08-19,-0.01955870509824098
2015-08-20,-0.009036765755607301
2015-08-21,-0.024604408141190137
2015-08-24,-0.041806058370518095
2015-08-25,-0.029639205378505507
2015-08-26,0.035287599809816994
2015-08-27,0.037749763808395675
2015-08-28,0.007416355387184659
2015-08-31,0.0001752598803073102
2015-09-01,-0.037854810622275914
2015-09-02,0.012204108578144357
2015-09-03,-0.005039010268593214
2015-09-04,-0.004340218429623288
2015-09-08,0.029608888423730884
2015-09-09,-0.012173487168243402
2015-09-10,-0.0023215986149432988
2015-09-11,-0.0025065110052131523
2015-09-14,-0.01866468516689812
2015-09-15,0.01938556980633699
2015-09-16,0.01435229016884132
2015-09-17,-0.02635267438675637
2015-09-18,-0.03851080095983683
2015-09-21,0.0062345796011054055
2015-09-22,-0.00488164972508498
2015-09-23,-0.012075204334848766
2015-09-24,-0.0032472086249564214
2015-09-25,-0.005172853572167124
2015-09-28,-0.036017180529782755
2015-09-29,0.0121878050266373
2015-09-30,0.012633054909877428
2015-10-01,-0.01403477785440188
2015-10-02,0.016211530917035644
2015-10-05,0.026459404280482657
2015-10-06,-0.0034118275168004697
2015-10-07,0.029098582649970117
2015-10-08,0.02199212857158228
2015-10-09,-0.008679910242252342
2015-10-12,-0.012404309263337021
2015-10-13,-0.011821033218690769
2015-10-14,-0.014018673105941515
2015-10-15,-0.012322343498123223
2015-10-16,-0.018234061949951363
2015-10-19,0.00234589491895143
2015-10-20,0.021454802988588817
2015-10-21,0.0028647466726419157
2015-10-22,0.034843754363939716
2015-10-23,-0.0007361311745225363
2015-10-26,-0.009758820245653443
2015-10-27,-0.019151969608099395
2015-10-28,0.0252133263836003
2015-10-29,0.004252797328977875
2015-10-30,0.029460474134694214
2015-11-02,0.014487830595621976
2015-11-03,0.0003524742599247954
2015-11-04,0.0
2015-11-05,0.016372877741392955
2015-11-06,0.001926263262762129
2015-11-09,-0.01502981058231978
2015-11-10,-0.00230656403590479
2015-11-11,-0.012626876917828156
2015-11-12,-0.023955227164698445
2015-11-13,-0.0014763585324127915
2015-11-16,0.02402537338275179
2015-11-17,0.0005413371698534952
2015-11-18,0.025973991387963302
2015-11-19,-0.0019338846891947536
2015-11-20,0.014444149414771568
2015-11-23,-0.0064245619475887805
2015-11-24,0.008213703961731822
2015-11-25,0.004507023974745561
2015-11-27,0.0025882139449928676
2015-11-30,0.001032875272277467
2015-12-01,0.004986506224104348
2015-12-02,-0.022583512060225353
2015-12-03,-0.026430948670370213
2015-12-04,0.007730783567088562
2015-12-07,-0.023907320957445077
2015-12-08,-0.03125555238777156
2015-12-09,-0.006226199407861399
2015-12-10,-0.010062709046355756
2015-12-11,-0.02435791909601115
2015-12-14,-0.009632326237401734
2015-12-15,0.003970022008830121
2015-12-16,0.02787687257145044
2015-12-17,-0.03577622909333256
2015-12-18,-0.007779839113227327
2015-12-21,0.01950141578827025
2015-12-22,0.021692035496638784
2015-12-23,0.028372683916942698
2015-12-24,-0.0005627998254390532
2015-12-28,-0.012394382069704446
2015-12-29,0.009317289094699976
2015-12-30,-0.009231278603239912
2015-12-31,-0.010458290681995441
2016-01-04,0.0034589988516069425
2016-01-05,-0.007085680368050462
2016-01-06,-0.01793614341639782
2016-01-07,-0.023370252685052217
2016-01-08,-0.011261162254534773
2016-01-11,-0.0004064329147894785
2016-01-12,0.016276620866877867
2016-01-13,-0.030430287091349095
2016-01-14,-0.002271601480518859
2016-01-15,-0.009519591842608421
2016-01-19,0.004805791509672197
2016-01-20,-0.012060559303015417
2016-01-21,0.005682560915657664
2016-01-22,0.01527872778210937
2016-01-25,-0.02556189273347842
2016-01-26,0.03702162147893029
2016-01-27,0.008567712404368377
2016-01-28,0.015169938102213454
2016-01-29,0.00637579549172651
2016-02-01,-0.005741549646050448
2016-02-02,-0.024293006149026075
2016-02-03,0.07102033984695977
2016-02-04,0.03582336074518855
2016-02-05,0.005518635470331157
2016-02-08,0.008232869456399339
2016-02-09,-0.011431778909038126
2016-02-10,-0.0143174781180615
2016-02-11,-0.011172839998900286
2016-02-12,0.020715508422850748
2016-02-16,0.011439183943543485
2016-02-17,0.021707476294656303
2016-02-18,0.0033920534742251096
2016-02-19,-0.003380586344570169
2016-02-22,0.029816074359023004
2016-02-23,-0.019590903108257174
2016-02-24,0.004420848320122239
2016-02-25,0.008450609273651155
2016-02-26,-0.00017444394537324825
2016-02-29,-0.009778382607515512
2016-03-01,0.023805616578873146
2016-03-02,-0.0018947444752752673
2016-03-03,0.007842390164458202
2016-03-04,0.002074960168430229
2016-03-07,0.018464265000674107
2016-03-08,-0.019484746020567267
2016-03-09,0.01192303711810494
2016-03-10,0.014514786253988499
2016-03-11,0.012119300310003522
2016-03-14,0.006153435916741223
2016-03-15,-0.0008263271042461273
2016-03-16,0.005459002521285949
2016-03-17,0.038335065506401644
2016-03-18,0.005704159920923768
2016-03-21,0.003308752233660339
2016-03-22,-0.004083051194137877
2016-03-23,-0.01482163437361017
2016-03-24,-0.001760671547466286
2016-03-28,0.0016035573446790963
2016-03-29,-0.0016009900653010112
2016-03-30,0.006092655944779812
2016-03-31,-0.003027617104661373
2016-04-01,0.017583217949676655
2016-04-04,-0.015865819650059287
2016-04-05,-0.036073321957068805
2016-04-06,-0.013909781217590234
2016-04-07,-0.0011753607887223794
2016-04-08,0.007229419072892096
2016-04-11,0.011851114373612637
2016-04-12,0.015176386744915726
2016-04-13,0.024374474792089318
2016-04-14,-0.0072970826406484335
2016-04-15,0.003994988442460823
2016-04-18,-0.002387350129173793
2016-04-19,0.0014359733519579976
2016-04-20,-0.009718251544147516
2016-04-21,-0.00016091264249129544
2016-04-22,0.013515953933790126
2016-04-25,-0.011589442894287427
2016-04-26,0.01590105458387492
2016-04-27,0.009170308314095266
2016-04-28,-0.010026750265031303
2016-04-29,0.0012660193728428748
2016-05-02,0.003002956894014197
2016-05-03,-0.002679105149749561
2016-05-04,-0.027901492323786914
2016-05-05,0.00016387884830737498
2016-05-06,0.005247402336584717
2016-05-09,-0.010440097916943558
2016-05-10,0.02373872197684257
2016-05-11,-0.0016101726548192197
2016-05-12,0.001128998946227533
2016-05-13,-0.01933314048505308
2016-05-16,0.017742736312040375
2016-05-17,-0.010169268535814124
2016-05-18,-0.019895792400585477
2016-05-19,-0.00931784071630759
2016-05-20,0.004366874608965121
2016-05-23,0.004180646439928992
2016-05-24,0.005828226659951863
2016-05-25,0.020033345063219077
2016-05-26,-0.00146080213799904
2016-05-27,0.0017879946003884761
2016-05-31,0.0
2016-06-01,0.00032462689707868364
2016-06-02,0.001621849692474031
2016-06-03,-0.004858200442090843
2016-06-06,0.0198534770621277
2016-06-07,-0.0022340073063478183
2016-06-08,0.00975536293840995
2016-06-09,-0.005859790184738589
2016-06-10,-0.018321047058221795
2016-06-13,-0.016065838745039418
2016-06-14,-0.0031340875338469187
2016-06-15,0.0034745727785594482
2016-06-16,0.0023083355981072806
2016-06-17,0.013653445119377716
2016-06-20,0.010873316098996888
2016-06-21,-0.007064093547490158
2016-06-22,-0.0014549829880481369
2016-06-23,0.017163260390655966
2016-06-24,-0.07624980657755343
2016-06-27,-0.04239161983080786
2016-06-28,0.02321402650902704
2016-06-29,0.021631946151050352
2016-06-30,0.028232098803174344
2016-07-01,0.009040529183846235
2016-07-05,-0.02571749479604246
2016-07-06,0.012432140625563415
2016-07-07,0.011101504931460449
2016-07-08,0.03011164497519858
2016-07-11,0.007751838521930843
2016-07-12,0.02500013106444543
2016-07-13,-0.001407348829100541
2016-07-14,-0.0010959440557802846
2016-07-15,0.0004703416653859538
2016-07-18,-0.005326763799531675
2016-07-19,-0.006930063755732685
2016-07-20,0.0071370454597508015
2016-07-21,-0.004566963150552494
2016-07-22,0.002689432303988548
2016-07-25,0.0014200805240738301
2016-07-26,0.017331207055417686
2016-07-27,-0.0024781160903913912
2016-07-28,-0.006210136838504132
2016-07-29,-0.009373634480968618
2016-08-01,0.00835828912437031
2016-08-02,0.0010948903775727103
2016-08-03,0.012610176965790698
2016-08-04,0.004047317579601195
2016-08-05,0.014883702760541073
2016-08-08,0.005652582982135668
2016-08-09,0.00015190620119254206
2016-08-10,0.013213480496524932
2016-08-11,0.009294156896221928
2016-08-12,-0.0017819889511732079
2016-08-15,0.006248577769918384
2016-08-16,-0.005323075639737773
2016-08-17,0.005203114460049063
2016-08-18,0.0014789189828987581
2016-08-19,-0.0008860683652185397
2016-08-22,0.0005911220249055216
2016-08-23,-0.00029548902715625935
2016-08-24,-0.0056144453693229845
2016-08-25,0.001337225027511879
2016-08-26,-0.0010388658869845413
2016-08-29,0.005793632419077266
2016-08-30,-0.008270757853071187
2016-08-31,-0.009084196429710811
2016-09-01,0.005710843063189808
2016-09-02,0.00926485081340056
2016-09-06,-0.013621744647098977
2016-09-07,0.0018012587536566649
2016-09-08,-0.009889040898432566
2016-09-09,-0.037984143483877464
2016-09-12,0.0223371125311862
2016-09-13,-0.027388447330172094
2016-09-14,-0.0036388065207025866
2016-09-15,0.0017465841626465028
2016-09-16,-0.011729335275509456
2016-09-19,0.014434775632216068
2016-09-20,-0.00806323106877338
2016-09-21,0.015779313448524235
2016-09-22,0.005648897115068774
2016-09-23,-0.012170370443175482
2016-09-26,-0.006475915756396056
2016-09-27,0.008107802216017257
2016-09-28,0.018293989715588488
2016-09-29,-0.006349617160077425
2016-09-30,0.02415817310868018
2016-10-03,0.002435008636192171
2016-10-04,-0.023531235037903886
2016-10-05,0.01896756372839148
2016-10-06,-0.00061024286464606
2016-10-07,-0.015572356733236092
2016-10-10,-0.005273160397271659
2016-10-11,-0.015902692144712183
2016-10-12,0.018060739265958636
2016-10-13,-0.017273410774058195
2016-10-14,0.002375220256497945
2016-10-17,-0.0028435981504538743
2016-10-18,0.0011087771266984348
2016-10-19,0.007754529589959036
2016-10-20,0.0018843470454183997
2016-10-21,-0.0014104388738674922
2016-10-24,-0.0053368198695340485
2016-10-25,-0.00299818734650914
2016-10-26,0.01630260590092214
2016-10-27,-0.029901629212295777
2016-10-28,0.0014445550232176085
2016-10-31,0.022282754816485673
2016-11-01,-0.048141700004939
2016-11-02,0.0029653997776599716
2016-11-03,-0.009782860008692884
2016-11-04,0.01741487771853434
2016-11-07,0.027485173218567915
2016-11-08,0.009129985302122279
2016-11-09,0.05269860335584098
2016-11-10,0.03588646196666834
2016-11-11,-0.020232917184615173
2016-11-14,-0.0037142132222609536
2016-11-15,-0.018043657289429582
2016-11-16,-0.004707415960452099
2016-11-17,-0.011443211349329019
2016-11-18,-0.009877987055170623
2016-11-21,0.02166769449705197
2016-11-22,0.0006104100858033146
2016-11-23,0.013876031576990577
2016-11-25,0.004812888213920452
2016-11-28,-0.012423160927284349
2016-11-29,-0.0043955602247801595
2016-11-30,0.012482843258806442
2016-12-01,0.017140591177476905
2016-12-02,0.0016259150180639725
2016-12-05,0.0036895461504760085
2016-12-06,0.00646936923346364
2016-12-07,0.006574185385941345
2016-12-08,0.0011613519337885236
2016-12-09,0.00797296235708389
2016-12-12,0.004746254987570087
2016-12-13,-0.014457605322914513
2016-12-14,-0.017138234751757353
2016-12-15,0.0032508008851064307
2016-12-16,0.002503784637484241
2016-12-19,-0.003526180426718817
2016-12-20,0.00928931651135545
2016-12-21,-0.009203819320573237
2016-12-22,0.0036864858552780877
2016-12-23,0.002791193289056748
2016-12-27,0.0033692419793716066
2016-12-28,-0.011534382906729368
2016-12-29,-0.0013294166317848743
2016-12-30,-0.0076912234067281204
2017-01-03,0.021463861082133828
2017-01-04,-0.005253261293708289
2017-01-05,-0.012028990462692901
2017-01-06,0.009799970827702342
2017-01-09,-0.016615531505672965
2017-01-10,0.004934522640763106
2017-01-11,0.018598488797261892
2017-01-12,-0.003798131798236404
2017-01-13,0.006745153466252152
2017-01-17,-0.016021178552158233
2017-01-18,0.003552615851041274
2017-01-19,-0.0010326609566112532
2017-01-20,0.002952958208483958
2017-01-23,-0.0027969460278172154
2017-01-24,0.02111016966316015
2017-01-25,0.029058703743762848
2017-01-26,0.0018261427525487761
2017-01-27,-0.00504807978454902
2017-01-30,-0.0076111203195312616
2017-01-31,0.005254733871042916
2017-02-01,0.007488017188814089
2017-02-02,-0.018089864107730613
2017-02-03,0.0028562509018550397
2017-02-06,-0.0034176476811218492
2017-02-07,0.0037153727456804564
2017-02-08,-0.003844027529625871
2017-02-09,0.011719540506663906
2017-02-10,0.002966029434860573
2017-02-13,0.016901738313288783
2017-02-14,-0.00263146739816722
2017-02-15,0.001249592198762306
2017-02-16,-0.004438213155273596
2017-02-17,-0.0020897747866869265
2017-02-21,0.0036297252358723497
2017-02-22,0.00848525727635785
2017-02-23,-0.005241347413039943
2017-02-24,0.003743695639573996
2017-02-27,-0.000552649236527647
2017-02-28,-0.0051140235470349404
2017-03-01,0.017505220917429343
2017-03-02,-0.007296271617294736
2017-03-03,-0.0024960990563581698
2017-03-06,-0.001251615449425314
2017-03-07,-0.004175991800428047
2017-03-08,0.004053811554218578
2017-03-09,-0.0032021046130655817
2017-03-10,0.012430520651157906
2017-03-13,0.0035865341932059813
2017-03-14,-0.012783247405865006
2017-03-15,0.029796597372087064
2017-03-16,-0.008247761543377363
2017-03-17,-0.0013636304696059698
2017-03-20,0.0016380442772698789
2017-03-21,-0.018808377666090448
2017-03-22,0.0076397258665033
2017-03-23,0.0033087812753920254
2017-03-24,0.0008241859592628131
2017-03-27,-0.0021964982855418036
2017-03-28,0.008392893168483795
2017-03-29,0.008868900387865475
2017-03-30,0.003516263001036357
2017-03-31,-0.0006734835641429848
2017-04-03,0.0001342842309868253
2017-04-04,0.00970877182324359
2017-04-05,-0.003071191736528811
2017-04-06,0.001071772680068861
2017-04-07,-0.0021413113231480985
2017-04-10,0.01381257497597188
2017-04-11,-0.002777741493004915
2017-04-12,-0.015254005246322144
2017-04-13,-0.009832918239232713
2017-04-17,0.01047460682615653
2017-04-18,0.0025580250108470093
2017-04-19,-0.011279806156289207
2017-04-20,0.00543254447426067
2017-04-21,-0.002431546779105731
2017-04-24,0.02207184579021715
2017-04-25,0.013778629712070556
2017-04-26,0.002613803020949712
2017-04-27,-0.002998126171143034
2017-04-28,-0.01111287217873691
2017-05-01,0.006478232228826375
2017-05-02,0.012872770838114223
2017-05-03,-0.0023526601159191696
2017-05-04,-0.006419290644543829
2017-05-05,0.013449277875017485
2017-05-08,-0.0010406692900571946
2017-05-09,-0.0002602913286878783
2017-05-10,0.004298689886666818
2017-05-11,-0.0007780854949845928
2017-05-12,-0.004543890490808833
2017-05-15,0.003782150309206145
2017-05-16,0.003507312111590055
2017-05-17,-0.013722994094197305
2017-05-18,-0.0014440040343440819
2017-05-19,0.02550291206949784
2017-05-22,-0.003974202068668831
2017-05-23,-0.000643081808885837
2017-05-24,-0.0010303140754114315
2017-05-25,-0.0033518870154106706
2017-05-26,0.003233614451343181
2017-05-30,0.002063252666596904
2017-05-31,-0.004374919606451311
2017-06-01,0.009046210224719742
2017-06-02,-0.0025615426021997623
2017-06-05,-0.014252624853385631
2017-06-06,-0.005731508758540116
2017-06-07,-0.018079300251532704
2017-06-08,0.006937996080546016
2017-06-09,0.0035776802103015815
2017-06-12,0.00039585780120066083
2017-06-13,0.004487632550949527
2017-06-14,-0.010117501295115128
2017-06-15,0.010618990936048567
2017-06-16,0.008667982502491123
2017-06-19,0.01653660580906613
2017-06-20,-0.012936943418946911
2017-06-21,-0.014793946853733031
2017-06-22,-0.0019757862106537516
2017-06-23,0.014649643570988413
2017-06-26,-0.001430739016640592
2017-06-27,-0.004428705985705328
2017-06-28,0.013214537432701734
2017-06-29,-0.010459478398659905
2017-06-30,0.015659482013933967
2017-07-03,0.006681264322029978
2017-07-05,0.0035738243816751947
2017-07-06,-0.0010178174328168144
2017-07-07,0.010311906041891916
2017-07-10,0.01310525385661343
2017-07-11,0.0006218225105589781
2017-07-12,0.0007458131080357866
2017-07-13,-0.0023600561836949474
2017-07-14,0.003610523136828636
2017-07-17,-0.004962405812876658
2017-07-18,0.0002497236208034437
2017-07-19,0.0018695329611977396
2017-07-20,-0.010201843776283193
2017-07-21,-0.007415796172531075
2017-07-24,-0.004051798894186276
2017-07-25,0.008646033794614372
2017-07-26,-0.004159770428848741
2017-07-27,-0.006455880870221864
2017-07-28,-0.0007643220056509081
2017-07-31,-0.0022955259352057666
2017-08-01,-0.05098996120388
2017-08-02,0.005973087329670612
2017-08-03,-0.006612602496094189
2017-08-04,0.012498199700671231
2017-08-07,-0.007245297704855491
2017-08-08,-0.0135150898547296
2017-08-09,0.0020548779496261105
2017-08-10,-0.020371979332059253
2017-08-11,-0.0023723584453516633
2017-08-14,0.013989727561702692
2017-08-15,-0.0023454385067797068
2017-08-16,0.004978717236560737
2017-08-17,-0.013072747016791952
2017-08-18,-0.007250639254421265
2017-08-21,-0.0008426910454074621
2017-08-22,0.010683361942005032
2017-08-23,-0.009596658764293164
2017-08-24,-0.008004879322681346
2017-08-25,0.0008495618628325818
2017-08-28,-0.003677528457608492
2017-08-29,0.0011357532214646415
2017-08-30,0.0075155272796789685
2017-08-31,0.009993002042904209
2017-09-01,-0.0018119775140275074
2017-09-05,-0.007398629786569355
2017-09-06,0.003234774652746797
2017-09-07,-0.00014046463339767445
2017-09-08,0.011497361129602313
2017-09-11,0.01677322988561558
2017-09-12,0.01704193825905409
2017-09-13,0.004423622078256528
2017-09-14,0.009207873499049946
2017-09-15,0.017059465644921445
2017-09-18,0.012871985843564193
2017-09-19,-0.011168321950513871
2017-09-20,0.009606973696298704
2017-09-21,0.003728957948955669
2017-09-22,0.0005121551645390632
2017-09-25,-0.007042055628305399
2017-09-26,-0.005673760012160911
2017-09-27,0.00012952911924957178
2017-09-28,-0.013356033033430026
2017-09-29,0.009199888912865939
2017-10-02,0.00976695034132291
2017-10-03,-0.0011606837024273897
2017-10-04,0.00787619051364219
2017-10-05,-0.00333067252869923
2017-10-06,-0.0006428226997585718
2017-10-09,-0.0009002771918218411
2017-10-10,0.0038622028925008323
2017-10-11,0.007052659281601814
2017-10-12,0.00241986023807117
2017-10-13,-0.0024140186503253114
2017-10-16,0.008914151881990628
2017-10-17,-0.014641196395293044
2017-10-18,-0.0012809699204993086
2017-10-19,0.0006413064545276459
2017-10-20,0.011663791898884002
2017-10-23,-0.0057011032566561815
2017-10-24,0.014016253544241186
2017-10-25,-0.0075396450183704555
2017-10-26,0.0065838639361250895
2017-10-27,0.0033963168970314594
2017-10-30,-0.006769305057242825
2017-10-31,0.009970865265107598
2017-11-01,0.01862025785632726
2017-11-02,-0.018909710897319187
2017-11-03,-0.016124938222704777
2017-11-06,0.002688859750182182
2017-11-07,0.004596739781357551
2017-11-08,0.004830810306828859
2017-11-09,-0.015054020098948073
2017-11-10,0.0007704180482932532
2017-11-13,0.0002567604747718555
2017-11-14,-0.013471901243097606
2017-11-15,-0.013265687513038915
2017-11-16,0.007513051590480435
2017-11-17,-0.010465894034727752
2017-11-20,0.000661014675748417
2017-11-21,0.008059333839427918
2017-11-22,-0.0010486146760604331
2017-11-24,-0.0039360245230695146
2017-11-27,-0.005137203698992843
2017-11-28,0.01747677192301711
2017-11-29,-0.0001302833906726697
2017-11-30,0.012233306625229812
2017-12-01,-0.0010286618010818538
2017-12-04,-0.01660210597291989
2017-12-05,-0.019107516802500557
2017-12-06,0.011207234055679027
2017-12-07,0.019395937296078136
2017-12-08,0.00038820058956301473
2017-12-11,0.006210524862577671
2017-12-12,-0.00012851349786191513
2017-12-13,-0.002443328154397073
2017-12-14,-0.014567489470030504
2017-12-15,0.011119525300148148
2017-12-18,-0.0029756631823086854
2017-12-19,-0.0025954514692807518
2017-12-20,0.0037732151356193455
2017-12-21,0.012313810380920165
2017-12-22,-0.0075546974096342145
2017-12-26,-0.0024509798298069096
2017-12-27,0.0012931891539553764
2017-12-28,0.009558274094208175
2017-12-29,0.010875055631247355
2018-01-02,-0.0018986865964047972
2018-01-03,0.035252563919697666
2018-01-04,-0.01065666411549182
2018-01-05,0.007676185560972382
2018-01-08,0.007863415007196783
2018-01-09,-0.0006094143129546925
2018-01-10,0.005976921631011489
2018-01-11,0.018430932897913754
2018-01-12,0.0029763883495474985
2018-01-16,-0.01056493758041921
2018-01-17,0.0029994559245549723
2018-01-18,-0.0004786309368317587
2018-01-19,0.004667502933816348
2018-01-22,0.004883712604507595
2018-01-23,0.009009109665293114
2018-01-24,-0.007283794283737266
2018-01-25,0.008520543759086507
2018-01-26,0.014902645585565866
2018-01-29,-0.010405959598348113
2018-01-30,-0.009931107764253544
2018-01-31,-0.009086444729392018
2018-02-01,0.04632608970515584
2018-02-02,-0.03152728045199915
2018-02-05,-0.041250717783849256
2018-02-06,0.013483579357492115
2018-02-07,-0.012820234303986044
2018-02-08,-0.027076716655730637
2018-02-09,0.01712628490806889
2018-02-12,0.015476111316855556
2018-02-13,-0.0023164254261054396
2018-02-14,0.0102649651044866
2018-02-15,0.0010889270723253297
2018-02-16,0.000362294354708359
2018-02-20,-0.013044961824116519
2018-02-21,-0.0018360558403868188
2018-02-22,0.0039238405776640395
2018-02-23,0.0041521952499363746
2018-02-26,0.0007296722682468282
2018-02-27,-0.003888964056747324
2018-02-28,-0.015373243887795374
2018-03-01,-0.013754786557520715
2018-03-02,0.0013821044565298646
2018-03-05,0.0065241106594129405
2018-03-06,0.008975590052906934
2018-03-07,0.00111220163411474
2018-03-08,0.001356993851498789
2018-03-09,0.03305247603438222
2018-03-12,-0.0193650738084592
2018-03-13,-0.003066566495911194
2018-03-14,-0.014640836288110526
2018-03-15,0.002247344685389896
2018-03-16,0.008845393983989425
2018-03-19,-0.006421471398144973
2018-03-20,0.008700092985874708
2018-03-21,0.003942835353181184
2018-03-22,-0.025159592247436358
2018-03-23,-0.015737212064792505
2018-03-26,0.03734961573715001
2018-03-27,-0.017139008658189403
2018-03-28,-0.008280062027992252
2018-03-29,0.010879144431325205
2018-04-02,-0.02778137396141578
2018-04-03,0.0021881485334522832
2018-04-04,0.009247524833225551
2018-04-05,0.008526184295146955
2018-04-06,-0.04138800155268996
2018-04-09,-0.0005264810079087523
2018-04-10,0.021862271337806938
2018-04-11,-0.005413027982220764
2018-04-12,0.003498799637662753
2018-04-13,-0.0023245902953736852
2018-04-16,0.0024591152961148666
2018-04-17,0.0064559967012856045
2018-04-18,0.015907702581164695
2018-04-19,-0.0005050733419951214
2018-04-20,-0.0011370171396085649
2018-04-23,-0.0067039224556023624
2018-04-24,-0.03310837977282277
2018-04-25,0.01053586364729786
2018-04-26,-0.010686132487628952
2018-04-27,0.0031613810064787806
2018-04-30,-0.014708239597656214
2018-05-01,-0.015593824253157362
2018-05-02,-0.014080331919765543
2018-05-03,0.012610884273410283
2018-05-04,0.024633762405120718
2018-05-07,-0.0022707646032004147
2018-05-08,0.001606712790582776
2018-05-09,0.011226845281356201
2018-05-10,0.010440896506929365
2018-05-11,0.00026201774930179056
2018-05-14,0.001438434358032037
2018-05-15,0.0019592857052372903
2018-05-16,0.007819197919709975
2018-05-17,0.004396490402448272
2018-05-18,0.011845152999939712
2018-05-21,0.016541812586768012
2018-05-22,-0.009137507747961626
2018-05-23,-0.0020216201069888085
2018-05-24,-0.0011391399045675987
2018-05-25,-0.0081105515917137
2018-05-29,-0.016992325265033692
2018-05-30,0.012607271822681065
2018-05-31,-0.017071175366050073
2018-06-01,0.004178774777665817
2018-06-04,0.0009103314436094134
2018-06-05,0.03222004125580513
2018-06-06,0.01044697558456309
2018-06-07,0.0007473543763940604
2018-06-08,0.00012455669510735845
2018-06-11,0.005724978697475347
2018-06-12,-0.004949829014165519
2018-06-13,-0.0044772021687252694
2018-06-14,-0.009618950721656083
2018-06-15,-0.0003782252077013659
2018-06-18,-0.0002524293429426727
2018-06-19,-0.01287416876663916
2018-06-20,-0.003452050943117735
2018-06-21,-0.02027194241393604
2018-06-22,0.003011832386692115
2018-06-25,-0.008486315032508074
2018-06-26,-0.0056628087139929395
2018-06-27,-0.003310321615435985
2018-06-28,-0.010895858893122945
2018-06-29,0.004030047724002284
2018-07-02,0.0025422590194885686
2018-07-03,0.006939688233065677
2018-07-05,0.005168837733731779
2018-07-06,0.0023734385992610907
2018-07-09,0.02341491746491653
2018-07-10,0.0065551774994550005
2018-07-11,-0.032562658162510805
2018-07-12,0.014651580257973862
2018-07-13,0.01157788570848406
2018-07-16,-0.005401356239663424
2018-07-17,0.006206453658618827
2018-07-18,0.007067628303755624
2018-07-19,-0.002041776288496999
2018-07-20,-0.007287836928921765
2018-07-23,-0.00991752840747595
2018-07-24,0.0075450559662992855
2018-07-25,0.019754852332292572
2018-07-26,0.012408003107229337
2018-07-27,0.007628710998575761
2018-07-30,-0.00881198952111184
2018-07-31,0.04144750089738314
2018-08-01,-0.00961895941055102
2018-08-02,-0.014568255327709334
2018-08-03,0.004927875660075687
2018-08-06,-0.004658139529900351
2018-08-07,0.017119949226382714
2018-08-08,-0.008113426041067573
2018-08-09,-0.0024416780486805623
2018-08-10,-0.014196481277486517
2018-08-13,-0.005338284672566362
2018-08-14,0.0002495792168579758
2018-08-15,-0.006364099746578922
2018-08-16,0.011051367627734177
2018-08-17,0.0060862648004451625
2018-08-20,0.004320940566054254
2018-08-21,0.00835878767980991
2018-08-22,-0.006583014888280614
2018-08-23,-0.006994605962880374
2018-08-24,0.009391977462710255
2018-08-27,0.017262280912560213
2018-08-28,0.0057770600103626
2018-08-29,0.0
2018-08-30,-0.008854987282191473
2018-08-31,0.0037428611252177113
2018-09-04,-0.0044504446660363906
2018-09-05,0.021626298947959643
2018-09-06,0.001300713351096494
2018-09-07,-0.01015715761022995
2018-09-10,0.017181871857155917
2018-09-11,-0.002228940550991765
2018-09-12,0.010698402534639051
2018-09-13,0.008491284556997769
2018-09-14,0.005190458089099792
2018-09-17,-0.0002292462451650712
2018-09-18,-0.0022953954471647275
2018-09-19,0.012423592288451246
2018-09-20,0.003522070486493112
2018-09-21,0.0020382594700940615
2018-09-24,-0.011864279070327832
2018-09-25,-0.0034306942398755202
2018-09-26,-0.00275376285749529
2018-09-27,-0.0017259046594296779
2018-09-28,-0.0003459187381077422
2018-10-01,0.008301798724736464
2018-10-02,0.004573892544756042
2018-10-03,-0.0014795205485925722
2018-10-04,-0.00022835433538970218
2018-10-05,-0.01174459809176942
2018-10-08,0.0
2018-10-09,-0.020075957303940184
2018-10-10,-0.0374425435561726
2018-10-11,-0.027156052045251067
2018-10-12,0.003017828396532307
2018-10-15,-0.0076468797244511055
2018-10-16,0.013895753913266251
2018-10-17,-0.005607152606825649
2018-10-18,-0.017917519532507642
2018-10-19,-0.013906484749564463
2018-10-22,-0.009445118376917305
2018-10-23,-0.03983773220517106
2018-10-24,-0.04244341260749929
2018-10-25,0.025713955448082526
2018-10-26,-0.0026312119819706936
2018-10-29,-0.013609544297421894
2018-10-30,-0.009573305015743494
2018-10-31,0.01876350854596054
2018-11-01,0.029021331013332485
2018-11-02,-0.0069151584221152085
2018-11-05,0.006963310819575019
2018-11-06,0.02074630479146755
2018-11-07,0.0018593782506612921
2018-11-08,-0.015645597595637772
2018-11-09,-0.010910537384079766
2018-11-12,-0.012528816223755679
2018-11-13,-0.0027584512825574725
2018-11-14,0.0006916412092945468
2018-11-15,0.02238788934770497
2018-11-16,0.0035145203441702133
2018-11-19,-0.010236935514098766
2018-11-20,-0.0072129351367494765
2018-11-21,0.015489942589153483
2018-11-23,0.00013520011740930649
2018-11-26,0.013496951330998597
2018-11-27,0.003462683996187099
2018-11-28,0.016191001225868806
2018-11-29,-0.007313695764774697
2018-11-30,0.012235377606728326
2018-12-03,0.013906971830745851
2018-12-04,-0.03871319306372478
2018-12-06,-0.02266944833992912
2018-12-07,-0.02783482768107015
2018-12-10,0.0011229054308659059
2018-12-11,-0.005747906999140406
2018-12-12,0.0026789475072195312
2018-12-13,-0.004359310577665365
2018-12-14,-0.003107446855326379
2018-12-17,-0.01983568293120852
2018-12-18,-0.004336530371440883
2018-12-19,-0.012630540250580746
2018-12-20,-0.013233462540999552
2018-12-21,-0.01102664632323147
2018-12-24,-0.022751171249028812
2018-12-26,0.04517432853623471
2018-12-27,0.013866356153250381
2018-12-28,-0.007129549048520256
2018-12-31,0.006154823245182239
2019-01-02,-0.00072821822718383
2019-01-03,-0.02885869907554872
2019-01-04,0.028515703341353227
2019-01-07,0.0029184620510342985
2019-01-08,-0.00800262252656736
2019-01-09,0.01290679761340452
2019-01-10,0.016363160530336485
2019-01-11,0.0004273319364942463
2019-01-14,0.0022783168347084715
2019-01-15,-0.007104153563314841
2019-01-16,0.0031482328342831156
2019-01-17,0.01241097040142991
2019-01-18,0.012681215527341916
2019-01-22,-0.01989681220285444
2019-01-23,-0.004116896970253414
2019-01-24,0.00014252519512814033
2019-01-25,0.012970186707558007
2019-01-28,-0.02757861399716699
2019-01-29,0.028939444714928042
2019-01-30,0.024890945030002554
2019-01-31,0.04624033669192218
2019-02-01,0.0030168659552620714
2019-02-04,0.0081062167278525
2019-02-05,0.0006487283032234892
2019-02-06,-0.002721918238687393
2019-02-07,-0.0075383054828893625
2019-02-08,-0.006940662724445268
2019-02-11,-0.0026376800770443465
2019-02-12,0.013750916084467102
2019-02-13,0.013042887493596611
2019-02-14,-0.006051021171710191
2019-02-15,0.01981882461167772
2019-02-19,0.0008888385654033382
2019-02-20,0.011675069140738348
2019-02-21,-0.00037613771793043593
2019-02-22,0.013803778541181533
2019-02-25,0.0016088109878589218
2019-02-26,-0.005313768297669497
2019-02-27,0.001863348102438156
2019-02-28,-0.010788423924888546
2019-03-01,0.005766384515693002
2019-03-04,0.013336688447676881
2019-03-05,-0.006149887889701278
2019-03-06,0.0018563071990473912
2019-03-07,-0.0038632540014741368
2019-03-08,-0.006881071023222329
2019-03-11,0.011715432952091653
2019-03-12,0.0006229452918118383
2019-03-13,0.002861716132765757
2019-03-14,0.004963452931042944
2019-03-15,-0.00506237477232796
2019-03-18,0.018863439624221323
2019-03-19,0.0014616277861223548
2019-03-20,-0.012040935387232277
2019-03-21,0.009602335667529216
2019-03-22,-0.036459003994521844
2019-03-25,-0.0007592992783697072
2019-03-26,0.007091995494721504
2019-03-27,-0.00188598608409829
2019-03-28,0.006173562435419111
2019-03-29,0.008765277512159386
2019-04-01,0.02085428465000083
2019-04-02,0.004863762917444614
2019-04-03,0.002783182241305582
2019-04-04,0.003740438783649047
2019-04-05,0.0008417197202474913
2019-04-08,0.005165427608518014
2019-04-09,-0.015894003535589674
2019-04-10,0.000849992699320179
2019-04-11,0.006794481925877172
2019-04-12,0.010845849749553382
2019-04-15,-0.003218668255224655
2019-04-16,0.006458330289736969
2019-04-17,0.0033274506027183293
2019-04-18,0.00923839518821179
2019-04-22,-0.00316853127707184
2019-04-23,0.007652369413490456
2019-04-24,-0.002921163307411545
2019-04-25,-0.0180452816114981
2019-04-26,-0.00035789082593074006
2019-04-29,0.0026261962533347116
2019-04-30,-0.013930189079751631
2019-05-01,-0.010987616703679426
2019-05-02,0.0027093105541273754
2019-05-03,0.01694922047635261
2019-05-06,-0.009178983065051605
2019-05-07,-0.012311023687574862
2019-05-08,-0.0008636645746814553
2019-05-09,0.0
2019-05-10,0.006546251617787435
2019-05-13,-0.03669155880425001
2019-05-14,0.008280259794135603
2019-05-15,0.004927486289752814
2019-05-16,0.005908628897940638
2019-05-17,-0.01574758525183484
2019-05-20,-0.004190781371508412
2019-05-21,0.0191278284086005
2019-05-22,-0.01238743300783085
2019-05-23,-0.02407210391731074
2019-05-24,0.0046736739630506285
2019-05-28,-0.015505590397362323
2019-05-29,-0.00787518196712167
2019-05-30,0.0034395873267765165
2019-05-31,-0.01793018117903311
2019-06-03,0.011948110640731313
2019-06-04,0.031706039412696674
2019-06-05,0.005786252419036408
2019-06-06,0.0010225979433418075
2019-06-07,0.009961735074397682
2019-06-10,0.0030346489053261205
2019-06-11,-0.0013868170421398318
2019-06-12,-0.006817189535064383
2019-06-13,0.007881058942723174
2019-06-14,-0.011602806786178754
2019-06-17,-0.00931485353356043
2019-06-18,0.02357057622937142
2019-06-19,0.006039619271323016
2019-06-20,0.03364627850466051
2019-06-21,0.0070182935370928234
2019-06-24,-0.011415332389167476
2019-06-25,-0.0023096590324881427
2019-06-26,0.006700919881606815
2019-06-27,0.001089205968848761
2019-06-28,0.006769400201491527
2019-07-01,-0.001200840805117065
2019-07-02,-0.01731165869118545
2019-07-03,0.007095885491683163
2019-07-05,-0.006195341131844834
2019-07-08,-0.006722824747402045
2019-07-09,-0.012429401697984233
2019-07-10,-0.015077876392576073
2019-07-11,0.001391620895000889
2019-07-12,0.026026575918920658
2019-07-15,-0.0064030078454268
2019-07-16,0.005700745908698623
2019-07-17,-0.022181205883874955
2019-07-18,-0.003654643149010539
2019-07-19,0.010118960654400322
2019-07-22,-0.0037567990158229314
2019-07-23,0.028280786100912003
2019-07-24,0.011245402680857941
2019-07-25,-0.009065401060692424
2019-07-26,-0.005001466582861935
2019-07-29,-0.0061295463082906565
2019-07-30,0.025286662042390606
2019-07-31,-0.011188539668839259
2019-08-01,-0.018531935586741377
2019-08-02,-0.008378390376843958
2019-08-05,-0.031147490647271292
2019-08-06,0.02681223996523152
2019-08-07,-0.010140580289621393
2019-08-08,0.021385545780924442
2019-08-09,-0.009152339817241395
2019-08-12,-0.013665987229335985
2019-08-13,0.018730263928183888
2019-08-14,-0.05314208858605074
2019-08-15,0.009575682528798257
2019-08-16,0.018574706228912774
2019-08-19,0.023538435603320806
2019-08-20,-0.012382849131078011
2019-08-21,0.006269271160056489
2019-08-22,-0.0035603841850573303
2019-08-23,-0.02271281195964392
2019-08-26,0.0031338086958301314
2019-08-27,0.00039039151515130044
2019-08-28,0.013140525866941921
2019-08-29,0.022730406091908906
2019-08-30,0.013561100961918315
2019-09-03,-0.027626296462551547
2019-09-04,0.008663390768927748
2019-09-05,0.03511438281713408
2019-09-06,0.015863228868429502
2019-09-09,0.019219498256914713
2019-09-10,0.023452969340835628
2019-09-11,0.013703201707838897
2019-09-12,-0.008292715196176914
2019-09-13,0.0019475226039888938
2019-09-16,-0.011546888691995383
2019-09-17,-0.004163897201387656
2019-09-18,-0.013007974604038464
2019-09-19,-0.005530702486877592
2019-09-20,-0.011123124033128762
2019-09-23,0.004068486184098941
2019-09-24,-0.018948805341627795
2019-09-25,0.004251578350241925
2019-09-26,-0.0021769837647411805
2019-09-27,0.006303484797584025
2019-09-30,0.0016866389884884203
2019-10-01,-0.02826202144962353
2019-10-02,-0.037623829352491645
2019-10-03,0.009130554313791173
2019-10-04,0.010832054975516092
2019-10-07,-0.012859110283306108
2019-10-08,-0.0261816544118606
2019-10-09,0.014951075490626797
2019-10-10,0.015635119238631257
2019-10-11,0.0351143766478379
2019-10-14,-0.006145334701358363
2019-10-15,0.01558283815706396
2019-10-16,-0.012786518410206171
2019-10-17,0.004193842366135625
2019-10-18,0.01412589052196922
2019-10-21,0.011385844972994663
2019-10-22,0.014610843136159346
2019-10-23,-0.0007082694579396698
2019-10-24,-0.00484283586218659
2019-10-25,0.01626102360493986
2019-10-28,0.018687294453483272
2019-10-29,0.01994951710935422
2019-10-30,-0.007981024084999233
2019-10-31,-0.004912093714223742
2019-11-01,0.017219559146711028
2019-11-04,0.028777663398027897
2019-11-05,-0.005704222716393259
2019-11-06,0.006178308537330368
2019-11-07,-0.0032894648505638058
2019-11-08,0.014521673158670145
2019-11-11,-0.0036870631903398454
2019-11-12,0.005115289800855516
2019-11-13,-0.017000524544973694
2019-11-14,0.0012118011909254545
2019-11-15,0.009902145579472998
2019-11-18,-0.011548011736991604
2019-11-19,-0.005731627971483855
2019-11-20,-0.004323056999887553
2019-11-21,0.0037853006149621837
2019-11-22,0.006433009606520379
2019-11-25,0.015539037830520908
2019-11-26,0.005968558711203276
2019-11-27,0.003236054609799366
2019-11-29,-0.005376329927673562
2019-12-02,-0.0056216797769806925
2019-12-03,-0.006305445223653949
2019-12-04,-0.0030633746369322923
2019-12-05,0.008120819856173744
2019-12-06,0.013281118776196532
2019-12-09,-0.0034377848942879208
2019-12-10,-0.0008624565289315766
2019-12-11,0.007660646918715042
2019-12-12,0.011350257936567187
2019-12-13,-0.008999491588498887
2019-12-16,0.005128299981819406
2019-12-17,0.0015943385496806073
2019-12-18,0.002122371032866388
2019-12-19,-0.0020119867799313074
2019-12-20,0.0016980034390214893
2019-12-23,0.007733001870828371
2019-12-24,-0.006832691560783477
2019-12-26,0.0059270202778856085
2019-12-27,-0.0005260484158255974
2019-12-30,-0.0006316792523904935
2019-12-31,-0.002212052425242139
2020-01-02,0.012140879134458826
2020-01-03,-0.007405745438445743
2020-01-06,0.0018913860553053663
2020-01-07,-0.005244374753692438
2020-01-08,0.003057960465658427
2020-01-09,0.0006304832713754926
2020-01-10,-0.0022060108005366175
2020-01-13,-0.0012633137872988254
2020-01-14,-0.008011909115804627
2020-01-15,-0.002125303042582072
2020-01-16,0.009797611777604187
2020-01-17,0.009069827240155925
2020-01-21,-0.01212401253365114
2020-01-22,0.02793102767379363
2020-01-23,0.007616072284584385
2020-01-24,-0.010827552950777086
2020-01-27,-0.022717741301820138
2020-01-28,0.017223089190844698
2020-01-29,0.006232455155377181
2020-01-30,0.003716520583491034
2020-01-31,-0.028386257108898083
2020-02-03,0.010796940951656175
2020-02-04,0.056759966679051255
2020-02-05,0.014171063068666667
2020-02-06,0.0013681998179089216
2020-02-07,-0.005074376418093163
2020-02-10,0.00931747783111847
2020-02-11,0.006024566029040113
2020-02-12,0.0048293415926117245
2020-02-13,-0.010958235537850247
2020-02-14,0.006414632957182587
2020-02-18,0.008884719341340608
2020-02-19,-0.0015316489587018367
2020-02-20,0.007573485102597033
2020-02-21,-0.0016175269531577552
2020-02-24,-0.03125894884052005
2020-02-25,-0.03384157466247406
2020-02-26,-0.016597017974857353
2020-02-27,-0.03458260001754099
2020-02-28,-0.027027112706035417
2020-03-02,0.05467369999678828
2020-03-03,-0.029577739529546787
2020-03-04,0.05675799104616819
2020-03-05,-0.04545420508590714
2020-03-06,-0.009502707452891501
2020-03-09,-0.10391286240006192
2020-03-10,0.07133413589747506
2020-03-11,-0.05266098999926416
2020-03-12,-0.09230080715447342
2020-03-13,0.1269760050815103
2020-03-16,-0.11968186652915325
2020-03-17,-0.020977139129982447
2020-03-18,-0.0667211866045353
2020-03-19,0.0527460605506902
2020-03-20,-0.103795486323769
2020-03-23,-0.11027260061749844
2020-03-24,0.23264699520706977
2020-03-25,0.047605493514033315
2020-03-26,0.04892796784739639
2020-03-27,-0.047412287834564415
2020-03-30,0.05071095775047163
2020-03-31,-0.008043858371052703
2020-04-01,-0.058566165099966705
2020-04-02,0.006152273549355991
2020-04-03,-0.03179763698358573
2020-04-06,0.08631563610042803
2020-04-07,-0.016020425425865015
2020-04-08,0.052258256713320295
2020-04-09,0.016221620365171052
2020-04-13,-0.03745072475955291
2020-04-14,0.018497308612440255
2020-04-15,-0.05135284888606739
2020-04-16,0.0010562999237400117
2020-04-17,0.04537053998965801
2020-04-20,-0.01728499125657601
2020-04-21,-0.01258142655497796
2020-04-22,0.009621370663778439
2020-04-23,0.006439376500502192
2020-04-24,0.009085187424976215
2020-04-27,0.046664517188622856
2020-04-28,0.006784435164607805
2020-04-29,0.03225047268339809
2020-04-30,-0.026579540982685
2020-05-01,-0.017125785715166653
2020-05-04,-0.03350793736289559
2020-05-05,0.018658617085706375
2020-05-06,-0.010891240018323423
2020-05-07,0.004254475747665465
2020-05-08,0.024794295346818984
2020-05-11,-0.01422469619061073
2020-05-12,-0.0446474032487979
2020-05-13,-0.046346582084943355
2020-05-14,0.014078725304202733
2020-05-15,-0.01601916237479506
2020-05-18,0.06186364192916072
2020-05-19,-0.024657760484645075
2020-05-20,0.020828023521825223
2020-05-21,0.004619554445048024
2020-05-22,0.004853465154470715
2020-05-26,0.04131188127504681
2020-05-27,0.05322255784358565
2020-05-28,-0.013328759772589849
2020-05-29,-0.00270164509150006
2020-06-01,-0.0028268048072840335
2020-06-02,0.01133956981489126
2020-06-03,0.04333065181128881
2020-06-04,0.02977747145430998
2020-06-05,0.037395490476340054
2020-06-08,0.002514799505163978
2020-06-09,-0.0026130663116770148
2020-06-10,-0.03605116918632156
2020-06-11,-0.07447288890005421
2020-06-12,0.010337374704336932
2020-06-15,0.007906077874020312
2020-06-16,0.025954301978717842
2020-06-17,-0.0011242237603463767
2020-06-18,-0.014745668968627723
2020-06-19,0.020678695140037062
2020-06-22,-0.025296808419818406
2020-06-23,0.000459563948804087
2020-06-24,-0.03569777042813227
2020-06-25,0.017378686976647906
2020-06-26,0.00035116552179514926
2020-06-29,0.016491054150983953
2020-06-30,0.006558705155449651
2020-07-01,-0.004343883521255032
2020-07-02,0.01308840938617517
2020-07-06,0.007252658087186781
2020-07-07,-0.01665140220623973
2020-07-08,-0.0006864386411886692
2020-07-09,-0.019464499560640114
2020-07-10,0.009341622703319397
2020-07-13,0.011452899167648356
2020-07-14,0.03705823151842824
2020-07-15,0.03010923023964618
2020-07-16,0.0017133304350553935
2020-07-17,0.010795098845976625
2020-07-20,-0.0189279184362402
2020-07-21,0.008407240754033873
2020-07-22,0.0043819491150196566
2020-07-23,-0.0014897364455678241
2020-07-24,-0.0023446090854873924
2020-07-27,0.017305667090147914
2020-07-28,-0.01984679592271643
2020-07-29,0.03803314090148224
2020-07-30,-0.025079865399442736
2020-07-31,-0.014080187813833245
2020-08-03,0.018683723188119172
2020-08-04,-0.0023190830201540447
2020-08-05,0.017855166865613725
2020-08-06,0.001764805973018424
2020-08-07,0.012951959666613444
2020-08-10,0.020458299198772067
2020-08-11,0.0242579672523191
2020-08-12,0.0036212086017224365
2020-08-13,-0.003830202414719097
2020-08-14,-0.0053241895108565584
2020-08-17,9.944732171551784e-05
2020-08-18,-0.0018831324290761176
2020-08-19,-0.002283782298074799
2020-08-20,-0.010051904575529624
2020-08-21,0.011259747620266047
2020-08-24,0.022765821410824838
2020-08-25,-0.0005831221801352315
2020-08-26,-0.004084802788977826
2020-08-27,-0.0030275019265367797
2020-08-28,0.013909360154939376
2020-08-31,-0.013621935086689851
2020-09-01,0.013026591585118652
2020-09-02,0.020690132950820894
2020-09-03,-0.03239552866019957
2020-09-04,0.004209572077020551
2020-09-08,-0.020471881358692823
2020-09-09,0.02070077671138204
2020-09-10,-0.015210749567291626
2020-09-11,0.01504956867373397
2020-09-14,0.006437840970676456
2020-09-15,-0.0029076168023530746
2020-09-16,0.01467711336341182
2020-09-17,0.005939498481103644
2020-09-18,-0.01533209000120328
2020-09-21,-0.058220517766894075
2020-09-22,0.019819498828279825
2020-09-23,-0.005336984344784579
2020-09-24,0.008807524676754941
2020-09-25,0.0031109676332237157
2020-09-28,0.0238093258126848
2020-09-29,-0.011334834800198479
2020-09-30,0.008401025076719248
2020-10-01,-0.014113560254399804
2020-10-02,0.020479314462757747
2020-10-05,0.02377014272872091
2020-10-06,-0.006185245394366712
2020-10-07,0.024032986558260916
2020-10-08,0.0049555024513252555
2020-10-09,0.000465202252770025
2020-10-12,0.006323808787577212
2020-10-13,-0.005637256841254157
2020-10-14,0.005483496783718289
2020-10-15,0.004066683185718345
2020-10-16,0.005799649286160502
2020-10-19,-0.012539033984720782
2020-10-20,0.007878616695566887
2020-10-21,-0.0042304211157181415
2020-10-22,0.014776333668557795
2020-10-23,-0.0006368309813657991
2020-10-26,-0.021764989977411275
2020-10-27,-0.018618485184259126
2020-10-28,-0.029501087403833504
2020-10-29,0.018668974343078792
2020-10-30,-0.004126041470341901
2020-11-02,0.034203639418123766
2020-11-03,0.03642657637638047
2020-11-04,-0.048089968807613404
2020-11-05,0.04411894798555105
2020-11-06,0.0013658999238677083
2020-11-09,0.03219371559596529
2020-11-10,0.011982244615055926
2020-11-11,-0.006877954172127443
2020-11-12,-0.006574883223832706
2020-11-13,0.00997178050878711
2020-11-16,0.026649317076266943
2020-11-17,-0.012170120612217006
2020-11-18,0.005858182857352512
2020-11-19,0.01173453489117815
2020-11-20,-0.006095544007629017
2020-11-23,0.024361331518492735
2020-11-24,0.024862785628165796
2020-11-25,-0.0086003867404425
2020-11-27,-0.002373406978086745
2020-11-30,-0.0064806688871617
2020-12-01,-0.0033854597479149318
2020-12-02,-0.014747130397385622
2020-12-03,-0.018415807521015015
2020-12-04,0.01790445886944725
2020-12-07,-0.011950924320238365
2020-12-08,0.003918356922769206
2020-12-09,0.00025453542696785014
2020-12-10,-0.023242049980305435
2020-12-11,0.003907958826885327
2020-12-14,-0.01522492140203413
2020-12-15,0.023717575027228044
2020-12-16,-0.010039460673667011
2020-12-17,-0.0006933629282669385
2020-12-18,0.006852085559774235
2020-12-21,0.0077533702443908226
2020-12-22,-0.0031629329661452266
2020-12-23,0.0035160346073064286
2020-12-24,0.008972829944724703
2020-12-28,-0.002964321447474272
2020-12-29,-0.0047570717402968254
2020-12-30,0.018265600456363495
2020-12-31,0.00704103525838895
2021-01-04,-0.01156984326242394
2021-01-05,0.010610643831638678
2021-01-06,0.05366201859709352
2021-01-07,0.020877959458375228
2021-01-08,-0.017119855422981112
2021-01-11,0.0006305941892814637
2021-01-12,0.01086939912764695
2021-01-13,-0.022829916494961244
2021-01-14,-0.006299352232509103
2021-01-15,-0.01163543791627708
2021-01-19,0.01891694880061401
2021-01-20,0.0038247091935037503
2021-01-21,-0.006746978888390265
2021-01-22,-0.0055943386983927645
2021-01-25,-0.020975531631447497
2021-01-26,-0.008865675608624057
2021-01-27,-0.04869963535133215
2021-01-28,0.029862540818919037
2021-01-29,-0.004987898734601259
2021-02-01,0.03262545863233157
2021-02-02,-0.009050607260088106
2021-02-03,-0.007472556154867083
2021-02-04,0.008365458149298455
2021-02-05,0.01161424810401357
2021-02-08,-0.01410519820941003
2021-02-09,-0.0032440034141622
2021-02-10,0.016106158135218207
2021-02-11,0.01453657259313057
2021-02-12,0.0036431193227668413
2021-02-16,0.008226941193234305
2021-02-17,0.0002401284647661761
2021-02-18,0.0012796514034403295
2021-02-19,0.020848258136941356
2021-02-22,0.023865463080920524
2021-02-23,7.633810766161098e-05
2021-02-24,0.0139078676943305
2021-02-25,-0.018992782013625864
2021-02-26,0.0002302917716199282
2021-03-01,0.03110848258904264
2021-03-02,-0.0020114770233534696
2021-03-03,0.011644346641052516
2021-03-04,-0.007968413600994984
2021-03-05,0.021866838586877213
2021-03-08,0.014920840663346535
2021-03-09,-0.02287715544163349
2021-03-10,0.022018621885471656
2021-03-11,-0.0002874068150985343
2021-03-12,0.01120615815667092
2021-03-15,-0.0032855584616647837
2021-03-16,-0.01949132787179042
2021-03-17,0.008550788435763401
2021-03-18,-0.007536087986037554
2021-03-19,-0.027015541044601687
2021-03-22,0.01200664715846056
2021-03-23,-0.014310900688841777
2021-03-24,0.011434593875961907
2021-03-25,0.010189537961790673
2021-03-26,0.021131025877643372
2021-03-29,-0.0010095058844034055
2021-03-30,0.008011435086800134
2021-03-31,-0.009881144541707299
2021-04-01,0.00875041133524146
2021-04-05,0.020575007251809163
2021-04-06,-0.008710256592155852
2021-04-07,-0.00524396144428696
2021-04-08,-0.003419261731910428
2021-04-09,0.003931615363947705
2021-04-12,0.005980548806053143
2021-04-13,-0.010545505050240878
2021-04-14,0.0031473066119633852
2021-04-15,0.00399315933469202
2021-04-16,0.0024857109234708297
2021-04-19,-0.002621365548564847
2021-04-20,-0.01647943517476058
2021-04-21,0.022028034645404038
2021-04-22,-0.0007773766792101844
2021-04-23,0.011103220453050122
2021-04-26,0.002797727452324539
2021-04-27,0.00850950266358641
2021-04-28,-0.00041487772180459626
2021-04-29,0.0033903885892063723
2021-04-30,-0.014412099115510002
2021-05-03,0.010005037962801833
2021-05-04,0.0021475377425861364
2021-05-05,0.005598716077420907
2021-05-06,0.006598902090606096
2021-05-07,0.0073752514952909465
2021-05-10,-0.000678025948212202
2021-05-11,-0.011260461198922878
2021-05-12,-0.014201151567125425
2021-05-13,0.020079543333814565
2021-05-14,0.016186604845069397
2021-05-17,-0.004927247251741096
2021-05-18,-0.02102687584889662
2021-05-19,-0.010877776526569738
2021-05-20,0.006094082352093189
2021-05-21,-0.00139246320759423
2021-05-24,0.0014642162161178085
2021-05-25,-0.005778364968231697
2021-05-26,0.0011904583527730939
2021-05-27,0.011260148934242764
2021-05-28,0.004564709954628654
2021-06-01,0.007159847903135175
2021-06-02,-0.0021872744153431656
2021-06-03,0.003082929344630836
2021-06-04,0.014273879455448668
2021-06-07,-0.011177648442745935
2021-06-08,0.0018383391656229264
2021-06-09,-0.004825626058447385
2021-06-10,0.002800325417895655
2021-06-11,-0.0012940092190507624
2021-06-14,-0.00429689575683212
2021-06-15,0.012671426866056379
2021-06-16,-0.010010164173497982
2021-06-17,-0.02561993948304131
2021-06-18,-0.023559024232469694
2021-06-21,0.027143212378834436
2021-06-22,-0.00146798021681116
2021-06-23,0.01106189048012518
2021-06-24,0.008586891617626158
2021-06-25,0.007140409092315947
2021-06-28,-0.0012953787616010182
2021-06-29,-6.82369185812659e-05
2021-06-30,0.01153650589754407
2021-07-01,0.013429823467765
2021-07-02,0.008190630897213502
2021-07-06,-0.01122850582242596
2021-07-07,0.016566359221081628
2021-07-08,-0.01057931523937894
2021-07-09,0.019857733631882146
2021-07-12,0.009833350122386397
2021-07-13,-0.006642081191057803
2021-07-14,-0.004154987182877767
2021-07-15,0.00306394165328272
2021-07-16,-0.00734377960805499
2021-07-19,-0.023242050625365773
2021-07-20,0.032844046862538834
2021-07-21,0.009994153760859659
2021-07-22,0.0026986592978321955
2021-07-23,0.004357503491424941
2021-07-26,-0.004466372452002543
2021-07-27,0.0007049699649712693
2021-07-28,-0.004354783399034612
2021-07-29,0.014473032073110792
2021-07-30,0.0021558708615228017
2021-08-02,-0.009870041337987412
2021-08-03,0.04038560197988694
2021-08-04,-0.006019311439169894
2021-08-05,0.0005562589120278183
2021-08-06,0.005990657705294833
2021-08-09,0.002455337624216014
2021-08-10,0.0248641618176193
2021-08-11,-0.0026293301396410618
2021-08-12,0.006139011770794234
2021-08-13,0.0026920567062287404
2021-08-16,0.005309514404582494
2021-08-17,-0.009554395189685816
2021-08-18,-0.0027560353852770225
2021-08-19,0.0030039781780020203
2021-08-20,0.003115076671093231
2021-08-23,0.008240552513568478
2021-08-24,0.00325741557049275
2021-08-25,0.004840981285749946
2021-08-26,-0.004993815883859609
2021-08-27,0.003956249774378362
2021-08-30,0.0010584420074095657
2021-08-31,-0.01086879786456696
2021-09-01,-0.009563100790377033
2021-09-02,0.008276130394908598
2021-09-03,-0.010408869298999979
2021-09-07,-0.016107462569876052
2021-09-08,-0.0020771621229407344
2021-09-09,-0.011202119707325875
2021-09-10,-0.007057591176113487
2021-09-13,-0.013217640078608928
2021-09-14,-0.012447352664513023
2021-09-15,0.02719142764227911
2021-09-16,-0.007847897300497175
2021-09-17,-0.011049199264298593
2021-09-20,-0.006538520770378198
2021-09-21,-0.012204229541709966
2021-09-22,0.011902414088520219
2021-09-23,0.010036406726279035
2021-09-24,-0.012595000735821538
2021-09-27,-0.005512346263185974
2021-09-28,-0.007476612006910632
2021-09-29,-0.003376937547087455
2021-09-30,-0.027106297506556687
2021-10-01,0.008974589203724959
2021-10-04,-0.015200750609578817
2021-10-05,0.019547097335340657
2021-10-06,0.002909104512444527
2021-10-07,0.014633883343742937
2021-10-08,-0.002338870173584473
2021-10-11,-0.006512198419965198
2021-10-12,-0.006161598419520353
2021-10-13,0.011674102328911307
2021-10-14,0.040289334388012854
2021-10-15,0.011781730303628057
2021-10-18,-0.0011147921711758269
2021-10-19,0.001302260828042634
2021-10-20,0.010651238156843768
2021-10-21,-0.006617428012629434
2021-10-22,0.0016037451611830011
2021-10-25,0.0008005886404331974
2021-10-26,-0.007199533898843535
2021-10-27,-0.007561848182131015
2021-10-28,0.030227338965270967
2021-10-29,-0.0012124114261989893
2021-11-01,-0.0025491546192053516
2021-11-02,0.044359514911584075
2021-11-03,-0.012469114983212237
2021-11-04,0.014691473680322531
2021-11-05,-0.0039539354232147605
2021-11-08,0.014127121597906633
2021-11-09,0.005411083103008307
2021-11-10,-0.011673467624634837
2021-11-11,-0.011345739241568897
2021-11-12,0.011063967309537626
2021-11-15,0.005471400619002642
2021-11-16,0.006136755773446412
2021-11-17,-0.00402768435675116
2021-11-18,0.001270738229047108
2021-11-19,-0.005884849114923485
2021-11-22,0.00011604094601080917
2021-11-23,0.0014504844499687586
2021-11-24,-0.009387334397238711
2021-11-26,-0.020122914122528646
2021-11-29,-0.0007757864925781455
2021-11-30,-0.031783966792573115
2021-12-01,-0.0036409567323834047
2021-12-02,0.03195671794818322
2021-12-03,-0.0011402405522821235
2021-12-06,0.020367326409183484
2021-12-07,0.00447521510984239
2021-12-08,-0.00392752587792089
2021-12-09,-0.007827334082650128
2021-12-10,0.011092386717445057
2021-12-13,-0.004458958237903765
2021-12-14,-0.028638571016443848
2021-12-15,0.02681389515239485
2021-12-16,-0.0027177385476980787
2021-12-17,-0.02209703602381674
2021-12-20,-0.006118845197796596
2021-12-21,0.019383418842418232
2021-12-22,-0.0029897648109763475
2021-12-23,0.007796407524002236
2021-12-27,0.015650998872120736
2021-12-28,0.0031055455791626496
2021-12-29,0.0029789553476324837
2021-12-30,-0.0016889882004648138
2021-12-31,0.00816730629528295
2022-01-03,-0.024071573403628976
2022-01-04,0.016601533909780475
2022-01-05,-0.014289144451934077
2022-01-06,0.002366763694910068
2022-01-07,-0.00920837362914606
2022-01-10,-0.008519355037523879
2022-01-11,0.008051680645333015
2022-01-12,0.022055398378805657
2022-01-13,-0.0016330990348607521
2022-01-14,-0.0015188756234743028
2022-01-18,-0.02509919203800204
2022-01-19,-0.019444521360807543
2022-01-20,-0.014260488875276978
2022-01-21,-0.0032283232822449826
2022-01-24,0.001121174023896332
2022-01-25,-0.020408241382606662
2022-01-26,0.00508128304787725
2022-01-27,-0.01782087983400582
2022-01-28,0.00817113594456087
2022-01-31,0.011104730467636825
2022-02-01,0.0060595402274419286
2022-02-02,0.012673387602580188
2022-02-03,-0.028374958839549658
2022-02-04,-0.037174002426081265
2022-02-07,-0.005761374847568113
2022-02-08,0.009125262566161085
2022-02-09,0.035313425444905455
2022-02-10,-0.013133663526780581
2022-02-11,-0.0266812268772898
2022-02-14,0.010022660376320491
2022-02-15,0.02208048952995223
2022-02-16,0.009644499224361835
2022-02-17,-0.02948488187273246
2022-02-18,0.006299297080072597
2022-02-22,-0.01043314241304849
2022-02-23,-0.016143703841357104
2022-02-24,0.0066975866677148055
2022-02-25,0.02534763603190049
2022-02-28,0.001102645161392024
2022-03-01,-0.05081313011970623
2022-03-02,0.03905764118899868
2022-03-03,0.018400248356700732
2022-03-04,-0.03349015679037559
2022-03-07,-0.026639051008262693
2022-03-08,0.002812344466557315
2022-03-09,0.019972484736381357
2022-03-10,-0.0007415056886406202
2022-03-11,-0.00863718332518848
2022-03-14,0.010482034399089901
2022-03-15,0.012191896038146188
2022-03-16,0.02042984691062122
2022-03-17,0.008804013363317154
2022-03-18,0.005753480608558403
2022-03-21,-0.006298988988670984
2022-03-22,0.004204386355287859
2022-03-23,-0.018164369911329636
2022-03-24,0.005051512818337933
2022-03-25,0.006396740870878714
2022-03-28,0.00019476683955144125
2022-03-29,0.021528978011503552
2022-03-30,-0.013140345244786467
2022-03-31,-0.023800500649970857
2022-04-01,0.0003296462885775675
2022-04-04,-0.0058625247802879255
2022-04-05,-0.028558360762041324
2022-04-06,-0.011936314324005548
2022-04-07,0.006972206099065792
2022-04-08,-0.004730088993270987
2022-04-11,-0.020044147476037777
2022-04-12,-0.010192095467258633
2022-04-13,0.006746201124172568
2022-04-14,-0.013119644121873386
2022-04-18,0.005360503313502019
2022-04-19,0.0363288165180935
2022-04-20,0.02476505922355532
2022-04-21,0.003815598759270289
2022-04-22,-0.02607528400030834
2022-04-25,0.007053026530188911
2022-04-26,-0.02237053778758824
2022-04-27,0.013423488456317356
2022-04-28,0.01489262460863916
2022-04-29,-0.019339994277180472
2022-05-02,0.010205336939553611
2022-05-03,0.0005460195089868058
2022-05-04,0.0228543960461991
2022-05-05,-0.010338072941277532
2022-05-06,-0.007346232410842091
2022-05-09,0.004549152469741413
2022-05-10,-0.04717511283834641
2022-05-11,-0.0012059506509324303
2022-05-12,0.012500130071517068
2022-05-13,-0.0029627856102627526
2022-05-16,-0.016627717930271957
2022-05-17,0.031659128970796147
2022-05-18,-0.047844735424406815
2022-05-19,-0.0032231010721155418
2022-05-20,-0.014256512044361624
2022-05-23,0.019531835065193404
2022-05-24,-0.021424062201612748
2022-05-25,0.0018679320429444424
2022-05-26,0.016408300742830617
2022-05-27,0.025975760561628203
2022-05-31,-0.008725607251153789
2022-06-01,-0.006349232750028633
2022-06-02,0.02250949665160129
2022-06-03,-0.003337383090129986
2022-06-06,0.007196030229531969
2022-06-07,0.028650268897087106
2022-06-08,-0.006395702802888481
2022-06-09,-0.013704209744514029
2022-06-10,-0.038386061629261836
2022-06-13,-0.030504103663833715
2022-06-14,-0.01753881967275539
2022-06-15,0.00375431619415445
2022-06-16,-0.03740164047106265
2022-06-17,-0.004678488625388777
2022-06-21,0.004939361834144895
2022-06-22,0.0006342474322655889
2022-06-23,0.005308193779005377
2022-06-24,0.038931443952836986
2022-06-27,0.0031858513469740224
2022-06-28,-0.022154965768711343
2022-06-29,-0.01585226202558454
2022-06-30,-0.010057354695337861
2022-07-01,0.010953365335683474
2022-07-05,-0.005417375936064395
2022-07-06,0.010419999068638663
2022-07-07,0.01242182657006441
2022-07-08,-0.013658374906198922
2022-07-11,0.00023477147824002564
2022-07-12,-0.007586992342886956
2022-07-13,-0.009142602057650051
2022-07-14,-0.005408953975598707
2022-07-15,0.03158991612088258
2022-07-18,-0.016357668759472643
2022-07-19,0.0427173542891095
2022-07-20,0.011715947770175816
2022-07-21,0.026073885527360563
2022-07-22,-0.005024109360577067
2022-07-25,0.003293020995600804
2022-07-26,0.0148795428325883
2022-07-27,0.018183347372003444
2022-07-28,0.032399085644186476
2022-07-29,0.014563126455401365
2022-08-01,-0.005997555149123257
2022-08-02,-0.007525545699201275
2022-08-03,0.015779805357321264
2022-08-04,6.728647739895344e-05
2022-08-05,-0.00040347639916049616
2022-08-08,-0.0048436710968983165
2022-08-09,-0.01027493730617346
2022-08-10,0.020012034206186913
2022-08-11,0.006194271627987025
2022-08-12,0.02000659890695089
2022-08-15,-0.00013118599134154252
2022-08-16,0.004461326758966377
2022-08-17,-0.007250163665567966
2022-08-18,0.008947792409959021
2022-08-19,-0.016367599748529416
2022-08-22,-0.02711463511152923
2022-08-23,-0.0029986458463416854
2022-08-24,-0.005399388346458034
2022-08-25,0.01738604199561622
2022-08-26,-0.0470786926973179
2022-08-29,-0.0026227006085514093
2022-08-30,-0.010447214843606334
2022-08-31,-0.018672639959895432
2022-09-01,0.015588474889980164
2022-09-02,-0.010592922072997335
2022-09-06,0.008448614899133178
2022-09-07,0.020294700121731957
2022-09-08,0.01394487868785066
2022-09-09,0.017243610093664374
2022-09-12,0.013039602443575937
2022-09-13,-0.034550490473460926
2022-09-14,0.004140203603676396
2022-09-15,-0.013906519695005892
2022-09-16,-0.02012615489568126
2022-09-19,0.014102809611033829
2022-09-20,-0.007416740370029706
2022-09-21,-0.009699496029346388
2022-09-22,-0.019589573036511432
2022-09-23,-0.007326485539793981
2022-09-26,-0.0045473288738202555
2022-09-27,-0.01670047983518319
2022-09-28,0.019878271499678135
2022-09-29,0.0017923064703762037
2022-09-30,-0.005889051121920175
2022-10-03,0.03321836785958876
2022-10-04,0.04129485745451866
2022-10-05,0.007108734677408801
2022-10-06,-0.014186642313946285
2022-10-07,-0.03945239158139746
2022-10-10,-0.003288771294890136
2022-10-11,0.00029315194260148836
2022-10-12,-0.007110265072446609
2022-10-13,0.019564214138896086
2022-10-14,-0.027443668099413565
2022-10-17,0.02911191551434622
2022-10-18,0.017508172073803285
2022-10-19,-0.01166093952063596
2022-10-20,-0.026906750077920316
2022-10-21,0.030090242948382917
2022-10-24,0.01607715682255839
2022-10-25,0.031645093414612635
2022-10-26,-0.003628965924589944
2022-10-27,0.00804009115086668
2022-10-28,0.024473421197048983
2022-10-31,-0.0013973572794325761
2022-11-01,0.010461901541609864
2022-11-02,-0.006792350526026558
2022-11-03,0.02642574857079194
2022-11-04,0.026521781806110756
2022-11-07,-0.0018276801435335166
2022-11-08,-0.001325624713713558
2022-11-09,-0.006862480346649824
2022-11-10,0.037300139817503464
2022-11-11,-0.0032689170327401262
2022-11-14,0.00030926109046536254
2022-11-15,0.004577902889898677
2022-11-16,-0.004002689139108728
2022-11-17,0.005502726879017761
2022-11-18,0.01463441241443264
2022-11-21,-0.0027877486510522465
2022-11-22,0.01172876158263092
2022-11-23,-0.006727431505396009
2022-11-25,0.00453554338294615
2022-11-28,-0.02143156372571875
2022-11-29,-0.002460896373196353
2022-11-30,0.008017424000789308
2022-12-01,-0.000550563186114239
2022-12-02,-0.00030602615534569555
2022-12-05,-0.01806388321353658
2022-12-06,-0.015901883299723307
2022-12-07,-0.0034215400132076024
2022-12-08,0.009410290856942893
2022-12-09,-0.002960342013896722
2022-12-12,0.016110551616184132
2022-12-13,0.017471761898749216
2022-12-14,-0.013932988265158763
2022-12-15,-0.03705992116689949
2022-12-16,-0.005663533851833047
2022-12-19,0.0
2022-12-20,0.009126144869193942
2022-12-21,0.01417491522503167
2022-12-22,-0.012711824080135936
2022-12-23,0.0044198188663699955
2022-12-27,0.003443983071334644
2022-12-28,-0.01010560562757501
2022-12-29,0.010272946852287745
2022-12-30,-0.0025420209625370838
2023-01-03,0.005097099529035809
2023-01-04,0.006782922286843629
2023-01-05,-0.010200338392194253
2023-01-06,0.024809237033786458
2023-01-09,-0.0013655620933020751
2023-01-10,-0.002921442815250419
2023-01-11,0.022941038918050882
2023-01-12,0.003778576680770085
2023-01-13,-0.0015786584989962993
2023-01-17,-0.012404959749188316
2023-01-18,-0.030047489142064565
2023-01-19,-0.03599309266946327
2023-01-20,0.02403520738244347
2023-01-23,0.021928182718727873
2023-01-24,0.01743016481353199
2023-01-25,-0.015771077879726536
2023-01-26,0.011059244187765271
2023-01-27,0.008328392013698505
2023-01-30,-0.008444329841647336
2023-01-31,0.00832974666025832
2023-02-01,0.0069663372311892235
2023-02-02,-0.008448752092549916
2023-02-03,0.007903300926738188
2023-02-06,-0.005452065346377655
2023-02-07,0.013181177947219513
2023-02-08,0.026688580772731285
2023-02-09,-0.009533342875618245
2023-02-10,0.02176126549289381
2023-02-13,0.019951949455914164
2023-02-14,-0.007744297163504887
2023-02-15,0.004509356135558695
2023-02-16,0.002071975507894841
2023-02-17,0.006490114257526214
2023-02-21,-0.025564995983845762
2023-02-22,0.0032210572151152306
2023-02-23,0.008580801507278357
2023-02-24,0.0027203243119451326
2023-02-27,0.006522421882393159
2023-02-28,0.003154008182017387
2023-03-01,-0.006288183382197277
2023-03-02,0.0075935333677608075
2023-03-03,0.018704382986524326
2023-03-06,-0.002252849309274718
2023-03-07,-0.00931407538780249
2023-03-08,0.009743751181638505
2023-03-09,-0.01602630614786482
2023-03-10,-0.023341252481306363
2023-03-13,-0.006635498612506008
2023-03-14,0.01572390538821944
2023-03-15,-0.07309545159537023
2023-03-16,0.032083906029301
2023-03-17,-0.025733091430741317
2023-03-20,0.021292638919127027
2023-03-21,0.02066493267089542
2023-03-22,-0.004672336405199706
2023-03-23,-0.009749498238510568
2023-03-24,-0.005469704241664819
2023-03-27,0.0014665519240293357
2023-03-28,0.010434445713114027
2023-03-29,0.01231970481674649
2023-03-30,0.008709569797672234
2023-03-31,0.013306582760702623
2023-04-03,-0.004669185528229591
2023-04-04,-0.048610086701131205
2023-04-05,-0.023297554761771533
2023-04-06,-0.014009047393729324
2023-04-10,0.007616217761059696
2023-04-11,0.008638027424470618
2023-04-12,0.021536685222540486
2023-04-13,-0.009431848392367659
2023-04-14,0.007032332938440966
2023-04-17,0.007662941987998995
2023-04-18,0.0038633313545419767
2023-04-19,-0.0017714583736171408
2023-04-20,-0.002692868831868922
2023-04-21,-0.0004908905702871724
2023-04-24,0.005586900884695156
2023-04-25,-6.0918049440639166e-05
2023-04-26,-0.011356759370402036
2023-04-27,0.03736409545017594
2023-04-28,-0.005060531467476204
2023-05-01,0.009933064315395868
2023-05-02,0.026484228929412712
2023-05-03,-0.005021762030256727
2023-05-04,-0.022856414983695506
2023-05-05,0.020706418953379213
2023-05-08,-0.006839836039767566
2023-05-09,0.00394371657969983
2023-05-10,-0.008443186804416136
2023-05-11,-0.003488639618797973
2023-05-12,0.0003558548971878128
2023-05-15,0.007948723029324256
2023-05-16,-0.02065670262100716
2023-05-17,0.02758240097163389
2023-05-18,0.021111248877944133
2023-05-19,-0.0026345637993474558
2023-05-22,0.00017226541264414585
2023-05-23,-0.016189979715257263
2023-05-24,-0.01861600340439551
2023-05-25,0.05220917689081461
2023-05-26,0.031138731372807538
2023-05-30,-0.0035623124923398475
2023-05-31,-0.03250665399510122
2023-06-01,0.01785112496286745
2023-06-02,0.04155498890404785
2023-06-05,-0.015497678955866512
2023-06-06,-0.0009260339659110661
2023-06-07,0.028241273801899114
2023-06-08,-0.004135656724776449
2023-06-09,-0.0027687212649148973
2023-06-12,0.012012738657249944
2023-06-13,0.022738302643790842
2023-06-14,-0.004075135018778431
2023-06-15,0.019785446410215846
2023-06-16,-0.028594561055706014
2023-06-20,0.015528363591192251
2023-06-21,0.0031407168559662857
2023-06-22,0.003900827154038833
2023-06-23,-0.005828224129829196
2023-06-26,0.008330605523731771
2023-06-27,0.008006888388952138
2023-06-28,-0.014672306170871008
2023-06-29,0.021052618864521255
2023-06-30,0.011315069337971995
2023-07-03,-0.002337121284195498
2023-07-05,-0.008622895786594142
2023-07-06,-0.0057816725945959435
2023-07-07,0.003590288259551988
2023-07-10,0.02317843744557546
2023-07-11,-0.00044314184323224204
2023-07-12,-0.005173258896589816
2023-07-13,0.012083950643364094
2023-07-14,-0.0044039963331493626
2023-07-17,0.012287539745009068
2023-07-18,0.02126627932776448
2023-07-19,-0.002519855849751673
2023-07-20,0.00524296738275587
2023-07-21,-0.015267210195777148
2023-07-24,-0.0015889831308343316
2023-07-25,-0.00516008671789292
2023-07-26,-0.015754481232766238
2023-07-27,-0.004629658593476971
2023-07-28,0.005937658926655542
2023-07-31,0.009936242233538284
2023-08-01,0.06662743320350129
2023-08-02,-0.0005935600347414249
2023-08-03,-0.008086926615364809
2023-08-04,-0.0015723359030157535
2023-08-07,0.02403890849978163
2023-08-08,-0.004025580476566981
2023-08-09,-0.010762947930352151
2023-08-10,-0.004131647965924579
2023-08-11,0.006592138037790685
2023-08-14,0.0031139976957619275
2023-08-15,-0.005021896186191421
2023-08-16,-0.00848861657581601
2023-08-17,-0.007913255116151152
2023-08-18,0.0012593393044357803
2023-08-21,0.00507817636533292
2023-08-22,0.007184403106780701
2023-08-23,0.01845466529470219
2023-08-24,-0.001762250915393615
2023-08-25,0.015119239178293276
2023-08-28,0.008874076587834345
2023-08-29,0.008132871608044212
2023-08-30,0.008768890651541073
2023-08-31,0.001260508138142491
2023-09-01,0.014324729811983516
2023-09-05,-0.01754618286429588
2023-09-06,0.008886296998398935
2023-09-07,0.01381627904373195
2023-09-08,0.00562158616712094
2023-09-11,0.008088656175190279
2023-09-12,-0.042597943983788356
2023-09-13,-0.028477249947362004
2023-09-14,0.003342217930387248
2023-09-15,-0.020301651782079322
2023-09-18,0.0069380240031085005
2023-09-19,-0.013643660969554494
2023-09-20,-0.006985527666035218
2023-09-21,-0.018634922097249595
2023-09-22,0.00954191949627825
2023-09-25,0.015235547402182137
2023-09-26,-0.02237141790311037
2023-09-27,0.015587204677064204
2023-09-28,0.005458059299694229
2023-09-29,-0.010439272897728724
2023-10-02,-0.014253672944694484
2023-10-03,-0.0056600442865664125
2023-10-04,0.0013871630815120994
2023-10-05,-0.029425768327775104
2023-10-06,0.034501363084484815
2023-10-09,0.014701021342093279
2023-10-10,-0.0001875608556612951
2023-10-11,0.012333505766399133
2023-10-12,0.007319294934380549
2023-10-13,-0.04069907766571845
2023-10-16,0.014525385222492249
2023-10-17,0.0006614705090215445
2023-10-18,-0.044198798854926946
2023-10-19,-0.012351200983768407
2023-10-20,-0.029613423174544296
2023-10-23,0.007629345430005818
2023-10-24,0.021333168824697157
2023-10-25,-0.022089746043305825
2023-10-26,0.006761279941088105
2023-10-27,-0.0063088206030019744
2023-10-30,0.012646564549903205
2023-10-31,0.05121845255550084
2023-11-01,0.033283635520825916
2023-11-02,0.0061908762628182235
2023-11-03,-0.0023686625774798076
2023-11-06,0.0076353239703337294
2023-11-07,-0.002725996323549529
2023-11-08,0.008154139289782147
2023-11-09,0.0035846130185885894
2023-11-10,0.015752338015598166
2023-11-13,0.0033810521366290924
2023-11-14,0.02484618581790521
2023-11-15,-0.01074096544348424
2023-11-16,0.005096364638729423
2023-11-17,0.0044092432423719075
2023-11-20,-0.003863117093753643
2023-11-21,0.0003966954025156344
2023-11-22,0.008369722637157961
2023-11-24,-0.0008299912005437227
2023-11-27,0.0002622235454705635
2023-11-28,-0.018314522111176457
2023-11-29,0.005387671262483629
2023-11-30,0.0083701318033933
2023-12-01,0.012165706149050548
2023-12-04,-0.009806429958045038
2023-12-05,-0.01139354965474304
2023-12-06,0.005850977076552688
2023-12-07,0.004450859339873103
2023-12-08,0.019216587433421584
2023-12-11,0.010201817619631237
2023-12-12,0.010098924178018498
2023-12-13,-0.001096897178277434
2023-12-14,0.0038431259281432872
2023-12-15,-0.0012200235181786256
2023-12-18,-0.0011794423422553102
2023-12-19,0.004301341656433921
2023-12-20,-0.01763581544929238
2023-12-21,0.014276509591877096
2023-12-22,0.005689271730207945
2023-12-26,0.006578931498806284
2023-12-27,0.0025394233032374203
2023-12-28,-0.00029065309019338237
2023-12-29,0.0002907375939735779
2024-01-02,-0.00797270664762828
2024-01-03,-0.02427784136328781
2024-01-04,0.005920084235672363
2024-01-05,0.0016206164977763393
2024-01-08,0.017542437159881796
2024-01-09,0.0020921616169296
2024-01-10,0.005887815768470972
2024-01-11,0.010502643631726372
2024-01-12,-0.005381613201847935
2024-01-16,-0.0015282243738228285
2024-01-17,-0.018532354309921062
2024-01-18,0.012054337699290318
2024-01-19,0.018657255547545715
2024-01-22,-0.0028616775698250274
2024-01-23,-0.0026651304791902586
2024-01-24,-0.006906372670509531
2024-01-25,0.01759319148409988
2024-01-26,0.0002846778687639606
2024-01-29,0.01150927885068942
2024-01-30,0.006231924444765502
2024-01-31,-0.016741903364860478
2024-02-01,0.07513820391151893
2024-02-02,0.02090183817108482
2024-02-05,-0.0025176061935830996
2024-02-06,0.006309785838703563
2024-02-07,0.006380858205803364
2024-02-08,0.0013194438584049895
2024-02-09,0.017385964400775444
2024-02-12,-0.014066941361269625
2024-02-13,-0.00609361820403298
2024-02-14,0.01189525576604833
2024-02-15,0.0006167396902414524
2024-02-16,0.006272809562723136
2024-02-20,-0.005152859686883948
2024-02-21,0.0038757020899309325
2024-02-22,0.0267715626691718
2024-02-23,0.0012298506444361479
2024-02-26,-0.0022111866738218078
2024-02-27,-0.0025674123596093334
2024-02-28,0.011954526581171798
2024-02-29,0.007108953349452163
2024-03-01,0.016263031102378145
2024-03-04,0.009805778709522484
2024-03-05,-0.015678572477726416
2024-03-06,0.016476374008211447
2024-03-07,0.014794232171517319
2024-03-08,-0.008994277467942013
2024-03-11,-0.016101281819352442
2024-03-12,0.017218717237358128
2024-03-13,0.008396637761085568
2024-03-14,0.00016674725083998254
2024-03-15,-0.007959252691940644
2024-03-18,0.0028535338994724047
2024-03-19,0.014091991453685448
2024-03-20,0.0226101949317139
2024-03-21,0.0184306042425173
2024-03-22,0.0033595407595374827
2024-03-25,-0.014846122891812086
2024-03-26,0.0006412999133329489
2024-03-27,0.0074339336763467045
2024-03-28,-0.005470697533174196
2024-04-01,-0.002078792948948638
2024-04-02,0.008717108173498023
2024-04-03,0.019666302786125245
2024-04-04,-0.002430349738983373
2024-04-05,0.03232762483562235
2024-04-08,-0.014190089461626365
2024-04-09,-0.036676746967936436
2024-04-10,0.0015929859993339957
2024-04-11,0.00919312881924661
2024-04-12,0.003908282177308431
2024-04-15,-0.010109956206648674
2024-04-16,0.00022215252216906123
2024-04-17,-0.016394421413343463
2024-04-18,-0.003997790749850072
2024-04-19,-0.019162239869169984
2024-04-22,0.016731593506933873
2024-04-23,0.015417531765252068
2024-04-24,0.019019432499660205
2024-04-25,-0.005301367629080955
2024-04-26,0.022705574484801927
2024-04-29,0.0068148384788875305
2024-04-30,-0.025267263328586198
2024-05-01,-0.019575137472149784
2024-05-02,0.010383507428961547
2024-05-03,0.019629145051695884
2024-05-06,0.02102963764503718
2024-05-07,0.0005805518257093745
2024-05-08,0.009070640678047637
2024-05-09,0.00865625371484402
2024-05-10,-0.008071756702343946
2024-05-13,-0.006231646999697249
2024-05-14,0.0059053631870378265
2024-05-15,0.022726492116550645
2024-05-16,-0.023020436967912117
2024-05-17,0.000181709598837676
2024-05-20,0.0091147330721435
2024-05-21,0.010442529385245258
2024-05-22,-0.001633424015842544
2024-05-23,0.006663148852303902
2024-05-24,0.007298669072141051
2024-05-28,-0.010355371672147062
2024-05-29,-0.01324980123373054
2024-05-30,0.003935152389840102
2024-05-31,-0.004039564467712253
2024-06-03,-0.025206569720823135
2024-06-04,-0.025550023309525605
2024-06-05,0.03295686556370936
2024-06-06,-0.040203240572965204
2024-06-07,0.004370575986842651
2024-06-10,0.02588704517096896
2024-06-11,-0.011796450733059016
2024-06-12,0.02506499768225323
2024-06-13,0.0036066572341859615
2024-06-14,-0.028414828274452297
2024-06-17,0.019779328559101694
2024-06-18,0.006946874443595652
2024-06-20,-0.013278856457636712
2024-06-21,-0.009837857376374326
2024-06-24,0.006311342017979005
2024-06-25,0.0021113906689187445
2024-06-26,-0.023206354036793386
2024-06-27,-0.004218452344750823
2024-06-28,-0.001242407836035242
2024-07-01,-0.0037632251413503015
2024-07-02,0.0029131259968575574
2024-07-03,0.01640714817519684
2024-07-05,-0.003297553825388766
2024-07-08,0.0050099564760457405
2024-07-09,-0.0007839180544326751
2024-07-10,0.02623076838730576
2024-07-11,0.0053505101356736695
2024-07-12,0.005048530905533921
2024-07-15,-0.010439377290714091
2024-07-16,0.016603965644971908
2024-07-17,-0.06304526813282962
2024-07-18,-0.007800953858073778
2024-07-19,0.009124271647255933
2024-07-22,0.02702863766575403
2024-07-23,0.005057372141856309
2024-07-24,-0.06939169168683568
2024-07-25,-0.02242997523011958
2024-07-26,0.016764551840072306
2024-07-29,-0.003962490568898525
2024-07-30,-0.031590498900519126
2024-07-31,0.06109900516897837
2024-08-01,-0.022671246630397546
2024-08-02,-0.059151426859567535
2024-08-05,-0.024344936496195846
2024-08-06,0.018824320591965593
2024-08-07,0.00010801472597066208
2024-08-08,0.03529246962261312
2024-08-09,0.01447064068290671
2024-08-12,-0.011006750109200825
2024-08-13,0.024130626764307994
2024-08-14,0.009851323904363607
2024-08-15,0.013945759018705983
2024-08-16,-0.01910992632908126
2024-08-19,0.001247008188094867
2024-08-20,-0.0027267611806910397
2024-08-21,0.011646042382804422
2024-08-22,-0.00667369872182666
2024-08-23,0.007759723468284241
2024-08-26,-0.010299851538299487
2024-08-27,-0.0029639049507417248
2024-08-28,-0.008208573012080222
2024-08-29,0.0255108623568856
2024-08-30,0.01939619276829685
2024-09-03,-0.056038835961525146
2024-09-04,-0.0033135272059339194
2024-09-05,-0.010561964886454
2024-09-06,-0.002624960719441849
2024-09-09,0.015475278837750572
2024-09-10,-0.0037320805227873954
2024-09-11,0.03066266334158607
2024-09-12,0.02100003910641135
2024-09-13,0.007976786306269634
2024-09-16,0.0024524950044475524
2024-09-17,0.016897928412371366
2024-09-18,0.009366980570350014
2024-09-19,0.04535202346525957
2024-09-20,0.005107564339801973
2024-09-23,-0.002450043502047139
2024-09-24,-0.007277338807155753
2024-09-25,0.00354309462775948
2024-09-26,0.013605240509288352
2024-09-27,-0.01372277671617772
2024-09-30,0.009103262998866768
2024-10-01,-0.011646223886225382
2024-10-02,0.001251605318842719
2024-10-03,-0.0031403256740536456
2024-10-04,0.01862613637691979
2024-10-07,0.0047441010848352505
2024-10-08,0.0028388970809771763
2024-10-09,0.007956462373095219
2024-10-10,-0.003872927306843854
2024-10-11,0.013207184365802593
2024-10-14,0.012361138974153363
2024-10-15,-0.021903226939937293
2024-10-16,0.009052078836068844
2024-10-17,0.021665206415850458
2024-10-18,-0.0008895884366593165
2024-10-21,-0.003187948189025569
2024-10-22,-0.010142019533791458
2024-10-23,0.004104133471139582
2024-10-24,0.0009567697850887402
2024-10-25,-0.002316975991054848
2024-10-28,0.0029610139132938418
2024-10-29,0.00011561445469721043
2024-10-30,-0.007929378438095491
2024-10-31,-0.032758647197990376
2024-11-01,0.010314260624014748
2024-11-04,-0.008770886266369904
2024-11-05,0.01917675242730743
2024-11-06,0.0643000813755612
2024-11-07,0.0038420440516391263
2024-11-08,0.01694597968692002
2024-11-11,0.014399828461105768
2024-11-12,-0.007958060531799482
2024-11-13,0.0018158060170407886
2024-11-14,-0.021100552958791874
2024-11-15,-0.007931259922462575
2024-11-18,-0.0032313094804399256
2024-11-19,0.016376591601955814
2024-11-20,-0.00888123514656547
2024-11-21,0.029101747226971675
2024-11-22,0.017414751593889388
2024-11-25,-0.0019342649609910278
2024-11-26,0.0016193767741257137
2024-11-27,-0.01407401179844403
2024-11-29,0.00924782214990616
2024-12-02,-0.008523752986039801
2024-12-03,0.004110410491100724
2024-12-04,0.010086921024039075
2024-12-05,-0.0171381429480143
2024-12-06,0.0004581616262675503
2024-12-09,-0.019287711474628044
2024-12-10,-0.015299703944510745
2024-12-11,0.00954000328202853
2024-12-12,-0.009035321909829697
2024-12-13,-0.007333311108062013
2024-12-16,-0.0024156443273669614
2024-12-17,-0.02272292390442765
2024-12-18,-0.034458817967053856
2024-12-19,0.0015517502613000556
2024-12-20,0.00738876626577567
2024-12-23,-0.0012125507134632674
2024-12-24,0.011341133392515967
2024-12-26,-0.004040569299196717
2024-12-27,-0.016257032411870487
2024-12-30,-0.0067238406830755215
2024-12-31,-0.0015343961629091796
