Date,FICO
2015-01-05,-0.011223590710284115
2015-01-06,-0.018357733589283387
2015-01-07,0.006281287785104617
2015-01-08,0.031635643846049
2015-01-09,-0.012238797813059032
2015-01-12,-0.012111878301957812
2015-01-13,0.0169111955970791
2015-01-14,0.006097511892314111
2015-01-15,-0.010881611157262383
2015-01-16,0.028965163150356465
2015-01-20,-0.004195395367398103
2015-01-21,0.06034247612645105
2015-01-22,0.01845679562622271
2015-01-23,-0.008054330492735073
2015-01-26,-0.0019030752322699573
2015-01-27,0.0077540843644068325
2015-01-28,-0.007189936922597839
2015-01-29,-0.006225342623977448
2015-01-30,-0.08782905838594579
2015-02-02,0.07091792744850767
2015-02-03,0.010338927121381625
2015-02-04,0.01049251239156579
2015-02-05,0.004870965987887388
2015-02-06,-0.004337240245767537
2015-02-09,-0.006918698003150592
2015-02-10,0.006579674586789652
2015-02-11,0.006536763416538527
2015-02-12,0.025085942960852536
2015-02-13,0.018633589908352954
2015-02-17,-0.005853561965436738
2015-02-18,0.005397405787522125
2015-02-19,-0.0015860317305192995
2015-02-20,0.009287345921132228
2015-02-23,-0.0013317543408797317
2015-02-24,0.010062959753350142
2015-02-25,0.011163136411892038
2015-02-26,0.010327680271690953
2015-02-27,0.00011763898732053413
2015-03-02,0.0234961175619377
2015-03-03,-0.012855705607069945
2015-03-04,-0.011628023749639338
2015-03-05,0.000235492527360881
2015-03-06,-0.0042355302157292
2015-03-09,0.0004726062179090107
2015-03-10,-0.01960312611948445
2015-03-11,0.00843185732801488
2015-03-12,0.025799990270595208
2015-03-13,-0.02154156798634488
2015-03-16,0.007973323742878291
2015-03-17,-0.006257438161766382
2015-03-18,0.016870615102575703
2015-03-19,0.01051530005440493
2015-03-20,0.018036863019355254
2015-03-23,-0.0071551646707561645
2015-03-24,-0.0026307842312027763
2015-03-25,-0.023855982294353262
2015-03-26,0.008694616975924552
2015-03-27,0.010483274485702632
2015-03-30,0.024092284937248465
2015-03-31,-0.0013507037180132686
2015-04-01,0.019612382510532322
2015-04-02,0.008622344099071588
2015-04-06,0.008658679365058042
2015-04-07,-0.004455243726964708
2015-04-08,0.012879439475958598
2015-04-09,0.005064480377577896
2015-04-10,-0.0008575089214271081
2015-04-13,-0.007940917461884522
2015-04-14,-0.004867437519908702
2015-04-15,0.004347810559113263
2015-04-16,0.0028138262686798754
2015-04-17,-0.004640514537758267
2015-04-20,0.0011926081657080978
2015-04-21,-0.0020575809881336893
2015-04-22,-0.0016278163810518054
2015-04-23,0.014130384317118105
2015-04-24,0.005894982675979321
2015-04-27,-0.03100692197232202
2015-04-28,-0.0014295004940612088
2015-04-29,0.0025328274241740445
2015-04-30,-0.028339290246598092
2015-05-01,0.0016956324981314275
2015-05-04,0.005981409280148453
2015-05-05,-0.017388443512717622
2015-05-06,-0.006507665046605826
2015-05-07,0.008733752141553142
2015-05-08,-0.005468318156376162
2015-05-11,-0.00240534106328838
2015-05-12,-0.00528203089973156
2015-05-13,0.00253949173825041
2015-05-14,0.017501519210768812
2015-05-15,-0.005658181570412757
2015-05-18,0.010470289973917302
2015-05-19,-0.010361798934422461
2015-05-20,0.00227616889860216
2015-05-21,0.002498056310555219
2015-05-22,0.0023791487217204033
2015-05-26,-0.020117694261711838
2015-05-27,0.011880212941377755
2015-05-28,-0.005129456381769648
2015-05-29,0.005041329677945461
2015-06-01,0.005129866957356732
2015-06-02,0.006351534463178599
2015-06-03,0.00011235694829569987
2015-06-04,-0.014424064447247864
2015-06-05,0.003315798902618239
2015-06-08,-0.001025640222020896
2015-06-09,-0.01209207767730458
2015-06-10,0.004965353587480514
2015-06-11,0.004021685995472257
2015-06-12,0.01407634673488567
2015-06-15,-0.018395112913901057
2015-06-16,0.008967570089936538
2015-06-17,-0.007862431389139557
2015-06-18,0.021017553627896257
2015-06-19,0.01608556142380091
2015-06-22,0.02103388235389625
2015-06-23,0.00314422769575895
2015-06-24,-0.00010800208771011288
2015-06-25,0.008863981864259518
2015-06-26,0.006000208890825753
2015-06-29,-0.029076471585681385
2015-06-30,-0.004168574564211602
2015-07-01,0.0085921088186236
2015-07-02,-0.005788549123945552
2015-07-06,-0.0037349453504609276
2015-07-07,0.011136829464461151
2015-07-08,-0.002399208700166078
2015-07-09,0.010494171815977227
2015-07-10,0.015036766945111912
2015-07-13,0.015346808813095913
2015-07-14,0.004513404175319868
2015-07-15,0.001776622738839162
2015-07-16,0.014394399092545918
2015-07-17,-0.02334180358955784
2015-07-20,-0.000526506539828886
2015-07-21,-0.013272926204867308
2015-07-22,-0.0008540613668212016
2015-07-23,-0.01207401030875832
2015-07-24,-0.005732203786425583
2015-07-27,-0.00913737954919236
2015-07-28,0.009990195150142656
2015-07-29,0.021413023919415464
2015-07-30,-0.0212833692825537
2015-07-31,-0.013917569103581329
2015-08-03,-0.007057085085313108
2015-08-04,0.009550411429681605
2015-08-05,0.007369750803583486
2015-08-06,-0.009827465049560224
2015-08-07,-0.0005515575287055041
2015-08-10,0.016771730036941213
2015-08-11,-0.014107586471267974
2015-08-12,-0.013538621797647754
2015-08-13,-0.00669492788887549
2015-08-14,0.00629062943109715
2015-08-17,0.014288891587537877
2015-08-18,-0.014527832821460751
2015-08-19,-0.018650866374604558
2015-08-20,-0.029589313968214626
2015-08-21,-0.024392997182994147
2015-08-24,-0.03005166406785198
2015-08-25,0.006196644111668537
2015-08-26,0.03756607329413364
2015-08-27,0.020892761193522347
2015-08-28,0.0004650270355259778
2015-08-31,-0.005462571181103604
2015-09-01,-0.03798048088396855
2015-09-02,0.011904750856974733
2015-09-03,0.010684263910975655
2015-09-04,-0.019717288201848926
2015-09-08,0.02920156801877072
2015-09-09,-0.014245515443097156
2015-09-10,-0.0011943140796035756
2015-09-11,0.005620079552936863
2015-09-14,-0.0027354728532887895
2015-09-15,0.004651054334319449
2015-09-16,-0.02148627045940177
2015-09-17,0.010918344334326369
2015-09-18,-0.013560515100132897
2015-09-21,0.016180090439550154
2015-09-22,-0.007183162506159357
2015-09-23,-0.004220341132499139
2015-09-24,0.0048438343657066785
2015-09-25,-0.006989624632121938
2015-09-28,-0.008252311322875183
2015-09-29,0.013460560540792477
2015-09-30,0.0202849075783631
2015-10-01,0.005325437957368839
2015-10-02,-0.010947700225037105
2015-10-05,0.02142344909385585
2015-10-06,0.0020976247181176966
2015-10-07,0.014999881439658358
2015-10-08,0.015465672422993793
2015-10-09,0.016922393442007078
2015-10-12,0.003771942095600833
2015-10-13,-0.02144131763720747
2015-10-14,-0.010390633653110659
2015-10-15,0.02693450957998711
2015-10-16,-0.005223409000530088
2015-10-19,0.0034633266144221686
2015-10-20,-0.002894752371676579
2015-10-21,-0.017083620333026794
2015-10-22,0.013404619882721347
2015-10-23,0.016477978407717586
2015-10-26,0.0031979695516981543
2015-10-27,-0.02550287280929142
2015-10-28,0.05301741053178444
2015-10-29,-0.012104793228122968
2015-10-30,0.0016264881281440324
2015-11-02,0.004330368807321294
2015-11-03,0.009485866371953255
2015-11-04,-0.0024559376374195807
2015-11-05,-0.012952355039791197
2015-11-06,-0.05248878297911819
2015-11-09,-0.0041204727773959116
2015-11-10,0.0020687606606832887
2015-11-11,-0.0034407286121036496
2015-11-12,-0.0058695831985905444
2015-11-13,0.007177642904086845
2015-11-16,0.006436649785238613
2015-11-17,0.0022843009091060296
2015-11-18,0.022105687580735056
2015-11-19,0.003790359310157365
2015-11-20,0.01710358486083141
2015-11-23,0.006005662395906608
2015-11-24,0.007706569078753223
2015-11-25,0.01884949379128642
2015-11-27,0.0027487757963682302
2015-11-30,0.004429000512045089
2015-12-01,0.006719106045359524
2015-12-02,-0.01084566413527377
2015-12-03,-0.028993155307404206
2015-12-04,0.016720900678135253
2015-12-07,-0.017620583172714532
2015-12-08,-0.0008696838117867589
2015-12-09,-0.030464680972680402
2015-12-10,0.018067577146508196
2015-12-11,-0.012235421344465425
2015-12-14,0.0034594141534920464
2015-12-15,0.017904823791054625
2015-12-16,0.014421442494638725
2015-12-17,0.0005385076561348345
2015-12-18,-0.012378845507977188
2015-12-21,0.011880095303756555
2015-12-22,0.012494591108353825
2015-12-23,0.007978711521638315
2015-12-24,0.003693963549712409
2015-12-28,0.007676132719371287
2015-12-29,0.006261061939851098
2015-12-30,-0.010162837416060944
2015-12-31,-0.013305335518182693
2016-01-04,-0.011892208230032453
2016-01-05,0.010101065632802664
2016-01-06,0.0
2016-01-07,-0.027021235270163202
2016-01-08,-0.027334339776136862
2016-01-11,0.004271465114336737
2016-01-12,-0.010745338578294628
2016-01-13,-0.045259066652439506
2016-01-14,0.013036195364654946
2016-01-15,0.00011702317344686186
2016-01-19,-0.002105545409771703
2016-01-20,-0.0007033591980595277
2016-01-21,-0.04973601882366763
2016-01-22,0.036538675073131355
2016-01-25,-0.034417042479249926
2016-01-26,0.036753877442811334
2016-01-27,-0.023911551929921115
2016-01-28,0.0035343305250961077
2016-01-29,0.1606754685457461
2016-02-01,-0.00010474810119098787
2016-02-02,0.005546237866705717
2016-02-03,0.005828031625012331
2016-02-04,-0.00765652622670332
2016-02-05,-0.016473854932690157
2016-02-08,-0.020778088534688988
2016-02-09,-0.010717824763523787
2016-02-10,0.011928281900733584
2016-02-11,-0.011355131770908522
2016-02-12,0.01739237348607303
2016-02-16,0.010428977171270226
2016-02-17,0.0039369442166026225
2016-02-18,-0.015262259074945828
2016-02-19,0.0009686548198630796
2016-02-22,0.020645158641697803
2016-02-23,-0.00389811735798129
2016-02-24,0.010999454053250757
2016-02-25,0.031279504171354056
2016-02-26,-0.019476565510643917
2016-02-29,0.029588298251196576
2016-03-01,0.03124983935044412
2016-03-02,0.002630892285421682
2016-03-03,-0.0069971304574385496
2016-03-04,-0.009003558378450793
2016-03-07,-0.010667755783621224
2016-03-08,-0.022663786054152313
2016-03-09,-0.0014301093986506253
2016-03-10,0.015754435865279914
2016-03-11,0.006344943187388319
2016-03-14,0.0036029203558620715
2016-03-15,-0.008276799905353238
2016-03-16,0.028959272961314397
2016-03-17,0.016515180769920645
2016-03-18,0.0030763230501036354
2016-03-21,-0.0020125928636439694
2016-03-22,0.004609646392399913
2016-03-23,-0.038428545718628304
2016-03-24,0.004075971667351963
2016-03-28,-0.0034652969154140845
2016-03-29,0.04709391521930173
2016-03-30,-0.003131229407956071
2016-03-31,0.009803900908180063
2016-04-01,0.025544374777771495
2016-04-04,-0.036213313461238905
2016-04-05,0.005245190428377455
2016-04-06,0.005027992115941515
2016-04-07,-0.01434782947083868
2016-04-08,0.004213731443328594
2016-04-11,-0.01459083648639592
2016-04-12,0.008032640363960564
2016-04-13,0.020353252846876835
2016-04-14,-0.0015995909506597572
2016-04-15,0.0011309616786092658
2016-04-18,0.005271475603524589
2016-04-19,0.006086706615593851
2016-04-20,0.005119164357279882
2016-04-21,-0.007500649344130639
2016-04-22,-0.016234410776593267
2016-04-25,-0.002655486038659949
2016-04-26,0.0022822119596734858
2016-04-27,0.00028459069932385006
2016-04-28,0.010623168998128207
2016-04-29,0.001501602416206227
2016-05-02,0.021085209024494622
2016-05-03,-0.03671072302829781
2016-05-04,-0.005907045874800065
2016-05-05,0.01715547737179346
2016-05-06,-0.0010364416271443355
2016-05-09,0.015751707964037243
2016-05-10,0.01587891912983541
2016-05-11,-0.012796961282592223
2016-05-12,0.007314747482973116
2016-05-13,0.0032171611871860684
2016-05-16,0.008063068589840627
2016-05-17,-0.035084523626874864
2016-05-18,-0.003956249901117093
2016-05-19,-0.0109703547071488
2016-05-20,0.024670136273008625
2016-05-23,-0.008026958623428837
2016-05-24,0.03490785753396963
2016-05-25,-0.00509143111297039
2016-05-26,-0.0029241783203308724
2016-05-27,0.022546011508132624
2016-05-31,-0.0012547980237667122
2016-06-01,0.010320410095549182
2016-06-02,0.013235053323899848
2016-06-03,-0.010344535234661612
2016-06-06,0.006466491246432948
2016-06-07,0.0011440844351779944
2016-06-08,0.009494510744821438
2016-06-09,0.007837721690385768
2016-06-10,-0.018836945264823268
2016-06-13,-0.02324971864254155
2016-06-14,0.004327873979136809
2016-06-15,-0.004758134555791216
2016-06-16,0.005141672791148411
2016-06-17,-0.018486878726190592
2016-06-20,0.016275003705906954
2016-06-21,0.0014393951463815835
2016-06-22,0.003593589963732269
2016-06-23,0.01226399443089865
2016-06-24,-0.03608068300559186
2016-06-27,-0.027706368668575787
2016-06-28,0.008492076153339578
2016-06-29,0.023297235832324903
2016-06-30,0.033281487856768655
2016-07-01,0.008052359995026181
2016-07-05,-0.0014044628564433559
2016-07-06,-0.002725112298325616
2016-07-07,0.012340314789915707
2016-07-08,8.699751954055479e-05
2016-07-11,0.0025248351660036583
2016-07-12,0.023360852536718824
2016-07-13,0.0030549698302053674
2016-07-14,-0.0021995719032893435
2016-07-15,-0.010089944324802702
2016-07-18,-0.0029978445044932522
2016-07-19,0.00910641484589303
2016-07-20,0.01106773194090227
2016-07-21,-0.017093318881353015
2016-07-22,0.01901815526006101
2016-07-25,-0.009920081070144415
2016-07-26,-0.0014434551355140268
2016-07-27,-0.0007653822390428777
2016-07-28,-0.01625390088879497
2016-07-29,0.0955017021839113
2016-08-01,0.028269237248646162
2016-08-02,-0.012747817733838263
2016-08-03,0.0005445734431979155
2016-08-04,-0.005208728941012097
2016-08-05,0.008909005617773857
2016-08-08,-0.010069716789510963
2016-08-09,-0.0021908891455006962
2016-08-10,-7.841357016868944e-05
2016-08-11,0.0003137387397365021
2016-08-12,-0.005644867815348675
2016-08-15,0.00488839121284812
2016-08-16,-0.014437039774701232
2016-08-17,-0.0026271774344095444
2016-08-18,0.008381247573925554
2016-08-19,0.005778534174812
2016-08-22,-0.001259279390855239
2016-08-23,0.0030733111074565667
2016-08-24,-0.010762849480935643
2016-08-25,0.01500950767236331
2016-08-26,-0.008293516760704778
2016-08-29,0.003076887870613332
2016-08-30,0.008809169364911273
2016-08-31,-0.0024948762851541018
2016-09-01,0.015710460920848934
2016-09-02,0.018545586033986927
2016-09-06,0.0026444639954750215
2016-09-07,-0.0015071695810799923
2016-09-08,0.002716700687349194
2016-09-09,-0.03281402684752677
2016-09-12,0.025215980765015855
2016-09-13,-0.032490666854532724
2016-09-14,0.005727640942482903
2016-09-15,0.024886977780185893
2016-09-16,-0.014767486363495896
2016-09-19,0.00015448880186141878
2016-09-20,-0.004480426521323411
2016-09-21,-0.00395753066100224
2016-09-22,0.00942674444240188
2016-09-23,-0.008489704964875888
2016-09-26,-0.004125436558454987
2016-09-27,-0.0035173147100097113
2016-09-28,-0.0007843777665808016
2016-09-29,-0.01742681971054394
2016-09-30,-0.004633688783811096
2016-10-03,-0.0028091926633884157
2016-10-04,-0.011429491099485434
2016-10-05,-0.005373685154706154
2016-10-06,0.010150641855027898
2016-10-07,-0.010777998040825021
2016-10-10,-0.001474605998043943
2016-10-11,-0.01829512444122061
2016-10-12,0.009109126857580252
2016-10-13,-0.00389234564767571
2016-10-14,0.004738951277258652
2016-10-17,0.005047576796227249
2016-10-18,0.005516167821342677
2016-10-19,0.005404107646724832
2016-10-20,0.00390910081979623
2016-10-21,0.0017847307729264017
2016-10-24,0.0012147080346802674
2016-10-25,-0.009462980705901791
2016-10-26,-0.0012248248026929254
2016-10-27,-0.020519932630950533
2016-10-28,-0.0053417955450193455
2016-10-31,0.01267099568069896
2016-11-01,-0.031239608794224827
2016-11-02,-0.010178756391955424
2016-11-03,-0.005444265233258583
2016-11-04,-0.012772514730248208
2016-11-07,0.03441290869128388
2016-11-08,-0.02305793145374191
2016-11-09,-0.0017418623303958602
2016-11-10,-0.01247598729336552
2016-11-11,0.007244438579945944
2016-11-14,-0.014823261193774528
2016-11-15,-0.008012845884246111
2016-11-16,0.01418052736169284
2016-11-17,0.011415986473904294
2016-11-18,-0.0002624976703414772
2016-11-21,0.002888098940382555
2016-11-22,0.013002941987637628
2016-11-23,0.00275675457468072
2016-11-25,0.007646026277216
2016-11-28,-0.004518670055425167
2016-11-29,0.00830759365880751
2016-11-30,-0.034151765904995024
2016-12-01,-0.006244998081787023
2016-12-02,-0.004248614671734985
2016-12-05,0.024088923724976175
2016-12-06,0.009113829515190464
2016-12-07,0.032169215614926916
2016-12-08,0.012333350777659735
2016-12-09,0.005515327780882817
2016-12-12,-0.0008186540427985722
2016-12-13,-0.003113496708133656
2016-12-14,-0.009698416025308854
2016-12-15,0.002572886524475848
2016-12-16,0.0009106147831008382
2016-12-19,0.0032255257161994955
2016-12-20,-8.24705224498068e-05
2016-12-21,-0.00041226079845846364
2016-12-22,-0.00412405652435921
2016-12-23,0.001904987733517105
2016-12-27,0.0035545817405566726
2016-12-28,-0.016968711026120298
2016-12-29,0.009887704561595045
2016-12-30,-0.01078656645204168
2017-01-03,0.00796844547052955
2017-01-04,0.02746109153252685
2017-01-05,-0.003806570075429949
2017-01-06,-0.003983714755229073
2017-01-09,-0.007917765015388767
2017-01-10,0.0041138769042596834
2017-01-11,0.0053261414417433706
2017-01-12,0.0017931741091083975
2017-01-13,0.01464477941848874
2017-01-17,-0.01571642505648274
2017-01-18,0.0022810269457576027
2017-01-19,-0.005283283058290511
2017-01-20,0.006046779536060365
2017-01-23,0.0014620297124845472
2017-01-24,0.013625297541081993
2017-01-25,0.005040765962954774
2017-01-26,0.0019106490314142466
2017-01-27,-0.0027015910022716305
2017-01-30,-0.016333342797320793
2017-01-31,-0.001295948042421946
2017-02-01,-0.019140347551624415
2017-02-02,0.02472300230734148
2017-02-03,0.004922156569796998
2017-02-06,-0.006825112153232338
2017-02-07,-0.0030722150047104435
2017-02-08,-0.0027573014683227592
2017-02-09,0.020004908334830374
2017-02-10,0.011002119318282322
2017-02-13,-0.00031542810489681994
2017-02-14,0.013331253090118178
2017-02-15,0.002646760424166006
2017-02-16,-7.772752214252332e-05
2017-02-17,0.008385745228480346
2017-02-21,0.01039512912740781
2017-02-22,-0.0038103990643745256
2017-02-23,0.0017593735089251883
2017-02-24,0.010843856369802785
2017-02-27,-0.003172937486871197
2017-02-28,-0.014247736997239802
2017-03-01,0.015609371254601045
2017-03-02,-0.003028536869533749
2017-03-03,0.0008353631262905115
2017-03-06,-0.008346542990850137
2017-03-07,-0.00780476129318497
2017-03-08,0.0010025825915653819
2017-03-09,-0.0013096931043794502
2017-03-10,-0.005631497020987308
2017-03-13,0.011171470206295497
2017-03-14,-0.0032223276104482723
2017-03-15,0.011776468602680445
2017-03-16,0.0028148374634215934
2017-03-17,-0.0009862302806032952
2017-03-20,-0.00744168660772182
2017-03-21,-0.018361326845673043
2017-03-22,-0.008962621139161242
2017-03-23,-0.001415541836992107
2017-03-24,-0.0010238216992880522
2017-03-27,0.0004730405101307511
2017-03-28,0.002521469431804535
2017-03-29,0.007781166687484742
2017-03-30,0.0014037800192454597
2017-03-31,0.004283513067774969
2017-04-03,-0.007832450800610125
2017-04-04,-0.0018759222181036206
2017-04-05,-0.01386058485016095
2017-04-06,0.014293679404397075
2017-04-07,0.006028314591949746
2017-04-10,-0.003035014705435324
2017-04-11,0.012801493886777093
2017-04-12,-0.01225430703576591
2017-04-13,-0.0166198878117092
2017-04-17,0.016265992792301454
2017-04-18,0.0032791861566281444
2017-04-19,0.0023346540992825737
2017-04-20,0.012267094670950884
2017-04-21,-0.001457297394466428
2017-04-24,0.01950989506491463
2017-04-25,0.00647932372511284
2017-04-26,-0.0001496295697270833
2017-04-27,-0.0007487167629846025
2017-04-28,0.015059522652676405
2017-05-01,0.013950394517648013
2017-05-02,0.004440566586838557
2017-05-03,-0.0027539472082154237
2017-05-04,-0.0007994230048856688
2017-05-05,0.0030547541796861477
2017-05-08,-0.006018430926071572
2017-05-09,-0.0004376827968509689
2017-05-10,0.001386676656559116
2017-05-11,-0.010859306320648021
2017-05-12,-0.0060419047807499515
2017-05-15,0.005040829987672968
2017-05-16,0.0016226671908241563
2017-05-17,-0.026730521364045856
2017-05-18,-0.00476662549398843
2017-05-19,0.012619763926081662
2017-05-22,-0.009084020141143845
2017-05-23,0.0013636841297848257
2017-05-24,0.0055231575822976
2017-05-25,0.0004515637331747868
2017-05-26,0.004286943717266123
2017-05-30,-0.006140882744895437
2017-05-31,-0.0003767843359817613
2017-06-01,0.009648716598539275
2017-06-02,0.03210394933088723
2017-06-05,-0.012080426089305152
2017-06-06,-0.006223958833784793
2017-06-07,-0.008104966796506519
2017-06-08,-0.00289703910113015
2017-06-09,-0.008418309319752182
2017-06-12,0.007888713334484265
2017-06-13,0.00842344341576684
2017-06-14,-0.0055440568211683194
2017-06-15,0.0015610400339904906
2017-06-16,0.004898236428777514
2017-06-19,0.007459452076468809
2017-06-20,-0.017594084677384214
2017-06-21,-0.0017162580178102793
2017-06-22,0.010464896914777366
2017-06-23,0.009172995712006804
2017-06-26,0.002052476052302188
2017-06-27,0.007242176410134915
2017-06-28,0.018882931212329535
2017-06-29,-0.014826335959852277
2017-06-30,0.00868241726321961
2017-07-03,-0.006814410180669084
2017-07-05,0.0033221972611103823
2017-07-06,-0.005326846407412988
2017-07-07,0.017368716764261993
2017-07-10,-0.00682889956866628
2017-07-11,0.001790574478893081
2017-07-12,0.019089141789905062
2017-07-13,-0.007015574906002797
2017-07-14,0.002119563840527583
2017-07-17,-0.0014100180020151232
2017-07-18,-0.0006353878726238493
2017-07-19,0.011020823207070762
2017-07-20,-0.002515551735142174
2017-07-21,-0.0023817606857486906
2017-07-24,0.011516040639529823
2017-07-25,0.010343562671356832
2017-07-26,-0.0013053950211724397
2017-07-27,-0.009356728952477633
2017-07-28,-0.008820086283844453
2017-07-31,-0.001191130657870576
2017-08-01,0.003998541236247766
2017-08-02,-0.012996091907553353
2017-08-03,-0.006583553107360807
2017-08-04,0.0011401956817616021
2017-08-07,-0.006263825527826006
2017-08-08,-0.0010743778800130777
2017-08-09,-0.0025097238395646038
2017-08-10,-0.015671108655060162
2017-08-11,0.0007303447664122054
2017-08-14,0.023644497716025503
2017-08-15,-0.007271720548889915
2017-08-16,0.012136462774910317
2017-08-17,-0.01688665277128798
2017-08-18,-0.004474560682099615
2017-08-21,0.009496864835494057
2017-08-22,0.016588851408213534
2017-08-23,-0.014552116375539548
2017-08-24,-0.00752690359683017
2017-08-25,-0.0005055403898336364
2017-08-28,0.004841726732938811
2017-08-29,-0.0035958287596289384
2017-08-30,0.004835786028059674
2017-08-31,0.011061580754416767
2017-09-01,0.005328218451753131
2017-09-05,-0.007349256776930879
2017-09-06,-0.005837597473430489
2017-09-07,-0.002291386175547472
2017-09-08,-0.007464354634710624
2017-09-11,0.013450001450958649
2017-09-12,0.013771016900620214
2017-09-13,-0.01654002022262069
2017-09-14,-0.03835969923596849
2017-09-15,-0.01949836431044394
2017-09-18,0.0249714860427539
2017-09-19,0.009108494131230271
2017-09-20,0.010567273767212004
2017-09-21,-0.0002179510320430289
2017-09-22,0.01779497630277138
2017-09-25,-0.001784057598578359
2017-09-26,0.0009292938196014955
2017-09-27,0.015641757926783795
2017-09-28,-0.004641376063809655
2017-09-29,-0.0073476991342680265
2017-10-02,0.01245551601423478
2017-10-03,0.00492089243052507
2017-10-04,-0.0037774977101141527
2017-10-05,0.003721640093166334
2017-10-06,0.007135890968513525
2017-10-09,0.006460076635240064
2017-10-10,0.004003049440941098
2017-10-11,0.0055681415535622225
2017-10-12,0.0013672200568166648
2017-10-13,0.002457677640987699
2017-10-16,0.004426649220132806
2017-10-17,-0.00555974841465956
2017-10-18,0.0032726238053550905
2017-10-19,-0.012979874159314786
2017-10-20,0.009294896679070241
2017-10-23,0.0034108739510947395
2017-10-24,0.0031273827270379417
2017-10-25,-0.0007455141177664659
2017-10-26,-0.0014243537058448164
2017-10-27,-0.0013583981121095823
2017-10-30,-0.021900300941555373
2017-10-31,0.009387428735374126
2017-11-01,-0.008404527348614077
2017-11-02,0.027511403278529967
2017-11-03,0.03144022547105707
2017-11-06,-0.009111762450616512
2017-11-07,0.008533959082300369
2017-11-08,0.01416860416758614
2017-11-09,-0.005497743355281526
2017-11-10,0.005983338981612851
2017-11-13,-0.004784007430916226
2017-11-14,-0.009938929160919208
2017-11-15,-0.0033463011178431756
2017-11-16,0.006517482112861295
2017-11-17,-0.0012427395000638164
2017-11-20,0.008578897084312143
2017-11-21,0.003960785871753858
2017-11-22,-0.004009799099512379
2017-11-24,0.009285666725852293
2017-11-27,6.440047672051641e-05
2017-11-28,0.005403990766194688
2017-11-29,-0.005822905485138308
2017-11-30,0.010877276787783607
2017-12-01,0.00280149273045871
2017-12-04,-0.00768258231026786
2017-12-05,-0.004478834079675531
2017-12-06,-0.00012847235775015342
2017-12-07,0.007134957249498752
2017-12-08,0.00402096574076416
2017-12-11,-0.011124531353121192
2017-12-12,-0.003921320518932236
2017-12-13,0.0044530652145591265
2017-12-14,-0.0077100806537396815
2017-12-15,0.021108485206562833
2017-12-18,0.0027267466258191764
2017-12-19,-0.0070828453891883525
2017-12-20,-0.0016559105530356
2017-12-21,-0.001275897596441422
2017-12-22,-0.0180134606786716
2017-12-26,-0.0031873430559604676
2017-12-27,0.007830833367437506
2017-12-28,-0.0011655525234701702
2017-12-29,-0.0068715000410995986
2018-01-02,0.0012402248380620762
2018-01-03,0.0002607294236387503
2018-01-04,0.011405853376386332
2018-01-05,0.011212821080611057
2018-01-08,0.012363003212105372
2018-01-09,-0.0031474253939252073
2018-01-10,-0.0008840577741150435
2018-01-11,0.012830228565509971
2018-01-12,-0.004305787465873623
2018-01-16,0.0011907899493197593
2018-01-17,0.016087682780712154
2018-01-18,-0.00690001432626508
2018-01-19,0.0139578166414136
2018-01-22,0.000428310342770466
2018-01-23,0.003057729861398961
2018-01-24,-0.006950368003617036
2018-01-25,6.136116488408838e-05
2018-01-26,0.044201589877958636
2018-01-29,0.03551066303113526
2018-01-30,-0.014818602952336946
2018-01-31,-0.004956204409730103
2018-02-01,0.0010424688518684277
2018-02-02,-0.0200184652186296
2018-02-05,-0.03170392148525358
2018-02-06,0.002804748059716644
2018-02-07,-0.007782566849861228
2018-02-08,-0.04252712995637142
2018-02-09,0.010048046874999939
2018-02-12,0.012735992989194811
2018-02-13,-0.0006882350565686757
2018-02-14,0.025043826505315003
2018-02-15,0.01233816428902812
2018-02-16,0.004464765354466715
2018-02-20,0.033277322724038605
2018-02-21,0.00186020263621689
2018-02-22,0.002379039519680104
2018-02-23,0.02054994530684695
2018-02-26,-0.005955774438923589
2018-02-27,-0.014607689350035646
2018-02-28,-0.015924488743539578
2018-03-01,-0.002000684553407961
2018-03-02,0.015448083861437922
2018-03-05,0.007374313456387727
2018-03-06,0.013891223280958709
2018-03-07,0.011085914011906173
2018-03-08,-0.0011808080217042827
2018-03-09,0.0025331960695131883
2018-03-12,-0.0053343644661530965
2018-03-13,-0.005871024555245574
2018-03-14,-0.01334472471360526
2018-03-15,-0.0141007018603867
2018-03-16,-0.0037945659293248113
2018-03-19,-0.01787276825113082
2018-03-20,0.014081148713645852
2018-03-21,0.005413027374693735
2018-03-22,-0.01825848716540146
2018-03-23,-0.02777770956072856
2018-03-26,0.041876065706158316
2018-03-27,-0.024598321991083028
2018-03-28,0.010618368065375083
2018-03-29,0.011103818705430424
2018-04-02,-0.03660622971590921
2018-04-03,0.02506586004650102
2018-04-04,-0.0013153248112425242
2018-04-05,0.011254818955794166
2018-04-06,-0.0277646370604121
2018-04-09,-0.0054800823229483875
2018-04-10,0.026265800759436075
2018-04-11,0.008053968159179359
2018-04-12,0.012191498749550611
2018-04-13,-0.012980186145986505
2018-04-16,0.012973179746928798
2018-04-17,0.01672514976813777
2018-04-18,0.0015529982256590191
2018-04-19,-0.005168604663390086
2018-04-20,-0.0031172042916985943
2018-04-23,-0.005674883975240963
2018-04-24,-0.014675931360600303
2018-04-25,-0.013889745668213882
2018-04-26,0.02133779451411577
2018-04-27,0.03603286155854213
2018-04-30,-0.01903251805898587
2018-05-01,0.0069292773864348955
2018-05-02,-0.017949333611476437
2018-05-03,0.013664212192062042
2018-05-04,0.014689804168174891
2018-05-07,0.0011922715714483
2018-05-08,-0.001474396124899302
2018-05-09,0.0019876546697406017
2018-05-10,0.015189257757300512
2018-05-11,-0.006085285661031392
2018-05-14,-0.009043423138745732
2018-05-15,0.010543025902145065
2018-05-16,0.010152555367887617
2018-05-17,0.0011661209291891073
2018-05-18,-0.00144209518149796
2018-05-21,0.00955343970697431
2018-05-22,-0.00742732661491019
2018-05-23,0.008092630261304912
2018-05-24,-0.004343725228693085
2018-05-25,0.0011596612157871444
2018-05-29,0.0027580121270722735
2018-05-30,0.013917234894792907
2018-05-31,-0.0015733969910913803
2018-06-01,0.018203587055027892
2018-06-04,0.012861502511047007
2018-06-05,0.01043264163744917
2018-06-06,0.0056838729394925736
2018-06-07,-0.000155546921092653
2018-06-08,0.03173777451161075
2018-06-11,-0.011862280203831954
2018-06-12,-0.013072852705142246
2018-06-13,0.017781655871924373
2018-06-14,0.016458196079958576
2018-06-15,-0.0037365484029433516
2018-06-18,0.0029504242350804066
2018-06-19,-0.00199438522812867
2018-06-20,0.009792123397373675
2018-06-21,-0.018305942200804837
2018-06-22,-0.014161866669312073
2018-06-25,-0.026736852467768468
2018-06-26,0.006250669245117191
2018-06-27,-0.018061317437919056
2018-06-28,0.02051991174221035
2018-06-29,0.007032380553894768
2018-07-02,0.004655461733844124
2018-07-03,0.008186573617018134
2018-07-05,0.0002553651620513797
2018-07-06,0.009139146740297699
2018-07-09,0.00814571545696463
2018-07-10,0.0010037750303379944
2018-07-11,-0.004963428556303384
2018-07-12,0.019347993723345835
2018-07-13,0.0028668965352871556
2018-07-16,-0.0018729601456732858
2018-07-17,0.019554623580484654
2018-07-18,-0.0011139425881691034
2018-07-19,0.002230369680112254
2018-07-20,-0.002080274224140033
2018-07-23,0.0017452882285107219
2018-07-24,-0.015873777775677222
2018-07-25,0.012097326684248344
2018-07-26,-0.003109661324718793
2018-07-27,-0.010479085225287066
2018-07-30,-0.01418581825536469
2018-07-31,0.006595419847328143
2018-08-01,0.02030177802832922
2018-08-02,0.017416695586977227
2018-08-03,-0.004686132852515734
2018-08-06,0.018640427559859063
2018-08-07,0.0002829673109425723
2018-08-08,9.431973599105525e-05
2018-08-09,0.0051860171625586204
2018-08-10,0.0035176585356357926
2018-08-13,-0.002149965878821325
2018-08-14,0.012365336719664777
2018-08-15,-0.003516214069501533
2018-08-16,0.0034357424904769562
2018-08-17,0.005413650728202546
2018-08-20,0.0012886651329462318
2018-08-21,0.004734102792771422
2018-08-22,0.01564500491059362
2018-08-23,0.0036483089046324135
2018-08-24,0.010366636178305688
2018-08-27,-0.011148594268635015
2018-08-28,0.007141878017419723
2018-08-29,0.015877252427135558
2018-08-30,-0.001273128842246618
2018-08-31,0.015341290386842399
2018-09-04,0.011905792929548076
2018-09-05,-0.012621387935509265
2018-09-06,0.019109124211092565
2018-09-07,-0.0008078678491173497
2018-09-10,0.0046808770362367635
2018-09-11,0.003769586474547726
2018-09-12,-0.0006751494088386156
2018-09-13,0.0028712269160320325
2018-09-14,0.010610097809540475
2018-09-17,-0.024080318329757877
2018-09-18,0.0037993570529282206
2018-09-19,-0.030534969356206143
2018-09-20,0.007720628421655773
2018-09-21,-0.006486180938735653
2018-09-24,0.003855781007256587
2018-09-25,0.004015530384943622
2018-09-26,-0.0120853749252251
2018-09-27,0.00030806303286579073
2018-09-28,0.005410855568840356
2018-10-01,-0.004725450958800059
2018-10-02,-0.014067775667427007
2018-10-03,0.0063316455250082004
2018-10-04,-0.01985021790543051
2018-10-05,-0.0028931755807786175
2018-10-08,-0.01772681476299731
2018-10-09,-0.004061685903896217
2018-10-10,-0.035035673377337595
2018-10-11,-0.024205208507225517
2018-10-12,0.01757066371153715
2018-10-15,-0.0011124339905154157
2018-10-16,0.035928714000780904
2018-10-17,-0.005515602136601294
2018-10-18,-0.008319181516123875
2018-10-19,-0.015403573228047085
2018-10-22,0.0012996486306571242
2018-10-23,-0.007018852428411271
2018-10-24,-0.04720406611447414
2018-10-25,-0.0009146744500962978
2018-10-26,-0.03427927170050993
2018-10-29,-0.010427696099703176
2018-10-30,0.005801019862087919
2018-10-31,0.019683587028826777
2018-11-01,0.029629968637571835
2018-11-02,-0.04208240561325349
2018-11-05,0.010943265597489038
2018-11-06,-0.008795145648183733
2018-11-07,0.04756902887336767
2018-11-08,-0.006365297941386627
2018-11-09,-0.009684732251931005
2018-11-12,-0.03652013498739337
2018-11-13,0.008511316235896516
2018-11-14,-0.014520124812204549
2018-11-15,0.02819150559445638
2018-11-16,-0.0071391870720405315
2018-11-19,-0.055700305040623954
2018-11-20,-0.022236930278117795
2018-11-21,0.012246039539036468
2018-11-23,0.0023973236677035104
2018-11-26,-0.00016684526578258918
2018-11-27,-0.011848499928743705
2018-11-28,0.04835620562601273
2018-11-29,0.02260649095447853
2018-11-30,0.04300568334599819
2018-12-03,0.01651310828508512
2018-12-04,-0.04630779027255427
2018-12-06,-0.010801837647623436
2018-12-07,-0.042366611961567546
2018-12-10,0.014472887104035603
2018-12-11,0.0029180939055795108
2018-12-12,0.019774762871720863
2018-12-13,0.013050836375322339
2018-12-14,-0.019089284331500256
2018-12-17,-0.031211836802117476
2018-12-18,0.023600456222726107
2018-12-19,0.0064342999905746545
2018-12-20,-0.028716033443168976
2018-12-21,-0.039822251133005526
2018-12-24,-0.020279937102932633
2018-12-26,0.06279885873155067
2018-12-27,0.009326805883545175
2018-12-28,0.0010327903470430666
2018-12-31,0.015421352527236865
2019-01-02,-0.00807483693495159
2019-01-03,-0.03622837361418252
2019-01-04,0.05990933153838918
2019-01-07,0.020952086289951932
2019-01-08,0.01922978174922596
2019-01-09,0.009382797183628444
2019-01-10,0.026580208886392898
2019-01-11,0.007194954912970175
2019-01-14,-0.011371349751052917
2019-01-15,0.0249213134319044
2019-01-16,0.00997554978587134
2019-01-17,0.0052234489892419855
2019-01-18,0.022202262242134507
2019-01-22,-0.016220687262517908
2019-01-23,0.011367897939862814
2019-01-24,-0.0007431660930860007
2019-01-25,0.01334012794147843
2019-01-28,-0.008118843439612888
2019-01-29,-0.008000420562247923
2019-01-30,0.01501096127528223
2019-01-31,0.03430855356306006
2019-02-01,0.014698035539292054
2019-02-04,0.0067830864689442105
2019-02-05,0.007780616204109858
2019-02-06,0.0014664495533325272
2019-02-07,8.615475365258973e-05
2019-02-08,0.016235256469017356
2019-02-11,-0.0010169939771169645
2019-02-12,0.016755734521931798
2019-02-13,0.003963440020717579
2019-02-14,0.007563195349214347
2019-02-15,-0.007506422807150193
2019-02-19,0.015375652250775973
2019-02-20,-0.002905752090199387
2019-02-21,0.007552420888287781
2019-02-22,0.012954709984793977
2019-02-25,-0.0065553575871070136
2019-02-26,-0.0020646496510560164
2019-02-27,0.010344420545135735
2019-02-28,-0.004978680826025816
2019-03-01,0.015172279863250981
2019-03-04,-0.014031317090407724
2019-03-05,-0.003184876174974427
2019-03-06,-0.007401123803729925
2019-03-07,0.005582082128757548
2019-03-08,-0.0048622242034191965
2019-03-11,0.029153046520294046
2019-03-12,0.015785747665286287
2019-03-13,0.004128520189264906
2019-03-14,0.013304343152952036
2019-03-15,0.008191757496689434
2019-03-18,0.003037389999763551
2019-03-19,0.0016276504190420038
2019-03-20,-0.004610448473832629
2019-03-21,0.021564950681075334
2019-03-22,-0.02133281523658126
2019-03-25,-0.00284813746342627
2019-03-26,0.011158592974308768
2019-03-27,-0.009679511994622692
2019-03-28,0.013349090032077404
2019-03-29,0.019440767267656867
2019-04-01,0.004196826971862633
2019-04-02,0.01033840758807747
2019-04-03,0.0037737528892258787
2019-04-04,-0.021689621133259784
2019-04-05,0.006207710325796034
2019-04-08,0.01153102962281749
2019-04-09,0.0012343304513455777
2019-04-10,0.001885452690673528
2019-04-11,0.010965939727368479
2019-04-12,-0.0008234087110458033
2019-04-15,-0.003152787114104716
2019-04-16,0.01854581985536763
2019-04-17,-0.02805325451178553
2019-04-18,7.257120786641202e-05
2019-04-22,0.017389126165362034
2019-04-23,0.012488849241748534
2019-04-24,-0.002643171806167355
2019-04-25,-0.00883392226148405
2019-04-26,0.011336872284425148
2019-04-29,-0.013642115119519627
2019-04-30,-0.00021442249782799294
2019-05-01,-0.031635410557696586
2019-05-02,0.005906261127960777
2019-05-03,0.028440366972477094
2019-05-06,0.015057988298672997
2019-05-07,-0.019509922906292165
2019-05-08,0.015058014797282748
2019-05-09,0.014446158549125787
2019-05-10,0.0004177957618380912
2019-05-13,-0.04962927614400037
2019-05-14,0.034020499425678974
2019-05-15,0.017495405502502503
2019-05-16,0.024190784901945372
2019-05-17,-0.008156308909037846
2019-05-20,-0.005790654123909222
2019-05-21,0.01133860112833851
2019-05-22,0.011790735427324117
2019-05-23,-0.008723169667392172
2019-05-24,0.004790716319044375
2019-05-28,0.011530800173902511
2019-05-29,-0.010897939446370297
2019-05-30,0.005677952710750445
2019-05-31,-0.0055787191683334125
2019-06-03,-0.028185185907128596
2019-06-04,0.03418422998087833
2019-06-05,0.015501479957261699
2019-06-06,0.033675541151438226
2019-06-07,0.0031392524156612645
2019-06-10,0.0066741062705608645
2019-06-11,-0.016907710751744687
2019-06-12,0.005066010472932314
2019-06-13,0.0006099988272267876
2019-06-14,-0.01755061759244747
2019-06-17,-0.0008164597976272336
2019-06-18,0.0005228734700066795
2019-06-19,-0.001470000035890151
2019-06-20,0.0008506502732115173
2019-06-21,-0.004380317719178239
2019-06-24,-0.012607513648896784
2019-06-25,-0.01945193780640364
2019-06-26,0.010139340384039741
2019-06-27,0.014166782434300362
2019-06-28,0.03945707603220572
2019-07-01,0.00866187286117226
2019-07-02,0.021563482037079806
2019-07-03,0.02419874028812541
2019-07-05,0.00310802292778134
2019-07-08,0.006527730576497026
2019-07-09,0.010460250855217179
2019-07-10,0.008015354647016526
2019-07-11,0.014465516596043004
2019-07-12,-0.0037889674194347966
2019-07-15,0.0006097667947690955
2019-07-16,-0.016364944314985586
2019-07-17,0.007345103936209352
2019-07-18,0.011098446962737318
2019-07-19,-0.013467313232518485
2019-07-22,0.00548981325890785
2019-07-23,-0.012875923101049236
2019-07-24,0.02008343523461087
2019-07-25,0.0024935784602957423
2019-07-26,0.020044031321518663
2019-07-29,-0.007032100524294482
2019-07-30,-0.0008852267524274149
2019-07-31,-0.007030957530431259
2019-08-01,0.03566283936442405
2019-08-02,-0.020872154238577023
2019-08-05,-0.03874537147161605
2019-08-06,0.017392631786781854
2019-08-07,0.01819814494157468
2019-08-08,0.04948552204884371
2019-08-09,-0.008175597294307613
2019-08-12,-0.01988172223906226
2019-08-13,-0.05747417623641604
2019-08-14,-0.03083032730698665
2019-08-15,0.04297561748787104
2019-08-16,0.026805043804241757
2019-08-19,-0.013281143497468562
2019-08-20,0.0026919636220081866
2019-08-21,0.009468818813770152
2019-08-22,0.008178951981940852
2019-08-23,-0.01801215734272177
2019-08-26,0.012074273220783471
2019-08-27,0.008505325877951941
2019-08-28,-0.019782144138142055
2019-08-29,0.022577686958501486
2019-08-30,-0.0041221737118691815
2019-09-03,-0.0020412826553961594
2019-09-04,0.009943181818181879
2019-09-05,0.02621661694576294
2019-09-06,0.012554099227884086
2019-09-09,-0.05452080255448821
2019-09-10,-0.0660253018204644
2019-09-11,-0.03761501861459926
2019-09-12,-0.0021341793577785984
2019-09-13,-0.012513609479445686
2019-09-16,0.001842656400616649
2019-09-17,0.030815358265688486
2019-09-18,-0.014274080262207
2019-09-19,0.019339461593932405
2019-09-20,-0.027259417010515152
2019-09-23,0.01367544089418149
2019-09-24,-0.010205083209595567
2019-09-25,0.0005745425066476795
2019-09-26,0.013175540724164048
2019-09-27,-0.05859751744750474
2019-09-30,0.015184888154784915
2019-10-01,-0.0007906900469879519
2019-10-02,-0.007254062964542007
2019-10-03,0.009133785447874576
2019-10-04,0.020142928299508034
2019-10-07,0.0011614303512981206
2019-10-08,-0.03090456773336736
2019-10-09,0.024175275951586306
2019-10-10,-0.008084646622704028
2019-10-11,0.012176763406556823
2019-10-14,0.004365843406591408
2019-10-15,0.009015641327031698
2019-10-16,-0.009158487289487427
2019-10-17,0.004766541018770054
2019-10-18,-0.032438057819060395
2019-10-21,-0.012787336973686503
2019-10-22,-0.03013426505479233
2019-10-23,-0.010310637955940893
2019-10-24,0.04733595868711249
2019-10-25,-0.00100136126048056
2019-10-28,0.008587300637200368
2019-10-29,0.0
2019-10-30,0.0012919798673969307
2019-10-31,0.005955592802762588
2019-11-01,0.016708283217651054
2019-11-04,-0.02685037501317966
2019-11-05,0.10155570457134688
2019-11-06,-0.004345602989483055
2019-11-07,-0.0034855694299198436
2019-11-08,0.008546741191759688
2019-11-11,0.013631258673636237
2019-11-12,-0.005028032481868894
2019-11-13,0.01079476468696039
2019-11-14,0.014170365240421479
2019-11-15,0.015430773917290086
2019-11-18,0.017638145720630716
2019-11-19,0.007762879322512406
2019-11-20,-0.0038655598958333703
2019-11-21,-0.0007311449558378147
2019-11-22,0.0009286838795798946
2019-11-25,0.027074151133609226
2019-11-26,0.010018623641549373
2019-11-27,0.0008401472962318302
2019-11-29,-0.004170187411757564
2019-12-02,-0.021291601828050677
2019-12-03,-0.006056965748021947
2019-12-04,0.011600672352407582
2019-12-05,-0.0025422459600830116
2019-12-06,0.007923055494613918
2019-12-09,-0.01682102999493118
2019-12-10,-0.009868325916583154
2019-12-11,0.0009035160958730248
2019-12-12,-0.00471089824466675
2019-12-13,0.011478668097042233
2019-12-16,0.015131119207021815
2019-12-17,0.005078934371454347
2019-12-18,0.0045314564391152334
2019-12-19,0.006643582760609057
2019-12-20,0.014502977079990043
2019-12-23,0.006746235894484753
2019-12-24,-0.0009572551026419962
2019-12-26,0.009715181735136635
2019-12-27,-0.001449896669823092
2019-12-30,-0.011562762688440809
2019-12-31,0.0006943519008688614
2020-01-02,0.021992155740975017
2020-01-03,-0.002611511451304005
2020-01-06,0.005446131386511288
2020-01-07,0.011692682902018303
2020-01-08,0.007310346236147014
2020-01-09,0.026013910363803516
2020-01-10,0.0062264948300028156
2020-01-13,0.012153173296270081
2020-01-14,-0.015039675760818105
2020-01-15,0.0027311024493392733
2020-01-16,0.009829898899895273
2020-01-17,-0.0070370614529178255
2020-01-21,0.006321449862649375
2020-01-22,0.008441102377028331
2020-01-23,0.010000694307016555
2020-01-24,-0.013925024010500109
2020-01-27,-0.013559706715105091
2020-01-28,0.012854495210913308
2020-01-29,0.0010026010164367882
2020-01-30,0.0013191853838285805
2020-01-31,-0.018322011996477428
2020-02-03,0.03342606870679443
2020-02-04,0.013827766600956082
2020-02-05,-0.02554672744605191
2020-02-06,0.007083575568762379
2020-02-07,0.00937833527836296
2020-02-10,0.00507661658573344
2020-02-11,-0.018988852562478287
2020-02-12,-0.0028657988482847507
2020-02-13,0.018315972622261034
2020-02-14,0.015522950300705052
2020-02-18,0.014060957674666641
2020-02-19,0.002856836653586381
2020-02-20,-0.02700450158662715
2020-02-21,-0.025326059827006087
2020-02-24,-0.016533211266998915
2020-02-25,-0.03061753329664041
2020-02-26,-5.1282163531896074e-05
2020-02-27,-0.062147710212147045
2020-02-28,0.02712371622570675
2020-03-02,0.029332762851643324
2020-03-03,-0.03733274504773332
2020-03-04,0.050884363592047066
2020-03-05,-0.02852622320096554
2020-03-06,-0.059069404787681856
2020-03-09,-0.11753697143319985
2020-03-10,0.06553540545501968
2020-03-11,-0.06542663766759238
2020-03-12,-0.11257710529709042
2020-03-13,0.0874860548238392
2020-03-16,-0.20711578865246716
2020-03-17,0.020816062481662012
2020-03-18,-0.1371240266458985
2020-03-19,0.15462263575140045
2020-03-20,-0.013685783643361038
2020-03-23,-0.04262102306382187
2020-03-24,0.16513800410892765
2020-03-25,-0.0014110314739794738
2020-03-26,0.13412415240610343
2020-03-27,-0.04570492603739751
2020-03-30,0.07823125542728704
2020-03-31,-0.0195646827695527
2020-04-01,-0.06132794360382554
2020-04-02,-0.02042792655240555
2020-04-03,-0.06740423589400746
2020-04-06,0.1430737128169315
2020-04-07,-0.01329578807849452
2020-04-08,0.010417037338835256
2020-04-09,0.001396730542240432
2020-04-13,-0.010328403250830176
2020-04-14,0.05093957273752103
2020-04-15,-0.010281631317478945
2020-04-16,-0.027229328539420394
2020-04-17,0.05883530577851248
2020-04-20,-0.037336381203787794
2020-04-21,-0.051343785277944365
2020-04-22,0.042255478897590626
2020-04-23,-0.005331035577060161
2020-04-24,-0.007344673952814795
2020-04-27,0.03206237449412419
2020-04-28,0.04918300977270085
2020-04-29,0.0988025920731137
2020-04-30,-0.011344821714216136
2020-05-01,-0.0462685356629553
2020-05-04,0.027390753756379338
2020-05-05,0.021918333817648294
2020-05-06,0.011007000624064123
2020-05-07,0.025972569539168378
2020-05-08,0.012330240866433417
2020-05-11,-0.0014012921657159394
2020-05-12,-0.0512709824827382
2020-05-13,-0.004664611734155888
2020-05-14,-5.712125945134261e-05
2020-05-15,0.006972941901569829
2020-05-18,0.04061195558824382
2020-05-19,0.0065725940389893545
2020-05-20,0.039341118617947535
2020-05-21,0.004118838756846266
2020-05-22,0.010955920091766602
2020-05-26,0.018361566534551788
2020-05-27,-0.0040599808375307855
2020-05-28,0.006760477271613885
2020-05-29,0.01267575948945443
2020-06-01,0.01288961261661048
2020-06-02,0.02059629749879921
2020-06-03,0.018450949869172728
2020-06-04,-0.03974807881154219
2020-06-05,0.03350771092303928
2020-06-08,-0.020940785190585287
2020-06-09,0.01847539689707567
2020-06-10,0.01754424252158948
2020-06-11,-0.05495816460146774
2020-06-12,0.025061315435376486
2020-06-15,0.014557989193240584
2020-06-16,0.013776990660183897
2020-06-17,-0.006794918176126319
2020-06-18,0.0036929138215597845
2020-06-19,-0.00492935301782782
2020-06-22,0.015572428109185354
2020-06-23,-0.006861629596074947
2020-06-24,-0.03870467715072978
2020-06-25,0.017870233223053367
2020-06-26,-0.024425350119894884
2020-06-29,-0.0004185460921348749
2020-06-30,0.029579119281167188
2020-07-01,0.013228396005791954
2020-07-02,-0.011332290359436947
2020-07-06,-0.004584814959348926
2020-07-07,-0.016912602152622136
2020-07-08,0.029770650489122863
2020-07-09,-0.0005686972378554644
2020-07-10,-0.022738040866463027
2020-07-13,-0.03044864473807063
2020-07-14,0.022446327336730798
2020-07-15,-0.006314365489584972
2020-07-16,-0.014088325615432717
2020-07-17,0.03212667085623577
2020-07-20,0.0062447467698383274
2020-07-21,0.0028383629870301075
2020-07-22,0.012448735688320278
2020-07-23,-0.00362473053109047
2020-07-24,-0.014837056003241478
2020-07-27,0.027490201089876765
2020-07-28,-0.022127251246649382
2020-07-29,0.05306276123758713
2020-07-30,0.001619542944305996
2020-07-31,0.00020495635763984055
2020-08-03,-0.0023224322229601357
2020-08-04,-0.00547738170233858
2020-08-05,0.0038323277642737796
2020-08-06,0.00827540942068361
2020-08-07,0.0014964033595490367
2020-08-10,-0.010096874587414706
2020-08-11,-0.0179298270200674
2020-08-12,0.005309484206610149
2020-08-13,0.007180855914479034
2020-08-14,-0.011798469432517611
2020-08-17,0.011380789857428075
2020-08-18,-0.010171168388687923
2020-08-19,-0.008462394858596345
2020-08-20,0.0047128013262016655
2020-08-21,-0.016125652854384498
2020-08-24,-0.002229607276560297
2020-08-25,0.006561141400649895
2020-08-26,0.004628953268437375
2020-08-27,-0.0008697990336650196
2020-08-28,0.0011058591795574113
2020-08-31,-0.011022850240447468
2020-09-01,0.056845415585961234
2020-09-02,0.014189016842071966
2020-09-03,-0.07024077301997567
2020-09-04,0.00021461424780988558
2020-09-08,-0.0312566711501161
2020-09-09,0.032929721996525
2020-09-10,-0.015082241853072054
2020-09-11,0.009724991118695847
2020-09-14,0.017345863533590133
2020-09-15,0.026116845748927142
2020-09-16,-0.010258884623565723
2020-09-17,0.027849298007246448
2020-09-18,-0.014100076393773309
2020-09-21,-0.029221343323688975
2020-09-22,0.009640760965582418
2020-09-23,-0.02547095343905037
2020-09-24,-0.0177758928394528
2020-09-25,0.024878078553734806
2020-09-28,0.017420220356952454
2020-09-29,-0.000725106583458146
2020-09-30,-0.004283576247907206
2020-10-01,0.027293208938584
2020-10-02,-0.007482983790814135
2020-10-05,0.008369466182320151
2020-10-06,-0.0034755219161702877
2020-10-07,0.0243443916114785
2020-10-08,-0.016239584177834776
2020-10-09,0.007081184303546095
2020-10-12,0.005019220623949661
2020-10-13,-0.009785781727362775
2020-10-14,-0.005543318188363733
2020-10-15,-0.00164485231222955
2020-10-16,0.0008923917579566343
2020-10-19,-0.01136260011443746
2020-10-20,0.005503792343555025
2020-10-21,-0.006991579223088573
2020-10-22,0.002987721652143449
2020-10-23,0.005865257837808446
2020-10-26,-0.045936660893594716
2020-10-27,-0.023460622454619662
2020-10-28,-0.03866056224863357
2020-10-29,0.008407019942609839
2020-10-30,-0.005032611914724261
2020-11-02,-0.0015327783492271596
2020-11-03,0.030344083833585556
2020-11-04,0.09669490022015004
2020-11-05,0.00667952507143621
2020-11-06,-0.0016869095584883809
2020-11-09,-0.030077742300181676
2020-11-10,0.005551718114837456
2020-11-11,0.08983802539876806
2020-11-12,-0.021323493120995796
2020-11-13,0.024971841698028463
2020-11-16,0.0
2020-11-17,0.010079216088054732
2020-11-18,-0.007823920171396881
2020-11-19,0.01058444173608919
2020-11-20,0.007281495599496202
2020-11-23,0.00700098349797984
2020-11-24,-0.012649945994615885
2020-11-25,-0.009270409131496349
2020-11-27,-0.004310655169532773
2020-11-30,-0.0015627433931910684
2020-12-01,0.00966624505270608
2020-12-02,-0.002807156846668324
2020-12-03,0.015776935555923632
2020-12-04,0.023349621114842067
2020-12-07,0.013803312632208797
2020-12-08,0.016605506596405695
2020-12-09,-0.02284446902484083
2020-12-10,0.017237911806944117
2020-12-11,0.009863683817399771
2020-12-14,0.011193395216613666
2020-12-15,0.0013329774010513162
2020-12-16,0.007871348214780971
2020-12-17,0.009609348575474463
2020-12-18,-0.01033314806270691
2020-12-21,-0.011015748141981141
2020-12-22,-0.0011816155098326453
2020-12-23,-0.0030060661100167474
2020-12-24,0.00852024981113142
2020-12-28,-0.019346125071150744
2020-12-29,-0.001789865933825463
2020-12-30,-0.007014635160078497
2020-12-31,0.014068848429708902
2021-01-04,-0.011310266677073244
2021-01-05,-0.0004947947495705929
2021-01-06,-0.015841270163561294
2021-01-07,-0.013883069311453777
2021-01-08,0.020913673065949823
2021-01-11,-0.009373195421558012
2021-01-12,-0.006839257079512162
2021-01-13,-0.00674414425215597
2021-01-14,-0.015502263385003379
2021-01-15,0.003988497425487569
2021-01-19,0.0008690532554167518
2021-01-20,0.03996110668048658
2021-01-21,-0.02331772339407645
2021-01-22,0.009851005995562323
2021-01-25,0.03007091019032826
2021-01-26,0.0009392091236979372
2021-01-27,-0.0830596419523757
2021-01-28,0.0470718362451259
2021-01-29,-0.08355901263346355
2021-02-01,0.0041545970887648664
2021-02-02,0.027191419373888026
2021-02-03,-0.0013784740474374058
2021-02-04,0.030023904327923567
2021-02-05,0.0007748416798747382
2021-02-08,-0.0005022195037024391
2021-02-09,-0.0014653778684179386
2021-02-10,-0.010293940100248977
2021-02-11,-0.003685937943433193
2021-02-12,0.00733530139588745
2021-02-16,-0.01614672193042077
2021-02-17,0.006671926970983844
2021-02-18,0.00820476980572904
2021-02-19,0.0015430700120040441
2021-02-22,-0.0305601510330904
2021-02-23,-0.0016762942913978174
2021-02-24,0.014152670542594947
2021-02-25,-0.036145868590806596
2021-02-26,0.020747323576059573
2021-03-01,0.03147202447435804
2021-03-02,-0.011802112893632755
2021-03-03,-0.02412196038041292
2021-03-04,-0.03484722101155313
2021-03-05,0.012452481065199361
2021-03-08,-0.03345776230954822
2021-03-09,0.0635323803257386
2021-03-10,0.0034122919543591035
2021-03-11,0.022584058386080352
2021-03-12,-0.010147327384479765
2021-03-15,0.04768163868088182
2021-03-16,-0.013299897639048486
2021-03-17,0.007333310445149843
2021-03-18,-0.04529284082165452
2021-03-19,-0.005957280943391319
2021-03-22,0.028177899652120697
2021-03-23,0.00027555083971209093
2021-03-24,0.007331642460438603
2021-03-25,0.008603454451846737
2021-03-26,0.02800949438570899
2021-03-29,-0.015763504404341933
2021-03-30,-0.0023498672837029
2021-03-31,0.004235511968943673
2021-04-01,0.030655333377786365
2021-04-05,-0.004311814770885158
2021-04-06,0.012470180064047875
2021-04-07,-0.006989958042485478
2021-04-08,0.024447593083388286
2021-04-09,0.008973382331905588
2021-04-12,0.013041400760140043
2021-04-13,-0.000628356085185855
2021-04-14,-0.006116890494017424
2021-04-15,0.017907405888288652
2021-04-16,0.0038425329447420165
2021-04-19,-0.005554033032851069
2021-04-20,-0.012056859122210328
2021-04-21,0.007715888561642847
2021-04-22,0.01207261568558593
2021-04-23,0.015879815572130918
2021-04-26,0.0035576558287231386
2021-04-27,-0.003434839234209508
2021-04-28,-0.005676927765445039
2021-04-29,-0.011993198981385955
2021-04-30,-0.02174489091082321
2021-05-03,-0.010855130197063412
2021-05-04,-0.01650026130029081
2021-05-05,-0.021449422546091612
2021-05-06,-0.004331521395628979
2021-05-07,0.003965969945054049
2021-05-10,-0.006590522286220923
2021-05-11,-0.011848237797132288
2021-05-12,-0.04291051205446217
2021-05-13,0.020636680628139947
2021-05-14,0.03285132818301362
2021-05-17,-0.002482654426266051
2021-05-18,-0.0005507844148742169
2021-05-19,-0.012553119377658684
2021-05-20,0.036112205422915045
2021-05-21,-0.018972906059630423
2021-05-24,0.017428215921681645
2021-05-25,0.012592481439663628
2021-05-26,-0.006099479472290503
2021-05-27,-0.0036940990905154347
2021-05-28,0.00879099714096565
2021-06-01,-0.014029969050643132
2021-06-02,-0.008557778352568213
2021-06-03,-0.030180502136890497
2021-06-04,0.022052664575845426
2021-06-07,-0.011481838978790737
2021-06-08,0.007138334331152185
2021-06-09,0.006186346827136591
2021-06-10,0.010647633217966357
2021-06-11,0.016840548578687553
2021-06-14,0.00162448457982034
2021-06-15,-0.012025350111643296
2021-06-16,-0.01185134337035354
2021-06-17,0.014870332753503579
2021-06-18,0.0028147156450621935
2021-06-21,0.007902858908067856
2021-06-22,-0.0005925468206015028
2021-06-23,-0.017904426218919522
2021-06-24,0.00814958624473694
2021-06-25,-5.9876606678832545e-05
2021-06-28,0.010758880619303746
2021-06-29,0.010664126920147954
2021-06-30,-0.017761878447404955
2021-07-01,-0.0046948066084750995
2021-07-02,0.014970399193972916
2021-07-06,0.01752628829060332
2021-07-07,0.009018546082657286
2021-07-08,-0.012083525810787643
2021-07-09,0.01743448529531144
2021-07-12,-0.012117118087685452
2021-07-13,-0.0013714930575901008
2021-07-14,0.008955695410492348
2021-07-15,-0.00439012700582786
2021-07-16,0.008857519177717155
2021-07-19,-0.00391271318998021
2021-07-20,0.021882392127133832
2021-07-21,0.014119687735298037
2021-07-22,0.017399132531817463
2021-07-23,0.004797933075189498
2021-07-26,-0.02340472132673521
2021-07-27,-0.018798430136992783
2021-07-28,-0.004397886240436244
2021-07-29,0.0006066949358967122
2021-07-30,-0.00733270669126973
2021-08-02,0.0040846992005001415
2021-08-03,-0.023647947400584513
2021-08-04,-0.023948108766907006
2021-08-05,-0.02854520681471384
2021-08-06,-0.019281344247304877
2021-08-09,-0.016142860684545624
2021-08-10,-0.02208981701987245
2021-08-11,0.0011316581295324202
2021-08-12,-0.012651089505512969
2021-08-13,-0.005658067274254663
2021-08-16,-0.007815783963247336
2021-08-17,0.02055251172773409
2021-08-18,-0.015940301841965043
2021-08-19,-0.006399441889898161
2021-08-20,-0.010689683200979738
2021-08-23,0.013675997391815686
2021-08-24,0.013045528173993626
2021-08-25,0.008518964355874514
2021-08-26,-0.016588467106326776
2021-08-27,0.019864637553034026
2021-08-30,-0.00948854265846033
2021-08-31,0.010106726365271657
2021-09-01,0.0200983620051034
2021-09-02,0.006375517430021516
2021-09-03,-0.010042990491165749
2021-09-07,-0.010572956199833672
2021-09-08,0.000757113710108781
2021-09-09,-0.002269622767811841
2021-09-10,-0.022119178353259383
2021-09-13,-0.015574457670365804
2021-09-14,-0.011432467694532433
2021-09-15,0.0028001252466391957
2021-09-16,0.00894438692714239
2021-09-17,-0.022927734644564657
2021-09-20,-0.01770869877122916
2021-09-21,-0.015800802402829994
2021-09-22,-0.004430507924087945
2021-09-23,0.01289600621741993
2021-09-24,-0.009542951427132018
2021-09-27,-0.007035396780919911
2021-09-28,-0.028677039926750747
2021-09-29,-0.011547434035602877
2021-09-30,-0.0045528638504533925
2021-10-01,0.020480974157493836
2021-10-04,-0.024527166529803024
2021-10-05,-0.0008835860543017215
2021-10-06,0.011092338404380175
2021-10-07,0.015718733724905398
2021-10-08,-0.013507247108056952
2021-10-11,-0.01601152994556443
2021-10-12,0.011709826676960411
2021-10-13,-0.004759980657011775
2021-10-14,0.02761415936926337
2021-10-15,0.003845814282118498
2021-10-18,0.013225997045350324
2021-10-19,0.0005539496788495857
2021-10-20,-0.01157780098029404
2021-10-21,-0.006843044944311205
2021-10-22,0.005443447744884589
2021-10-25,0.009608590558952912
2021-10-26,-0.007657148687004733
2021-10-27,-0.03838668820918534
2021-10-28,0.0007341059457870447
2021-10-29,0.00723431956198084
2021-11-01,0.00517327346922003
2021-11-02,-0.02428421771736511
2021-11-03,-0.01674606545252233
2021-11-04,-0.0029947757720947266
2021-11-05,-0.006921754875897412
2021-11-08,0.047290846637215056
2021-11-09,0.013963528205499287
2021-11-10,-0.03747462537468582
2021-11-11,-0.027791328581529773
2021-11-12,-0.005664180791106532
2021-11-15,0.039902014264065144
2021-11-16,-0.03276511081389821
2021-11-17,-0.04043825589280192
2021-11-18,-0.02708361512028301
2021-11-19,0.01346524511992131
2021-11-22,-0.009314472319325584
2021-11-23,-0.011999548500444157
2021-11-24,0.009830544718678835
2021-11-26,-0.02193168663748568
2021-11-29,0.014582514368744803
2021-11-30,0.0070438635570289065
2021-12-01,0.029592449083789996
2021-12-02,0.04667473966510571
2021-12-03,0.002522722384578069
2021-12-06,0.04657804135883259
2021-12-07,0.0026297029557673657
2021-12-08,0.010166631181109498
2021-12-09,0.006404540991545193
2021-12-10,0.0012285314430264815
2021-12-13,0.016074059406415264
2021-12-14,-0.01514351125941904
2021-12-15,0.017755158415325045
2021-12-16,-0.01578279597218868
2021-12-17,0.009278775459551136
2021-12-20,0.026391764421619168
2021-12-21,0.003757701698160032
2021-12-22,0.01304390781926723
2021-12-23,0.01124900345846025
2021-12-27,-0.0005056336879268875
2021-12-28,-0.0027133753277509554
2021-12-29,0.013673028611653537
2021-12-30,-0.005732137259197634
2021-12-31,-0.007869808604489825
2022-01-03,0.021813801190232684
2022-01-04,0.006092978718891251
2022-01-05,-0.04472550641363382
2022-01-06,0.04141910710308805
2022-01-07,-0.007846168231925632
2022-01-10,0.0003181789622122011
2022-01-11,0.0188782060303605
2022-01-12,0.007759221820129669
2022-01-13,-0.02964738282301571
2022-01-14,-0.0048793474312051055
2022-01-18,-0.0011456328411764138
2022-01-19,0.006560502214858932
2022-01-20,-0.017844090223539166
2022-01-21,-0.009142173307298385
2022-01-24,0.02908463916642412
2022-01-25,-0.05161001834874113
2022-01-26,0.001247737469006971
2022-01-27,0.013659521130948704
2022-01-28,0.16579589707064724
2022-01-31,0.0037921705380108417
2022-02-01,0.005151656318018505
2022-02-02,0.014310397143759923
2022-02-03,-0.018705667920786317
2022-02-04,0.01381203570338485
2022-02-07,0.001354405208715992
2022-02-08,0.019373812355437003
2022-02-09,0.02136671211432617
2022-02-10,-0.012628212834675634
2022-02-11,-0.0003870055419619156
2022-02-14,-0.008168423102105749
2022-02-15,0.010792287272121781
2022-02-16,-0.012298950065197434
2022-02-17,-0.005141146484017756
2022-02-18,-0.021083411516651607
2022-02-22,-0.02617424372824584
2022-02-23,-0.06257732632528568
2022-02-24,0.03880832209278129
2022-02-25,0.001989633648256328
2022-02-28,-0.004647356595945729
2022-03-01,0.009062138397562647
2022-03-02,0.030580929639156818
2022-03-03,-0.016387752610809936
2022-03-04,0.031661741865625315
2022-03-07,-0.040645217557497615
2022-03-08,-0.017001353273122577
2022-03-09,0.03627563846533377
2022-03-10,-0.008869830336413753
2022-03-11,-0.038267463790909284
2022-03-14,0.006153128694206256
2022-03-15,0.02714416224195726
2022-03-16,0.010528972637332545
2022-03-17,-0.007276914340504703
2022-03-18,0.0238441928329578
2022-03-21,-0.016108986084567678
2022-03-22,0.0021912999700646196
2022-03-23,-0.04201818263195489
2022-03-24,0.0016149174848527625
2022-03-25,-0.01648862395754136
2022-03-28,0.01068855660860657
2022-03-29,0.03670055616583223
2022-03-30,-0.005006662987784072
2022-03-31,-0.022014425084098344
2022-04-01,-0.03680912237852618
2022-04-04,0.0069887691049008716
2022-04-05,-0.027672765325803428
2022-04-06,-0.04730512465130865
2022-04-07,0.004962983874908122
2022-04-08,-0.005769487435391629
2022-04-11,-0.018483558768656705
2022-04-12,-0.008783279685084078
2022-04-13,0.018605835059903653
2022-04-14,-0.0030363143579619223
2022-04-18,-0.02170552779617163
2022-04-19,0.011884166809927432
2022-04-20,-0.0035648675341095615
2022-04-21,-0.05248838026507496
2022-04-22,-0.01052578990581432
2022-04-25,0.01019339737132463
2022-04-26,-0.04439845708178358
2022-04-27,0.016082748958420545
2022-04-28,0.02691325446698123
2022-04-29,-0.03080075501269708
2022-05-02,0.0015528006133747052
2022-05-03,-0.00954317773575053
2022-05-04,0.021321452683544573
2022-05-05,-0.04162042027676138
2022-05-06,-0.035238642033037615
2022-05-09,-0.024150481160548853
2022-05-10,0.04970126844939715
2022-05-11,-0.0204235575163233
2022-05-12,0.0046712087087183995
2022-05-13,0.024948225324977535
2022-05-16,0.0079384701874754
2022-05-17,0.04171243814935166
2022-05-18,-0.010458380286802571
2022-05-19,0.008226170161392377
2022-05-20,0.04409593407584289
2022-05-23,0.008345525468886894
2022-05-24,-0.01976325456131478
2022-05-25,0.0185754012732835
2022-05-26,0.00884197176514645
2022-05-27,0.023156263193104376
2022-05-31,-0.003334044558544136
2022-06-01,-0.008057594655910272
2022-06-02,0.032763070913461645
2022-06-03,0.0021213048279542512
2022-06-06,-0.009180677267384474
2022-06-07,0.012698357117128634
2022-06-08,-0.031762571682454
2022-06-09,-0.008935625528527225
2022-06-10,-0.007459894557817703
2022-06-13,-0.05144218171709891
2022-06-14,-0.004539043185806335
2022-06-15,0.0431986082935647
2022-06-16,-0.053082314037454115
2022-06-17,0.011312975633572142
2022-06-21,0.01577714430411148
2022-06-22,0.004207670128300478
2022-06-23,0.04037447987590581
2022-06-24,0.034581354414821686
2022-06-27,-0.00269132556437357
2022-06-28,-0.03293741047139043
2022-06-29,-0.0007474282537308641
2022-06-30,-0.00039895193508043825
2022-07-01,0.018358732804174105
2022-07-05,0.007519660836737385
2022-07-06,0.018646861833854667
2022-07-07,0.011002351674373578
2022-07-08,-0.011236702185139613
2022-07-11,-0.0024591112911248603
2022-07-12,-0.01361831013753001
2022-07-13,0.010166700778308169
2022-07-14,0.007638337384311189
2022-07-15,0.020977324893846738
2022-07-18,-0.006770940880545084
2022-07-19,0.035331450387735996
2022-07-20,0.021728782061542384
2022-07-21,0.036044447157117965
2022-07-22,0.0030672057655980467
2022-07-25,0.004383659440398979
2022-07-26,-0.08958913348142727
2022-07-27,0.02350221791614948
2022-07-28,0.04249771520846646
2022-07-29,0.012624125856001367
2022-08-01,-0.0028785719017802025
2022-08-02,0.004124145531019696
2022-08-03,0.016990888992344022
2022-08-04,0.010500366728587007
2022-08-05,0.014871702597788028
2022-08-08,0.015275551015691224
2022-08-09,0.001510677445507147
2022-08-10,0.021464387189683576
2022-08-11,-0.029694028856349863
2022-08-12,0.009295989370345481
2022-08-15,-0.001956172093893316
2022-08-16,0.023887750842879862
2022-08-17,-0.004606268526943347
2022-08-18,-0.003605889297205511
2022-08-19,-0.01525995468933039
2022-08-22,-0.02423486577942069
2022-08-23,-0.003745414493282251
2022-08-24,0.005439683093545256
2022-08-25,0.014329849043428267
2022-08-26,-0.01797846021285887
2022-08-29,-0.03000943142587964
2022-08-30,-0.014506900697660585
2022-08-31,-0.014106120407157197
2022-09-01,-0.014641714867894007
2022-09-02,-0.00686511109398924
2022-09-06,0.004206662669177019
2022-09-07,0.01791092900086877
2022-09-08,0.004604655352792308
2022-09-09,0.00035429611235193725
2022-09-12,0.01970034449055258
2022-09-13,-0.013762621118518559
2022-09-14,0.02124012215629434
2022-09-15,-0.012888509945969018
2022-09-16,0.017358105255526723
2022-09-19,-0.034574558315458526
2022-09-20,0.0005113173310524743
2022-09-21,-0.0008220834784953279
2022-09-22,-0.022481689114311587
2022-09-23,-0.02657019671303762
2022-09-26,0.0006309481231130398
2022-09-27,-0.006095533178120172
2022-09-28,0.017529410735457995
2022-09-29,-0.01891324495876434
2022-09-30,-0.030199573210761166
2022-10-03,0.028882778608349202
2022-10-04,0.04064544558392136
2022-10-05,-0.002629558923676001
2022-10-06,-0.05945725489543263
2022-10-07,-0.02807982918062124
2022-10-10,-0.014644491471088372
2022-10-11,0.02376930555818646
2022-10-12,-0.0010352042401629014
2022-10-13,-0.003059362566539603
2022-10-14,-0.009057845412348664
2022-10-17,0.022152281501619298
2022-10-18,0.026216797836031702
2022-10-19,-0.02633269993914067
2022-10-20,-0.0008803419938727686
2022-10-21,0.0026187800333072886
2022-10-24,0.015183325599521957
2022-10-25,0.040564573721069364
2022-10-26,0.03422298684828129
2022-10-27,0.06034947250192735
2022-10-28,0.02220953255510527
2022-10-31,-0.01292488137329928
2022-11-01,-0.005680396878926852
2022-11-02,-0.060110886773707684
2022-11-03,-0.024178787316689987
2022-11-04,-0.0030456778294697395
2022-11-07,0.003445503569473596
2022-11-08,0.031315079511615274
2022-11-09,-0.01500457191294946
2022-11-10,0.310994532527866
2022-11-11,0.04432943162128278
2022-11-14,-0.024145337546802037
2022-11-15,0.03978742595537166
2022-11-16,0.0022384870876619445
2022-11-17,-0.050431277438260036
2022-11-18,-0.017913465548599072
2022-11-21,0.009180801657885151
2022-11-22,-0.006173736230378646
2022-11-23,0.0024051800563438253
2022-11-25,0.016882786976876396
2022-11-28,-0.0023596764920208457
2022-11-29,0.005206911238650802
2022-11-30,0.04905708255378527
2022-12-01,0.002291428407093843
2022-12-02,0.0002897779430344194
2022-12-05,-0.014839425142590068
2022-12-06,-0.004067946959140811
2022-12-07,0.0063811531010178335
2022-12-08,0.01872859043907904
2022-12-09,-0.015264209309602261
2022-12-12,0.001397327702502782
2022-12-13,0.00689588034728561
2022-12-14,-0.022366902374338027
2022-12-15,-0.01396118349934028
2022-12-16,-0.012671163657285267
2022-12-19,-0.008431641514281107
2022-12-20,0.009391274260600824
2022-12-21,0.03899177339257576
2022-12-22,0.0005210148450971452
2022-12-23,0.003645105388240477
2022-12-27,-0.00398862107416964
2022-12-28,-0.012143840282826335
2022-12-29,-0.00978841569200084
2022-12-30,-0.0038608873855197068
2023-01-03,-0.012345909381282105
2023-01-04,0.0301932974377499
2023-01-05,-0.01993293388161821
2023-01-06,0.0084435882412488
2023-01-09,-0.013406663939076413
2023-01-10,-0.01348781691529033
2023-01-11,0.02237733533498698
2023-01-12,0.01103568911636632
2023-01-13,0.02037710207085941
2023-01-17,0.016118627408274744
2023-01-18,0.0033286070651390443
2023-01-19,-0.00969885174803331
2023-01-20,0.04058604160988177
2023-01-23,0.0011861418095713283
2023-01-24,-0.01497044591301111
2023-01-25,0.004076796267152183
2023-01-26,0.005009054676230251
2023-01-27,0.021979742241836853
2023-01-30,-0.024187763276221075
2023-01-31,0.03363441659646882
2023-02-01,0.025121976367723287
2023-02-02,0.011191209249435063
2023-02-03,-0.013037431777307651
2023-02-06,-0.011551099384407792
2023-02-07,0.006058381492150655
2023-02-08,-0.0010037248262534382
2023-02-09,0.001314936367792674
2023-02-10,0.0029362148656548737
2023-02-13,0.021346726174441777
2023-02-14,0.005502430539803926
2023-02-15,0.0012606436207349692
2023-02-16,-0.015938441939973846
2023-02-17,-0.008156419673056359
2023-02-21,-0.02519826203826947
2023-02-22,-0.0022857436560150823
2023-02-23,0.012344008383824878
2023-02-24,-0.008530946170801967
2023-02-27,0.006712272407030095
2023-02-28,0.01041160153266607
2023-03-01,0.007971719780529796
2023-03-02,0.006927520403231302
2023-03-03,0.02575919309167851
2023-03-06,-0.012265450446614312
2023-03-07,0.007393211479740147
2023-03-08,-0.00169581245568462
2023-03-09,-0.0058668819488872925
2023-03-10,-0.0009620247795217862
2023-03-13,-0.018497750569945626
2023-03-14,0.02050110515557524
2023-03-15,-0.04102516359040054
2023-03-16,0.017462192313807856
2023-03-17,-0.03681040242973732
2023-03-20,0.04215651089968753
2023-03-21,0.02099482432954103
2023-03-22,-0.026087694507519132
2023-03-23,0.003167766819268003
2023-03-24,0.014819750631239081
2023-03-27,-0.0033432679399535425
2023-03-28,-0.013229143788343611
2023-03-29,0.027386956699819054
2023-03-30,-0.0024780205071409656
2023-03-31,0.009032133553751764
2023-04-03,-0.01828683422461097
2023-04-04,-0.0007973570780348549
2023-04-05,-0.01838120865534132
2023-04-06,-0.006207342729065868
2023-04-10,0.01063327175840012
2023-04-11,-0.0008976048751243582
2023-04-12,0.008056395849688647
2023-04-13,0.020966405292953683
2023-04-14,-0.0010304125877863557
2023-04-17,-0.002277779647923861
2023-04-18,0.001292265929504266
2023-04-19,-0.002953952095755996
2023-04-20,0.01169263337411941
2023-04-21,0.022446801393924076
2023-04-24,-0.0078834073441445
2023-04-25,-0.005661721566744604
2023-04-26,0.006821464774891206
2023-04-27,0.028445052551786754
2023-04-28,-0.009160424315134419
2023-05-01,0.024781891235428954
2023-05-02,-0.00841830097444829
2023-05-03,0.017141842477632396
2023-05-04,-0.020919988208149887
2023-05-05,-0.0063395693891777904
2023-05-08,0.006052068081075612
2023-05-09,0.0011271127770031697
2023-05-10,0.028023485504522716
2023-05-11,-0.011360398613755485
2023-05-12,-0.007286846344688125
2023-05-15,0.016549476729583068
2023-05-16,-0.002658250756058078
2023-05-17,-0.006524051394720454
2023-05-18,0.02233016107379382
2023-05-19,-0.013251722565357116
2023-05-22,0.027706112875511835
2023-05-23,-0.02126859901316558
2023-05-24,0.0065771298134502665
2023-05-25,0.009043246574733876
2023-05-26,0.02524185060951356
2023-05-30,-0.0015285389203403277
2023-05-31,-0.003466543094685859
2023-06-01,0.007071498781303864
2023-06-02,-0.0030255199037521052
2023-06-05,0.0009609386281197452
2023-06-06,-0.002033837040445574
2023-06-07,-0.041532168716289286
2023-06-08,0.012559774238114496
2023-06-09,0.010460576642073782
2023-06-12,0.032876779673342016
2023-06-13,0.001749636865301829
2023-06-14,-0.007896924767192948
2023-06-15,0.00862619975047152
2023-06-16,-0.0026803847579131013
2023-06-20,-0.005525331046435156
2023-06-21,-0.006335291960865463
2023-06-22,-0.004617361687618615
2023-06-23,-0.0137255997052379
2023-06-26,-0.009754535717147905
2023-06-27,0.009186963535845694
2023-06-28,0.01585998037059455
2023-06-29,0.011042788986743046
2023-06-30,0.015906350333714903
2023-07-03,-0.01756036330100763
2023-07-05,-0.0038113576061320487
2023-07-06,-0.012083723680288205
2023-07-07,0.014557711219156833
2023-07-10,0.010821536040069413
2023-07-11,0.007515102850300215
2023-07-12,0.0031667070467178426
2023-07-13,-0.0002096044444270806
2023-07-14,0.016835254834201896
2023-07-17,0.015513345670412848
2023-07-18,0.0076799875194462075
2023-07-19,0.001398642478319445
2023-07-20,0.00865242086741369
2023-07-21,-0.008988891036814883
2023-07-24,-0.011509734402753158
2023-07-25,0.02121512292575667
2023-07-26,-0.020809617048404006
2023-07-27,-0.017286603984164373
2023-07-28,0.005668474909046539
2023-07-31,0.015758149340781458
2023-08-01,-0.009880984463883857
2023-08-02,-0.00903952075827219
2023-08-03,0.040124533424652054
2023-08-04,-0.016557886369892638
2023-08-07,0.02407790484141681
2023-08-08,-0.00593315251992621
2023-08-09,-0.0016234741834241229
2023-08-10,0.005053999585277635
2023-08-11,0.0011872544951163633
2023-08-14,0.018079069023495764
2023-08-15,-0.005218859408009258
2023-08-16,-0.025588674391055055
2023-08-17,-0.006267680726588787
2023-08-18,0.0031417751166895602
2023-08-21,-0.0008627284986201245
2023-08-22,-0.002235645367703265
2023-08-23,0.0194425237270901
2023-08-24,-0.015117861643657249
2023-08-25,0.005880248977840674
2023-08-28,0.015389293366671053
2023-08-29,0.026982690006322363
2023-08-30,0.011650916623192398
2023-08-31,0.006565138588427999
2023-09-01,-0.008876981901722814
2023-09-05,-0.004294163911418458
2023-09-06,0.016993180917398654
2023-09-07,-0.004031407410674204
2023-09-08,-0.004976665132158886
2023-09-11,0.0057907150472436
2023-09-12,-0.016111762465439106
2023-09-13,0.007985675949549575
2023-09-14,0.010095154476830626
2023-09-15,-0.016679162943368686
2023-09-18,0.013147824076882753
2023-09-19,0.007584790086558435
2023-09-20,-0.006703491084682822
2023-09-21,-0.015522108641187637
2023-09-22,-0.0003708723814211945
2023-09-25,0.0005283478521493912
2023-09-26,-0.021079136809059595
2023-09-27,0.016517085388692232
2023-09-28,0.0013889200937791113
2023-09-29,-0.02064633643512548
2023-10-02,-0.005687773910828975
2023-10-03,-0.03132278973463887
2023-10-04,0.029060174285895357
2023-10-05,0.001951621953400151
2023-10-06,0.012741574045061377
2023-10-09,0.01816786651976643
2023-10-10,-0.00026983688867909805
2023-10-11,0.017466083152787082
2023-10-12,-0.013640144493319073
2023-10-13,0.0033619471386616695
2023-10-16,-0.009761711760198244
2023-10-17,0.03574329270702137
2023-10-18,-0.003909403245393572
2023-10-19,0.004985238327034791
2023-10-20,-0.00789766735036801
2023-10-23,0.016655704431366436
2023-10-24,-0.07017979826452114
2023-10-25,-0.042940680811164644
2023-10-26,0.005599315542224703
2023-10-27,0.022152057961479343
2023-10-30,0.003761351884490116
2023-10-31,-0.006366788109870347
2023-11-01,0.029697229198568875
2023-11-02,0.03409914297527039
2023-11-03,0.03299689196345712
2023-11-06,-0.0028481674266130907
2023-11-07,0.011468498896741064
2023-11-08,0.0021632227290129258
2023-11-09,0.023680677673715733
2023-11-10,0.03531733620949429
2023-11-13,0.015621558275836112
2023-11-14,0.0146996400127537
2023-11-15,-0.006026385916640842
2023-11-16,0.012831096555360189
2023-11-17,0.007939539748460067
2023-11-20,0.008807632828922385
2023-11-21,0.00328125293870829
2023-11-22,0.009735538243971886
2023-11-24,0.004102626751500971
2023-11-27,0.011612395442331058
2023-11-28,-0.007994660298015988
2023-11-29,0.0016676606893377688
2023-11-30,0.011626825675619124
2023-12-01,0.03687935477375626
2023-12-04,-0.004681972678660329
2023-12-05,0.007670843562230356
2023-12-06,-0.017178926510013515
2023-12-07,0.005802460689616318
2023-12-08,0.014605616155563883
2023-12-11,0.010075839431791245
2023-12-12,0.011694703393374084
2023-12-13,0.006521677321660091
2023-12-14,-0.03187410012406022
2023-12-15,0.00016825882161985994
2023-12-18,0.016808573122144344
2023-12-19,0.003255647493221492
2023-12-20,0.0022906652663037264
2023-12-21,0.008925192663755688
2023-12-22,0.0029345014500210542
2023-12-26,-0.0036445227464149133
2023-12-27,0.005143300183311883
2023-12-28,-0.0010849211497786504
2023-12-29,-0.004558089358511319
2024-01-02,-0.02822138582171807
2024-01-03,-0.007770818272300861
2024-01-04,-0.004374701926324054
2024-01-05,-0.0017897732982952164
2024-01-08,0.03314336154420605
2024-01-09,0.006273682680756787
2024-01-10,0.03498434462972644
2024-01-11,0.012172654898902513
2024-01-12,0.013293952181724134
2024-01-16,-0.00536151848373756
2024-01-17,0.00471256663499231
2024-01-18,0.01646940983506684
2024-01-19,0.007829302672802907
2024-01-22,0.022305795242763216
2024-01-23,-0.005285904749866788
2024-01-24,-0.004650733035312049
2024-01-25,0.006836243478753445
2024-01-26,-0.06845136368734517
2024-01-29,0.021749322820759254
2024-01-30,-0.020713645664950042
2024-01-31,0.0014785368939773669
2024-02-01,0.03698613607933754
2024-02-02,0.009757317546292166
2024-02-05,0.000661161493192175
2024-02-06,0.00292967582705006
2024-02-07,0.01638333686680049
2024-02-08,0.03201217681086299
2024-02-09,0.0017935867633740443
2024-02-12,-0.019232429035067278
2024-02-13,-0.022235911472296754
2024-02-14,0.019188948015208318
2024-02-15,0.0068478216669904945
2024-02-16,-0.01584393440681242
2024-02-20,-0.01783076172496123
2024-02-21,-0.01003803452053953
2024-02-22,0.03345201932662345
2024-02-23,-0.0046031497259751974
2024-02-26,0.004616630780057918
2024-02-27,-0.009485713722588773
2024-02-28,-0.001097171995892543
2024-02-29,-0.0037030123918657676
2024-03-01,0.019914731210485925
2024-03-04,0.004671131142840901
2024-03-05,-0.028895274225504308
2024-03-06,0.019356594361513713
2024-03-07,0.036394411514493186
2024-03-08,-0.025872882429954447
2024-03-11,-0.013664422413891875
2024-03-12,0.035792177461988706
2024-03-13,-0.06229914545541915
2024-03-14,-0.03517357899075979
2024-03-15,0.00816144641742933
2024-03-18,0.009019508926430886
2024-03-19,0.01054190976935887
2024-03-20,0.007906913471380506
2024-03-21,0.027798293270048458
2024-03-22,-0.002562482810289257
2024-03-25,-0.007934273979271933
2024-03-26,0.012521601388733927
2024-03-27,-0.018682668198744423
2024-03-28,-0.007071874156741931
2024-04-01,0.003809196326392872
2024-04-02,-0.005644232628528423
2024-04-03,0.001010197889956821
2024-04-04,-0.022986722293691808
2024-04-05,0.009673360711801582
2024-04-08,0.005870158182467167
2024-04-09,-0.015982216800728755
2024-04-10,-0.03104798450499624
2024-04-11,0.008846772783434265
2024-04-12,-0.013485220558431044
2024-04-15,-0.021342082946675056
2024-04-16,0.0018947359486305437
2024-04-17,0.0005032342756763342
2024-04-18,0.007777790714535993
2024-04-19,-0.027696228355560293
2024-04-22,0.018229098028269553
2024-04-23,0.03261598222911921
2024-04-24,0.004073496771818119
2024-04-25,0.0005280712700783674
2024-04-26,-0.06937491096504633
2024-04-29,0.028995889378151896
2024-04-30,-0.008512328346975018
2024-05-01,0.0065294527639798705
2024-05-02,0.021582666835030073
2024-05-03,0.0237353883032263
2024-05-06,0.04159227056857273
2024-05-07,-0.0016175448506207113
2024-05-08,0.008721402469448636
2024-05-09,0.028239539686509607
2024-05-10,0.03250746444794017
2024-05-13,0.0029504850848123265
2024-05-14,0.016059693923261564
2024-05-15,0.010510129699645487
2024-05-16,0.02651007091651869
2024-05-17,0.004927210049881392
2024-05-20,0.024749391940461773
2024-05-21,-0.04942333367038243
2024-05-22,-0.005935433437497362
2024-05-23,-0.009848943974439806
2024-05-24,0.02324890974502969
2024-05-28,0.0003538755410730232
2024-05-29,-0.020813899022515625
2024-05-30,-0.039548781771986063
2024-05-31,-0.009772296788675416
2024-06-03,0.0030155841139869466
2024-06-04,0.006894347216470864
2024-06-05,0.03709869691341283
2024-06-06,-0.015683822635868427
2024-06-07,-0.014708137968788892
2024-06-10,-0.00012967968279897768
2024-06-11,0.00395369350387309
2024-06-12,0.04791955737549891
2024-06-13,0.0004715926325273845
2024-06-14,0.00839729659152777
2024-06-17,0.01392933617621872
2024-06-18,0.008397463912913183
2024-06-20,-0.006358164827713231
2024-06-21,0.016527913746518852
2024-06-24,0.0037532046315504886
2024-06-25,0.01095389459764129
2024-06-26,0.008721641263448543
2024-06-27,0.005108850180697289
2024-06-28,0.007546496700777894
2024-07-01,0.005273182194525106
2024-07-02,0.021964433851221266
2024-07-03,0.00044465973712637386
2024-07-05,0.014045193921424337
2024-07-08,-0.01385065873357183
2024-07-09,0.02483562640993653
2024-07-10,-0.021663770202719257
2024-07-11,0.021791455817952388
2024-07-12,0.013396958085600597
2024-07-15,0.0009505764781425619
2024-07-16,0.015559448424578015
2024-07-17,-0.0074128021689428
2024-07-18,-0.011255327247893354
2024-07-19,0.003805011017262272
2024-07-22,0.026012235346406287
2024-07-23,-0.0024813890214129275
2024-07-24,-0.04230646702293872
2024-07-25,0.011345311553934367
2024-07-26,0.018396432756826675
2024-07-29,-0.010722674154331258
2024-07-30,-0.00013845781961663306
2024-07-31,0.007239534151715521
2024-08-01,-0.013156280517578112
2024-08-02,0.013572345149402976
2024-08-05,-0.011597282231171735
2024-08-06,0.046256872735085164
2024-08-07,0.008241750541648774
2024-08-08,0.02905976165625801
2024-08-09,0.02045867789246425
2024-08-12,-0.018404907975460127
2024-08-13,0.031779089639353275
2024-08-14,0.0197727819100475
2024-08-15,-0.04197262657134959
2024-08-16,0.010329919832195555
2024-08-19,0.0011417480480386821
2024-08-20,-0.0021097971573772467
2024-08-21,0.00091427176339276
2024-08-22,-0.008243857962728973
2024-08-23,0.004731844240825289
2024-08-26,-0.022407719374663237
2024-08-27,0.005057818975910511
2024-08-28,0.004344248099489301
2024-08-29,-0.005260218104253367
2024-08-30,0.009910744871919785
2024-09-03,-0.0241927473047836
2024-09-04,0.03721842712859935
2024-09-05,0.0033633202846181653
2024-09-06,-0.013163438707210928
2024-09-09,0.024498117213574755
2024-09-10,0.011702874306517952
2024-09-11,0.020558816973184957
2024-09-12,0.015183469838836894
2024-09-13,0.0036947956291788486
2024-09-16,0.013922192061406102
2024-09-17,-0.005556802396545768
2024-09-18,0.008426864758566355
2024-09-19,0.015197363379342299
2024-09-20,0.002809462969327825
2024-09-23,0.006590407451461111
2024-09-24,-0.015651788758396012
2024-09-25,-0.003677838561392921
2024-09-26,0.007309518122505798
2024-09-27,-0.002162393403186802
2024-09-30,0.01243455568130103
2024-10-01,-0.01431941932438252
2024-10-02,0.011729503970221211
2024-10-03,-0.0011402995463931642
2024-10-04,-0.011658331495295271
2024-10-07,0.02175208009437557
2024-10-08,0.01768795706122117
2024-10-09,0.017797743725718407
2024-10-10,-0.01998526950666113
2024-10-11,0.023421270640408443
2024-10-14,0.01866563865552684
2024-10-15,-0.003799036021455593
2024-10-16,-0.004497716849001687
2024-10-17,-0.006253145045668873
2024-10-18,-0.032119469237945286
2024-10-21,0.01063613686107101
2024-10-22,0.016731427678884803
2024-10-23,-0.014379931592416795
2024-10-24,-0.0023065380168341143
2024-10-25,0.0029687930242670024
2024-10-28,-0.001545006107879776
2024-10-29,0.012509505031683688
2024-10-30,-0.007354611706508418
2024-10-31,-0.006915831643580672
2024-11-01,-0.0021072350260360473
2024-11-04,0.001020612894338191
2024-11-05,0.009447828235573885
2024-11-06,0.04024375310983963
2024-11-07,0.04088251849187574
2024-11-08,0.0717751640076083
2024-11-11,0.007593378456745903
2024-11-12,-0.0008084690824468055
2024-11-13,0.00014899429371606487
2024-11-14,-0.010764559527555728
2024-11-15,-0.026760815594936593
2024-11-18,0.005002237325851366
2024-11-19,0.0053337232747081575
2024-11-20,0.011018138778083886
2024-11-21,0.012222886766153795
2024-11-22,0.007494137275067203
2024-11-25,0.002067579274826592
2024-11-26,0.00939740020673474
2024-11-27,-0.011920711680608598
2024-11-29,0.008933742267151601
2024-12-02,-0.018071317560437894
2024-12-03,0.005664381323788881
2024-12-04,0.013008889565750303
2024-12-05,-0.0036493207554925133
2024-12-06,0.001972898405272261
2024-12-09,-0.061016163020215286
2024-12-10,-0.024435328021847225
2024-12-11,0.010751698609491989
2024-12-12,-0.002336070143693969
2024-12-13,-0.01005515038542426
2024-12-16,0.000737749602561788
2024-12-17,-0.01488606662049663
2024-12-18,-0.040726148765954706
2024-12-19,-0.003027684029125899
2024-12-20,0.022539092807021488
2024-12-23,-0.005045504465212458
2024-12-24,0.01180528035105799
2024-12-26,-0.02008562011839654
2024-12-27,-0.01230420435419688
2024-12-30,-0.01162302236329038
2024-12-31,-0.011282978882954708
