Date,GILD
2015-01-05,0.01980825630725014
2015-01-06,0.00888517165390934
2015-01-07,0.018740529797665495
2015-01-08,0.028347373407899168
2015-01-09,-0.0008795492048208065
2015-01-12,-0.00978457567241664
2015-01-13,-0.03952129178725472
2015-01-14,0.021088484882798353
2015-01-15,-0.01873868119432287
2015-01-16,0.03398373649133801
2015-01-20,0.030483409267263673
2015-01-21,-0.001927248332853515
2015-01-22,0.015061062304291939
2015-01-23,0.0038043285611004674
2015-01-26,0.014876006927552643
2015-01-27,-0.019419289554519104
2015-01-28,-0.024564386626848123
2015-01-29,0.0168859869901008
2015-01-30,0.006239482871060575
2015-02-02,0.012973318441287685
2015-02-03,0.009322864202790937
2015-02-04,-0.08163835708604794
2015-02-05,0.01493417544153175
2015-02-06,-0.024224108630756414
2015-02-09,-0.005949909352074068
2015-02-10,0.014654434289059548
2015-02-11,0.016883669851907035
2015-02-12,0.008201706919907847
2015-02-13,0.010912427148736192
2015-02-17,0.01903828602583868
2015-02-18,0.0009631196437489553
2015-02-19,-0.011641273292605225
2015-02-20,-0.0011683155932797895
2015-02-23,0.018516623835689527
2015-02-24,0.0018185175091141037
2015-02-25,-0.00257898990889871
2015-02-26,-0.0022984897298852225
2015-02-27,-0.006334550753614776
2015-03-02,0.002898115450563621
2015-03-03,-0.010016738040638185
2015-03-04,0.002626807326602254
2015-03-05,0.0034929884252117294
2015-03-06,-0.015567827732493877
2015-03-09,-0.004321436833850778
2015-03-10,-0.02505670658580872
2015-03-11,0.0014170054244362351
2015-03-12,0.00969963809444585
2015-03-13,-0.0032024420870581105
2015-03-16,0.016966302547039236
2015-03-17,-0.00848927121892673
2015-03-18,-0.0015935215845427342
2015-03-19,0.011568094647634641
2015-03-20,0.008379292792174198
2015-03-23,-0.019845855765082687
2015-03-24,0.011470336644174184
2015-03-25,-0.015284517164233069
2015-03-26,0.012217150141719868
2015-03-27,-0.0007917697957454672
2015-03-30,-0.0030689703073636387
2015-03-31,-0.025424654350484466
2015-04-01,-0.004177999424782586
2015-04-02,0.007265508249088226
2015-04-06,-0.006502159846826672
2015-04-07,0.009203459936348857
2015-04-08,0.011956571498077828
2015-04-09,0.012916944337558744
2015-04-10,0.00602980620568494
2015-04-13,0.005011701279736602
2015-04-14,-0.0006844980781726129
2015-04-15,0.017806172376773732
2015-04-16,-0.006632669639375699
2015-04-17,-0.018966634512187608
2015-04-20,-0.007102065216915032
2015-04-21,0.04510254158826621
2015-04-22,-0.00969587254716986
2015-04-23,0.009886582179172487
2015-04-24,-0.01435197394605603
2015-04-27,-0.007328796419558858
2015-04-28,0.007577296422320412
2015-04-29,-0.013497914273970402
2015-04-30,-0.017689617228973886
2015-05-01,0.044771868855851826
2015-05-04,0.006189544588925289
2015-05-05,-0.025269813809143282
2015-05-06,-0.006990830971059125
2015-05-07,-0.004693752934456286
2015-05-08,0.02023796890794194
2015-05-11,0.008474031657722758
2015-05-12,0.007924996397399742
2015-05-13,0.007862787285170203
2015-05-14,0.02208863560589447
2015-05-15,0.005149872672965072
2015-05-18,0.01555374115782615
2015-05-19,-0.003964138281605467
2015-05-20,-0.0035275764007706156
2015-05-21,0.009530579102115189
2015-05-22,0.004405953209419833
2015-05-26,-0.017366596818158997
2015-05-27,0.024505861285942565
2015-05-28,0.0034676896487608744
2015-05-29,-0.005139637129234043
2015-06-01,0.01612244838876853
2015-06-02,-0.0012272974194749153
2015-06-03,0.00623112707130935
2015-06-04,-0.006280423592416318
2015-06-05,0.00026388895096496334
2015-06-08,-0.002281775778856465
2015-06-09,0.009235260055184824
2015-06-10,0.025446016473050337
2015-06-11,0.01240789054996072
2015-06-12,-0.008761563781801596
2015-06-15,0.004249586262160543
2015-06-16,0.0077013579356775
2015-06-17,-0.0015958253600240058
2015-06-18,0.019599766699929022
2015-06-19,-0.011632782544912512
2015-06-22,0.014107038137436634
2015-06-23,0.005926406009770346
2015-06-24,-0.0016367067506269928
2015-06-25,-0.014588969132593776
2015-06-26,-0.006071747795844407
2015-06-29,-0.03380738023720442
2015-06-30,0.014030605805106289
2015-07-01,-0.009138750492822756
2015-07-02,-0.00836127403651099
2015-07-06,0.005389279039418549
2015-07-07,-0.004582540184027706
2015-07-08,-0.01902204462858903
2015-07-09,0.003719016005848008
2015-07-10,0.0033521298037297864
2015-07-13,0.007121294923087662
2015-07-14,0.024530882968543555
2015-07-15,0.0002556196071183958
2015-07-16,0.012437281608680628
2015-07-17,-0.004964553823236906
2015-07-20,-0.000507166048135832
2015-07-21,-0.0035533337059552306
2015-07-22,-0.0028867527871471177
2015-07-23,0.001873420183577057
2015-07-24,-0.04105064731002972
2015-07-27,-0.020295760059380052
2015-07-28,0.022887628779899805
2015-07-29,0.023348275733345636
2015-07-30,0.018926508026662736
2015-07-31,-0.00033923461163587465
2015-08-03,0.01476313297197085
2015-08-04,-0.006103461438238367
2015-08-05,-0.0017667889448687024
2015-08-06,-0.028316108910378612
2015-08-07,-0.007458901701605569
2015-08-10,0.01869989684116624
2015-08-11,-0.008320486902566926
2015-08-12,0.0055356397191581586
2015-08-13,-0.00903220750026279
2015-08-14,0.0034723230876922972
2015-08-17,0.007093374147938203
2015-08-18,0.005497311198571664
2015-08-19,-0.007260994753606864
2015-08-20,-0.032871705532715234
2015-08-21,-0.06281689948744751
2015-08-24,-0.044336986762426145
2015-08-25,0.018875514498178037
2015-08-26,0.042901905316354405
2015-08-27,0.009629679270408031
2015-08-28,-0.0019445931403934136
2015-08-31,-0.02514397273607394
2015-09-01,-0.034072457603609885
2015-09-02,0.027391988604381412
2015-09-03,-0.022633526292587858
2015-09-04,0.0014715453217315488
2015-09-08,0.02782699696265456
2015-09-09,-0.010295662632971658
2015-09-10,0.033038220731582246
2015-09-11,0.022190648374860622
2015-09-14,0.0013739282709595013
2015-09-15,0.015546577734117939
2015-09-16,-0.00018019664963986326
2015-09-17,0.005223932994665281
2015-09-18,-0.028402593296174894
2015-09-21,-0.024898570889716476
2015-09-22,0.007281942635062766
2015-09-23,-0.009576103344180575
2015-09-24,-0.02824933737021984
2015-09-25,-0.02312010732803338
2015-09-28,-0.053325053846906334
2015-09-29,0.012658282407187915
2015-09-30,0.02281226107369183
2015-10-01,0.0008149695963337589
2015-10-02,0.00010154204951473567
2015-10-05,0.009971664110685285
2015-10-06,-0.017327978992843773
2015-10-07,0.027988300974635782
2015-10-08,0.005385053409786789
2015-10-09,-0.0015866182642321203
2015-10-12,-0.01132621206483353
2015-10-13,-0.013265483754580143
2015-10-14,0.0020370954623758486
2015-10-15,0.03303184367695189
2015-10-16,0.011707826940654753
2015-10-19,0.007585159196532354
2015-10-20,-0.018820040420578277
2015-10-21,0.0006880436523239997
2015-10-22,0.05770181041929967
2015-10-23,0.0036246515478794983
2015-10-26,0.005926201923603491
2015-10-27,0.02144925292572375
2015-10-28,-0.02550470068759947
2015-10-29,0.009987822251409817
2015-10-30,-0.009889052156238365
2015-11-02,0.01359450821923458
2015-11-03,-0.004561770504985296
2015-11-04,-0.0010997159937616852
2015-11-05,-0.010552635998191673
2015-11-06,0.004729488381999936
2015-11-09,-0.0021227574726759846
2015-11-10,0.006844711247633528
2015-11-11,-0.015250315025065686
2015-11-12,-0.0276141393622491
2015-11-13,-0.015926485683484093
2015-11-16,0.012089147160453173
2015-11-17,0.0069359860546927
2015-11-18,0.03443971037055005
2015-11-19,-0.014982031705105592
2015-11-20,0.0002816649447079378
2015-11-23,-0.0016894128646887108
2015-11-24,0.0019744350593347004
2015-11-25,0.01135398796101339
2015-11-27,0.002041203987111828
2015-11-30,-0.018888672949184615
2015-12-01,-0.001038334872941471
2015-12-02,-0.013320998247969507
2015-12-03,-0.0292989459866414
2015-12-04,0.02653373917540569
2015-12-07,-0.0111462911581236
2015-12-08,0.006024813316048538
2015-12-09,-0.015261031913594292
2015-12-10,0.0065717705072643184
2015-12-11,-0.025238955448770972
2015-12-14,0.008935745767192138
2015-12-15,0.014727661008945736
2015-12-16,0.013435168941805298
2015-12-17,-0.009482736649334966
2015-12-18,-0.007425209752840223
2015-12-21,0.010137994966884056
2015-12-22,0.0022410339343155172
2015-12-23,0.0027222189607916114
2015-12-24,0.004266203721244866
2015-12-28,-0.018343504932096133
2015-12-29,0.0165222301767618
2015-12-30,-0.011609566461758813
2015-12-31,-0.009495111905366005
2016-01-04,-0.031425770289155164
2016-01-05,0.012753648772487303
2016-01-06,0.010477518427637778
2016-01-07,-0.04037881626322437
2016-01-08,0.0020774526310542996
2016-01-11,0.000518619459863201
2016-01-12,0.006217877682564321
2016-01-13,-0.04696178194286693
2016-01-14,0.0051863058940531115
2016-01-15,-0.012685416001489869
2016-01-19,-0.021123337933886988
2016-01-20,0.0072302905478518475
2016-01-21,-0.01855365949316512
2016-01-22,0.033307182462082086
2016-01-25,-0.013285150320274441
2016-01-26,0.017657652249956968
2016-01-27,-0.027979470795450934
2016-01-28,-0.023429328244662373
2016-01-29,-0.05175362716286103
2016-02-01,0.012650582089179796
2016-02-02,-0.01594295804811563
2016-02-03,0.044492932193574974
2016-02-04,0.003357078142351533
2016-02-05,-0.017766777571098458
2016-02-08,0.0014096153257296962
2016-02-09,0.023339841039839992
2016-02-10,0.006304327898922546
2016-02-11,-0.005011756125467892
2016-02-12,0.023809614267703783
2016-02-16,0.019118857850696447
2016-02-17,-0.01963796596679468
2016-02-18,-0.004140327217225459
2016-02-19,-0.017417962214882343
2016-02-22,0.018984839029750233
2016-02-23,-0.008418188834599993
2016-02-24,0.011432161215067849
2016-02-25,0.008952687058166209
2016-02-26,-0.022848416757876633
2016-02-29,-0.009648318970988612
2016-03-01,0.027965726387101153
2016-03-02,-0.009922297489866061
2016-03-03,-0.010924133068371367
2016-03-04,-0.0070588877781051496
2016-03-07,0.02797842001298867
2016-03-08,-0.011042874595214136
2016-03-09,-0.00936185762441033
2016-03-10,0.009222498380857536
2016-03-11,0.011394452011716849
2016-03-14,0.013898342592505886
2016-03-15,-0.011275786135926835
2016-03-16,0.009391883971229253
2016-03-17,-0.008307907146697935
2016-03-18,0.008265873252008227
2016-03-21,0.026586782694995703
2016-03-22,0.011330433394855177
2016-03-23,-0.0388391470006102
2016-03-24,0.013765832517163235
2016-03-28,0.012483521961034194
2016-03-29,-0.002812449870285061
2016-03-30,-0.002494486647129146
2016-03-31,-0.0011960843876694938
2016-04-01,0.0246029137098962
2016-04-04,0.0012750643022749752
2016-04-05,0.014112769874034203
2016-04-06,0.01956693919435093
2016-04-07,-0.019191421810727305
2016-04-08,0.005441299962851254
2016-04-11,-0.002705870781530062
2016-04-12,0.014713412077497656
2016-04-13,-0.0005141300288754591
2016-04-14,0.01028898621308727
2016-04-15,0.001018420110829199
2016-04-18,0.00925814007464143
2016-04-19,0.0024195379569715847
2016-04-20,0.006737695348161488
2016-04-21,0.016282246466586825
2016-04-22,0.0018677421946045047
2016-04-25,0.003531369257016914
2016-04-26,-0.00938485379700904
2016-04-27,-0.006019801580408268
2016-04-28,-0.036933997693780585
2016-04-29,-0.09061891516452769
2016-05-02,0.008956205009096996
2016-05-03,-0.0205616393042638
2016-05-04,-0.018010964774365146
2016-05-05,0.0030370932034349263
2016-05-06,-0.01374336961064171
2016-05-09,0.011691107288020586
2016-05-10,0.005953246021214165
2016-05-11,-0.026456333816800792
2016-05-12,-0.013587423965308099
2016-05-13,-0.0007250425366227553
2016-05-16,0.011003608967803835
2016-05-17,-0.01016617574053258
2016-05-18,0.0014495057087040575
2016-05-19,-0.008928262651816454
2016-05-20,0.0060871521725778255
2016-05-23,0.008349807958285105
2016-05-24,0.034681106770595216
2016-05-25,0.0033634438580523174
2016-05-26,-0.014102351481939723
2016-05-27,0.006213885099562111
2016-05-31,0.014448966659229567
2016-06-01,-0.005513365793670122
2016-06-02,0.0016169800255154687
2016-06-03,-0.006572667735663784
2016-06-06,0.016830756904485877
2016-06-07,-0.0011416590802371118
2016-06-08,-0.000913969312525964
2016-06-09,-0.018874390165271926
2016-06-10,-0.0153902869358159
2016-06-13,-0.005564845614032254
2016-06-14,0.0007179351583448401
2016-06-15,-0.006341849123200016
2016-06-16,0.00566032595918764
2016-06-17,-0.010298249182180697
2016-06-20,0.004113473249796495
2016-06-21,-0.014459210032593428
2016-06-22,0.008068673597736886
2016-06-23,0.011158397976350098
2016-06-24,-0.03478426971232951
2016-06-27,-0.027588128377677323
2016-06-28,0.05188490698684611
2016-06-29,-0.0004860091663992927
2016-06-30,0.013977931757303885
2016-07-01,0.017262703477695984
2016-07-05,-0.011430894160736615
2016-07-06,0.02193371750809181
2016-07-07,-0.0030327578259730092
2016-07-08,0.012635974061973032
2016-07-11,-0.003466408293328782
2016-07-12,0.004406204446903539
2016-07-13,-0.010158213087949619
2016-07-14,-0.0024493271316250453
2016-07-15,0.013210781601112664
2016-07-18,0.0029996197983586104
2016-07-19,-0.017140118544833216
2016-07-20,0.014278411792382206
2016-07-21,0.006693365383204641
2016-07-22,-0.007909357977848086
2016-07-25,0.023108103203001384
2016-07-26,-0.08469797845021976
2016-07-27,0.009130585716929263
2016-07-28,-0.006725028187470672
2016-07-29,-0.021787151449007558
2016-08-01,0.012457576064430764
2016-08-02,-0.011061631232912372
2016-08-03,0.006534952059796151
2016-08-04,-0.003995317805041143
2016-08-05,0.008023153692402696
2016-08-08,-0.008332661861630508
2016-08-09,-0.005141436850456538
2016-08-10,-0.0054203745338161635
2016-08-11,0.00849173132534875
2016-08-12,0.001131126217946532
2016-08-15,-0.00012529484024015325
2016-08-16,-0.005022132541970259
2016-08-17,0.01829663637816692
2016-08-18,-0.0013631071543103168
2016-08-19,0.005087403886424147
2016-08-22,-0.0009876077465335031
2016-08-23,0.006796810159973132
2016-08-24,-0.011906149150992307
2016-08-25,-0.005217671257425005
2016-08-26,-0.003871046275389811
2016-08-29,-0.020057718198539742
2016-08-30,-0.0031979736610912024
2016-08-31,0.005903212204110275
2016-09-01,-0.0122477182876094
2016-09-02,-0.00684569255661549
2016-09-06,0.012875513119558812
2016-09-07,0.004365824532355678
2016-09-08,0.009843732274051886
2016-09-09,-0.011900082259869382
2016-09-12,0.010249898287027381
2016-09-13,-0.010019053132291122
2016-09-14,0.00038677874993164885
2016-09-15,0.01571733558133226
2016-09-16,-0.0005072837124591167
2016-09-19,0.0024110043748779564
2016-09-20,0.03532116715427658
2016-09-21,-0.0009783510374261617
2016-09-22,-0.0022031555359358634
2016-09-23,-0.001840210577761403
2016-09-26,-0.009216980538039876
2016-09-27,-0.016993355617352823
2016-09-28,-0.0035330800668024187
2016-09-29,-0.014055999145405451
2016-09-30,0.01618310115777355
2016-10-03,-0.013776903860839518
2016-10-04,-0.01012412206038904
2016-10-05,0.004272277408286174
2016-10-06,-0.017532543043887627
2016-10-07,-0.01272755815979787
2016-10-10,0.0033222391397689233
2016-10-11,-0.022122147440896578
2016-10-12,-0.010701435173174012
2016-10-13,0.00041035238822062503
2016-10-14,-0.004243037411943984
2016-10-17,-0.0015115027516414692
2016-10-18,0.01060008809302948
2016-10-19,-0.0009540389237838731
2016-10-20,0.013226200869349114
2016-10-21,-0.0002689978300179918
2016-10-24,-0.001884412938562785
2016-10-25,0.003506718185741553
2016-10-26,0.013035365145631195
2016-10-27,0.005969821235789485
2016-10-28,-0.025715452555785112
2016-10-31,-0.0033836824155356604
2016-11-01,0.00597568047162933
2016-11-02,-0.0210610460083962
2016-11-03,-0.010343202091937731
2016-11-04,0.00933641526299267
2016-11-07,0.021675983291146395
2016-11-08,0.0005406052002989714
2016-11-09,0.05983243963919582
2016-11-10,-0.00802871792834503
2016-11-11,-0.018242265199593155
2016-11-14,0.004318395648832185
2016-11-15,-0.005212005430667466
2016-11-16,-0.004584096918423319
2016-11-17,-0.005526249163870567
2016-11-18,-0.012701758316974177
2016-11-21,0.004824455859386845
2016-11-22,-0.006935238914591246
2016-11-23,0.011281300554273788
2016-11-25,0.0018592770561280947
2016-11-28,-0.011929934677166631
2016-11-29,0.004427098786887296
2016-11-30,-0.015627036373011216
2016-12-01,-0.011669213382698662
2016-12-02,-0.0057657042315326645
2016-12-05,-0.000828926450083256
2016-12-06,0.0015203042966442926
2016-12-07,0.004277653189503905
2016-12-08,-0.010442447769491991
2016-12-09,0.009441707807614996
2016-12-12,0.010591562517316078
2016-12-13,0.02520541500464346
2016-12-14,0.011625100760008333
2016-12-15,-0.002113327278998489
2016-12-16,-0.019192917646069674
2016-12-19,0.004048690482805872
2016-12-20,-0.0047043199798364466
2016-12-21,-0.0012151657318458797
2016-12-22,-0.008923778566518936
2016-12-23,0.004638508219552584
2016-12-27,0.0012221441926942855
2016-12-28,-0.013020552249222828
2016-12-29,-0.008794978258812591
2016-12-30,-0.007208990208940502
2017-01-03,0.03560935406233612
2017-01-04,0.02993545991040114
2017-01-05,-0.004844320428526228
2017-01-06,-0.0068412754704761936
2017-01-09,0.004636463681577441
2017-01-10,-0.010943974360115294
2017-01-11,-0.016531339883379847
2017-01-12,-0.0055575859970791175
2017-01-13,-0.003953447021948442
2017-01-17,-0.0158746218717013
2017-01-18,0.0030589063389379056
2017-01-19,-0.007763617195090444
2017-01-20,-0.007824654973742629
2017-01-23,-0.0045060405479545595
2017-01-24,-0.006224655598885187
2017-01-25,0.023630308595044003
2017-01-26,-0.009595453251978858
2017-01-27,0.0005614195731198368
2017-01-30,0.0035082618277455513
2017-01-31,0.013145127078805219
2017-02-01,0.005107024948716399
2017-02-02,-0.007827789633964577
2017-02-03,0.0012458018548637817
2017-02-06,0.0006913072346408367
2017-02-07,0.01022193715922004
2017-02-08,-0.08614767842286775
2017-02-09,-0.018554701950170838
2017-02-10,0.011739818268899027
2017-02-13,0.01943964122833841
2017-02-14,-0.0014783125272098685
2017-02-15,0.03330864282254753
2017-02-16,0.007306609545472131
2017-02-17,-0.006542418000062167
2017-02-21,-0.00801717982085648
2017-02-22,-0.0066388024934737055
2017-02-23,0.007845302666267262
2017-02-24,0.008216790956997011
2017-02-27,0.008006565284784939
2017-02-28,-0.00028320568050033135
2017-03-01,-0.004114698129021321
2017-03-02,0.00484380878420021
2017-03-03,0.002977512757192269
2017-03-06,-0.00876415846534584
2017-03-07,-0.015688024947904
2017-03-08,0.009852676443763864
2017-03-09,-0.01879492954650752
2017-03-10,-0.002924634059256359
2017-03-13,-0.0013195927293955245
2017-03-14,0.002811470010896988
2017-03-15,0.01032898351879874
2017-03-16,0.00102252063013486
2017-03-17,0.007586604269049113
2017-03-20,-0.005068097794611703
2017-03-21,-0.014117326653589446
2017-03-22,0.0013290231867368885
2017-03-23,-0.005012644519040932
2017-03-24,0.0002962699908195532
2017-03-27,-0.00014828339664352264
2017-03-28,-0.005925754076744338
2017-03-29,0.00238447761175542
2017-03-30,0.004013901209211301
2017-03-31,0.005775344674221694
2017-04-03,-0.012072769771267589
2017-04-04,-0.0017881841028738465
2017-04-05,-0.007614462478731654
2017-04-06,0.00015036912691379634
2017-04-07,0.0015044805215345125
2017-04-10,-0.002403334378848987
2017-04-11,-0.006022419912133925
2017-04-12,0.0030296905426279164
2017-04-13,0.004378970372715063
2017-04-17,0.0028567790655256164
2017-04-18,-0.009595189210754196
2017-04-19,0.003330225018517874
2017-04-20,0.0033192497685510247
2017-04-21,-0.008571235605720151
2017-04-24,0.004853743490619067
2017-04-25,0.013131825328031033
2017-04-26,0.016388934336349026
2017-04-27,0.005276859700697356
2017-04-28,-0.00043760670922254885
2017-05-01,-0.00641866832514959
2017-05-02,0.0070474325309686225
2017-05-03,-0.020119482539575073
2017-05-04,0.012944257533209491
2017-05-05,-0.004112445903169726
2017-05-08,-0.008702186241167587
2017-05-09,0.005951708660535182
2017-05-10,-0.010205591706753947
2017-05-11,-0.0031385343523295806
2017-05-12,-0.009743502690564121
2017-05-15,-0.0016651911079140769
2017-05-16,-0.0034872557783309777
2017-05-17,-0.018411545387261752
2017-05-18,-0.001240065671083479
2017-05-19,-0.003104053651663108
2017-05-22,0.0020238606346092425
2017-05-23,0.005127444717026419
2017-05-24,-0.005874303014444915
2017-05-25,0.0038875901817416736
2017-05-26,-0.0009295500319970174
2017-05-30,-0.00015512281629614932
2017-05-31,0.006202654839326804
2017-06-01,-0.004160982875973551
2017-06-02,0.012070522370850378
2017-06-05,0.0012233491455451162
2017-06-06,-0.009621399587460555
2017-06-07,-0.008172574437009583
2017-06-08,-0.0031092818484844686
2017-06-09,0.009045340556023351
2017-06-12,0.011283022604886561
2017-06-13,-0.004279559364651853
2017-06-14,0.005570147985248575
2017-06-15,-0.0027694088857898036
2017-06-16,-0.010646569205242984
2017-06-19,0.010761138410052773
2017-06-20,0.012034920422734574
2017-06-21,0.029120429816881233
2017-06-22,0.044148251022526175
2017-06-23,0.0005674047459416354
2017-06-26,0.010209903968397605
2017-06-27,-0.008281888753033706
2017-06-28,0.017976128792798196
2017-06-29,-0.014738818316278213
2017-06-30,-0.0011290874904331671
2017-07-03,-0.0011302182265027216
2017-07-05,0.0022631398384227452
2017-07-06,-0.019474923797679566
2017-07-07,-0.0033101276220219855
2017-07-10,0.0005776315277625788
2017-07-11,0.0008655754102842028
2017-07-12,0.006489023628771573
2017-07-13,0.011174987556576532
2017-07-14,-0.00014172315949823044
2017-07-17,0.008218553782402438
2017-07-18,0.007589498046466359
2017-07-19,0.014367665169808808
2017-07-20,0.009625916544838464
2017-07-21,0.004630934968301581
2017-07-24,0.008541041222260848
2017-07-25,-0.008737985080104038
2017-07-26,0.006102780181027612
2017-07-27,0.010378632998859771
2017-07-28,0.013073553088715384
2017-07-31,0.001975394790693308
2017-08-01,-0.0051250613809193935
2017-08-02,0.0018490424715700282
2017-08-03,-0.019382882511789767
2017-08-04,-0.016269884749038344
2017-08-07,0.0038271814934511816
2017-08-08,-0.002314766758703679
2017-08-09,0.00859808984451349
2017-08-10,-0.01623828492664281
2017-08-11,-0.004126721510133824
2017-08-14,0.005663517335455559
2017-08-15,0.00425744354034352
2017-08-16,0.003145486776282791
2017-08-17,-0.01376962459590736
2017-08-18,-0.003179189290354434
2017-08-21,0.006795163163274109
2017-08-22,0.010192521544253319
2017-08-23,0.005453975301653591
2017-08-24,0.0037972202520462073
2017-08-25,-0.0031070327913387263
2017-08-28,0.012196797229982348
2017-08-29,0.014057730296561433
2017-08-30,0.07248517329871729
2017-08-31,0.030530650622107913
2017-09-01,0.0004776673735586989
2017-09-05,-0.014208908945071319
2017-09-06,0.004723985699086164
2017-09-07,0.03037987574160894
2017-09-08,-0.004329140771380913
2017-09-11,-0.006815739996660186
2017-09-12,-0.00011828766988464245
2017-09-13,-0.009820866536219941
2017-09-14,-0.010462157782725967
2017-09-15,0.0008505791141213415
2017-09-18,0.007406564912634028
2017-09-19,-0.008195719031769522
2017-09-20,0.004253268795316512
2017-09-21,-0.00024187830863819926
2017-09-22,0.00786712891366892
2017-09-25,0.0040832191336412915
2017-09-26,0.0017939288652288887
2017-09-27,0.0011939535605416385
2017-09-28,-0.03517770444892887
2017-09-29,0.0013596929366443966
2017-10-02,0.03085651619199936
2017-10-03,-0.003951300774147515
2017-10-04,-0.009255824908896981
2017-10-05,0.01322497657516819
2017-10-06,-0.016405277654250594
2017-10-09,-0.0019479270698298246
2017-10-10,0.012930125882705035
2017-10-11,-0.005659872473182004
2017-10-12,-0.015380939666448268
2017-10-13,-0.0015989722655502803
2017-10-16,-0.015030485001676808
2017-10-17,0.003627577579894403
2017-10-18,-0.0028663615389552533
2017-10-19,0.019747048914667165
2017-10-20,-0.004657278998202563
2017-10-23,-0.01280595742256152
2017-10-24,-0.0008730714723353961
2017-10-25,-0.002622014415136098
2017-10-26,-0.02515979118414502
2017-10-27,-0.010400228885879104
2017-10-30,-0.01401337138243608
2017-10-31,-0.013554552861826608
2017-11-01,-0.0017340746000340523
2017-11-02,-0.013630597682643852
2017-11-03,-0.004742131227328361
2017-11-06,-0.014702161585390727
2017-11-07,0.011467108247858349
2017-11-08,-0.0015021422167337262
2017-11-09,-0.0010948299169294406
2017-11-10,0.010271345734021775
2017-11-13,-0.012471235065201425
2017-11-14,-0.023335443379958853
2017-11-15,0.009275957468467988
2017-11-16,0.008355775953918565
2017-11-17,0.0004141111667217423
2017-11-20,-0.004279591498420943
2017-11-21,0.005268587167614802
2017-11-22,0.004275106517633187
2017-11-24,-0.004943535290952816
2017-11-27,-0.010488617080563922
2017-11-28,0.012412926360364951
2017-11-29,0.01487801672138267
2017-11-30,0.015067282346557853
2017-12-01,0.007488417554129878
2017-12-04,-0.029864470624748285
2017-12-05,0.002736293791573363
2017-12-06,0.0
2017-12-07,-0.0077772021181357065
2017-12-08,0.020626936038738775
2017-12-11,0.02236599212196677
2017-12-12,0.002767296361169125
2017-12-13,0.006440012924425753
2017-12-14,-0.02261418938416071
2017-12-15,0.016546045983921065
2017-12-18,-0.005822570243482539
2017-12-19,-0.010382009947706217
2017-12-20,-0.004572745444281101
2017-12-21,-0.013376992279450217
2017-12-22,-0.004245038641548682
2017-12-26,-0.00013774606464034278
2017-12-27,0.003851826635073552
2017-12-28,-0.006851163050881515
2017-12-29,-0.011589778150817742
2018-01-02,0.03433842068812676
2018-01-03,0.007557212538686686
2018-01-04,-0.010179139175893082
2018-01-05,0.00838952411596039
2018-01-08,-0.0016104169175303884
2018-01-09,0.04973134646568389
2018-01-10,0.007809990233606401
2018-01-11,0.0044470815127324315
2018-01-12,-0.0005058940157502967
2018-01-16,0.015565835828643904
2018-01-17,0.018566645114229896
2018-01-18,-0.0069728945974543155
2018-01-19,-0.0023407652358156117
2018-01-22,0.005309904411298971
2018-01-23,-0.0056505604066714454
2018-01-24,0.004323519952308841
2018-01-25,-0.0013527369034281866
2018-01-26,0.052592630071087276
2018-01-29,0.03908257323907405
2018-01-30,-0.017004553517253385
2018-01-31,-0.039981681457245566
2018-02-01,-0.0036992000799853653
2018-02-02,-0.02108037797232243
2018-02-05,-0.041110942328083655
2018-02-06,0.025647338185239565
2018-02-07,0.029609511505930497
2018-02-08,-0.054857089991492414
2018-02-09,0.014062487000723767
2018-02-12,0.010337889850100979
2018-02-13,0.008110957729180468
2018-02-14,0.01274874655260283
2018-02-15,-0.0032995798817465616
2018-02-16,-0.010423141178851347
2018-02-20,0.0029736783914089404
2018-02-21,-0.0030884134590984935
2018-02-22,-0.015987093183212453
2018-02-23,0.019017686941890544
2018-02-26,0.01087631798193578
2018-02-27,-0.017484074293174445
2018-02-28,-0.020283441046093365
2018-03-01,-0.015242303214503261
2018-03-02,0.014962283957029143
2018-03-05,-0.009785103484545532
2018-03-06,0.0179668340938699
2018-03-07,0.008447021919864461
2018-03-08,0.0009998970993259082
2018-03-09,0.008118175790227777
2018-03-12,0.004211634955694654
2018-03-13,0.008142522652300421
2018-03-14,-0.007586832841635638
2018-03-15,-0.012666538406493344
2018-03-16,0.002892908174943365
2018-03-19,-0.03210441887788251
2018-03-20,-0.0033687079720943203
2018-03-21,-0.005590196715174467
2018-03-22,-0.012027713107626736
2018-03-23,-0.03612561195529429
2018-03-26,0.0370679041116444
2018-03-27,-0.018930336796316616
2018-03-28,0.009040389078346145
2018-03-29,0.008157391514152623
2018-04-02,-0.029845020494140062
2018-04-03,0.008340096363341987
2018-04-04,0.022373052507530744
2018-04-05,-0.007692276790735808
2018-04-06,-0.018845182502781554
2018-04-09,0.005313113413904169
2018-04-10,0.016530804211472683
2018-04-11,-0.009197812454367238
2018-04-12,0.01291547851146646
2018-04-13,-0.0009296652112305015
2018-04-16,-0.007045855915387422
2018-04-17,0.010442833793462558
2018-04-18,0.002782678495280022
2018-04-19,-0.016384851804972622
2018-04-20,-0.009940866411910387
2018-04-23,0.004206312043582017
2018-04-24,-0.017429923562899297
2018-04-25,0.007287941803095999
2018-04-26,0.008873889445751182
2018-04-27,-0.000541239136364613
2018-04-30,-0.02206885681813897
2018-05-01,0.004568828595541197
2018-05-02,-0.07828015970005275
2018-05-03,-0.0252692111350048
2018-05-04,0.0035283027386279198
2018-05-07,-0.008254434246611209
2018-05-08,0.005240632016237257
2018-05-09,0.007206230522746715
2018-05-10,-0.004871454287685206
2018-05-11,0.012085461466480707
2018-05-14,0.013451970063426355
2018-05-15,-0.0008948379108603133
2018-05-16,0.00835955191656268
2018-05-17,0.0007400913848072399
2018-05-18,0.0062128272321881894
2018-05-21,-0.0057335390548689524
2018-05-22,0.0029572375846331767
2018-05-23,0.005012488239828361
2018-05-24,-0.00938831821759989
2018-05-25,-0.0022212314531696586
2018-05-29,-0.0007417341039076542
2018-05-30,0.005346699056271165
2018-05-31,-0.004284293759389102
2018-06-01,0.01335301715630921
2018-06-04,0.027964922462600184
2018-06-05,-0.0021365878975292407
2018-06-06,0.02726248082032723
2018-06-07,-0.0009724106961108703
2018-06-08,0.00013902093732554022
2018-06-11,-0.0011127149338769904
2018-06-12,-0.002088471316446072
2018-06-13,-0.005440572642631536
2018-06-14,0.006080179310834266
2018-06-15,-0.012930296952627485
2018-06-18,-0.016659633374116467
2018-06-19,0.02722298754320751
2018-06-20,0.007329751123076322
2018-06-21,0.0008399100003322335
2018-06-22,-0.006291902927247017
2018-06-25,0.0009849548117275564
2018-06-26,-0.01251051353941135
2018-06-27,-0.02291831904334929
2018-06-28,0.024620901906213577
2018-06-29,0.007251770931137935
2018-07-02,0.006211054983661368
2018-07-03,0.0007014465860437635
2018-07-05,0.02074872851877574
2018-07-06,0.03296267408397857
2018-07-09,0.01901332669427891
2018-07-10,0.0014352038837019965
2018-07-11,-0.00951120512305037
2018-07-12,0.0207838670319469
2018-07-13,-0.0028351557506093306
2018-07-16,-0.0015507866446476948
2018-07-17,-0.0007763383831951298
2018-07-18,-0.0010364842723339374
2018-07-19,-0.000907231592309321
2018-07-20,0.0041528374700410264
2018-07-23,0.000129065506829118
2018-07-24,0.0034894964654916816
2018-07-25,0.016355237077898765
2018-07-26,-0.009629592590303493
2018-07-27,-0.01727258823498501
2018-07-30,-0.006379446194490157
2018-07-31,0.019785038552547318
2018-08-01,0.0008993415638389735
2018-08-02,-0.003465753608710931
2018-08-03,0.0038647387248509357
2018-08-06,-0.0007699205949099897
2018-08-07,0.006548949526167025
2018-08-08,-0.01875447729362023
2018-08-09,0.014692532055326613
2018-08-10,-0.016786357762654913
2018-08-13,0.005734342393106884
2018-08-14,0.0018143256578926348
2018-08-15,-0.03194939090036364
2018-08-16,0.010021399434701594
2018-08-17,-0.03532231802355934
2018-08-20,-0.007679457177342752
2018-08-21,0.013267050104487366
2018-08-22,0.006819366862552911
2018-08-23,-0.0065024978896782715
2018-08-24,0.003408447180403895
2018-08-27,0.016714656732205846
2018-08-28,0.0014702491411666685
2018-08-29,0.009208549679992295
2018-08-30,0.00886028887809287
2018-08-31,-0.007340291822238387
2018-09-04,-0.019015156815461842
2018-09-05,0.0032303764456003137
2018-09-06,-0.022138611240178463
2018-09-07,-0.009056177587221437
2018-09-10,0.004015839241613639
2018-09-11,-0.003861577182714515
2018-09-12,0.024089751292817763
2018-09-13,0.009809285962462111
2018-09-14,-0.00998391939651977
2018-09-17,-0.008177051271893165
2018-09-18,0.012229015740528926
2018-09-19,0.0028504018940531672
2018-09-20,0.012858924729794108
2018-09-21,0.009087111743908416
2018-09-24,0.0014568419218257134
2018-09-25,-0.008331157087043017
2018-09-26,0.008801133636162861
2018-09-27,0.012293598592164612
2018-09-28,0.008226393398795162
2018-10-01,0.009713661189243217
2018-10-02,0.009107344703352949
2018-10-03,0.0041951614844077945
2018-10-04,-0.030886222489322046
2018-10-05,-0.004179925414573571
2018-10-08,0.002098670084017762
2018-10-09,0.0018325393131848333
2018-10-10,-0.022994300459231565
2018-10-11,-0.03048962341261141
2018-10-12,0.015034117384419954
2018-10-15,-0.01100695173411148
2018-10-16,0.04850283934197486
2018-10-17,-0.009042153498130756
2018-10-18,-0.0191747122064877
2018-10-19,-0.01213449745825046
2018-10-22,-0.012692587954558077
2018-10-23,-0.009261821931517922
2018-10-24,-0.05106736298800618
2018-10-25,0.008969056790606222
2018-10-26,0.016321675049188133
2018-10-29,0.01663337388701236
2018-10-30,0.01607898169743449
2018-10-31,-0.05358112398396486
2018-11-01,0.031240684324680412
2018-11-02,-0.012373786830116362
2018-11-05,0.0020161436045567083
2018-11-06,0.011066585344253754
2018-11-07,0.030276969432358136
2018-11-08,-0.008278244791610656
2018-11-09,-0.009738247903501973
2018-11-12,-0.009694037694877644
2018-11-13,0.006100599224532877
2018-11-14,-0.005217377777880561
2018-11-15,-0.010914429780158219
2018-11-16,-0.008311634336799711
2018-11-19,-0.0171964762835366
2018-11-20,-0.0064697770551872535
2018-11-21,-0.012283673685215324
2018-11-23,-0.0022475177902742116
2018-11-26,0.005256120679509868
2018-11-27,0.007469440901755053
2018-11-28,0.025949069642725364
2018-11-29,0.007226468192141899
2018-11-30,0.03228575894380037
2018-12-03,-0.01501258013515705
2018-12-04,-0.018487098177223826
2018-12-06,0.00920201871384374
2018-12-07,-0.029063907647293052
2018-12-10,-0.009684547635775309
2018-12-11,0.003407921185748064
2018-12-12,0.006202053129887197
2018-12-13,-0.003255955705700253
2018-12-14,-0.02642920332582721
2018-12-17,-0.006862571288937636
2018-12-18,-0.004300063216415517
2018-12-19,-0.009870272274174585
2018-12-20,0.0015574648975535954
2018-12-21,-0.026127572840861424
2018-12-24,-0.03321605957007734
2018-12-26,0.04426814978187288
2018-12-27,-0.004428829898448505
2018-12-28,-0.016841613747755058
2018-12-31,0.01082754346255399
2019-01-02,0.014228671075524835
2019-01-03,0.02853061539949331
2019-01-04,0.0459774411843914
2019-01-07,0.004542061396095365
2019-01-08,-0.006855599224524167
2019-01-09,-0.0022026940230321923
2019-01-10,0.0014716560424319347
2019-01-11,0.001763971540351461
2019-01-14,-0.013351156950614285
2019-01-15,0.018884582906748992
2019-01-16,-0.012842968496323381
2019-01-17,0.01493205928325203
2019-01-18,0.007720331539119885
2019-01-22,-0.00910632025296143
2019-01-23,-0.0043763993892881325
2019-01-24,-0.005714616191552113
2019-01-25,0.015325811557967306
2019-01-28,-0.014368328655653184
2019-01-29,0.024738293826096935
2019-01-30,0.0034486555575421463
2019-01-31,0.002577778825320731
2019-02-01,0.0005712573912934893
2019-02-04,0.0
2019-02-05,-0.03383295210283632
2019-02-06,0.015809691036187568
2019-02-07,-0.02138162174110836
2019-02-08,0.0028240886751247363
2019-02-11,0.0022230074441571546
2019-02-12,-0.03283055131851931
2019-02-13,0.008256867599877538
2019-02-14,0.00652117881019687
2019-02-15,0.018381589454274483
2019-02-19,-0.012279822652974448
2019-02-20,0.003295460559546326
2019-02-21,-0.02134947297282086
2019-02-22,0.0028983212755380183
2019-02-25,-0.005932580786203956
2019-02-26,-0.0010711383670980457
2019-02-27,0.0044423855059114725
2019-02-28,-0.008387871041226735
2019-03-01,0.015226047331694081
2019-03-04,-0.008483577504373119
2019-03-05,-0.01619559149958072
2019-03-06,-0.02282965242081869
2019-03-07,-0.006198159403305037
2019-03-08,0.011194604725687896
2019-03-11,0.01755493310578693
2019-03-12,0.007615899137243032
2019-03-13,0.014191014931433488
2019-03-14,-0.005067613776420732
2019-03-15,0.012964671668944217
2019-03-18,-0.009294383443587462
2019-03-19,0.0072284940479769855
2019-03-20,-0.013589965612598065
2019-03-21,0.004953604953197077
2019-03-22,-0.017714012238657317
2019-03-25,0.0003135581247371011
2019-03-26,0.007054414776146212
2019-03-27,-0.009028556824264844
2019-03-28,0.000471188213088114
2019-03-29,0.020725275840195234
2019-04-01,0.013382730893604977
2019-04-02,0.005464464276625947
2019-04-03,0.006340585115996555
2019-04-04,0.002700115424278504
2019-04-05,0.010472951659503016
2019-04-08,-0.0023690958046156396
2019-04-09,-0.019145103068066605
2019-04-10,0.019821491156749582
2019-04-11,-0.016171989902625805
2019-04-12,-0.01553332759728654
2019-04-15,0.00229792454111033
2019-04-16,-0.013602352449045507
2019-04-17,-0.019987481782075767
2019-04-18,-0.004743273989487595
2019-04-22,-0.01715634568480129
2019-04-23,0.01891060071825379
2019-04-24,-0.0038073531045551556
2019-04-25,0.021337787792054863
2019-04-26,0.015746879329878283
2019-04-29,-0.00353047446406507
2019-04-30,0.0018484735809161101
2019-05-01,-0.002613614175919099
2019-05-02,0.006628650516448564
2019-05-03,0.028024427247680395
2019-05-06,0.008342150985640728
2019-05-07,-0.019057563552550283
2019-05-08,-0.00496999897023398
2019-05-09,0.0009082235487185564
2019-05-10,-0.008468298696555188
2019-05-13,-0.021351074301033002
2019-05-14,0.014181118102310819
2019-05-15,0.0033804609551773
2019-05-16,0.007350491780464541
2019-05-17,0.008817334565168311
2019-05-20,-0.007534620554370153
2019-05-21,0.010021202145573227
2019-05-22,-0.00030066871274980755
2019-05-23,0.01007506428561511
2019-05-24,-0.004168628779654515
2019-05-28,-0.04365329150270181
2019-05-29,-0.009379849456097933
2019-05-30,-0.00047311358569190887
2019-05-31,-0.01720882036705962
2019-06-03,0.022168739612176358
2019-06-04,0.010843972601132235
2019-06-05,0.0018656406389296887
2019-06-06,-0.011018115130316808
2019-06-07,0.025419818607208322
2019-06-10,0.011782693990362247
2019-06-11,-0.00030241382626861046
2019-06-12,0.010287321712364683
2019-06-13,0.012698486014395716
2019-06-14,-0.00940429799627518
2019-06-17,0.011151268317804552
2019-06-18,0.01639336348690068
2019-06-19,0.0008800640990060948
2019-06-20,0.00454135893868135
2019-06-21,0.011812770971377118
2019-06-24,-0.007783494526412693
2019-06-25,-0.005229327155505059
2019-06-26,-0.026285142810589024
2019-06-27,0.005998758312566688
2019-06-28,0.007155470034829525
2019-07-01,0.003996695992133592
2019-07-02,0.014890029824534468
2019-07-03,0.002324480936854556
2019-07-05,-0.006811605078246408
2019-07-08,-0.015321700472565092
2019-07-09,0.004000787791890836
2019-07-10,-0.004280338784990012
2019-07-11,-0.01882597360156979
2019-07-12,0.0010575433135164847
2019-07-15,0.027316848445793518
2019-07-16,-0.016600735267849775
2019-07-17,-0.00029863573662280984
2019-07-18,0.004333498408666481
2019-07-19,-0.03228694842164703
2019-07-22,-0.001998618628065163
2019-07-23,0.02295469434704933
2019-07-24,0.0036143017748675454
2019-07-25,-0.00480171418904074
2019-07-26,0.0090471273772319
2019-07-29,0.014196045199576846
2019-07-30,-0.0114925424910296
2019-07-31,-0.023401765570305377
2019-08-01,-0.0007628808547452959
2019-08-02,-0.007942558378099429
2019-08-05,-0.024480530829325553
2019-08-06,0.00978560007227336
2019-08-07,-0.001563090806160683
2019-08-08,0.014715193346123367
2019-08-09,0.006479518208336588
2019-08-12,-0.019313338910352917
2019-08-13,0.005001573216213195
2019-08-14,-0.018351566480782622
2019-08-15,-0.003960739718999795
2019-08-16,0.00429468869658689
2019-08-19,0.015362758163393941
2019-08-20,-0.010450928505978507
2019-08-21,0.010876263056171842
2019-08-22,0.001403386038208554
2019-08-23,-0.026627192653599807
2019-08-26,0.00783899791252396
2019-08-27,0.004920373803834366
2019-08-28,0.00521272814992324
2019-08-29,0.001728388252885349
2019-08-30,-0.003294060476120131
2019-09-03,-0.008970766545050801
2019-09-04,0.0047641783903580315
2019-09-05,0.012486117133758912
2019-09-06,0.011863930817232804
2019-09-09,0.02329511947049867
2019-09-10,0.011307187260638951
2019-09-11,0.014907613616437665
2019-09-12,-0.016160153886073614
2019-09-13,0.0024109791615554155
2019-09-16,-0.009621153317194597
2019-09-17,0.004402034502318575
2019-09-18,-0.006800571181673876
2019-09-19,0.003651868825122584
2019-09-20,0.0069739170506311066
2019-09-23,-0.010388427543968404
2019-09-24,-0.01780025195642243
2019-09-25,-0.005576339322644119
2019-09-26,-0.014018351673841023
2019-09-27,-0.006319237372402475
2019-09-30,0.007631187061020617
2019-10-01,-0.0025244895513112375
2019-10-02,-0.025308559991750856
2019-10-03,0.00989955169582779
2019-10-04,0.005302840155190669
2019-10-07,0.002717365714075326
2019-10-08,-0.01657886954631449
2019-10-09,0.004700865550897326
2019-10-10,0.020651714269640298
2019-10-11,0.011539734433692495
2019-10-14,0.008126285766810293
2019-10-15,0.012246388685963838
2019-10-16,0.0007653355934962303
2019-10-17,-0.001836016397055662
2019-10-18,-0.004905783765593252
2019-10-21,0.004621744595131094
2019-10-22,0.009967723980167431
2019-10-23,0.010932464940192954
2019-10-24,-0.008711647879532158
2019-10-25,-0.04060583594000711
2019-10-28,0.006474959513537604
2019-10-29,-0.004393613473697933
2019-10-30,-0.004727866481366694
2019-10-31,0.00886770385517388
2019-11-01,0.014911352483126583
2019-11-04,0.008505946280690235
2019-11-05,0.002760450997550956
2019-11-06,0.0003055957124014075
2019-11-07,-0.02216766660349634
2019-11-08,0.022201345418082274
2019-11-11,-0.011318515436154142
2019-11-12,-0.004950413613844962
2019-11-13,-0.015391890311967749
2019-11-14,0.0075793730087072575
2019-11-15,0.019746209171010776
2019-11-18,-0.011987150147211523
2019-11-19,0.011043880043205556
2019-11-20,-0.0018462704783671624
2019-11-21,0.013101133021880429
2019-11-22,-0.00715047313242112
2019-11-25,0.03003365460339391
2019-11-26,0.0008925411392988192
2019-11-27,-0.002378082175397034
2019-11-29,0.00178781319824739
2019-12-02,-0.0166566203138252
2019-12-03,-0.0007563512935555572
2019-12-04,0.010292235220394241
2019-12-05,-0.012284691935870673
2019-12-06,0.017442726765437122
2019-12-09,-0.002236438241644434
2019-12-10,0.002241451108620618
2019-12-11,0.01043537892351365
2019-12-12,0.007147973387612749
2019-12-13,-0.02750271801001325
2019-12-16,0.0053217194406249835
2019-12-17,0.001209994989214147
2019-12-18,-0.007855032276997354
2019-12-19,-0.00593777223940839
2019-12-20,0.02389339598890383
2019-12-23,-0.0014961191193900714
2019-12-24,-0.00044935896501707706
2019-12-26,-0.00494616647738777
2019-12-27,-0.006627408120413625
2019-12-30,-0.015466125048891555
2019-12-31,0.0007701434010227715
2020-01-02,0.0038474615779631183
2020-01-03,-0.0024532986478631447
2020-01-06,0.008913729831967032
2020-01-07,-0.008073063355657828
2020-01-08,0.010442238465105058
2020-01-09,0.0006079396485401123
2020-01-10,-0.012302613532399254
2020-01-13,-0.011071974804877871
2020-01-14,-0.001710532228465178
2020-01-15,-0.0015575056405252585
2020-01-16,-0.014040379610894216
2020-01-17,-0.003481073675055124
2020-01-21,-0.005557318216857121
2020-01-22,0.012294378644314152
2020-01-23,0.008517269031096841
2020-01-24,-0.01235523155344509
2020-01-27,0.010768065714190866
2020-01-28,0.00830317776140932
2020-01-29,-0.0009322390362931365
2020-01-30,-0.004198990125827251
2020-01-31,-0.012962608745853421
2020-02-03,0.049999729701157625
2020-02-04,0.015672259851930548
2020-02-05,-0.02270023269310284
2020-02-06,0.03552429678573854
2020-02-07,0.009676102944808251
2020-02-10,0.00174258809230321
2020-02-11,-0.01782882324016466
2020-02-12,-0.011953946454342557
2020-02-13,-0.002240578700397733
2020-02-14,0.011377156734454275
2020-02-18,-0.008140670608303369
2020-02-19,0.005073823602308458
2020-02-20,-0.005196943596030512
2020-02-21,0.04029855682848593
2020-02-24,0.04591112158046018
2020-02-25,-0.0384087734349472
2020-02-26,0.0656204739073678
2020-02-27,-0.027309058417109955
2020-02-28,-0.04541722218902422
2020-03-02,0.08708206877202151
2020-03-03,-0.015782477376374393
2020-03-04,0.02425575045462236
2020-03-05,0.0015785854760397289
2020-03-06,0.05372369389476961
2020-03-09,-0.08352025656277995
2020-03-10,-0.01605032027189901
2020-03-11,0.01880034036693612
2020-03-12,-0.0608050952494088
2020-03-13,0.031641921482399304
2020-03-16,-0.026148444646162505
2020-03-17,0.08156712277917255
2020-03-18,0.06575408269468919
2020-03-19,-0.010954024613375135
2020-03-20,-0.06734573242942332
2020-03-23,-0.008872457793511535
2020-03-24,0.01859257160894523
2020-03-25,-0.058139803198355655
2020-03-26,0.060293016144396416
2020-03-27,-0.013674475727210367
2020-03-30,0.042278585724728535
2020-03-31,-0.015408952175277157
2020-04-01,-0.030096102060770846
2020-04-02,0.06164636033388615
2020-04-03,0.015978018300168095
2020-04-06,-0.006136972611993863
2020-04-07,-0.03936703403368791
2020-04-08,0.004285402977543429
2020-04-09,-0.019736057185958722
2020-04-13,0.024078778926385214
2020-04-14,0.032810628653930696
2020-04-15,-0.04012891504965532
2020-04-16,0.025593283613588147
2020-04-17,0.09733455134865787
2020-04-20,-0.03250397460996424
2020-04-21,-0.03359580383539107
2020-04-22,0.03540047912673572
2020-04-23,-0.04341404634160584
2020-04-24,0.023913699051021142
2020-04-27,0.0032645776675495064
2020-04-28,-0.01539432519683781
2020-04-29,0.05681989725503045
2020-04-30,0.010344012114101409
2020-05-01,-0.04821429450954107
2020-05-04,0.0037522326807657436
2020-05-05,-0.013831737374151665
2020-05-06,-0.021101874918241226
2020-05-07,0.0018070930998561607
2020-05-08,-0.0015464371549094302
2020-05-11,0.042715324885296724
2020-05-12,-0.03527239288049222
2020-05-13,-0.011417595339330622
2020-05-14,0.002206443155673199
2020-05-15,-0.012559781888107469
2020-05-18,-0.01966976195095571
2020-05-19,-0.032370363215177944
2020-05-20,0.021426501458110536
2020-05-21,-0.0052779343024117464
2020-05-22,-0.002176746159159193
2020-05-26,-0.0021817511395954003
2020-05-27,0.023503725772648254
2020-05-28,0.005607547852937156
2020-05-29,0.033324405212033836
2020-06-01,-0.03430528748341233
2020-06-02,-0.025279623222376424
2020-06-03,0.01556091017937633
2020-06-04,0.04220430455760882
2020-06-05,-0.010188063445158768
2020-06-08,0.002866392117516714
2020-06-09,0.008055036631960721
2020-06-10,-0.006702025507640319
2020-06-11,-0.04647203159101365
2020-06-12,0.0049423714144711806
2020-06-15,0.010519020242405697
2020-06-16,0.00878756832085692
2020-06-17,-0.011524994541912914
2020-06-18,0.003796091162036941
2020-06-19,0.046326352444316043
2020-06-22,-0.02323512583334697
2020-06-23,-0.008193183319266772
2020-06-24,0.01172564508930396
2020-06-25,-0.00579493528192121
2020-06-26,-0.012187251402547172
2020-06-29,-0.00013385656125863843
2020-06-30,0.031920438808299645
2020-07-01,-0.01143748957878521
2020-07-02,0.0038128412238023213
2020-07-06,0.005369996500282914
2020-07-07,-0.004429472385688249
2020-07-08,-0.010599296234048428
2020-07-09,-0.011903325296131695
2020-07-10,0.021550255653512318
2020-07-13,0.004717010797274046
2020-07-14,0.006651048717778663
2020-07-15,-0.0069960098867200005
2020-07-16,-0.00013004180245113073
2020-07-17,0.011351590358459784
2020-07-20,0.007353705509450359
2020-07-21,-0.016649412554476384
2020-07-22,-0.006902879247469351
2020-07-23,-0.00904928843444941
2020-07-24,-0.025410166064618545
2020-07-27,0.012221569377512065
2020-07-28,-0.010866561705571098
2020-07-29,-0.009765168627455467
2020-07-30,-0.009314154286164666
2020-07-31,-0.03871142483762535
2020-08-03,0.03164096806467498
2020-08-04,-0.011849856685870463
2020-08-05,-0.026523767553663147
2020-08-06,-0.0027536445454362513
2020-08-07,0.007847814619776683
2020-08-10,-0.01211252684529418
2020-08-11,-0.005984584715366337
2020-08-12,0.01086631337473909
2020-08-13,-0.009587217837147777
2020-08-14,0.0046932675221951214
2020-08-17,0.009489017576979064
2020-08-18,-0.0013014931488478654
2020-08-19,-0.0486534329721251
2020-08-20,0.005327559588029107
2020-08-21,0.006812815831944263
2020-08-24,-0.006315643127727144
2020-08-25,-0.0004539392363158701
2020-08-26,-0.00681323914596399
2020-08-27,-0.0007621487209377165
2020-08-28,-0.004424104344938007
2020-08-31,0.022831701363519752
2020-09-01,-0.013782867976157909
2020-09-02,0.014583348080862812
2020-09-03,-0.013175768876065974
2020-09-04,0.0015171279632177903
2020-09-08,-0.028329039268386258
2020-09-09,0.00576874497012092
2020-09-10,-0.011471098140630187
2020-09-11,0.028383217018896012
2020-09-14,0.022187784365168772
2020-09-15,-0.0021102151556074977
2020-09-16,-0.00830803013910153
2020-09-17,-0.009291675277679712
2020-09-18,0.00015365118684718126
2020-09-21,-0.01291315327169329
2020-09-22,-0.012614813070348618
2020-09-23,-0.004889672144216761
2020-09-24,-0.013314177155417273
2020-09-25,0.0
2020-09-28,0.009638338216016118
2020-09-29,-0.011933092793059097
2020-09-30,0.017552317687615338
2020-10-01,0.0020573317567511573
2020-10-02,-0.018161665162947815
2020-10-05,0.02300149461795864
2020-10-06,-0.016981288178096632
2020-10-07,0.005118562978491337
2020-10-08,0.007638304745770652
2020-10-09,0.008212285669088937
2020-10-12,0.011121519779946132
2020-10-13,-0.0009296198739183748
2020-10-14,-0.0068225307486563525
2020-10-15,-0.01701793544392205
2020-10-16,-0.0152478589206263
2020-10-19,-0.02306471189676662
2020-10-20,-0.00033005717640999244
2020-10-21,-0.005615185601739792
2020-10-22,0.007639919862298061
2020-10-23,0.0019778387801432373
2020-10-26,-0.013653376771022185
2020-10-27,0.0008337295599738503
2020-10-28,-0.02149645368379005
2020-10-29,-0.003235704078212276
2020-10-30,-0.0064921793180000575
2020-11-02,0.006534603133313555
2020-11-03,0.005125462781596646
2020-11-04,0.017678203039120488
2020-11-05,-0.004008611725195066
2020-11-06,-0.009391304536127243
2020-11-09,-0.0003384384846480959
2020-11-10,0.026587622531218047
2020-11-11,-0.00857813425142595
2020-11-12,-0.0019967505037916666
2020-11-13,0.01017026404120136
2020-11-16,0.008252128793490465
2020-11-17,-0.00196416536220545
2020-11-18,-0.001148263849415243
2020-11-19,-0.004433557520236775
2020-11-20,-0.008576644278966428
2020-11-23,-0.0036599469309612775
2020-11-24,0.006011025025185468
2020-11-25,-0.0124478939432211
2020-11-27,0.008907406500289206
2020-11-30,0.010661292359619656
2020-12-01,0.007417123462291064
2020-12-02,0.00016358125853743744
2020-12-03,-0.004416801453281383
2020-12-04,0.011501955789407159
2020-12-07,-0.011858551098813397
2020-12-08,0.005589491259104129
2020-12-09,-0.005721719260007863
2020-12-10,-0.006083497790958847
2020-12-11,0.005127986042186228
2020-12-14,-0.00399444778740321
2020-12-15,-0.006851888260459349
2020-12-16,-0.008244694421628007
2020-12-17,0.0022054430638096534
2020-12-18,0.00016937114977855217
2020-12-21,-0.009140170950989956
2020-12-22,-0.026306683801783692
2020-12-23,0.006666714667204365
2020-12-24,-0.005402762240076853
2020-12-28,-0.003153922559343547
2020-12-29,-0.0010547673456084983
2020-12-30,-0.003167402442736944
2020-12-31,0.02842011143108847
2021-01-04,0.031754273776883
2021-01-05,-0.0018297861881183541
2021-01-06,0.032499786437618416
2021-01-07,0.009201146645082758
2021-01-08,0.008317133312127911
2021-01-11,-0.008407161711998623
2021-01-12,-0.006879031352083231
2021-01-13,-0.008698474740597484
2021-01-14,0.013974846802195184
2021-01-15,0.014903619964194759
2021-01-19,0.05905573156682031
2021-01-20,0.013716937924143746
2021-01-21,-0.014855012271362766
2021-01-22,-0.0005971366579001769
2021-01-25,0.01822535523475044
2021-01-26,-0.02142033147209299
2021-01-27,-0.018290661526775054
2021-01-28,-0.012217704961506648
2021-01-29,0.014224006135342693
2021-02-01,-0.007622097980905185
2021-02-02,0.0004609084814375386
2021-02-03,-0.009366064604022228
2021-02-04,0.02030396580384708
2021-02-05,0.03995146935767213
2021-02-08,-0.007157402166883653
2021-02-09,-0.009857412028484669
2021-02-10,-0.0001485235223789294
2021-02-11,-0.005498626258291894
2021-02-12,-0.0004485095439110687
2021-02-16,-0.03124511928160456
2021-02-17,0.004629507783261877
2021-02-18,0.001997246737268865
2021-02-19,-0.013184229537411052
2021-02-22,-0.004039226215228453
2021-02-23,-0.006707208992469793
2021-02-24,0.00047111460244031456
2021-02-25,-0.014440424944389685
2021-02-26,-0.022137200679003932
2021-03-01,0.017263803103240827
2021-03-02,0.00880536663840048
2021-03-03,-0.0041261200026864175
2021-03-04,0.007649331689050243
2021-03-05,0.021983300099934544
2021-03-08,0.0020116586865768227
2021-03-09,-0.006486400833838002
2021-03-10,-0.006528819801553731
2021-03-11,-0.012830647426689046
2021-03-12,-0.013145149941429124
2021-03-15,0.02452880034212468
2021-03-16,0.014904129527276266
2021-03-17,0.00640520564715219
2021-03-18,-0.0052776405980364816
2021-03-19,0.005929955057612402
2021-03-22,0.01659949847157005
2021-03-23,-0.015718024234872452
2021-03-24,-0.002325527911542724
2021-03-25,-0.0055944728183633385
2021-03-26,0.019534322990631292
2021-03-29,0.014561606170689911
2021-03-30,-0.010424581842030545
2021-03-31,-0.01328245462355171
2021-04-01,0.028005634836084203
2021-04-05,-0.001505308993138832
2021-04-06,-0.001657914823793405
2021-04-07,-0.009512250064996453
2021-04-08,-0.008841653492711599
2021-04-09,0.0013841716802815984
2021-04-12,-0.006911153490858579
2021-04-13,0.0035567810657191057
2021-04-14,0.006318690194909493
2021-04-15,0.007197470911421311
2021-04-16,0.01672495388951112
2021-04-19,-0.013758211059699987
2021-04-20,0.006520128815119097
2021-04-21,0.006176585338286911
2021-04-22,-0.017218111811877157
2021-04-23,-0.0024373539117695797
2021-04-26,0.004275859818065664
2021-04-27,-0.016575562948983658
2021-04-28,-0.0035563020148124957
2021-04-29,-0.00931098305579503
2021-04-30,-0.005795884028926501
2021-05-03,0.036710418273736556
2021-05-04,-0.002431632727596167
2021-05-05,0.013254125055268684
2021-05-06,0.00045094116682053986
2021-05-07,0.0
2021-05-10,0.014127164195852249
2021-05-11,-0.003853202660259347
2021-05-12,0.0034214595607089393
2021-05-13,0.02164573553267779
2021-05-14,-0.005514251846202689
2021-05-17,0.007879657809974017
2021-05-18,-0.003185096934511522
2021-05-19,-0.005083375877614982
2021-05-20,0.012408427473150185
2021-05-21,-0.008651633608358522
2021-05-24,-0.019200122453926327
2021-05-25,-0.01779609354924705
2021-05-26,0.001811866880509827
2021-05-27,-0.006782399208909218
2021-05-28,0.0031867652567463267
2021-06-01,-0.011949679229263599
2021-06-02,0.010869553963264389
2021-06-03,0.006814995324997186
2021-06-04,0.014289932746076595
2021-06-07,-0.00014830746611749213
2021-06-08,0.0013347645543939635
2021-06-09,0.01688675161245201
2021-06-10,0.009322536717770946
2021-06-11,-0.007504708988205433
2021-06-14,0.0013225269706140796
2021-06-15,-0.0008805856113659472
2021-06-16,-0.011161687050463942
2021-06-17,-0.0016335717450739473
2021-06-18,-0.009074788575667903
2021-06-21,0.011109371611786267
2021-06-22,-0.004454300340066775
2021-06-23,-0.005965684238533386
2021-06-24,0.00795192704432468
2021-06-25,0.010419645939804045
2021-06-28,-0.0026515423922702785
2021-06-29,0.0033972579120062907
2021-06-30,0.013690492025971723
2021-07-01,0.003921097995567946
2021-07-02,0.0024591393515742688
2021-07-06,-0.012842720554572917
2021-07-07,-0.0007308694195624632
2021-07-08,-0.009801009161250929
2021-07-09,0.007829884056383074
2021-07-12,-0.002198976248649509
2021-07-13,-0.0008814240760927072
2021-07-14,-0.0011762688931793441
2021-07-15,0.00544678173230384
2021-07-16,0.004831637790300158
2021-07-19,-0.005828277480389166
2021-07-20,0.01363016439123399
2021-07-21,-0.010844283999627558
2021-07-22,0.003508303668057877
2021-07-23,0.0053894606132451894
2021-07-26,-0.003911879148872144
2021-07-27,0.0026183777117916307
2021-07-28,0.016393364091956908
2021-07-29,-0.003282947462013186
2021-07-30,-0.022053339817122652
2021-08-02,0.0008784536184460734
2021-08-03,0.021653182187038267
2021-08-04,-0.008449012207267015
2021-08-05,0.0008665299053995934
2021-08-06,-0.0075036170737471375
2021-08-09,-0.004652660978105905
2021-08-10,0.011393693718767306
2021-08-11,0.0086655568347207
2021-08-12,0.014890814494278093
2021-08-13,0.003950494919856995
2021-08-16,0.007728998634506157
2021-08-17,0.01840765009348444
2021-08-18,-0.014651460493230517
2021-08-19,-0.00402991796612695
2021-08-20,0.0107435466436121
2021-08-23,0.0015182761381358212
2021-08-24,-0.004134979050485099
2021-08-25,-0.011626199949492433
2021-08-26,0.0002801284629263545
2021-08-27,-0.0020997816384519252
2021-08-30,0.01024117451081552
2021-08-31,0.010692944785599234
2021-09-01,-0.012503434925377088
2021-09-02,0.006539424983587283
2021-09-03,-0.0052528440877190885
2021-09-07,-0.01070049906890036
2021-09-08,0.00969238691974983
2021-09-09,-0.01766815337872374
2021-09-10,0.005381668076963608
2021-09-13,0.0022538460329681875
2021-09-14,0.000141736270568682
2021-09-15,0.01859485644244585
2021-09-16,-0.005992277965656823
2021-09-17,0.003925292359342247
2021-09-20,-0.009076895249756523
2021-09-21,0.010851462371594733
2021-09-22,-0.004879376061649343
2021-09-23,0.004342893781304369
2021-09-24,-0.006974646756957137
2021-09-27,-0.010956335564956565
2021-09-28,-0.006249342386652201
2021-09-29,0.013863247600988782
2021-09-30,-0.01536508652945534
2021-10-01,-0.01846820603062871
2021-10-04,-0.01458586951766161
2021-10-05,-0.0023681805772836073
2021-10-06,0.001186933856670569
2021-10-07,0.009780709963498113
2021-10-08,-0.0013210180085303502
2021-10-11,0.00044092180181731777
2021-10-12,-0.010428863133354338
2021-10-13,0.003859302252841035
2021-10-14,0.007689061240428119
2021-10-15,-0.00763039069905469
2021-10-18,-0.02558034246605323
2021-10-19,0.015174415989476886
2021-10-20,-0.0005977373935981412
2021-10-21,0.0019441387823311285
2021-10-22,0.0037318949580147365
2021-10-25,0.006395156817964764
2021-10-26,0.0008867301611508172
2021-10-27,-0.01417406948589195
2021-10-28,0.008536855743751293
2021-10-29,-0.0365312775857527
2021-11-01,0.011714010320759582
2021-11-02,0.003961152612831587
2021-11-03,0.022913560536744537
2021-11-04,-0.01394474764178677
2021-11-05,-0.002256481202591809
2021-11-08,-0.005277407789410438
2021-11-09,0.002728540732942486
2021-11-10,0.0176870540228955
2021-11-11,0.0016337848088132656
2021-11-12,0.0007416921114908881
2021-11-15,-0.004149572633625809
2021-11-16,-0.004613099327214432
2021-11-17,0.008521475633637365
2021-11-18,0.004891772961225893
2021-11-19,0.013276367122905919
2021-11-22,0.01863448669191259
2021-11-23,0.009432584579315284
2021-11-24,-0.00792882812374418
2021-11-26,0.0028542344388680085
2021-11-29,0.005408189220361015
2021-11-30,-0.02434550534608282
2021-12-01,0.0
2021-12-02,0.010735424793288928
2021-12-03,-0.001578803565043585
2021-12-06,-0.0008624465130740999
2021-12-07,0.0021581045495884243
2021-12-08,0.0008613321243393646
2021-12-09,0.008463955564613546
2021-12-10,-0.0007112866275851282
2021-12-13,0.0051243556117157585
2021-12-14,0.008869849911643746
2021-12-15,0.009784527561157219
2021-12-16,0.015447147281703044
2021-12-17,-0.0013827919333588845
2021-12-20,0.0036005765573710047
2021-12-21,-0.008693187454997364
2021-12-22,0.008212601116623919
2021-12-23,0.0006904919392793918
2021-12-27,0.005380865802908419
2021-12-28,0.0013721048320980422
2021-12-29,0.009181818268992004
2021-12-30,-0.003802352045764845
2021-12-31,-0.01022351376571029
2022-01-03,-0.0004131115424051979
2022-01-04,-0.005097790756492193
2022-01-05,-0.00041552102133024515
2022-01-06,-0.008174219850191511
2022-01-07,-0.0046094617820963135
2022-01-10,0.011647563264491678
2022-01-11,0.003884227466776302
2022-01-12,-0.0016582884085144523
2022-01-13,-0.005121135315132697
2022-01-14,-0.0015303285281272894
2022-01-18,-0.018670922462829753
2022-01-19,-0.01930980097517665
2022-01-20,-0.01824254398642
2022-01-21,0.010323122964777554
2022-01-24,0.0008757324820150014
2022-01-25,0.003937826438177527
2022-01-26,-0.02178975497746205
2022-01-27,-0.0010396664339122896
2022-01-28,0.0236363474429111
2022-01-31,-0.002613970551343936
2022-02-01,-0.003057699139342396
2022-02-02,-0.038703233058469455
2022-02-03,-0.006533012088922763
2022-02-04,-0.02278630889992128
2022-02-07,-0.002190929893802207
2022-02-08,-0.000940972898348158
2022-02-09,-0.005023592133721944
2022-02-10,-0.02508663155151436
2022-02-11,0.004531419707064721
2022-02-14,-0.015466403478691992
2022-02-15,0.003600137229871736
2022-02-16,0.00929389249427115
2022-02-17,-0.009854759105339062
2022-02-18,-0.003915791537669078
2022-02-22,-0.0011464971985496453
2022-02-23,0.006067596406086118
2022-02-24,-0.012061862864581552
2022-02-25,0.008414275956013073
2022-02-28,-0.011780048238688279
2022-03-01,-0.0023178152469842672
2022-03-02,0.016262835404197817
2022-03-03,0.007674586670627592
2022-03-04,0.0024307570851609395
2022-03-07,-0.02586473224353536
2022-03-08,-0.011948310759568592
2022-03-09,-0.009069434199134752
2022-03-10,-0.018305105701113433
2022-03-11,0.0013810576813377828
2022-03-14,0.015365895147275488
2022-03-15,0.0029235992306113623
2022-03-16,-0.006001415111662967
2022-03-17,0.02121784679537808
2022-03-18,0.0037160536728133575
2022-03-21,0.004039205019105152
2022-03-22,0.0053636511160062295
2022-03-23,-0.01883950731407613
2022-03-24,0.0049278036192699215
2022-03-25,-0.0038890757298980505
2022-03-28,0.004583398418988471
2022-03-29,0.02281155801756274
2022-03-30,-0.01437302901707771
2022-03-31,-0.003519914139891278
2022-04-01,0.0037005720280858245
2022-04-04,0.016758745192418267
2022-04-05,-0.01516392873805461
2022-04-06,0.017907964873969506
2022-04-07,0.0027951819410045875
2022-04-08,0.02147895894933738
2022-04-11,-0.006581120692463527
2022-04-12,-0.00420097650202178
2022-04-13,0.006977144053476936
2022-04-14,-0.0038673784426128677
2022-04-18,-0.003882043870672147
2022-04-19,0.01948663568992992
2022-04-20,0.01306153976841462
2022-04-21,0.0023585078603349796
2022-04-22,-0.023529380685664125
2022-04-25,0.006425749614137333
2022-04-26,-0.014046431917769997
2022-04-27,-0.0029140294888543306
2022-04-28,-0.00048692738443856243
2022-04-29,-0.036062455834267815
2022-05-02,0.01634648068306932
2022-05-03,0.00033172262060432445
2022-05-04,0.029007121189488005
2022-05-05,-0.011759007811631084
2022-05-06,-0.0027711045797412792
2022-05-09,0.008172594489778806
2022-05-10,0.001621282926402401
2022-05-11,-0.019747453467933163
2022-05-12,0.031704068549753606
2022-05-13,-0.001760451801377183
2022-05-16,-0.002084530379357852
2022-05-17,0.015102925167099324
2022-05-18,0.000633171026301671
2022-05-19,0.0007908263595854947
2022-05-20,0.009008897103186086
2022-05-23,-0.0028194750012141556
2022-05-24,0.010838896981639534
2022-05-25,0.01025643090403916
2022-05-26,-0.008306461142536414
2022-05-27,0.005118536323262202
2022-05-31,0.0007716772845596243
2022-06-01,-0.001233531850391656
2022-06-02,-0.020225506102673374
2022-06-03,-0.0001575943427714055
2022-06-06,-0.022379950295512097
2022-06-07,0.008222182000445555
2022-06-08,-0.0025586018279475375
2022-06-09,-0.019236868931390316
2022-06-10,-0.007191860564833563
2022-06-13,-0.026177253385754495
2022-06-14,-0.01078395042260627
2022-06-15,0.010382476519244621
2022-06-16,-0.011474547585634598
2022-06-17,0.014033089333041815
2022-06-21,0.03382890859842136
2022-06-22,0.016526191361753817
2022-06-23,0.017395678589691377
2022-06-24,0.007989634479367957
2022-06-27,-0.003963153095068672
2022-06-28,-0.00986785188773276
2022-06-29,0.004340106922102738
2022-06-30,-0.01072354911809803
2022-07-01,0.008898263099891057
2022-07-05,-0.0003206882713034931
2022-07-06,0.00625594043423594
2022-07-07,-0.00015950036815626234
2022-07-08,0.001913425763105936
2022-07-11,-0.002864351924088515
2022-07-12,-0.0051069904007067235
2022-07-13,0.001924883698672053
2022-07-14,-0.010406672583084475
2022-07-15,0.01278131718029929
2022-07-18,-0.027156649647035236
2022-07-19,0.020032777406923552
2022-07-20,-0.00917578456291257
2022-07-21,-0.008773292560280588
2022-07-22,-0.003441979596145117
2022-07-25,-0.0008224663721734249
2022-07-26,-0.002139891971294605
2022-07-27,0.004618925295714726
2022-07-28,-0.008210178784073374
2022-07-29,-0.01076167170546316
2022-08-01,-0.002510260031189815
2022-08-02,-0.0010069028409959158
2022-08-03,0.04585155293896004
2022-08-04,-0.005781142576997356
2022-08-05,-0.013245301824186928
2022-08-08,0.008348427575041617
2022-08-09,0.006493519531342695
2022-08-10,0.01838715753017106
2022-08-11,-0.010928115753485512
2022-08-12,0.008166482605521885
2022-08-15,0.051620205144719655
2022-08-16,0.0018121801203847543
2022-08-17,-0.004673516742744299
2022-08-18,-0.01272325565575827
2022-08-19,0.0024545751788160874
2022-08-22,-0.014998366230860039
2022-08-23,-0.01056550290408853
2022-08-24,-0.000942457264432095
2022-08-25,-0.0004713379784246907
2022-08-26,-0.019185345643396357
2022-08-29,0.0012825472170003849
2022-08-30,0.0008005993944182332
2022-08-31,0.015520213515273218
2022-09-01,0.02331785573967049
2022-09-02,-0.017397907328918993
2022-09-06,-0.006737701120943185
2022-09-07,0.022085511562361937
2022-09-08,0.004784601121526011
2022-09-09,0.0027651102791388382
2022-09-12,0.04181974053098014
2022-09-13,-0.042787849302819425
2022-09-14,0.012583620067676327
2022-09-15,-0.0027616089768983665
2022-09-16,0.00923085526910361
2022-09-19,0.0033536037966024335
2022-09-20,-0.018839284106819565
2022-09-21,-0.01672340368845926
2022-09-22,0.004251875121157989
2022-09-23,-0.014270078444761802
2022-09-26,-0.008272272601058006
2022-09-27,0.004651974862058816
2022-09-28,0.020756861097680046
2022-09-29,-0.013452293612960742
2022-09-30,-0.02188052041139732
2022-10-03,0.010212311238149807
2022-10-04,0.04797824605613332
2022-10-05,0.002143728885965368
2022-10-06,-0.0076395760295608905
2022-10-07,-0.010161628629112518
2022-10-10,0.0026442492334779466
2022-10-11,0.018771551102350736
2022-10-12,-0.004263889137726573
2022-10-13,0.016363339000815325
2022-10-14,-0.004363588877832614
2022-10-17,0.0031736097811703168
2022-10-18,0.007382044147545175
2022-10-19,-0.010169350861113924
2022-10-20,-0.0004530538479760038
2022-10-21,0.024637324119846316
2022-10-24,0.01784913580738423
2022-10-25,0.008695672369111174
2022-10-26,0.017528858797384306
2022-10-27,-0.008754808669097613
2022-10-28,0.12920251657350157
2022-10-31,-0.010218335677098955
2022-11-01,0.011215939021272936
2022-11-02,-0.018401844075130458
2022-11-03,0.020287666536060733
2022-11-04,0.011074680349254074
2022-11-07,0.013940602108622135
2022-11-08,0.009452650758426717
2022-11-09,0.0010943987094504948
2022-11-10,0.0034016316684828407
2022-11-11,-0.00944328784031312
2022-11-14,0.012588658075005199
2022-11-15,0.0018105177388492155
2022-11-16,-0.0014457965507773674
2022-11-17,0.00892872225649377
2022-11-18,0.0
2022-11-21,0.008729880636896503
2022-11-22,0.010432550485421244
2022-11-23,0.0022292169824633667
2022-11-25,0.009833855473446507
2022-11-28,-0.012172420047392052
2022-11-29,0.006454635329089298
2022-11-30,0.024137154101180114
2022-12-01,0.0007970335754714508
2022-12-02,0.012855316211590306
2022-12-05,-0.011793698892874183
2022-12-06,-0.0002273904226451906
2022-12-07,-0.0019325869932628192
2022-12-08,0.0191366575683376
2022-12-09,-0.016765456310492866
2022-12-12,0.006479445817645368
2022-12-13,0.002371926676030478
2022-12-14,0.004317144989947952
2022-12-15,-0.020588329639993797
2022-12-16,0.002079214588065481
2022-12-19,-0.003919084957439534
2022-12-20,-0.019092931607141872
2022-12-21,0.005898368665655296
2022-12-22,0.00011732468714487077
2022-12-23,-0.006214732545316459
2022-12-27,0.003067776219532803
2022-12-28,-0.005175811393869689
2022-12-29,0.008159046512203005
2022-12-30,0.006919925358637613
2023-01-03,-0.005358134778252532
2023-01-04,0.0012880719094625626
2023-01-05,0.004093654214723408
2023-01-06,0.02597553431541777
2023-01-09,-0.033832905961680204
2023-01-10,0.023971822787405506
2023-01-11,0.0005737465959894106
2023-01-12,-0.016859743801199367
2023-01-13,0.006416152024287136
2023-01-17,-0.009968505302089037
2023-01-18,-0.01955287565793906
2023-01-19,-0.001432720568844914
2023-01-20,-0.007295121250743164
2023-01-23,0.0026504083031482217
2023-01-24,0.009491504369422588
2023-01-25,0.0005952513102447377
2023-01-26,-0.005352482807779446
2023-01-27,0.0013153365602043277
2023-01-30,-0.004538338812946852
2023-01-31,0.007078498037313308
2023-02-01,0.0007148028362913283
2023-02-02,-0.031071563858902973
2023-02-03,0.03821118091066844
2023-02-06,0.022011739990627444
2023-02-07,-0.003589512915330717
2023-02-08,-0.004416272170914004
2023-02-09,-0.0016339977769428415
2023-02-10,0.013679488259041417
2023-02-13,0.009111722362707075
2023-02-14,-0.02068803246708295
2023-02-15,-0.00735286293039239
2023-02-16,-0.019518011761635035
2023-02-17,0.016428930678565212
2023-02-21,-0.0014157751457741785
2023-02-22,-0.013468834037530186
2023-02-23,-0.011497111947677996
2023-02-24,-0.022776541122353944
2023-02-27,0.0028512417949280167
2023-02-28,-0.00445052950732705
2023-03-01,-0.011672465471007754
2023-03-02,0.0003767775545255869
2023-03-03,0.018211620486163538
2023-03-06,0.0004934052702121328
2023-03-07,-0.01023305872195357
2023-03-08,-0.0009967297345340187
2023-03-09,-0.015585816170933575
2023-03-10,0.006966339372006969
2023-03-13,0.00012594515419972474
2023-03-14,0.012823641967762534
2023-03-15,-0.0015042753224786543
2023-03-16,0.002511041331066277
2023-03-17,-0.031809766705686915
2023-03-20,0.027810038137962012
2023-03-21,-0.004026981548023945
2023-03-22,-0.016805645785684442
2023-03-23,0.012209231684049415
2023-03-24,0.015743897058220213
2023-03-27,-0.0052497233294510615
2023-03-28,0.017466553259118722
2023-03-29,0.003951984296442168
2023-03-30,0.001968264763106964
2023-03-31,0.018661783917813812
2023-04-03,0.003254230544647685
2023-04-04,-0.013455089098530881
2023-04-05,0.018631109381916255
2023-04-06,-0.0033472362370019493
2023-04-10,-0.009235913490174275
2023-04-11,-0.0007263683029363754
2023-04-12,-0.004603710012045292
2023-04-13,0.013510028721203104
2023-04-14,-0.003242407284167248
2023-04-17,0.007590260882273991
2023-04-18,0.0017937043790106078
2023-04-19,0.0039388071603490005
2023-04-20,0.006895964726265191
2023-04-21,0.022198588984845946
2023-04-24,0.0015015454777427273
2023-04-25,-0.012802680533163135
2023-04-26,-0.021614815170497903
2023-04-27,-0.0022686715437959526
2023-04-28,-0.016038297297139126
2023-05-01,-0.009609637697387874
2023-05-02,-0.012036295833595334
2023-05-03,-0.01230757155192952
2023-05-04,-0.01170535112194615
2023-05-05,0.015664756792897805
2023-05-08,-0.014545425453980299
2023-05-09,0.002672060269803822
2023-05-10,-0.008756214406487328
2023-05-11,0.007553394879985298
2023-05-12,-0.00673461575230061
2023-05-15,0.0026865233727002558
2023-05-16,-0.0007654762089761569
2023-05-17,0.006256301423050337
2023-05-18,-0.007613207188115756
2023-05-19,0.008183216063983423
2023-05-22,-0.002916922152183754
2023-05-23,-0.0005088298525879331
2023-05-24,0.005981267258065914
2023-05-25,-0.017710283278371985
2023-05-26,-0.007211965036919343
2023-05-30,-0.009858675797000949
2023-05-31,0.007992021764508417
2023-06-01,-0.00948826069374531
2023-06-02,0.022044385588382953
2023-06-05,-0.0021825817909680856
2023-06-06,-0.01955730910770337
2023-06-07,-0.0015747510921152452
2023-06-08,0.03049404196869232
2023-06-09,-0.003571487076835078
2023-06-12,-0.003328032861792174
2023-06-13,0.007577754566356454
2023-06-14,0.003217179357537958
2023-06-15,0.013470506184159126
2023-06-16,-0.0017723267093820994
2023-06-20,-0.014582900591387449
2023-06-21,-0.0012867064865573763
2023-06-22,0.006442561361994725
2023-06-23,-0.008193736420295306
2023-06-26,-0.011746319582224052
2023-06-27,-0.007183935614168635
2023-06-28,0.0022364524254507856
2023-06-29,-0.0022314618671456232
2023-06-30,0.013945383227578434
2023-07-03,-0.004541295892133368
2023-07-05,0.006777982872981703
2023-07-06,-0.012946632910703859
2023-07-07,-0.023872079445288352
2023-07-10,0.017065376714609837
2023-07-11,0.0056811251266806195
2023-07-12,0.0034154883339727604
2023-07-13,0.004320477090866692
2023-07-14,0.006257431970887906
2023-07-17,0.0037571598299981357
2023-07-18,0.009550673787012798
2023-07-19,0.009460426261606036
2023-07-20,0.012411430996960737
2023-07-21,0.008756610934814946
2023-07-24,-0.036954291226099834
2023-07-25,-0.005537011493232602
2023-07-26,-0.0005180301041904922
2023-07-27,-0.00880926877370547
2023-07-28,0.004574319389521575
2023-07-31,-0.009367509459922485
2023-08-01,-0.006041606060726901
2023-08-02,0.0
2023-08-03,-0.0019821557187779115
2023-08-04,0.041705659988662935
2023-08-07,0.025292111876321854
2023-08-08,-0.0073137649200326615
2023-08-09,0.0011239066326376168
2023-08-10,-0.00212050595282276
2023-08-11,0.0
2023-08-14,-0.0018749140865269576
2023-08-15,-0.002630036496766741
2023-08-16,-0.020592493255318534
2023-08-17,-0.019231042381395613
2023-08-18,-0.008104426490630035
2023-08-21,0.0007908157223077694
2023-08-22,0.0053988448214132845
2023-08-23,0.009037322730492958
2023-08-24,-0.009215981640260495
2023-08-25,0.006943460378699751
2023-08-28,0.002341984139127673
2023-08-29,0.015186902323377494
2023-08-30,-0.00703216683539587
2023-08-31,-0.015194471717196345
2023-09-01,0.0022227084314947465
2023-09-05,-0.0194389171277225
2023-09-06,-0.01224054465313651
2023-09-07,-0.004040873230991782
2023-09-08,0.027860240847783047
2023-09-11,0.013684173812309908
2023-09-12,-0.0031151008623491183
2023-09-13,0.006640448100682095
2023-09-14,0.010449347304577472
2023-09-15,-0.02184584792633215
2023-09-18,-0.0006607318937497109
2023-09-19,0.001983506247088096
2023-09-20,0.0006599671721838618
2023-09-21,-0.007254207798533363
2023-09-22,-0.0034539138580560458
2023-09-25,-0.0023997586914733526
2023-09-26,0.009354409853066903
2023-09-27,0.00026491177856735604
2023-09-28,-0.0017208250924417579
2023-09-29,-0.006364246171253085
2023-10-02,-0.011209118600630008
2023-10-03,-0.011201284884878926
2023-10-04,0.020063059767464697
2023-10-05,-0.0005353150246822924
2023-10-06,0.0005356017403412849
2023-10-09,0.004281432821824582
2023-10-10,0.01212376410647753
2023-10-11,0.013031407065683176
2023-10-12,-0.002598521418397559
2023-10-13,0.011594377517268661
2023-10-16,0.019961237186428393
2023-10-17,0.01616184232750406
2023-10-18,-0.010064892147515936
2023-10-19,-0.015438430556798055
2023-10-20,-0.008159059649959
2023-10-23,-0.0030850385501854927
2023-10-24,0.007607107833095483
2023-10-25,0.003071014360275681
2023-10-26,0.0014032345619316988
2023-10-27,-0.023949004809657892
2023-10-30,0.015008940067657406
2023-10-31,0.009901056317495938
2023-11-01,0.021008424230559042
2023-11-02,0.012969321947564172
2023-11-03,0.004431805709701697
2023-11-06,-0.005515314335563959
2023-11-07,-0.006531984488302167
2023-11-08,-0.03361860495502755
2023-11-09,-0.03748403802497158
2023-11-10,0.01253676436716522
2023-11-13,-0.013040203073354628
2023-11-14,-0.002802654104760216
2023-11-15,0.004282796852553172
2023-11-16,-0.0069297573756401665
2023-11-17,0.012480010923308527
2023-11-20,0.007289566349703014
2023-11-21,-0.017236821675086667
2023-11-22,0.013522515364565724
2023-11-24,-0.004227352006714646
2023-11-27,-0.006102292974320078
2023-11-28,-0.005472521755467863
2023-11-29,0.009663233150668304
2023-11-30,0.018210717004580657
2023-12-01,0.013707652759551214
2023-12-04,0.00888595322129282
2023-12-05,0.008680191202395049
2023-12-06,0.004302644087152974
2023-12-07,-0.016506935126799682
2023-12-08,0.012427870525817175
2023-12-11,0.013540652864402869
2023-12-12,0.009114895682771351
2023-12-13,0.028087178805967783
2023-12-14,-0.006801228651957092
2023-12-15,-0.017730425562317964
2023-12-18,-0.010332341719408777
2023-12-19,-0.00012571857638354889
2023-12-20,-0.011322173537157476
2023-12-21,0.004326179771953376
2023-12-22,0.00924873161811779
2023-12-26,0.0036404367108642255
2023-12-27,0.005253281185325642
2023-12-28,0.009580752276792781
2023-12-29,-0.0016022014339017732
2024-01-02,0.027527387608753617
2024-01-03,0.0028833249464934596
2024-01-04,0.011978943870968095
2024-01-05,-0.013849425216678757
2024-01-08,0.008162249270856625
2024-01-09,0.024645684248457922
2024-01-10,-0.018126788415303463
2024-01-11,0.010532507924066126
2024-01-12,0.011593953028107506
2024-01-16,-0.004515025002978845
2024-01-17,0.005698365922718995
2024-01-18,-0.0009249448078392231
2024-01-19,0.010300702665527961
2024-01-22,-0.1015007410611346
2024-01-23,0.013387832389218035
2024-01-24,0.0006289536964632081
2024-01-25,0.008801842393977966
2024-01-26,-0.008849520211815065
2024-01-29,-0.005658951047718741
2024-01-30,-0.00569105517157853
2024-01-31,-0.004579189753235791
2024-02-01,-0.0012776199776748376
2024-02-02,-0.015353216405121106
2024-02-05,-0.0032485788056368925
2024-02-06,0.013166536970536269
2024-02-07,-0.04246020071838652
2024-02-08,-0.008330947095206875
2024-02-09,-0.0017616623509958407
2024-02-12,0.010587753123551202
2024-02-13,-0.01235735532215787
2024-02-14,-0.006663762679796403
2024-02-15,0.0045180704624927515
2024-02-16,-0.024396955822277522
2024-02-20,0.006426523931032602
2024-02-21,0.016102120398154396
2024-02-22,-0.005737922439026377
2024-02-23,0.010580011712043147
2024-02-26,-0.008157822063754594
2024-02-27,0.0009594874608094273
2024-02-28,-0.004382212971226873
2024-02-29,-0.008253091863005269
2024-03-01,0.0029125085731009914
2024-03-04,-0.000829649159424739
2024-03-05,0.010242173570637503
2024-03-06,-0.004932070518490317
2024-03-07,0.014181498385104296
2024-03-08,0.019820752426083166
2024-03-11,0.0026625843589491716
2024-03-12,-0.0031865096689680517
2024-03-13,0.01145451436630629
2024-03-14,-0.01277136120031963
2024-03-15,-0.007007027115638387
2024-03-18,-0.005835190750414498
2024-03-19,0.002047524639993803
2024-03-20,0.007764499754518983
2024-03-21,-0.012030239824619704
2024-03-22,-0.0065671877515458554
2024-03-25,-0.00041325861886865045
2024-03-26,-0.002342181207323879
2024-03-27,0.008286019722536953
2024-03-28,0.003287301359907291
2024-04-01,-0.005051163545949033
2024-04-02,-0.0108396815302092
2024-04-03,-0.01664593209899068
2024-04-04,-0.01890244224722326
2024-04-05,0.0004314408013703641
2024-04-08,-0.0022996051796397854
2024-04-09,0.007490742079449442
2024-04-10,-0.026022497206827477
2024-04-11,0.007780333434836528
2024-04-12,-0.008448607420895149
2024-04-15,-0.004701001545217132
2024-04-16,-0.006494466177778491
2024-04-17,-0.005645559488601126
2024-04-18,-0.01150441075962827
2024-04-19,0.009069023153879696
2024-04-22,0.0028457957029994763
2024-04-23,0.00119479192652161
2024-04-24,0.0007460619453818484
2024-04-25,-0.026982720857118836
2024-04-26,0.0022980495098674503
2024-04-29,0.00794881378003165
2024-04-30,-0.011222374386026135
2024-05-01,0.0047546660659116835
2024-05-02,-0.002747738845612635
2024-05-03,-0.008418890055399642
2024-05-06,0.011732097779787898
2024-05-07,-0.0012207394584263787
2024-05-08,-0.008249149135806433
2024-05-09,-0.00523726050611073
2024-05-10,0.02136893332660983
2024-05-13,0.023953969162060273
2024-05-14,0.001628635082697727
2024-05-15,-0.009460609058083658
2024-05-16,0.012684814876105177
2024-05-17,-0.002063023178907164
2024-05-20,0.002657891316754535
2024-05-21,-0.008983734482432282
2024-05-22,0.007579170845296579
2024-05-23,-0.02404141973081131
2024-05-24,-0.007405178118840228
2024-05-28,-0.02649212119034694
2024-05-29,-0.006881390658701525
2024-05-30,0.009133934068450422
2024-05-31,0.002964877178171399
2024-06-03,-0.013069808640328362
2024-06-04,0.011508852243007794
2024-06-05,-0.004364174985978075
2024-06-06,-0.0004696107964807794
2024-06-07,0.013312410872646119
2024-06-10,0.008500682242882363
2024-06-11,-0.005517132010123271
2024-06-12,-0.00847591465618902
2024-06-13,-0.012123020003172003
2024-06-14,0.03615218769482054
2024-06-17,-0.012142670078877371
2024-06-18,-0.017426409053961422
2024-06-20,0.08456050253224068
2024-06-21,0.03182951220505004
2024-06-24,0.0008490597156769475
2024-06-25,-0.01583485273199481
2024-06-26,-0.004309944460038406
2024-06-27,-0.00692519264800362
2024-06-28,-0.003196290449493322
2024-07-01,0.0004371040753068378
2024-07-02,-0.003496337410729966
2024-07-03,-0.026462199744186066
2024-07-05,0.0015018824089583216
2024-07-08,0.012895354890029465
2024-07-09,0.003108908446225467
2024-07-10,0.014610377346319758
2024-07-11,0.017745479205375725
2024-07-12,-0.000143056975620226
2024-07-15,0.01214998793804245
2024-07-16,0.011721417963476144
2024-07-17,0.023171565975637298
2024-07-18,0.002864922836717243
2024-07-19,-0.012923621429491994
2024-07-22,-0.0020670887239632174
2024-07-23,-0.017124779050195382
2024-07-24,0.03273861163685421
2024-07-25,0.04095233574572088
2024-07-26,0.006535151154384744
2024-07-29,0.009349398526766306
2024-07-30,0.004116753612721791
2024-07-31,-0.025496579653288443
2024-08-01,0.005653426328399824
2024-08-02,0.003660658576714937
2024-08-05,-0.025270070395877586
2024-08-06,-0.008552802393597458
2024-08-07,-0.002561033669960411
2024-08-08,0.021486461304031756
2024-08-09,-0.02553254355876977
2024-08-12,-0.009095792247204026
2024-08-13,0.013563490540936307
2024-08-14,0.0021627148010874286
2024-08-15,0.002697559449610809
2024-08-16,-0.007532952096836021
2024-08-19,0.009081105291399716
2024-08-20,0.0040295435687456305
2024-08-21,0.005083695226507867
2024-08-22,0.010248881184070191
2024-08-23,0.010803684963338611
2024-08-26,0.0031282123612121904
2024-08-27,0.0005198451925576553
2024-08-28,0.020259644356984907
2024-08-29,0.011328878932299169
2024-08-30,-0.00566398025754955
2024-09-03,0.008860878868391486
2024-09-04,-0.0071517383745961505
2024-09-05,-0.004549607018773827
2024-09-06,-0.0006346750959411729
2024-09-09,0.005716403784857826
2024-09-10,0.028672526616822402
2024-09-11,-0.006139446709055196
2024-09-12,0.027427657810856765
2024-09-13,0.0050977342740310405
2024-09-16,0.004226613095773102
2024-09-17,-0.0013227518191825105
2024-09-18,0.010114350018874507
2024-09-19,0.00011923759001297718
2024-09-20,0.0004767075005172039
2024-09-23,0.0005956469252654806
2024-09-24,-0.002381169364851554
2024-09-25,-0.01885680810390189
2024-09-26,0.010096212845330355
2024-09-27,0.006864139038349704
2024-09-30,0.002750808925584991
2024-10-01,0.0011928078997627267
2024-10-02,0.009530629665168933
2024-10-03,-0.006726527178746
2024-10-04,0.004989929110728708
2024-10-07,-0.0018914606354167862
2024-10-08,0.009238367666276837
2024-10-09,0.010914292317663277
2024-10-10,-0.01706529096755427
2024-10-11,0.0033069747254093063
2024-10-14,0.0011771301684060376
2024-10-15,0.009053594062261805
2024-10-16,0.010836622496283477
2024-10-17,0.00703162951598868
2024-10-18,-0.007325945819939839
2024-10-21,-0.004958546368810213
2024-10-22,0.021671119204899725
2024-10-23,-0.010548902056934595
2024-10-24,0.01776897611834305
2024-10-25,0.0024780368211170245
2024-10-28,-0.0026966066362876795
2024-10-29,-0.0076610003394047554
2024-10-30,0.0023841648367310952
2024-10-31,0.0060029713059792655
2024-11-01,0.007768443596823049
2024-11-04,0.0036867405479221738
2024-11-05,0.004229814691681932
2024-11-06,0.01629346361416184
2024-11-07,0.06772822693350422
2024-11-08,-0.013585325508489343
2024-11-11,0.004763444899176683
2024-11-12,-0.027620370460463395
2024-11-13,-0.018230047483368206
2024-11-14,-0.005613642826626353
2024-11-15,-0.04027802108029477
2024-11-18,0.0006787494064253163
2024-11-19,-0.00802621423877714
2024-11-20,0.010028494568106172
2024-11-21,0.012749647024272504
2024-11-22,0.004790523057141227
2024-11-25,0.0033263047997014183
2024-11-26,0.009503754336486647
2024-11-27,0.011603860078228667
2024-11-29,0.0018395593838593793
2024-12-02,0.015554068878006921
2024-12-03,-0.016273111424049524
2024-12-04,-0.009730763400141118
2024-12-05,0.019652848378779453
2024-12-06,-0.013491882538151923
2024-12-09,-0.01671551892788692
2024-12-10,0.01931778385779981
2024-12-11,0.00043322035410664483
2024-12-12,0.0
2024-12-13,0.0027289425259027222
2024-12-16,0.0020684698301332016
2024-12-17,0.00814769373951485
2024-12-18,-0.022737058291674828
2024-12-19,0.004410601620189691
2024-12-20,0.016247632415282043
2024-12-23,0.008966281845383506
2024-12-24,0.005888530558086247
2024-12-26,0.004896322520168139
2024-12-27,-0.003177691235577984
2024-12-30,-0.022314336940518764
2024-12-31,0.003912728198679272
