Date,GLW
2015-01-05,-0.013906769884131198
2015-01-06,-0.017187938881874865
2015-01-07,0.01434964803199823
2015-01-08,0.03227231137643338
2015-01-09,-0.001713006437405129
2015-01-12,-0.0012868236683476475
2015-01-13,-0.005584689214535032
2015-01-14,0.004319569888570074
2015-01-15,-0.00989234566567987
2015-01-16,0.006516604873929577
2015-01-20,-0.0008637576593357732
2015-01-21,0.006047594645298915
2015-01-22,0.018462888060481797
2015-01-23,0.005480990093135851
2015-01-26,0.0025151634108036003
2015-01-27,0.03429549442775226
2015-01-28,-0.02062274877665171
2015-01-29,-0.01775363553197573
2015-01-30,-0.0008408215176258782
2015-02-02,0.015986497200901617
2015-02-03,0.008281409453630983
2015-02-04,-0.0032852108756123988
2015-02-05,0.008652610936404681
2015-02-06,-0.011030061777858147
2015-02-09,0.0012397191029442922
2015-02-10,0.025164958951346295
2015-02-11,-0.012072706561087054
2015-02-12,0.012627582607670051
2015-02-13,0.00563181272183888
2015-02-17,-0.015999782124422546
2015-02-18,0.0012189319986781744
2015-02-19,0.0008122485936969959
2015-02-20,0.012575836219948622
2015-02-23,-0.007211153802861414
2015-02-24,0.0
2015-02-25,-0.0024331280480492934
2015-02-26,-0.005284925741238622
2015-02-27,-0.002860571484332941
2015-03-02,0.009426397215582139
2015-03-03,-0.001217892641776741
2015-03-04,0.006097298129710715
2015-03-05,-0.0052525919483460415
2015-03-06,-0.02396424780912254
2015-03-09,-0.011235558153229741
2015-03-10,-0.029882426201125023
2015-03-11,-0.015184313036404773
2015-03-12,0.018942679071864976
2015-03-13,-0.005620259505491165
2015-03-16,0.03086930143113098
2015-03-17,-0.014339673954902321
2015-03-18,0.016688161649745625
2015-03-19,-0.026515405701004635
2015-03-20,0.011240736808289409
2015-03-23,0.003420283624766318
2015-03-24,-0.002556281058052834
2015-03-25,-0.029901934729170798
2015-03-26,-0.010568088991865121
2015-03-27,0.01201582096358389
2015-03-30,0.021987894789252005
2015-03-31,-0.02409640904696464
2015-04-01,-0.0189594982071688
2015-04-02,0.0031464386794828325
2015-04-06,0.002240084466419212
2015-04-07,-0.016540250596686956
2015-04-08,0.0027273163383547683
2015-04-09,0.008159580765028984
2015-04-10,0.008093314351532488
2015-04-13,-0.0026761128281523883
2015-04-14,-0.0008942059106807898
2015-04-15,-0.0004476158648591966
2015-04-16,0.013882418551010689
2015-04-17,-0.007950435192899952
2015-04-20,0.009795160893104393
2015-04-21,-0.003086228484193043
2015-04-22,-0.007518600152288113
2015-04-23,0.015596848774514172
2015-04-24,-0.01184743452212933
2015-04-27,-0.006216534953972119
2015-04-28,-0.013851629223422757
2015-04-29,-0.03216998274027938
2015-04-30,-0.020131613315574226
2015-05-01,0.024366785383250322
2015-05-04,0.0
2015-05-05,-0.029850562154160598
2015-05-06,0.012499977294235798
2015-05-07,-0.0009497625145205024
2015-05-08,0.005227941518453738
2015-05-11,0.007565174496943161
2015-05-12,-0.015016094603860441
2015-05-13,0.004287343645158259
2015-05-14,0.013757477617333258
2015-05-15,-0.003743821392268254
2015-05-18,0.0028180331881704213
2015-05-19,0.006557916265935271
2015-05-20,0.004653204956448498
2015-05-21,0.010653151728983179
2015-05-22,-0.014665752870878346
2015-05-26,-0.013488608636575639
2015-05-27,0.0018972551316500663
2015-05-28,-0.003786257956736372
2015-05-29,-0.006175711236880543
2015-06-01,-0.0019120730153053822
2015-06-02,-0.0014367720441440524
2015-06-03,-0.0023981456294475123
2015-06-04,-0.007211611258860273
2015-06-05,0.002905610679460935
2015-06-08,0.002414236436503403
2015-06-09,-0.006262041808071772
2015-06-10,0.018904870446192046
2015-06-11,-0.010466488327931955
2015-06-12,-0.002403910557043365
2015-06-15,-0.01783118860206978
2015-06-16,0.025515204478642195
2015-06-17,0.00047838581696302285
2015-06-18,0.014825504409597512
2015-06-19,-0.013195050572470057
2015-06-22,0.0057305010346022645
2015-06-23,-0.004273238469469032
2015-06-24,-0.009537568560791576
2015-06-25,-0.010592410980867273
2015-06-26,-0.010705872272983363
2015-06-29,-0.030988495149431583
2015-06-30,0.0015230871985856265
2015-07-01,0.0035481058372786034
2015-07-02,-0.005050955444629079
2015-07-06,-0.004060591154893545
2015-07-07,-0.002548551830372614
2015-07-08,-0.021972241063772602
2015-07-09,0.0010448814190444633
2015-07-10,0.006263006126600912
2015-07-13,-0.006742737073200056
2015-07-14,0.005222071780599302
2015-07-15,-0.009870496571302234
2015-07-16,0.025183731847985946
2015-07-17,-0.023541406854884483
2015-07-20,-0.008909751015285017
2015-07-21,-0.008460986972103846
2015-07-22,0.0015999223114324668
2015-07-23,0.0
2015-07-24,-0.010649777812333894
2015-07-27,-0.0069967021969020715
2015-07-28,-0.004335901393860531
2015-07-29,0.00925431502301044
2015-07-30,0.004854065306712396
2015-07-31,0.0026838479901623025
2015-08-03,-0.026231336272008132
2015-08-04,0.004947741255741045
2015-08-05,0.004923724166769672
2015-08-06,-0.005988142331559976
2015-08-07,-0.007119453415590171
2015-08-10,0.018201685994927885
2015-08-11,-0.03087730699775182
2015-08-12,0.002794652081425708
2015-08-13,-0.0072462366973221615
2015-08-14,0.00842217883552454
2015-08-17,0.011135598277281833
2015-08-18,-0.013215499656344831
2015-08-19,-0.010044645586912981
2015-08-20,-0.02874882218618624
2015-08-21,-0.025536495940276294
2015-08-24,-0.029779601902402697
2015-08-25,-0.019643921444301604
2015-08-26,0.03443923289759443
2015-08-27,0.034146519326278435
2015-08-28,0.01297162731862267
2015-08-31,0.001746401186285107
2015-09-01,-0.0296338835590364
2015-09-02,0.017365215791113053
2015-09-03,0.01589162244522102
2015-09-04,-0.0011588469526840894
2015-09-08,0.03190241613886924
2015-09-09,-0.012928559413951657
2015-09-10,0.002847304130141337
2015-09-11,0.0034073040343072236
2015-09-14,-0.0028293677040358567
2015-09-15,0.023268691181276724
2015-09-16,0.015529683513755721
2015-09-17,-0.0076460662916181255
2015-09-18,-0.030269409140115444
2015-09-21,-0.005675708703350768
2015-09-22,-0.030821985607508484
2015-09-23,-0.012367482628636295
2015-09-24,-0.00536655310161005
2015-09-25,-0.0065948746247881385
2015-09-28,-0.013276936320853472
2015-09-29,0.021406989653532937
2015-09-30,0.025149748652143034
2015-10-01,-0.016939489654249962
2015-10-02,0.013071750586489905
2015-10-05,0.034604098301786346
2015-10-06,0.00963740962373727
2015-10-07,0.0016842758618955678
2015-10-08,0.007286953524652251
2015-10-09,-0.025041688758618674
2015-10-12,-0.014840026070114698
2015-10-13,-0.022016219391645997
2015-10-14,0.007109166522253796
2015-10-15,-0.008823801924327523
2015-10-16,0.002373793975577465
2015-10-19,-0.004144412146500187
2015-10-20,0.0017836318297717035
2015-10-21,-0.008308795373706213
2015-10-22,0.05326178126469827
2015-10-23,0.0
2015-10-26,-0.01590924197348942
2015-10-27,0.05427254367821499
2015-10-28,0.03066828603771765
2015-10-29,0.001593953098144807
2015-10-30,-0.013262441325174401
2015-11-02,0.011827891588410244
2015-11-03,0.0005309653958924798
2015-11-04,0.002124517074933774
2015-11-05,0.010068596215217607
2015-11-06,-0.007344874359391129
2015-11-09,-0.007927905433375626
2015-11-10,0.0069702798589981185
2015-11-11,-0.014376769536721401
2015-11-12,-0.019989512114455432
2015-11-13,-0.01157648971251446
2015-11-16,0.022866670497091235
2015-11-17,0.005997798923439213
2015-11-18,0.02059595492360211
2015-11-19,0.008497464471007854
2015-11-20,-0.0005265556418079242
2015-11-23,0.004214599308485223
2015-11-24,-0.005246219772992555
2015-11-25,0.0005273887747172523
2015-11-27,-0.011070238048959458
2015-11-30,-0.0015989681901199537
2015-12-01,0.004804982651861245
2015-12-02,-0.004250890070719993
2015-12-03,-0.048559227932156834
2015-12-04,0.011217019336785983
2015-12-07,0.0005545919943086286
2015-12-08,-0.011640729639832759
2015-12-09,-0.004486780023146064
2015-12-10,-0.0033803906444148657
2015-12-11,0.0559637809084883
2015-12-14,-0.03265525662476909
2015-12-15,-0.011067834681380062
2015-12-16,0.036373448178445233
2015-12-17,-0.023217774486166687
2015-12-18,-0.004975113507153184
2015-12-21,0.0016664800077299535
2015-12-22,0.007210038478202341
2015-12-23,0.02147595805505209
2015-12-24,0.0005391120605946487
2015-12-28,-0.018857690273698213
2015-12-29,0.015376300074657179
2015-12-30,0.0
2015-12-31,-0.011357821205238983
2016-01-04,-0.020240691347026107
2016-01-05,-0.0005579630500177624
2016-01-06,-0.022346301634702415
2016-01-07,-0.022857496186982185
2016-01-08,0.00292405898307857
2016-01-11,0.009329218353306468
2016-01-12,0.0017333368632796997
2016-01-13,-0.016147490586614355
2016-01-14,0.014067794560717273
2016-01-15,-0.02485544799340822
2016-01-19,-0.00652072151375338
2016-01-20,-0.004176390400596253
2016-01-21,0.014379887962189253
2016-01-22,0.010041293454948086
2016-01-25,-0.019883225455429088
2016-01-26,0.05668300588081987
2016-01-27,0.011292742735171002
2016-01-28,0.004467014934925961
2016-01-29,0.03446355435783288
2016-02-01,-0.002149362721453496
2016-02-02,-0.025848108744489506
2016-02-03,0.016030913713805495
2016-02-04,0.026115241991703675
2016-02-05,-0.02757153095944398
2016-02-08,-0.020719822081889716
2016-02-09,0.028396425305236006
2016-02-10,-0.01786681991618666
2016-02-11,-0.01819171424180277
2016-02-12,0.032565959101039876
2016-02-16,0.013594390773949971
2016-02-17,0.01663071826730933
2016-02-18,-0.011609200587076263
2016-02-19,-0.009610492903453838
2016-02-22,0.007547102718826748
2016-02-23,-0.018593285947313576
2016-02-24,-0.012081381641350641
2016-02-25,0.007226500257840884
2016-02-26,0.010485786084062365
2016-02-29,-0.0005462517725053351
2016-03-01,0.018032609138514566
2016-03-02,0.009124998691727004
2016-03-03,0.004787282895536871
2016-03-04,0.0037059039786224712
2016-03-07,0.032172869287422357
2016-03-08,-0.02759340669325472
2016-03-09,0.007882543331562797
2016-03-10,-0.009384997022432229
2016-03-11,0.023684322287968795
2016-03-14,-0.0020566249976119444
2016-03-15,0.001545884490055327
2016-03-16,0.0005141840616187388
2016-03-17,0.030334383303476153
2016-03-18,-0.0009982518201435697
2016-03-21,0.007492624158091266
2016-03-22,0.006940841245037133
2016-03-23,-0.00886247780576599
2016-03-24,0.005961027248565287
2016-03-28,0.006419744772632852
2016-03-29,0.013248358156003226
2016-03-30,0.0092012666320882
2016-03-31,0.0023986217193130432
2016-04-01,-0.0028719046688733263
2016-04-04,-0.0024001272594947887
2016-04-05,-0.008181293382271249
2016-04-06,0.009704060949285553
2016-04-07,-0.0072081273554084335
2016-04-08,-0.006291929228572801
2016-04-11,0.004383394031122201
2016-04-12,0.010184412043876323
2016-04-13,0.012001813753939716
2016-04-14,-0.014705497373822984
2016-04-15,0.007222006650117407
2016-04-18,0.0
2016-04-19,0.00047739742432839627
2016-04-20,0.002389480800309096
2016-04-21,-0.00857980155351079
2016-04-22,0.009134910853552336
2016-04-25,-0.0009531296702711689
2016-04-26,-0.0834525638409046
2016-04-27,0.004162472324038102
2016-04-28,-0.021243686116557026
2016-04-29,-0.011646607437554857
2016-05-02,0.007498753481008258
2016-05-03,-0.010100882344830087
2016-05-04,-0.013426040205937628
2016-05-05,-0.0027224045866652835
2016-05-06,0.006550442396009215
2016-05-09,-0.0054227455115593015
2016-05-10,0.02835307894381578
2016-05-11,0.0005306470968577948
2016-05-12,0.0005298457572404658
2016-05-13,-0.010063881680864362
2016-05-16,0.027822129021548125
2016-05-17,-0.005205257489448112
2016-05-18,-0.006803031469788001
2016-05-19,-0.002107359690103894
2016-05-20,0.030094976415984576
2016-05-23,0.01076384207424863
2016-05-24,0.018762583857924398
2016-05-25,-0.004479337042002873
2016-05-26,0.013339605552851852
2016-05-27,0.018877430126194916
2016-05-31,0.018527200129512922
2016-06-01,-0.005744103830242153
2016-06-02,0.018777333396982065
2016-06-03,-0.003780998210236919
2016-06-06,-0.0009486637581553881
2016-06-07,0.0014240576794835036
2016-06-08,-0.00521546722394417
2016-06-09,0.0023832542166473125
2016-06-10,-0.024250932414068838
2016-06-13,-0.013645168168286537
2016-06-14,0.0014819321627121962
2016-06-15,-0.0034534861606068112
2016-06-16,-0.0044550238682236065
2016-06-17,0.008950646671139095
2016-06-20,0.006899922607142672
2016-06-21,-0.0029366583027312654
2016-06-22,0.00883616217848493
2016-06-23,0.011679108489542234
2016-06-24,-0.052910050430140854
2016-06-27,-0.03199648431613544
2016-06-28,0.01678925493818917
2016-06-29,0.022187999406439562
2016-06-30,0.0338214503617269
2016-07-01,-0.009277348396465435
2016-07-05,-0.0177426667086088
2016-07-06,0.009031669300055611
2016-07-07,0.015414935301390154
2016-07-08,0.02399628645942742
2016-07-11,0.0038259714256787536
2016-07-12,0.021915139489995683
2016-07-13,-0.003729539717173269
2016-07-14,0.0023396455352657775
2016-07-15,-0.003267903611514522
2016-07-18,0.001404828516101908
2016-07-19,-0.002806171252331957
2016-07-20,0.01360209046357963
2016-07-21,-0.005089966671495305
2016-07-22,0.006976270144022578
2016-07-25,0.0
2016-07-26,0.00277173819479537
2016-07-27,-0.010133489889176617
2016-07-28,0.03722654397288094
2016-07-29,-0.0031403542958776676
2016-08-01,0.0031502471881681426
2016-08-02,-0.008075477793638264
2016-08-03,0.004070390665172674
2016-08-04,0.008108547635810703
2016-08-05,0.011617342099903727
2016-08-08,0.007067016900670131
2016-08-09,0.004824519508671354
2016-08-10,-0.0034918657466461722
2016-08-11,0.003942341048033482
2016-08-12,-0.002181955001495983
2016-08-15,0.008745094538712417
2016-08-16,-0.014304170861885956
2016-08-17,-0.006596181557237957
2016-08-18,0.0035413298939832583
2016-08-19,0.004411283196515292
2016-08-22,-0.0017567209017691487
2016-08-23,0.004399423827559756
2016-08-24,-0.007446122530554877
2016-08-25,0.0008820866741268141
2016-08-26,-0.00044070834709986073
2016-08-29,0.0068783178515929855
2016-08-30,0.003525644514711823
2016-08-31,-0.003513258015859444
2016-09-01,0.0008813310852879841
2016-09-02,0.0026419849659464756
2016-09-06,0.0048309291772488105
2016-09-07,-0.0026224607017204526
2016-09-08,-0.0026289316184897604
2016-09-09,-0.016696127792981796
2016-09-12,0.0044682360838710355
2016-09-13,-0.005782706108682145
2016-09-14,0.0008946298911698403
2016-09-15,0.009834297707282724
2016-09-16,0.0013281708685926041
2016-09-19,0.003537198176342571
2016-09-20,0.0
2016-09-21,0.011453427280631034
2016-09-22,0.006533096589485865
2016-09-23,0.0012982851528779982
2016-09-26,-0.006050285126815824
2016-09-27,0.014347858634083943
2016-09-28,0.012858970867143382
2016-09-29,-0.00465500742255609
2016-09-30,0.005527007506689774
2016-10-03,0.0004227781263670405
2016-10-04,-0.010566112354140955
2016-10-05,0.016659141254824927
2016-10-06,0.0029416094941410176
2016-10-07,-0.003770541829102858
2016-10-10,0.0012616042078048562
2016-10-11,-0.007139845242669529
2016-10-12,-0.009729237927750933
2016-10-13,-0.00897039435744107
2016-10-14,0.008189425090021185
2016-10-17,0.0017101175744655972
2016-10-18,0.007682184585132257
2016-10-19,0.006353955637389497
2016-10-20,0.0016827728133381736
2016-10-21,0.0008408377731514705
2016-10-24,0.002938629847821783
2016-10-25,-0.03850990065038007
2016-10-26,0.002177207529983738
2016-10-27,-0.004344534412657364
2016-10-28,-0.010471429324587445
2016-10-31,0.0013229001815757702
2016-11-01,-0.005724140813736067
2016-11-02,-0.005314711983299025
2016-11-03,-0.005787856025329385
2016-11-04,0.003134822754603306
2016-11-07,0.025892735716412263
2016-11-08,0.0078327242853653
2016-11-09,0.0021591375327738582
2016-11-10,-0.0008618986141805118
2016-11-11,0.009055810470602
2016-11-14,0.0038458612983494067
2016-11-15,0.012631493654099435
2016-11-16,0.0008457867491440396
2016-11-17,0.006337124527584059
2016-11-18,0.0004197741204858829
2016-11-21,0.0016784929713549168
2016-11-22,0.005446137664206763
2016-11-23,0.00791659376800724
2016-11-25,0.004134231901973706
2016-11-28,-0.0037055587445149474
2016-11-29,-0.0012395481832445654
2016-11-30,-0.005792335007905325
2016-12-01,-0.020807291238754688
2016-12-02,0.0008499978409830522
2016-12-05,0.0033968993606456888
2016-12-06,0.015234807196984779
2016-12-07,0.02459348489931923
2016-12-08,0.012204930301689565
2016-12-09,-0.012861255902064661
2016-12-12,-0.0097722053868885
2016-12-13,0.005756510885366328
2016-12-14,-0.004905784699648974
2016-12-15,-0.004108555687621918
2016-12-16,0.002475204008161924
2016-12-19,0.0024692906620249477
2016-12-20,0.009441672459320927
2016-12-21,0.009759892735175635
2016-12-22,-0.0032216910324120995
2016-12-23,0.0008079043690261134
2016-12-27,0.006863247397182803
2016-12-28,-0.019647160676987463
2016-12-29,-0.00040895792144990395
2016-12-30,-0.006955917125196276
2017-01-03,0.0012360722386011158
2017-01-04,0.00658431272186033
2017-01-05,-0.006132255482723004
2017-01-06,0.008638564664989357
2017-01-09,-0.0020396390274892706
2017-01-10,0.0008174443489927796
2017-01-11,0.00735020361904426
2017-01-12,-0.005674840713202789
2017-01-13,0.01263742713706728
2017-01-17,-0.026167527150655845
2017-01-18,0.01529577220866929
2017-01-19,-0.00570045314235168
2017-01-20,0.015151510669975776
2017-01-23,-0.0008068921879180735
2017-01-24,0.05692376944099942
2017-01-25,0.019098610968308893
2017-01-26,-0.004872447600635654
2017-01-27,0.004896304588178246
2017-01-30,-0.0011245081686797054
2017-01-31,-0.0060037069868643655
2017-02-01,-0.010569991530918643
2017-02-02,0.006485806322000798
2017-02-03,0.013267791605562351
2017-02-06,-0.000748329926306468
2017-02-07,-0.0044927110740852205
2017-02-08,-0.004136942128989518
2017-02-09,0.01208486683933696
2017-02-10,-0.0037316067640931205
2017-02-13,0.001123756300163592
2017-02-14,0.019079620844969725
2017-02-15,0.004405386022370061
2017-02-16,0.012792465847451417
2017-02-17,-0.002165245036749197
2017-02-21,0.0028930257911543578
2017-02-22,0.00036084551765780404
2017-02-23,-0.00648888387413149
2017-02-24,0.011859047271601364
2017-02-27,-0.002884946785401743
2017-02-28,-0.0014465170119872806
2017-03-01,0.021368984726963136
2017-03-02,-0.011347456555821922
2017-03-03,0.0
2017-03-06,-0.005738763752350606
2017-03-07,0.0
2017-03-08,-0.0036075914710560486
2017-03-09,-0.001810239973815464
2017-03-10,-0.00036298245839505583
2017-03-13,0.005442891682146733
2017-03-14,-0.03103588123361445
2017-03-15,0.014152691817516327
2017-03-16,0.001836343188855727
2017-03-17,-0.0014661360399775836
2017-03-20,0.0022023452366439766
2017-03-21,-0.015750602323315377
2017-03-22,0.01786359943567528
2017-03-23,-0.00036563967466207714
2017-03-24,0.002560501479994315
2017-03-27,0.0
2017-03-28,0.005107400043917076
2017-03-29,-0.0025408104314528224
2017-03-30,0.002911105430735361
2017-03-31,-0.020319022809135334
2017-04-03,-0.005926070427062391
2017-04-04,-0.0018627585042377826
2017-04-05,-0.0033595444467381386
2017-04-06,0.0029962383601542797
2017-04-07,0.0011204452243267493
2017-04-10,-0.000746097721388117
2017-04-11,0.0022394281991544585
2017-04-12,-0.013780243173208917
2017-04-13,-0.006042263840879913
2017-04-17,0.008358958862770383
2017-04-18,0.013187329850762541
2017-04-19,-0.0011157728271565803
2017-04-20,0.009307839412005192
2017-04-21,-0.0033198891056540614
2017-04-24,0.018504820760770535
2017-04-25,0.03706390259336745
2017-04-26,-0.005255658439579758
2017-04-27,0.022190862806152678
2017-04-28,-0.005858006998885723
2017-05-01,0.009011853679614878
2017-05-02,-0.0030914683648181063
2017-05-03,-0.00895939217371522
2017-05-04,0.0027815427564594764
2017-05-05,0.002427161093167207
2017-05-08,0.007264101177516968
2017-05-09,-0.0013735776992216397
2017-05-10,0.0010313326889734853
2017-05-11,-0.010648866221721343
2017-05-12,0.009027415011204187
2017-05-15,0.00929126830203475
2017-05-16,0.009205816972075676
2017-05-17,-0.03243241057230806
2017-05-18,0.0045388818085108085
2017-05-19,0.009732348556433124
2017-05-22,0.008950057887463503
2017-05-23,-0.004435209937327267
2017-05-24,-0.00034270883065568025
2017-05-25,0.01371247828711919
2017-05-26,-0.003909535073234438
2017-05-30,0.0006828527949496177
2017-05-31,-0.007503655817764021
2017-06-01,0.019587816172101702
2017-06-02,0.0006740160665781314
2017-06-05,-0.005052317171453158
2017-06-06,0.0010157557838983422
2017-06-07,-0.002705342895164664
2017-06-08,-0.0064431639898014925
2017-06-09,-0.011945250178048927
2017-06-12,0.0037995735053395485
2017-06-13,0.011700025200735098
2017-06-14,-0.005102071813459119
2017-06-15,0.004786511428898299
2017-06-16,0.000680356339469057
2017-06-19,0.01598082369178755
2017-06-20,-0.007027948799390393
2017-06-21,0.0030332729712894135
2017-06-22,-0.0016802245271647642
2017-06-23,0.009424724886738955
2017-06-26,0.00800252467217466
2017-06-27,-0.007938992687322122
2017-06-28,0.017005722283201852
2017-06-29,-0.004262544106895527
2017-06-30,-0.010536789208224984
2017-07-03,0.0026621299766138584
2017-07-05,0.011948568788076042
2017-07-06,-0.02230241333880001
2017-07-07,0.01576606751887133
2017-07-10,0.008586953512457862
2017-07-11,-0.006876222612219096
2017-07-12,0.017144645649159962
2017-07-13,-0.0009724687211229988
2017-07-14,0.008111639928589875
2017-07-17,0.008046447318819316
2017-07-18,0.0028735501080527914
2017-07-19,0.010187530755332075
2017-07-20,-0.0006300320848005025
2017-07-21,0.004415032756561299
2017-07-24,0.0
2017-07-25,0.008791102299005482
2017-07-26,-0.053221422435103416
2017-07-27,-0.030571651697026803
2017-07-28,-0.008138529439056352
2017-07-31,-0.003760685013318499
2017-08-01,0.01304061740409157
2017-08-02,0.00846877781575861
2017-08-03,-0.01645932380486026
2017-08-04,-0.0010248564285949557
2017-08-07,-0.00034180643643177966
2017-08-08,0.002051784195405526
2017-08-09,0.0020478268439423353
2017-08-10,-0.026907463924376374
2017-08-11,0.01435095238297679
2017-08-14,0.014837816037970297
2017-08-15,-0.03128207752732448
2017-08-16,-0.0014036981326769338
2017-08-17,-0.020386670097692128
2017-08-18,0.00035873115133977507
2017-08-21,0.011118898770816843
2017-08-22,0.010996881821727866
2017-08-23,-0.0007019369951380972
2017-08-24,0.0028091348687451223
2017-08-25,0.0035013945455162343
2017-08-28,0.0034893437530849614
2017-08-29,-0.0012236607986099157
2017-08-30,0.0024503199576959567
2017-08-31,0.004189867433484373
2017-09-01,0.0052157497902853844
2017-09-05,-0.010031363013733419
2017-09-06,-0.0013974882951561796
2017-09-07,0.005248184369557318
2017-09-08,-0.006613004982839232
2017-09-11,0.013314553865919843
2017-09-12,0.007952876237136364
2017-09-13,0.0017154852549610133
2017-09-14,0.001712141799671496
2017-09-15,0.003418673708467823
2017-09-18,0.006473551541732903
2017-09-19,0.012525437458533073
2017-09-20,0.004011963585286882
2017-09-21,0.002331190427116381
2017-09-22,-0.0016612632982710984
2017-09-25,-0.0013310644960893292
2017-09-26,-0.0066642718826546155
2017-09-27,0.007715278070238973
2017-09-28,-0.002995852739325011
2017-09-29,-0.0010016710071092394
2017-10-02,0.008021244525562743
2017-10-03,0.004973640342351482
2017-10-04,0.005278820042620147
2017-10-05,-0.0006564361410230646
2017-10-06,-0.011822756283472069
2017-10-09,0.0009970106212922047
2017-10-10,-0.002988131386869375
2017-10-11,-0.004661749822108097
2017-10-12,0.001672776326078207
2017-10-13,-0.006679852157310373
2017-10-16,0.005043559571238143
2017-10-17,-0.007360358481957818
2017-10-18,0.008425979105622039
2017-10-19,0.004679204449741015
2017-10-20,0.0
2017-10-23,-0.0016634738108467495
2017-10-24,0.06431186939097433
2017-10-25,-0.012523452828953063
2017-10-26,0.005072956561021025
2017-10-27,-0.005993575867043521
2017-10-30,-0.007934101171723884
2017-10-31,0.0015995412259037778
2017-11-01,0.010220367380344042
2017-11-02,-0.0015807552262540048
2017-11-03,0.0028497593347376338
2017-11-06,0.005367690461537844
2017-11-07,0.012877032043864478
2017-11-08,-0.0009301606804098528
2017-11-09,-0.013345720556134033
2017-11-10,-0.0018873889705995905
2017-11-13,-0.0022061424853607736
2017-11-14,0.0012634508661113486
2017-11-15,-0.0071328110954307355
2017-11-16,0.010536752421840934
2017-11-17,-0.0006321491955514347
2017-11-20,0.003161552940734502
2017-11-21,0.006303326626128314
2017-11-22,-0.004071461411918276
2017-11-24,0.0015722515211056276
2017-11-27,0.006279355730864022
2017-11-28,0.0121686543008106
2017-11-29,0.0012330009145236076
2017-11-30,-0.0027709626166793067
2017-12-01,-0.016671827566043462
2017-12-04,0.011303017934725768
2017-12-05,0.000931518702603551
2017-12-06,-0.017680117383930494
2017-12-07,0.0018945806360088913
2017-12-08,0.01953979252583693
2017-12-11,0.006800846448026698
2017-12-12,0.002149084748265029
2017-12-13,-0.010723030387720822
2017-12-14,-0.01486518339923848
2017-12-15,0.0075445975264925025
2017-12-18,0.008424566125430522
2017-12-19,-0.0018566234789172409
2017-12-20,0.0049598154843422115
2017-12-21,-0.0037014301353517354
2017-12-22,0.0024767634214029055
2017-12-26,0.0
2017-12-27,-0.0009266280762119106
2017-12-28,-0.0015454481996511893
2017-12-29,-0.00959748562427809
2018-01-02,0.019693621536386985
2018-01-03,0.02452488203208958
2018-01-04,0.010173355920258587
2018-01-05,-0.0035545835240898827
2018-01-08,0.003864500597451803
2018-01-09,-0.003553112236368783
2018-01-10,-0.009509872411780251
2018-01-11,0.012901194496635071
2018-01-12,0.026659027326026763
2018-01-16,-0.00721312242449812
2018-01-17,0.012206032150737345
2018-01-18,0.0005737568179302599
2018-01-19,-0.005451554785453894
2018-01-22,0.0014424476643466466
2018-01-23,-0.004321585387626281
2018-01-24,-0.012731089462332812
2018-01-25,-0.009085680043628086
2018-01-26,0.016858634217283397
2018-01-29,-0.003781182845867037
2018-01-30,-0.05605828894829146
2018-01-31,-0.03433337272859638
2018-02-01,0.015054149228673985
2018-02-02,-0.012937795518297324
2018-02-05,-0.0479538498103802
2018-02-06,0.0006714485709415907
2018-02-07,0.0006711562285592887
2018-02-08,-0.04594206221923325
2018-02-09,0.011247724766627165
2018-02-12,0.02363577358442326
2018-02-13,-0.007130770654851015
2018-02-14,0.009575655855520226
2018-02-15,0.0006776819460643235
2018-02-16,-0.002369682049903843
2018-02-20,0.0061079648616853
2018-02-21,-0.013153317251156094
2018-02-22,-0.0017089767439312231
2018-02-23,0.0030809239011231337
2018-02-26,0.018088949361480644
2018-02-27,-0.010792652538018088
2018-02-28,-0.008523618907012032
2018-03-01,-0.02338378476105729
2018-03-02,0.014084395496260393
2018-03-05,0.002777674732206359
2018-03-06,0.011080571519433091
2018-03-07,0.004794502522020405
2018-03-08,-0.0003408988005696445
2018-03-09,0.02045698892735559
2018-03-12,-0.003007060886446533
2018-03-13,0.0
2018-03-14,-0.010053716238126564
2018-03-15,-0.0003383528418942072
2018-03-16,-0.001016274837403186
2018-03-19,-0.02067775839454411
2018-03-20,0.01280729171312922
2018-03-21,0.0037593385921421696
2018-03-22,-0.027579174225815795
2018-03-23,-0.02731081182960171
2018-03-26,0.019078184213709104
2018-03-27,-0.020134228187919434
2018-03-28,-0.014058769226351298
2018-03-29,0.01937830366021398
2018-04-02,-0.030487678311261313
2018-04-03,0.01220846098605044
2018-04-04,0.0010963648436392859
2018-04-05,0.002555668135239886
2018-04-06,-0.033138993488426416
2018-04-09,0.006026141459540835
2018-04-10,0.02358702866928608
2018-04-11,0.002560169993573558
2018-04-12,0.005837325547383365
2018-04-13,-0.005440579340415308
2018-04-16,0.0025527005563905636
2018-04-17,0.009458315900557901
2018-04-18,0.004323909294239314
2018-04-19,-0.00897013927115764
2018-04-20,-0.0025344710714616525
2018-04-23,-0.001814729850685981
2018-04-24,-0.027999897081440905
2018-04-25,0.012345745021667076
2018-04-26,-0.005912825500433372
2018-04-27,0.012267461973977323
2018-04-30,-0.0077120543924792395
2018-05-01,-0.007401736508897749
2018-05-02,-0.00447436810546642
2018-05-03,-0.004868820454644318
2018-05-04,0.01919439347422003
2018-05-07,-0.004431323185766445
2018-05-08,-0.005934410971451642
2018-05-09,0.01044745769350075
2018-05-10,0.010339782939743136
2018-05-11,0.023391799845209116
2018-05-14,0.002499907119530631
2018-05-15,-0.012468616243431097
2018-05-16,0.014429983694995707
2018-05-17,-0.010312977027366
2018-05-18,-0.005030607951349242
2018-05-21,0.002527979154092863
2018-05-22,-0.004322859239823562
2018-05-23,0.00470349334913589
2018-05-24,-0.015844437505552533
2018-05-25,-0.009879143185209438
2018-05-29,-0.011825824166452281
2018-05-30,-0.00790638439926905
2018-05-31,0.03111937053837921
2018-06-01,0.028708427400421677
2018-06-04,0.006082085507221446
2018-06-05,0.01600261250929158
2018-06-06,0.011900770626275481
2018-06-07,-0.0034589427838379594
2018-06-08,-0.002082649933953462
2018-06-11,0.0031302922636808894
2018-06-12,-0.008321612808738
2018-06-13,0.0
2018-06-14,0.010139823210760346
2018-06-15,0.006922755147158455
2018-06-18,-0.007562588108463442
2018-06-19,-0.01697270380254723
2018-06-20,0.00035227188304576273
2018-06-21,-0.003522216052531002
2018-06-22,0.007069660862424332
2018-06-25,-0.026675989461212413
2018-06-26,-0.001082007217801384
2018-06-27,-0.007220158676977229
2018-06-28,-0.01854551199743626
2018-06-29,0.01926644732105509
2018-07-02,0.007270024904240557
2018-07-03,-0.01299144443527167
2018-07-05,0.02230336976832814
2018-07-06,0.006079994007315959
2018-07-09,0.030927970658435555
2018-07-10,-0.0017244247443756189
2018-07-11,-0.023833972478263354
2018-07-12,0.014508099023993193
2018-07-13,0.004534185862009155
2018-07-16,-0.00694430864858131
2018-07-17,0.0206292898860847
2018-07-18,0.008907065021502847
2018-07-19,-0.003735150430125511
2018-07-20,-0.007498308169234469
2018-07-23,0.008241757363558255
2018-07-24,0.01600841708915124
2018-07-25,0.11330861952267268
2018-07-26,0.01264689536549124
2018-07-27,-0.002676198400453522
2018-07-30,-0.017889012686417294
2018-07-31,0.007285830371162705
2018-08-01,-0.00843879311469442
2018-08-02,-0.003343399299220895
2018-08-03,0.001524966996426791
2018-08-06,0.0030450065718852226
2018-08-07,0.0036431977792656944
2018-08-08,0.006956767927391638
2018-08-09,-0.00600790143582719
2018-08-10,-0.010577076446446676
2018-08-13,-0.007025333478905216
2018-08-14,0.006151833463268197
2018-08-15,-0.010394173662197859
2018-08-16,0.010812700611467108
2018-08-17,0.009168593993397645
2018-08-20,-0.000908451936584842
2018-08-21,-0.003334418964674568
2018-08-22,0.0003041302688251424
2018-08-23,-0.0021281938562571767
2018-08-24,0.005484564915929857
2018-08-27,0.0187877167201842
2018-08-28,0.0014872498745224227
2018-08-29,0.00415806019856535
2018-08-30,-0.00475783884648362
2018-08-31,0.001195076864259459
2018-09-04,-0.0026857823877304288
2018-09-05,-0.002992300723382968
2018-09-06,0.006302607701070606
2018-09-07,0.001491518159759897
2018-09-10,0.011613964882511318
2018-09-11,-0.012364152951129914
2018-09-12,0.01371095938423661
2018-09-13,0.0308734223781284
2018-09-14,0.005989482785667466
2018-09-17,-0.002551563195062778
2018-09-18,0.0025580903241835262
2018-09-19,-0.0005667150622297168
2018-09-20,0.02496444284420729
2018-09-21,-0.005812358870651235
2018-09-24,-0.0064031218973016335
2018-09-25,-0.005043525646434621
2018-09-26,-0.0030976587775016773
2018-09-27,-0.00028234959326101094
2018-09-28,-0.002542975960148519
2018-10-01,-0.0005668889260330712
2018-10-02,0.005385645382506521
2018-10-03,0.007611917506235688
2018-10-04,-0.001119237201084422
2018-10-05,-0.027170795461935682
2018-10-08,-0.007486110714911232
2018-10-09,-0.0063825045078234055
2018-10-10,-0.05635027810013715
2018-10-11,-0.03032197496811817
2018-10-12,0.02520743004191628
2018-10-15,-0.01058194883011554
2018-10-16,0.026737810214811253
2018-10-17,-0.007659307272455562
2018-10-18,-0.03766571705592414
2018-10-19,-0.012512082546890957
2018-10-22,0.0016244748902403128
2018-10-23,0.018812701214319105
2018-10-24,-0.035339039708803255
2018-10-25,0.037953819962100344
2018-10-26,-0.024165312090936197
2018-10-29,-0.003258402127144233
2018-10-30,0.020921764116273334
2018-10-31,0.023054752052792393
2018-11-01,0.03599354849366798
2018-11-02,-0.005739791146178397
2018-11-05,0.004558006707134021
2018-11-06,0.009679249740341067
2018-11-07,0.0188733452918195
2018-11-08,0.002646297235922468
2018-11-09,-0.01583553756898659
2018-11-12,-0.05512523791738355
2018-11-13,0.010091183377925361
2018-11-14,-0.01373700091788621
2018-11-15,0.02037576357545845
2018-11-16,-0.0006241195827770829
2018-11-19,-0.027161809431592965
2018-11-20,-0.009948792804416628
2018-11-21,-0.0045381042067438315
2018-11-23,0.014978857464438056
2018-11-26,0.011870452865603731
2018-11-27,0.0012681311448135002
2018-11-28,0.02121615263251786
2018-11-29,-0.012093249306046938
2018-11-30,0.011299415437622029
2018-12-03,0.03631275119066779
2018-12-04,-0.037136784192256855
2018-12-06,0.0037324975196266763
2018-12-07,-0.026030181870493663
2018-12-10,0.01049939304342895
2018-12-11,-0.005352623319514915
2018-12-12,0.012345766261895097
2018-12-13,-0.0003126348750680519
2018-12-14,-0.016890874520417265
2018-12-17,-0.016862972222061567
2018-12-18,-0.008090538353002663
2018-12-19,-0.01924946866543431
2018-12-20,-0.016966378637420454
2018-12-21,-0.026057317218687648
2018-12-24,-0.028144611512026074
2018-12-26,0.04326048891419321
2018-12-27,0.01782052642144083
2018-12-28,0.0016835632614491391
2018-12-31,0.015462362668202001
2019-01-02,-0.010923703664425632
2019-01-03,-0.061914119638716625
2019-01-04,0.04209747382148321
2019-01-07,-0.00034243982148063346
2019-01-08,0.009589077267283308
2019-01-09,0.006784274710621929
2019-01-10,0.022574174781132772
2019-01-11,-0.00988466088245843
2019-01-14,-0.006655740607868332
2019-01-15,0.008375439661620687
2019-01-16,-0.0009968670221295328
2019-01-17,0.006651391174055554
2019-01-18,0.011892788200826176
2019-01-22,-0.039503697256017434
2019-01-23,-0.003739167924829867
2019-01-24,0.018765145102835668
2019-01-25,0.016745035493355154
2019-01-28,0.0
2019-01-29,0.11067171022901245
2019-01-30,-0.005931209923277225
2019-01-31,-0.007756709256883543
2019-02-01,-0.005111224598538189
2019-02-04,0.0139015034904868
2019-02-05,0.0
2019-02-06,0.006557274259393564
2019-02-07,-0.01658262524121612
2019-02-08,0.005419906014304088
2019-02-11,-0.0008980920248959912
2019-02-12,0.019784202070414425
2019-02-13,0.0005875725662267683
2019-02-14,-0.009106861075827921
2019-02-15,0.023124978122023965
2019-02-19,-0.00898303053431393
2019-02-20,0.013450380120754835
2019-02-21,-0.004616307842218448
2019-02-22,0.01014469732989376
2019-02-25,0.006599889352426391
2019-02-26,-0.004846112012548698
2019-02-27,-0.0005761532294644711
2019-02-28,0.0034595719099701494
2019-03-01,0.003447184358985167
2019-03-04,-0.0014316054617988794
2019-03-05,-0.005447335772624906
2019-03-06,-0.00518869819522938
2019-03-07,-0.015647747795240807
2019-03-08,-0.005004355157173013
2019-03-11,0.011834247415891896
2019-03-12,0.0
2019-03-13,0.0032164653046973246
2019-03-14,-0.002623215948032498
2019-03-15,0.00876671666315465
2019-03-18,-0.004924489612465832
2019-03-19,0.007569088014031777
2019-03-20,-0.011268473195472972
2019-03-21,0.01665699571551338
2019-03-22,-0.02759412558251606
2019-03-25,-0.00266023273704985
2019-03-26,-0.003853305141913621
2019-03-27,-0.011008464336144663
2019-03-28,-0.01022865353066027
2019-03-29,0.00607885124561669
2019-04-01,0.024773772150155526
2019-04-02,0.002948061018076098
2019-04-03,0.01058203905444799
2019-04-04,0.006689791114508958
2019-04-05,0.0023114036940803384
2019-04-08,-0.0002880118022829947
2019-04-09,-0.011245858142686083
2019-04-10,0.0032080896367112643
2019-04-11,0.0058137175635153415
2019-04-12,0.011849649584662947
2019-04-15,-0.001427942439918728
2019-04-16,-0.0022883939284248367
2019-04-17,0.0008599847921517689
2019-04-18,-0.0017188850151010904
2019-04-22,-0.014346888860055085
2019-04-23,0.014555718130349504
2019-04-24,-0.01147756361934349
2019-04-25,-0.025834476755493996
2019-04-26,0.002681907898819169
2019-04-29,0.0023770733000754163
2019-04-30,-0.05573668903024509
2019-05-01,0.01444275080102786
2019-05-02,-0.02259362691735367
2019-05-03,0.012982906099962221
2019-05-06,-0.015317219813331673
2019-05-07,-0.010793665230886984
2019-05-08,-0.008664979747050161
2019-05-09,-0.008417053449008005
2019-05-10,0.005223859967889322
2019-05-13,-0.03864903446348089
2019-05-14,0.015540671028325459
2019-05-15,0.006985996338265021
2019-05-16,0.0075981939906484275
2019-05-17,-0.01934420923336322
2019-05-20,-0.010364489693083567
2019-05-21,0.024662241510018612
2019-05-22,0.0009892984944133154
2019-05-23,-0.02404531923996389
2019-05-24,0.002362769676102827
2019-05-28,-0.002020259146391923
2019-05-29,-0.015182153179899238
2019-05-30,0.006553948679602684
2019-05-31,-0.011651831580131278
2019-06-03,0.00034665997565896944
2019-06-04,0.03535557201643891
2019-06-05,0.01640455629450277
2019-06-06,0.004281775855269787
2019-06-07,0.0029518457291075606
2019-06-10,0.011772260321695427
2019-06-11,0.000646335441850665
2019-06-12,0.008074892128617117
2019-06-13,0.0025635586540020405
2019-06-14,-0.0121447503453197
2019-06-17,0.014882130561351126
2019-06-18,0.0366590267129836
2019-06-19,0.0055351657251065944
2019-06-20,0.012844175573693661
2019-06-21,0.003924893094234383
2019-06-24,-0.00631568744882971
2019-06-25,-0.006961290038114076
2019-06-26,0.007619933338311569
2019-06-27,0.005141792693120317
2019-06-28,0.0
2019-07-01,0.026783158079615177
2019-07-02,-0.012016546856226551
2019-07-03,0.0011867874547470958
2019-07-05,-0.004148327261761953
2019-07-08,-0.01785180206835335
2019-07-09,0.0006058737532599334
2019-07-10,-0.008779712326427713
2019-07-11,-0.005803405323455801
2019-07-12,0.014132027489307086
2019-07-15,0.010905865257257341
2019-07-16,-0.002097681108883309
2019-07-17,-0.010510657872465856
2019-07-18,0.006373327993774547
2019-07-19,-0.0015077641733191038
2019-07-22,0.007550753925650078
2019-07-23,0.006594891760605792
2019-07-24,0.007146664176020945
2019-07-25,-0.024245879561281325
2019-07-26,0.02393947030178012
2019-07-29,0.009174194067373742
2019-07-30,-0.07917885807201386
2019-07-31,-0.020700669329024368
2019-08-01,-0.032845425150329954
2019-08-02,-0.015131206100840622
2019-08-05,-0.0378969200794248
2019-08-06,0.012065148689837768
2019-08-07,-0.00035054960344627073
2019-08-08,0.022448303303759243
2019-08-09,-0.029845621444887005
2019-08-12,-0.01874105891965505
2019-08-13,0.016936843999299844
2019-08-14,-0.03189210289519895
2019-08-15,-0.006954739620694594
2019-08-16,0.018429682175942208
2019-08-19,0.009410257981544268
2019-08-20,-0.014342223078394833
2019-08-21,0.01455091555528365
2019-08-22,0.01039785300580176
2019-08-23,-0.025904757111851806
2019-08-26,-0.008014775874318314
2019-08-27,-0.005875840812789024
2019-08-28,0.011451730117983061
2019-08-29,0.019867581552126756
2019-08-30,0.004689819343229873
2019-09-03,-0.028007160588958246
2019-09-04,0.01219043132775921
2019-09-05,0.04306575930260048
2019-09-06,-0.008747296294542073
2019-09-09,0.012707582572926812
2019-09-10,0.017427511842825316
2019-09-11,0.027064088931223473
2019-09-12,0.009005866647883387
2019-09-13,-0.0029750870580281807
2019-09-16,-0.003647259027652394
2019-09-17,-0.06056565463636254
2019-09-18,-0.011689833055588128
2019-09-19,-0.010752363845346391
2019-09-20,0.005796657666464533
2019-09-23,-0.003241944997952717
2019-09-24,-0.0007226576450378719
2019-09-25,0.022061363187032557
2019-09-26,-0.0010614751886561802
2019-09-27,0.005313495091534337
2019-09-30,0.004932923152065616
2019-10-01,-0.025946495927682833
2019-10-02,-0.016558800137510876
2019-10-03,0.010249131268240674
2019-10-04,0.015217156203710447
2019-10-07,-0.0035689592576628737
2019-10-08,-0.02328063842203909
2019-10-09,0.0201686781954864
2019-10-10,0.013658974903778542
2019-10-11,0.030496741915271297
2019-10-14,-0.0017206552697484057
2019-10-15,0.017924865428383452
2019-10-16,-0.00033876084126371886
2019-10-17,-0.0057586694920059855
2019-10-18,-0.0006815230911108028
2019-10-21,0.019774956306545688
2019-10-22,0.003343589310350392
2019-10-23,0.0023325700438223684
2019-10-24,-0.009641208988691252
2019-10-25,0.02416927260815016
2019-10-28,0.003277761160312309
2019-10-29,-0.011434241667693024
2019-10-30,0.004296158955644724
2019-10-31,-0.025008559719223444
2019-11-01,-0.0016871743606147183
2019-11-04,0.01622716056991047
2019-11-05,-0.0003327879933334721
2019-11-06,-0.006988246585948099
2019-11-07,0.011729219504947874
2019-11-08,0.005962222691031416
2019-11-11,-0.014158839604368145
2019-11-12,-0.010687905986515922
2019-11-13,-0.010466020736745185
2019-11-14,-0.005496419699052457
2019-11-15,0.013816915841844635
2019-11-18,-0.011243523482201034
2019-11-19,-0.0024122087210289855
2019-11-20,-0.01139902909916135
2019-11-21,-0.0024456095174977266
2019-11-22,0.016462257664905833
2019-11-25,0.00758084134436654
2019-11-26,-0.0034197021744017952
2019-11-27,0.007206363025468399
2019-11-29,-0.010562070054878192
2019-12-02,-0.00998624473355858
2019-12-03,-0.025043442666902727
2019-12-04,-0.0003566923665835331
2019-12-05,-0.01177728728627303
2019-12-06,0.00722273656877781
2019-12-09,0.022230115308238707
2019-12-10,-0.017888419114251874
2019-12-11,0.0007143891760477139
2019-12-12,0.043897052655367474
2019-12-13,-0.01743593420666978
2019-12-16,-0.004175424754253809
2019-12-17,-0.0038433579157397535
2019-12-18,-0.0070150771067454265
2019-12-19,0.021547231046058712
2019-12-20,0.003111980228988731
2019-12-23,0.0037917659259034675
2019-12-24,-0.010302074611785006
2019-12-26,0.007286611783832164
2019-12-27,-0.008267271498606954
2019-12-30,0.00764140284391468
2019-12-31,0.003446968649554849
2020-01-02,0.030230387645947987
2020-01-03,-0.013004386772692
2020-01-06,0.0027027155921550694
2020-01-07,0.007412339807107982
2020-01-08,0.004682278057172251
2020-01-09,0.0059921327197762775
2020-01-10,-0.0036400184032544525
2020-01-13,0.009631294988790007
2020-01-14,-0.009539418039628988
2020-01-15,-0.014613191753053867
2020-01-16,0.01145953648308784
2020-01-17,0.0016660911183246085
2020-01-21,-0.01164353729711931
2020-01-22,-0.0020195130346718493
2020-01-23,-0.0033727165826806793
2020-01-24,-0.006429764149723738
2020-01-27,-0.027247860536916302
2020-01-28,-0.019607858520890198
2020-01-29,0.012500090028881194
2020-01-30,-0.023280394676305494
2020-01-31,-0.03611424929495055
2020-02-03,0.00824297418362785
2020-02-04,0.024897787517441428
2020-02-05,0.02574315809040728
2020-02-06,-0.004241762229877155
2020-02-07,-0.017394404439311617
2020-02-10,-0.0039738758743801395
2020-02-11,0.017047503476283365
2020-02-12,0.028530324377571192
2020-02-13,-0.0045075440527821975
2020-02-14,-0.004179475746654671
2020-02-18,-0.021686142656728857
2020-02-19,-0.0003575376924679352
2020-02-20,0.011802723435397455
2020-02-21,-0.011665044145486525
2020-02-24,-0.0343346927510092
2020-02-25,-0.047407388596433564
2020-02-26,-0.018273533058749458
2020-02-27,-0.03995223231911171
2020-02-28,-0.007074550189365536
2020-03-02,0.0339479914328491
2020-03-03,-0.03161733411640921
2020-03-04,0.05023045489331146
2020-03-05,-0.019529788232161227
2020-03-06,0.01138209297311188
2020-03-09,-0.08199336962357695
2020-03-10,0.05866892442801297
2020-03-11,-0.04259734724229125
2020-03-12,-0.11576670977289694
2020-03-13,0.11382504985754283
2020-03-16,-0.16403511788558522
2020-03-17,0.13116488207675525
2020-03-18,-0.0027827790165831923
2020-03-19,-0.010697793154648028
2020-03-20,-0.11330509724179094
2020-03-23,-0.05885473228293325
2020-03-24,0.12788742905939432
2020-03-25,0.011488306271992155
2020-03-26,0.07703688314788093
2020-03-27,-0.04905981586376007
2020-03-30,0.02603650257450907
2020-03-31,-0.03477424018245534
2020-04-01,-0.06962030860341206
2020-04-02,-0.02145470289621343
2020-04-03,-0.04224612745860801
2020-04-06,0.10050265870682384
2020-04-07,-0.001522155607645126
2020-04-08,0.045223678803371525
2020-04-09,0.02965463272582136
2020-04-13,-0.03635493577408988
2020-04-14,0.014208904480426776
2020-04-15,-0.034299653396974716
2020-04-16,-0.007503729586168739
2020-04-17,0.04435472088563008
2020-04-20,-0.013513596086922042
2020-04-21,-0.04892357847265616
2020-04-22,0.027777628606258098
2020-04-23,0.0025025697169831496
2020-04-24,0.037443728503997464
2020-04-27,0.04090496102752228
2020-04-28,0.023578355265799544
2020-04-29,0.015356547535742004
2020-04-30,-0.0209070088520793
2020-05-01,-0.06133586569086136
2020-05-04,-0.013068928659204393
2020-05-05,0.013732741885935873
2020-05-06,0.001934599303252016
2020-05-07,0.011588722459476397
2020-05-08,0.031980976810823236
2020-05-11,-0.01480125796514864
2020-05-12,-0.04178392686363286
2020-05-13,-0.03821675321276197
2020-05-14,0.015792217349973825
2020-05-15,-0.014543374921160868
2020-05-18,0.06717527706727155
2020-05-19,-0.006199435220943905
2020-05-20,0.03550908239017758
2020-05-21,-0.012048388707105895
2020-05-22,0.002814209067854234
2020-05-26,0.05144977178200372
2020-05-27,0.037811517079941126
2020-05-28,-0.0025963142619912505
2020-05-29,-0.011279504234455562
2020-06-01,-0.0021943603327155836
2020-06-02,0.050132135973930625
2020-06-03,0.0531826598184959
2020-06-04,-0.01590470074852235
2020-06-05,0.07797988766900699
2020-06-08,0.022114161470143
2020-06-09,0.013201012840920567
2020-06-10,0.007962548445518802
2020-06-11,-0.06104132724752942
2020-06-12,0.029827815095547994
2020-06-15,0.007055343192436281
2020-06-16,0.019911532425454403
2020-06-17,-0.01482289141321036
2020-06-18,0.003669774846192464
2020-06-19,-0.023766158563123363
2020-06-22,-0.005992427018645219
2020-06-23,0.012810943881601089
2020-06-24,-0.039806679231883635
2020-06-25,0.0
2020-06-26,-0.015497826006156235
2020-06-29,0.010625710091545448
2020-06-30,0.008567009955960714
2020-07-01,-0.009266366101740364
2020-07-02,0.013250289758179212
2020-07-06,0.031538380819237544
2020-07-07,-0.012304254046343388
2020-07-08,-0.0003775891456326841
2020-07-09,0.0011329460460931529
2020-07-10,0.0060355409702181895
2020-07-13,0.0018747911742504897
2020-07-14,0.023951927174362897
2020-07-15,0.025584825478576656
2020-07-16,0.024946728617641467
2020-07-17,0.009735646410980126
2020-07-20,0.0
2020-07-21,0.00929742016138202
2020-07-22,0.009894369971741312
2020-07-23,0.006756700002683358
2020-07-24,-0.01711418005798171
2020-07-27,0.04574928024247371
2020-07-28,-0.012732288773435352
2020-07-29,0.04530411832338066
2020-07-30,-0.01550135665844321
2020-07-31,-0.00385588136976589
2020-08-03,-0.003226062651324857
2020-08-04,0.009385027960265635
2020-08-05,0.02212249729465854
2020-08-06,-0.0012546533601679455
2020-08-07,0.0003140055456807289
2020-08-10,0.009419350845345065
2020-08-11,0.004665556207760213
2020-08-12,0.013312602391664985
2020-08-13,-0.006416085529701299
2020-08-14,-0.006149874919977094
2020-08-17,0.0003094101111547065
2020-08-18,-0.0068049849912755755
2020-08-19,0.0037370674497574363
2020-08-20,-0.011169597853243896
2020-08-21,0.0188265315210141
2020-08-24,0.02771793027437397
2020-08-25,-0.014384239961071965
2020-08-26,-0.003344660818332401
2020-08-27,-0.01320620030265185
2020-08-28,0.016495465955812083
2020-08-31,-0.006123836193421051
2020-09-01,0.012014974668657974
2020-09-02,0.025875187828462876
2020-09-03,-0.05341242749968034
2020-09-04,0.004702008369783073
2020-09-08,-0.009048446677069721
2020-09-09,0.04124701104501827
2020-09-10,-0.03598420927240986
2020-09-11,0.0018819970763337412
2020-09-14,0.025047183925517746
2020-09-15,0.00244314807773649
2020-09-16,-0.005484285028599101
2020-09-17,0.005514528273449004
2020-09-18,-0.011578334600318874
2020-09-21,-0.03144253299969002
2020-09-22,0.0060470137652752776
2020-09-23,-0.032268272553363064
2020-09-24,0.0032690803101229626
2020-09-25,0.016618005420625526
2020-09-28,0.02660237050645975
2020-09-29,-0.0018731154641402625
2020-09-30,0.013762869278787226
2020-10-01,0.0037024417193824988
2020-10-02,0.008607431893102202
2020-10-05,0.021944491386191256
2020-10-06,0.0026842403958822203
2020-10-07,0.04283202753630966
2020-10-08,0.0048487666049295
2020-10-09,-0.012773566069348985
2020-10-12,-0.004312465317703462
2020-10-13,0.006930119460009765
2020-10-14,-0.010610781471037667
2020-10-15,0.013333474386739264
2020-10-16,0.006292702794023608
2020-10-19,-0.016486545486442683
2020-10-20,0.006936571722375495
2020-10-21,0.00459233658341307
2020-10-22,0.013428356466253843
2020-10-23,0.0025375514046090952
2020-10-26,-0.03683915490643075
2020-10-27,-0.04087593392707434
2020-10-28,-0.03409446688916684
2020-10-29,0.011660824017420968
2020-10-30,-0.004049680327095406
2020-11-02,0.015639704970042745
2020-11-03,0.036957142726373515
2020-11-04,-0.0032670602526708725
2020-11-05,0.02771180952797736
2020-11-06,0.0063785171047126
2020-11-09,0.027945848127004513
2020-11-10,0.009529024138377418
2020-11-11,-0.0011106404818839177
2020-11-12,-0.02376959342474383
2020-11-13,0.026353775137191615
2020-11-16,0.03209566153778454
2020-11-17,-0.01352048107594328
2020-11-18,-0.010691021083256591
2020-11-19,0.006650154780873496
2020-11-20,-0.000825800218168582
2020-11-23,0.009091010815542644
2020-11-24,0.02375112000858648
2020-11-25,-0.005333451651106325
2020-11-27,-0.005630041734984603
2020-11-30,0.00889720021991769
2020-12-01,-0.001068645962294501
2020-12-02,0.011235750041925785
2020-12-03,-0.01798952026834988
2020-12-04,0.022359847048099235
2020-12-07,-0.009749529059134843
2020-12-08,0.0093135280072274
2020-12-09,-0.007118345427644779
2020-12-10,-0.013011493547489206
2020-12-11,-0.04116171340982022
2020-12-14,0.03282776909566576
2020-12-15,0.005705105940587263
2020-12-16,-0.02106962425489589
2020-12-17,0.009657722674817126
2020-12-18,-0.009565343242491697
2020-12-21,-0.008002320284490216
2020-12-22,0.0033382376727342233
2020-12-23,0.007762542696423624
2020-12-24,-0.002200922233742464
2020-12-28,-0.0022054775397561954
2020-12-29,-0.01519739580907531
2020-12-30,0.009258994030816092
2020-12-31,0.0008340046856678551
2021-01-04,-0.030000174976332894
2021-01-05,0.021478115482783222
2021-01-06,0.0344825024423403
2021-01-07,0.002167763950249091
2021-01-08,-0.000810932826497357
2021-01-11,0.015967167659199033
2021-01-12,-0.0021308074861204895
2021-01-13,-0.00774181622171255
2021-01-14,0.023137145131195025
2021-01-15,-0.006047780930579005
2021-01-19,0.019312099960729467
2021-01-20,-0.002075944714385658
2021-01-21,-0.013264220206912314
2021-01-22,-0.008961683210807592
2021-01-25,0.022872541142613834
2021-01-26,-0.033541685892505724
2021-01-27,-0.0521922522441447
2021-01-28,0.03434544779699089
2021-01-29,-0.01564224630854305
2021-02-01,0.0008366932974974706
2021-02-02,0.011977576463757522
2021-02-03,0.0002753265279948902
2021-02-04,0.025866636382111396
2021-02-05,0.003755414132089463
2021-02-08,0.006948346495305513
2021-02-09,-0.03582815811970985
2021-02-10,0.016790493850891375
2021-02-11,-0.004872628734573614
2021-02-12,0.0032644431786219563
2021-02-16,0.04663743728504821
2021-02-17,-0.01839380812883984
2021-02-18,-0.008709234189095638
2021-02-19,0.013312158054465062
2021-02-22,-0.002890414559845511
2021-02-23,-0.007904915276433333
2021-02-24,0.026028976135989756
2021-02-25,-0.018233890182589696
2021-02-26,0.014592857143675309
2021-03-01,0.03216531997213656
2021-03-02,-0.018495265025768926
2021-03-03,-0.003871929879109226
2021-03-04,-0.04223891121600254
2021-03-05,0.013528319809218647
2021-03-08,0.00400434721476306
2021-03-09,0.021536543663509322
2021-03-10,0.014315585409984788
2021-03-11,0.026430500414387437
2021-03-12,0.01875003507766082
2021-03-15,0.020613466981986628
2021-03-16,-0.014426405670411202
2021-03-17,0.0078066495549513615
2021-03-18,0.0021786909043024494
2021-03-19,-0.0028985017577153327
2021-03-22,-0.007509588834219039
2021-03-23,-0.02684893040323766
2021-03-24,0.009530975806725905
2021-03-25,0.02409926349328262
2021-03-26,0.05312961889216972
2021-03-29,-0.00023023343980099753
2021-03-30,0.00460791765632651
2021-03-31,-0.002064160885329569
2021-04-01,0.01103215830885218
2021-04-05,0.03387112650974933
2021-04-06,-0.017590328598976246
2021-04-07,-0.008728520151892294
2021-04-08,0.006321862385274546
2021-04-09,0.004038571833603344
2021-04-12,0.006704039750739854
2021-04-13,-0.0013317831480988973
2021-04-14,0.005556768386097755
2021-04-15,0.014588660709548229
2021-04-16,-0.0021785658354939175
2021-04-19,0.0056769020388451885
2021-04-20,-0.010855270218553592
2021-04-21,0.015144772858256328
2021-04-22,-0.014270169517187625
2021-04-23,0.014476755268934216
2021-04-26,-0.003891872899774329
2021-04-27,-0.03386150538311539
2021-04-28,-0.003369996497508243
2021-04-29,0.017808851511217583
2021-04-30,-0.020819472394747573
2021-05-03,0.013345292600862368
2021-05-04,0.004017837568270233
2021-05-05,0.009559955264914821
2021-05-06,0.005725466260136036
2021-05-07,0.007225793619733301
2021-05-10,-0.016521741578780946
2021-05-11,-0.0022105390531746982
2021-05-12,-0.050730852983168706
2021-05-13,0.01586904174181125
2021-05-14,0.017229630048384292
2021-05-17,-0.0020327541639821867
2021-05-18,-0.018329902686475386
2021-05-19,-0.004379750917092418
2021-05-20,0.01180841523014875
2021-05-21,-0.003890365952644248
2021-05-24,0.011026991001016118
2021-05-25,-0.004544345157165175
2021-05-26,-0.0004565583228375303
2021-05-27,-0.005281262108068341
2021-05-28,0.007156179387959538
2021-06-01,-0.011689227276162617
2021-06-02,-0.005566031742680999
2021-06-03,0.006996407223282652
2021-06-04,0.005326714432422941
2021-06-07,-0.018659550052589235
2021-06-08,0.009624391615608907
2021-06-09,-0.005812566928225182
2021-06-10,0.006548224802905178
2021-06-11,0.002787839767348199
2021-06-14,-0.03938811374033235
2021-06-15,-0.01061249606213921
2021-06-16,-0.016333637959672687
2021-06-17,-0.025526688191715996
2021-06-18,-0.01576780114088039
2021-06-21,0.017829483767630938
2021-06-22,0.019293675945423194
2021-06-23,0.017684030058765954
2021-06-24,0.003426254253789285
2021-06-25,-0.002439177386065139
2021-06-28,0.0022007533412577995
2021-06-29,-0.0034155972586815686
2021-06-30,0.001223856799084766
2021-07-01,0.004401296727035486
2021-07-02,0.0029208523838664124
2021-07-06,-0.018931811235052054
2021-07-07,0.005690119977221242
2021-07-08,-0.013530244822237969
2021-07-09,0.023192128490749697
2021-07-12,-0.0026806938556994675
2021-07-13,-0.008553389326950711
2021-07-14,0.004683154454986793
2021-07-15,-0.004661324751212059
2021-07-16,-0.01848645350134881
2021-07-19,-0.0123055175622514
2021-07-20,0.019832055518620217
2021-07-21,0.018698681790033866
2021-07-22,-0.010523600288551038
2021-07-23,0.019539701458110015
2021-07-26,-0.003881416946864502
2021-07-27,-0.013151701797022408
2021-07-28,0.007897470109647475
2021-07-29,0.023996050403196856
2021-07-30,0.0009564579597918232
2021-08-02,-0.018155746700829423
2021-08-03,0.01459851498243081
2021-08-04,-0.00263803450418576
2021-08-05,-0.01683089121454584
2021-08-06,0.0007339737770803989
2021-08-09,-0.0041547702001921705
2021-08-10,0.0041721043349551845
2021-08-11,0.0004884323378511191
2021-08-12,-0.014166851771331035
2021-08-13,-0.0012390342490258277
2021-08-16,0.0019845733295158485
2021-08-17,-0.0004952669530334797
2021-08-18,0.005449891511614791
2021-08-19,0.007390811001614095
2021-08-20,-0.01760823041862436
2021-08-23,0.005974790635422389
2021-08-24,0.0019795556768229527
2021-08-25,0.008150184208648215
2021-08-26,-0.01543377975298299
2021-08-27,0.013933921665865823
2021-08-30,-0.01110822647476628
2021-08-31,-0.0017471693203972016
2021-09-01,-0.02075542404480102
2021-09-02,0.011236226934986826
2021-09-03,-0.0027779520307731342
2021-09-07,0.0015192513990331946
2021-09-08,-0.014411965662351367
2021-09-09,-0.009492096307230025
2021-09-10,0.0056981430182603265
2021-09-13,0.003090258228322318
2021-09-14,-0.017715147295831346
2021-09-15,0.009932000580560318
2021-09-16,0.005176088983042781
2021-09-17,-0.011586064018583642
2021-09-20,-0.010419369794567812
2021-09-21,-0.01789922718913639
2021-09-22,0.000267812689905611
2021-09-23,0.012593776537494827
2021-09-24,0.01587720032407014
2021-09-27,0.00234428593506264
2021-09-28,-0.02260891074557181
2021-09-29,-0.012762684632948273
2021-09-30,-0.017236557121263596
2021-10-01,0.01342801029819607
2021-10-04,-0.011357284224238429
2021-10-05,0.009299899398386602
2021-10-06,-0.014363351747175068
2021-10-07,0.01567218881829424
2021-10-08,0.005955863865440669
2021-10-11,-0.0064588485167942356
2021-10-12,-0.013542609606453815
2021-10-13,0.011806505092369024
2021-10-14,0.02279516436726614
2021-10-15,0.006898250437985087
2021-10-18,-0.003425439058710622
2021-10-19,0.002379730555273074
2021-10-20,0.011078893997615191
2021-10-21,0.0033917016781339626
2021-10-22,-0.005980504540702092
2021-10-25,0.009940131005502728
2021-10-26,-0.05257715387794093
2021-10-27,-0.03253150410132655
2021-10-28,0.007064346788232756
2021-10-29,-0.0019642686696542677
2021-11-01,0.024458615984315424
2021-11-02,0.014270115604932299
2021-11-03,0.0027059141043477286
2021-11-04,-0.01052367651577657
2021-11-05,0.04554139397123036
2021-11-08,0.0033908169844996117
2021-11-09,-0.0064987572332001475
2021-11-10,-0.002896124254708421
2021-11-11,0.01029820636240486
2021-11-12,0.022477840493681178
2021-11-15,-0.010736023707291431
2021-11-16,-0.001292177427468788
2021-11-17,-0.011642778191868097
2021-11-18,0.0034030808157579084
2021-11-19,-0.017740486228684627
2021-11-22,0.028153745231412897
2021-11-23,0.01859992176619918
2021-11-24,-0.009890986056516171
2021-11-26,-0.027663830345252993
2021-11-29,0.013171774994533259
2021-11-30,-0.03562152952010189
2021-12-01,-0.0064707732244655425
2021-12-02,0.018453225990985755
2021-12-03,-0.010658108173932423
2021-12-06,0.01427430559878995
2021-12-07,0.015135143414674035
2021-12-08,0.0023542929011080016
2021-12-09,-0.020093879689750738
2021-12-10,0.0015979888406227882
2021-12-13,-0.018080330207563833
2021-12-14,-0.004061869137432228
2021-12-15,0.011419180362068015
2021-12-16,-0.0026882210833518716
2021-12-17,-0.01105133506049627
2021-12-20,-0.016080474973994896
2021-12-21,0.00443207268777801
2021-12-22,0.003309328584476301
2021-12-23,0.010170621843723193
2021-12-27,0.016870777977445517
2021-12-28,-0.0005351529669209709
2021-12-29,0.004283743193445266
2021-12-30,-0.007997786414810637
2021-12-31,0.0005374540499585301
2022-01-03,-0.001074558550339444
2022-01-04,0.02204906726933431
2022-01-05,0.004472488005575093
2022-01-06,0.003928774370149046
2022-01-07,-0.009392158815523022
2022-01-10,-0.009744388531576775
2022-01-11,0.011701910208383959
2022-01-12,0.003417395075021812
2022-01-13,-0.0020958585541609454
2022-01-14,-0.026253533422825326
2022-01-18,-0.011863046125872634
2022-01-19,-0.018826700681984443
2022-01-20,-0.023081314463617275
2022-01-21,-0.0019924059896055946
2022-01-24,0.007701174935017985
2022-01-25,-0.000849260060862389
2022-01-26,0.11161461718972476
2022-01-27,0.03363928190252641
2022-01-28,0.03846137757932988
2022-01-31,-0.001899208807334074
2022-02-01,0.0030922381684233002
2022-02-02,0.013516772880155736
2022-02-03,-0.0030416924234667464
2022-02-04,-0.009857179645145542
2022-02-07,0.00023725860947143573
2022-02-08,0.012796362200723
2022-02-09,0.0049133504693583685
2022-02-10,-0.010710105936745706
2022-02-11,-0.01459169458812093
2022-02-14,-0.013852288049143402
2022-02-15,0.01937519408528221
2022-02-16,0.0071274102170832965
2022-02-17,-0.024298016391257726
2022-02-18,0.008220364299176941
2022-02-22,-0.013908861681362739
2022-02-23,-0.021644125451819707
2022-02-24,0.0069600446100746005
2022-02-25,0.02137187949828223
2022-02-28,-0.017031594503242875
2022-03-01,-0.0452972177566745
2022-03-02,0.032668206674817846
2022-03-03,-0.004770373228788594
2022-03-04,-0.01992961441834107
2022-03-07,-0.04015430507515816
2022-03-08,-0.00858124894852863
2022-03-09,0.01785214678082303
2022-03-10,-0.01647615696144078
2022-03-11,-0.015401339399351288
2022-03-14,-0.006311635393302817
2022-03-15,0.010494210271436266
2022-03-16,0.01967759062675567
2022-03-17,0.01045300967540852
2022-03-18,0.008488259842472257
2022-03-21,-0.00578648462387743
2022-03-22,0.014285520024985177
2022-03-23,-0.020605043479560492
2022-03-24,0.021304801712310084
2022-03-25,0.0005214077658117766
2022-03-28,-0.010945943171135841
2022-03-29,0.009749824087949666
2022-03-30,-0.019310925962616188
2022-03-31,-0.017828862206354934
2022-04-01,-0.014900860122040949
2022-04-04,0.006325288570216081
2022-04-05,-0.025143274567280383
2022-04-06,-0.021026397821641396
2022-04-07,-0.014604658261722747
2022-04-08,-0.00929947068931114
2022-04-11,-0.012320450356971935
2022-04-12,-0.003563914108931643
2022-04-13,0.009538034815588237
2022-04-14,-0.005314490111600234
2022-04-18,0.0053428848201442225
2022-04-19,0.024800642868826994
2022-04-20,-0.0011522957334894057
2022-04-21,-0.0008653706927346239
2022-04-22,-0.024249419753585744
2022-04-25,0.018342940762810178
2022-04-26,0.03137730271017669
2022-04-27,0.01605643875786411
2022-04-28,0.009148792273917072
2022-04-29,-0.03324168402308758
2022-05-02,0.021880893611600394
2022-05-03,0.004727698907289968
2022-05-04,0.0315528076339564
2022-05-05,-0.01985519470103092
2022-05-06,0.009033703412415939
2022-05-09,-0.02984260171359321
2022-05-10,0.006711475817762214
2022-05-11,-0.031111124374979204
2022-05-12,0.009460800333482844
2022-05-13,0.009372431609656617
2022-05-16,-0.009566484318642932
2022-05-17,0.030965732389258926
2022-05-18,-0.06144929043835001
2022-05-19,-0.015854653267132313
2022-05-20,-0.01163483616921901
2022-05-23,0.01901599787316477
2022-05-24,-0.014514301424754295
2022-05-25,0.01292481423385361
2022-05-26,0.04510392797954044
2022-05-27,0.02002838725576095
2022-05-31,0.004768723590651058
2022-06-01,-0.010608730323250493
2022-06-02,0.030192004277195705
2022-06-03,-0.018351202008770273
2022-06-06,0.0013951988129143889
2022-06-07,-0.0013932549452687626
2022-06-08,-0.000557962869746631
2022-06-09,-0.04355106150332322
2022-06-10,-0.028604833123117346
2022-06-13,-0.040264441309724064
2022-06-14,0.005009327571224631
2022-06-15,0.019937892996056084
2022-06-16,-0.04184479620809867
2022-06-17,0.016257311211947734
2022-06-21,0.007528297672803275
2022-06-22,-0.017745913733040797
2022-06-23,0.0019017599396142781
2022-06-24,0.03638070349403266
2022-06-27,0.016178517061157915
2022-06-28,-0.023730951589130078
2022-06-29,-0.0036921471841757647
2022-06-30,-0.026868604609649016
2022-07-01,0.01269451657945786
2022-07-05,-0.008147964813632225
2022-07-06,0.008214899525916808
2022-07-07,0.023503414578669446
2022-07-08,-0.0015307888843323347
2022-07-11,-0.004906406342141012
2022-07-12,-0.002773650532530647
2022-07-13,-0.0037081206880523743
2022-07-14,-0.007754431084951219
2022-07-15,0.037824214837321346
2022-07-18,-0.012951627833233559
2022-07-19,0.043332329672096215
2022-07-20,0.0067267229443330745
2022-07-21,0.012492930558160475
2022-07-22,-0.013773195990073983
2022-07-25,0.0034913257263604613
2022-07-26,0.013047132562578723
2022-07-27,0.028906696202018134
2022-07-28,0.009457742013666559
2022-07-29,0.01295132067963567
2022-08-01,-0.010065508433910852
2022-08-02,-0.007694336866960749
2022-08-03,0.010800369672498089
2022-08-04,-0.00027376500767739564
2022-08-05,-0.01890928048259999
2022-08-08,0.002793281083397936
2022-08-09,-0.014484648652879017
2022-08-10,0.04013538268972483
2022-08-11,0.009239287701282572
2022-08-12,0.01076977735030371
2022-08-15,-0.009589633964749655
2022-08-16,0.005379433467097572
2022-08-17,-0.026752467061480045
2022-08-18,0.01319406399857126
2022-08-19,-0.01817683769234435
2022-08-22,-0.02901362054323442
2022-08-23,-0.002845566857525239
2022-08-24,-0.0017125822173399419
2022-08-25,0.02487145700349802
2022-08-26,-0.03375171012870848
2022-08-29,-0.008083231887846765
2022-08-30,0.01261379148510211
2022-08-31,-0.005793848302016458
2022-09-01,-0.013111826200422172
2022-09-02,-0.021257758736878296
2022-09-06,-0.010859639103585006
2022-09-07,0.006099468182238832
2022-09-08,0.003637393539739575
2022-09-09,0.016007364557827364
2022-09-12,0.02021379236402643
2022-09-13,-0.0407925630496776
2022-09-14,0.0
2022-09-15,-0.009416524869307885
2022-09-16,-0.01686617011448166
2022-09-19,0.009669443199654904
2022-09-20,-0.02069815697655608
2022-09-21,-0.02018935378600928
2022-09-22,-0.010946661559698145
2022-09-23,-0.01334622135782948
2022-09-26,-0.013856915179229157
2022-09-27,-0.01304770676858158
2022-09-28,0.014576199140279522
2022-09-29,-0.01035751000378704
2022-09-30,-0.020256463724146467
2022-10-03,0.029290033632720425
2022-10-04,0.05557422598865025
2022-10-05,-0.0066603395239172025
2022-10-06,0.005427794865709323
2022-10-07,-0.032708814451692825
2022-10-10,-0.010833819897081098
2022-10-11,-0.007633603024832847
2022-10-12,0.00602005185650345
2022-10-13,0.016622368115854824
2022-10-14,-0.012426526961410667
2022-10-17,0.035099390734061986
2022-10-18,0.007677590686758773
2022-10-19,-0.002539676185360551
2022-10-20,-0.016549992669575575
2022-10-21,0.04174750269692096
2022-10-24,0.004349230685767758
2022-10-25,-0.018558568453012514
2022-10-26,0.020800451908919104
2022-10-27,-0.008644558063689689
2022-10-28,0.011834224741239296
2022-10-31,-0.00984928783054706
2022-11-01,0.01212322870216509
2022-11-02,-0.02487711992533459
2022-11-03,0.004094445229421595
2022-11-04,0.03168119404227965
2022-11-07,0.00577697585268111
2022-11-08,-0.003022967025677614
2022-11-09,-0.027895749963823824
2022-11-10,0.057392571643756884
2022-11-11,0.01651906940183534
2022-11-14,-0.013639117730913197
2022-11-15,0.010885619866541463
2022-11-16,-0.025611052040190208
2022-11-17,0.002408807995626816
2022-11-18,0.018023203068627147
2022-11-21,-0.006786520954629394
2022-11-22,0.009506909445807343
2022-11-23,-0.0017657283414473923
2022-11-25,0.00589627326295572
2022-11-28,-0.02960141450445919
2022-11-29,0.009060871579493535
2022-11-30,0.02155016983135094
2022-12-01,0.003223102271199041
2022-12-02,-0.007009400965939161
2022-12-05,-0.014706029176677626
2022-12-06,-0.006567186507519529
2022-12-07,-0.004807545786481571
2022-12-08,0.006038633239155766
2022-12-09,-0.009003580538025413
2022-12-12,0.014233895193846102
2022-12-13,0.014929670527868533
2022-12-14,-0.007649400114044913
2022-12-15,-0.027868134634960073
2022-12-16,-0.014943713478636433
2022-12-19,-0.01702779288561085
2022-12-20,-0.006299262497392766
2022-12-21,0.01521387177396516
2022-12-22,-0.014361426789391118
2022-12-23,0.005701628111236312
2022-12-27,0.004724365876509928
2022-12-28,-0.015047077297986933
2022-12-29,0.01782298917377112
2022-12-30,-0.0012505988432088833
2023-01-03,0.018785177280191023
2023-01-04,0.04824826584214015
2023-01-05,0.008208741604134095
2023-01-06,0.02878753308360027
2023-01-09,0.0011303004128928595
2023-01-10,0.011857833318889899
2023-01-11,0.015904217421163658
2023-01-12,0.0035702637811638738
2023-01-13,-0.012862423919142607
2023-01-17,-0.003326947510544409
2023-01-18,-0.00027812339728527924
2023-01-19,-0.005286730544464047
2023-01-20,0.002517459530799293
2023-01-23,0.007533643139449264
2023-01-24,-0.008308098835291378
2023-01-25,-0.006981073302246288
2023-01-26,0.02446546342856437
2023-01-27,0.010156447214383357
2023-01-30,-0.011141352110332736
2023-01-31,-0.04891428294891165
2023-02-01,0.019358346979395424
2023-02-02,0.02862812961626937
2023-02-03,-0.015155627817536987
2023-02-06,-0.02014554072712338
2023-02-07,0.004854598785938968
2023-02-08,-0.0014211177347051018
2023-02-09,-0.0039840665440398215
2023-02-10,0.00714310569976595
2023-02-13,0.011914899080833985
2023-02-14,-0.007849967932006652
2023-02-15,0.006781863749310002
2023-02-16,-0.007858664827269601
2023-02-17,0.006506110594568293
2023-02-21,-0.027262222563501415
2023-02-22,-0.005489949309644415
2023-02-23,0.008134870742874334
2023-02-24,-0.011239208597691008
2023-02-27,0.00822804924117504
2023-02-28,-0.010492544450206753
2023-03-01,0.011192822168910155
2023-03-02,0.005243305444801782
2023-03-03,0.022022507360604404
2023-03-06,0.005670651635490298
2023-03-07,-0.029038701585624715
2023-03-08,-0.0017419096591142491
2023-03-09,-0.012507427904515422
2023-03-10,-0.02032414557250184
2023-03-13,-0.00571242100489433
2023-03-14,0.01481720478275772
2023-03-15,-0.022348157115348433
2023-03-16,0.015848845854726124
2023-03-17,-0.015301592036072842
2023-03-20,0.012492449848810372
2023-03-21,0.01324092134839061
2023-03-22,-0.026729877821960457
2023-03-23,-0.0033568679394703205
2023-03-24,0.00581748892878986
2023-03-27,0.015220870901313521
2023-03-28,0.005996871974015328
2023-03-29,0.024143001773643036
2023-03-30,0.01338763483573846
2023-03-31,0.013210773819939625
2023-04-03,-0.009353553326532316
2023-04-04,-0.014878357418504962
2023-04-05,-0.004937673093255324
2023-04-06,-0.004670152430497176
2023-04-10,0.022873899591326907
2023-04-11,0.0028670278922127146
2023-04-12,-0.006861009033133025
2023-04-13,0.005469116922520945
2023-04-14,-0.004294385776418497
2023-04-17,-0.0011499208080048007
2023-04-18,-0.006908525154578071
2023-04-19,-0.014492737336724182
2023-04-20,-0.0005882706325781584
2023-04-21,-0.011183000465332826
2023-04-24,0.0017856393494353195
2023-04-25,-0.022875798371146505
2023-04-26,-0.019762793127366063
2023-04-27,0.0158188593264188
2023-04-28,0.01435132164484676
2023-05-01,-0.0033115180102488706
2023-05-02,-0.018725415969878423
2023-05-03,-0.025238544560390208
2023-05-04,-0.009472612218110577
2023-05-05,0.0035064852446877737
2023-05-08,-0.000317745914887535
2023-05-09,-0.009850595742498358
2023-05-10,0.004172004265975637
2023-05-11,-0.009907392619699085
2023-05-12,0.00032294006000643805
2023-05-15,0.006776391333093157
2023-05-16,-0.018269281203740828
2023-05-17,0.006203041917449026
2023-05-18,0.015249827628146084
2023-05-19,0.0009588956318664632
2023-05-22,0.005747080381921732
2023-05-23,-0.023174699231850227
2023-05-24,0.024699475512070412
2023-05-25,-0.015540782135559206
2023-05-26,0.015786110641811346
2023-05-30,-0.002880029510886173
2023-05-31,-0.011232378055694325
2023-06-01,0.0019474397383651976
2023-06-02,0.0207321409046064
2023-06-05,-0.014598646961246686
2023-06-06,0.007407592676651253
2023-06-07,0.01950111076915917
2023-06-08,-0.00658507764177918
2023-06-09,0.03472204710983262
2023-06-12,0.0015255624721133287
2023-06-13,0.004873723100995431
2023-06-14,0.007577721608816423
2023-06-15,0.018050546787790944
2023-06-16,0.05939718314774933
2023-06-20,-0.026499276843197972
2023-06-21,-0.013753608162112907
2023-06-22,0.0008717128475879132
2023-06-23,-0.017126425998705397
2023-06-26,0.00826956983101712
2023-06-27,0.016109903962580274
2023-06-28,0.002594434633970799
2023-06-29,-0.002012633093009808
2023-06-30,0.009507445189468333
2023-07-03,0.0034245772839720523
2023-07-05,-0.005119391889730984
2023-07-06,-0.009433943719413196
2023-07-07,0.0014429384441596582
2023-07-10,0.009222036184558746
2023-07-11,0.01085086052554951
2023-07-12,0.004519896663265577
2023-07-13,0.007311470770496431
2023-07-14,-0.0630932336262523
2023-07-17,0.0011918671727975116
2023-07-18,0.0008928663326612796
2023-07-19,-0.0008920698335406207
2023-07-20,-0.012202305911269917
2023-07-21,0.000904017815658742
2023-07-24,-0.0009032013055872978
2023-07-25,0.02440476404470826
2023-07-26,0.01176466949311239
2023-07-27,-0.01715108684124078
2023-07-28,-0.0014787879585435038
2023-07-31,0.005331748479589393
2023-08-01,-0.005892613919201373
2023-08-02,0.0020744900718905335
2023-08-03,-0.007098385577719912
2023-08-04,-0.014000719076170287
2023-08-07,0.0003020772023545337
2023-08-08,-0.008456462557983713
2023-08-09,-0.008224269127881656
2023-08-10,0.003071181152854763
2023-08-11,-0.007042243927437797
2023-08-14,-0.0021584136286567634
2023-08-15,-0.014524169670010356
2023-08-16,-0.00439005176118612
2023-08-17,0.008818882290161367
2023-08-18,0.0037465894462318516
2023-08-21,-0.004665677503615351
2023-08-22,-0.001250097091084701
2023-08-23,0.0075094012266412324
2023-08-24,-0.007763950773480799
2023-08-25,0.015023439289679308
2023-08-28,0.006783870773815925
2023-08-29,0.007657067535834949
2023-08-30,0.004291671633025462
2023-08-31,0.0018316640452091804
2023-09-01,0.0012188156940986516
2023-09-05,-0.02008521507001959
2023-09-06,-0.010559067439822933
2023-09-07,-0.010671814117769962
2023-09-08,-0.004758827543983157
2023-09-11,-0.01083831706457572
2023-09-12,0.011601538600324535
2023-09-13,-0.004141397906885613
2023-09-14,0.007037793598209552
2023-09-15,-0.007941584001947555
2023-09-18,0.010887032359901294
2023-09-19,0.009819459869049751
2023-09-20,-0.008155612795576861
2023-09-21,-0.013915269628919424
2023-09-22,0.0012828585391220226
2023-09-25,-0.008007721715597382
2023-09-26,-0.027445852746404653
2023-09-27,-0.00199207497279974
2023-09-28,0.008649399797132862
2023-09-29,0.004947171313191667
2023-10-02,-0.00853294911601521
2023-10-03,-0.0062893006619449965
2023-10-04,0.0016656035107522893
2023-10-05,-0.012969717564970007
2023-10-06,-0.0033692999624161946
2023-10-09,-0.004732939616532872
2023-10-10,-0.00645372830126012
2023-10-11,-0.0051283499694388945
2023-10-12,-0.03333328739541663
2023-10-13,-0.007109763514467127
2023-10-16,0.016827727991444608
2023-10-17,-0.007394420220165565
2023-10-18,-0.02092930421257777
2023-10-19,-0.006159492652105469
2023-10-20,-0.009478634529239471
2023-10-23,-0.008833315288838461
2023-10-24,-0.0025993010204130584
2023-10-25,-0.0029782967681056816
2023-10-26,0.005601053361032671
2023-10-27,-0.012625250844201408
2023-10-30,0.0026325374662816703
2023-10-31,0.0037510438683046043
2023-11-01,-0.0037370261193937493
2023-11-02,0.02700673363218642
2023-11-03,0.02008771131299869
2023-11-06,-0.007518779718880042
2023-11-07,-0.00901879670095651
2023-11-08,-0.005824539976091003
2023-11-09,-0.008788106133061468
2023-11-10,0.022534277306011097
2023-11-13,0.0014451420834227235
2023-11-14,0.026695427009935102
2023-11-15,0.01721715566129034
2023-11-16,-0.010115092361680844
2023-11-17,0.003523633421772754
2023-11-20,-0.00667124255047602
2023-11-21,-0.006362759190570277
2023-11-22,0.001778668454236243
2023-11-24,0.0014205211572255738
2023-11-27,-0.011702112302393042
2023-11-28,-0.003946938564662217
2023-11-29,0.016570594725150656
2023-11-30,0.009567708677112208
2023-12-01,0.012285030095716909
2023-12-04,0.0006935137460593044
2023-12-05,-0.013860111898151062
2023-12-06,0.011595346399303708
2023-12-07,0.007641416733906059
2023-12-08,0.0034471803920814725
2023-12-11,0.013397334490293122
2023-12-12,-0.0030508559689967907
2023-12-13,0.009180576523676542
2023-12-14,0.029986591193034595
2023-12-15,-0.0035982726368557483
2023-12-18,-0.01181881040264976
2023-12-19,0.009302299498932909
2023-12-20,-0.02073738396934477
2023-12-21,0.01445392575872595
2023-12-22,0.0016566722180779703
2023-12-26,0.0072775512764635675
2023-12-27,0.0036125181966077946
2023-12-28,0.0022904881418877032
2023-12-29,-0.005876542873711976
2024-01-02,0.0013136251946830324
2024-01-03,-0.01180718175568718
2024-01-04,0.004978528292517881
2024-01-05,0.00957720191011524
2024-01-08,0.024533836514233798
2024-01-09,-0.023307804780531183
2024-01-10,0.003269000640206521
2024-01-11,0.0016293363099353364
2024-01-12,-0.004554345817877836
2024-01-16,-0.01241836253740325
2024-01-17,-0.012243529554551547
2024-01-18,0.010385213810016669
2024-01-19,0.0092838597975331
2024-01-22,0.005913222804609264
2024-01-23,-0.01045065702156922
2024-01-24,0.0023102737416491603
2024-01-25,0.01481729369954099
2024-01-26,0.0012978548121658218
2024-01-29,0.009397267207747806
2024-01-30,0.0690207814332997
2024-01-31,-0.024324152515335706
2024-02-01,-0.012311566388773398
2024-02-02,0.004985962669761035
2024-02-05,-0.0074419624219690395
2024-02-06,0.0009373131143188829
2024-02-07,-0.00780280179433146
2024-02-08,-0.001887411927543825
2024-02-09,0.00977001628252605
2024-02-12,0.004369432651801564
2024-02-13,-0.027967574134740936
2024-02-14,0.015025516651323567
2024-02-15,0.008818872954778678
2024-02-16,-0.003746477273516291
2024-02-20,0.01190855281896841
2024-02-21,-0.0012387700906547616
2024-02-22,0.01364324884823831
2024-02-23,0.0
2024-02-26,-0.0055062258567671885
2024-02-27,-0.002460713489022326
2024-02-28,-0.0018662073189348316
2024-02-29,0.0046743947703218325
2024-03-01,0.006513521862553384
2024-03-04,0.028659489615322054
2024-03-05,-0.02636305174118836
2024-03-06,0.009538505897168648
2024-03-07,-0.0064006642410444625
2024-03-08,0.00337430381621151
2024-03-11,0.005808753436035818
2024-03-12,-0.00030397399322978913
2024-03-13,-0.0048648831774413814
2024-03-14,-0.006110636976147443
2024-03-15,-0.0006147419699557011
2024-03-18,-0.005536625988079802
2024-03-19,0.006804844865405668
2024-03-20,0.003686366094358906
2024-03-21,0.01408040435983593
2024-03-22,-0.016903061219032622
2024-03-25,-0.0030702969621975162
2024-03-26,-0.0049276892299356945
2024-03-27,0.021974552311726514
2024-03-28,-0.00181691798363659
2024-04-01,-0.008798840120856966
2024-04-02,-0.004897343315384273
2024-04-03,0.0018457236617412942
2024-04-04,-0.006140714811746939
2024-04-05,0.0052518638323773015
2024-04-08,-0.010756128181050983
2024-04-09,0.01118375908949143
2024-04-10,-0.018433161049702607
2024-04-11,0.010015655546430802
2024-04-12,-0.024171147527382364
2024-04-15,-0.006351258285962391
2024-04-16,-0.01182486495804902
2024-04-17,0.0019405089293145217
2024-04-18,-0.002259500058049091
2024-04-19,0.011646692494989175
2024-04-22,0.00895418124530023
2024-04-23,-0.0006337745357540836
2024-04-24,-0.0003172443237710043
2024-04-25,-0.005393303564569463
2024-04-26,-0.0006380688411035118
2024-04-29,0.014363296055478703
2024-04-30,0.05034610278103191
2024-05-01,0.0029957932919142394
2024-05-02,0.002688137268345381
2024-05-03,0.004468256693764605
2024-05-06,-0.008303713078602115
2024-05-07,-0.0005981307706962591
2024-05-08,0.01526052050142046
2024-05-09,0.007957572301637406
2024-05-10,-0.0008772583213765284
2024-05-13,0.0032192076702364236
2024-05-14,0.01954488793450304
2024-05-15,0.0045780846306902045
2024-05-16,0.0031329074035613136
2024-05-17,0.003691024461910608
2024-05-20,0.004809077067528866
2024-05-21,0.027027158845621235
2024-05-22,0.0027411084236441674
2024-05-23,-0.012575146973395901
2024-05-24,0.0044296821076030835
2024-05-28,-0.01185238418902168
2024-05-29,-0.008368057004663254
2024-05-30,0.039662523990680265
2024-05-31,0.015812375674340018
2024-06-03,0.0026838447271240184
2024-06-04,-0.009368418036042936
2024-06-05,0.012969624011504699
2024-06-06,-0.002400662217143301
2024-06-07,-0.012566809693416947
2024-06-10,-0.0018955423383110181
2024-06-11,0.013293465657380876
2024-06-12,0.01793849437878281
2024-06-13,0.0015780971016352563
2024-06-14,-0.021796272057009736
2024-06-17,0.040268481720471705
2024-06-18,0.03767752282115744
2024-06-20,-0.008953079032408273
2024-06-21,0.005018725475333996
2024-06-24,-0.003745223345053117
2024-06-25,-0.003258186450527556
2024-06-26,-0.03746537115791304
2024-06-27,0.00809810575329517
2024-06-28,0.006737582404763964
2024-07-01,-0.004890527379168508
2024-07-02,-0.00698402706647816
2024-07-03,0.0007813928946682758
2024-07-05,0.0005205218643591358
2024-07-08,0.11992722177597326
2024-07-09,0.03763064962360718
2024-07-10,0.018132969393906073
2024-07-11,-0.009454574072486177
2024-07-12,0.012652580103198918
2024-07-15,0.0030687626209158214
2024-07-16,0.009615407605159332
2024-07-17,-0.00779228006739463
2024-07-18,-0.018542599262745596
2024-07-19,-0.015114512236800381
2024-07-22,0.0
2024-07-23,-0.005642070338221727
2024-07-24,-0.00249666787249081
2024-07-25,-0.025938511569989053
2024-07-26,0.0009342886395120598
2024-07-29,-0.00396729394460138
2024-07-30,-0.06888469190514879
2024-07-31,0.00679412659761236
2024-08-01,0.0007498520658482111
2024-08-02,-0.027472543022461826
2024-08-05,-0.03030308807800175
2024-08-06,0.015095514238943508
2024-08-07,-0.01252297666454727
2024-08-08,0.02007935526377458
2024-08-09,-0.004143986084092499
2024-08-12,0.02236670105310723
2024-08-13,0.011701743800576647
2024-08-14,-0.004526066788420269
2024-08-15,0.016923634797380904
2024-08-16,-0.0014902943066777974
2024-08-19,0.010198796090077566
2024-08-20,0.0029550932059028145
2024-08-21,0.033145023761427916
2024-08-22,-0.01924904265506877
2024-08-23,0.016234524909172876
2024-08-26,0.006676338766218537
2024-08-27,0.007105548139706874
2024-08-28,-0.004703671628140893
2024-08-29,-0.01063327660479707
2024-08-30,0.006251490849960906
2024-09-03,-0.028195891601006107
2024-09-04,0.014015301861469709
2024-09-05,0.0031521318677596444
2024-09-06,-0.017645615095750133
2024-09-09,0.008120067201478287
2024-09-10,0.0046376221209070145
2024-09-11,0.016763797673042813
2024-09-12,0.0002390016796893768
2024-09-13,0.015288929142595942
2024-09-16,0.009647100983778856
2024-09-17,0.009088818801800125
2024-09-18,0.0027712608170020747
2024-09-19,0.02326124183851941
2024-09-20,0.0015755124739791349
2024-09-23,0.0033709245027344625
2024-09-24,0.014333671310021279
2024-09-25,-0.013689680968044016
2024-09-26,0.013655688991383474
2024-09-27,-0.009054724107914747
2024-09-30,0.0062403377313235975
2024-10-01,-0.01351059649485975
2024-10-02,0.008307154167040753
2024-10-03,-0.007125301774182469
2024-10-04,0.006503664208425075
2024-10-07,-0.017156866348542965
2024-10-08,0.010881926230027483
2024-10-09,0.04799276968301558
2024-10-10,-0.015193716626931253
2024-10-11,0.009561075106684136
2024-10-14,0.007963937429344758
2024-10-15,-0.022848699833151187
2024-10-16,0.0054632275842694256
2024-10-17,0.011084646854298441
2024-10-18,0.003009458979038371
2024-10-21,0.007929717917221302
2024-10-22,0.005953647872016576
2024-10-23,-0.008877699639537995
2024-10-24,-0.001706085737202656
2024-10-25,-0.01196325883216931
2024-10-28,0.012756736143962666
2024-10-29,0.04675493545402931
2024-10-30,-0.02019161151803328
2024-10-31,-0.009367253120485364
2024-11-01,0.016179873113778775
2024-11-04,-0.027708741351853305
2024-11-05,0.005529385524591257
2024-11-06,0.0203046443699062
2024-11-07,-0.00041452481432269206
2024-11-08,0.010369027757554106
2024-11-11,0.0041050457694917775
2024-11-12,-0.012264869125670375
2024-11-13,-0.022971894002072446
2024-11-14,-0.003389042922176788
2024-11-15,-0.00598675443368113
2024-11-18,-0.0010755613376198792
2024-11-19,0.018303233099285388
2024-11-20,0.0012686762607418967
2024-11-21,0.010348570208646768
2024-11-22,0.014214049654895256
2024-11-25,-0.005358681542801502
2024-11-26,-0.005387391822648024
2024-11-27,0.0045833530264549616
2024-11-29,0.009332118090436436
2024-12-02,0.011711639222817816
2024-12-03,-0.0014216893185716728
2024-12-04,-0.00040669678875104864
2024-12-05,0.012410908116089692
2024-12-06,-0.004019211514688981
2024-12-09,-0.02118647861333023
2024-12-10,-0.0028860877004163177
2024-12-11,-0.015298654224777941
2024-12-12,0.02057530530799001
2024-12-13,-0.00946305637870326
2024-12-16,0.0006230082765947831
2024-12-17,-0.00871732594357022
2024-12-18,-0.026172565797972003
2024-12-19,0.011825507136010271
2024-12-20,0.005312341511510166
2024-12-23,0.004015966656157222
2024-12-24,0.008421126675676183
2024-12-26,0.0018789408563353316
2024-12-27,-0.004375999935682495
2024-12-30,-0.00920883374906234
2024-12-31,0.003802334979566613
