Date,HBAN
2015-01-05,-0.029523929981923325
2015-01-06,-0.02649629944762255
2015-01-07,0.013104638954686498
2015-01-08,0.022885189118404536
2015-01-09,-0.02820952993389647
2015-01-12,0.0020018046024157243
2015-01-13,-0.0029972130860148605
2015-01-14,-0.013025713720267507
2015-01-15,-0.0142135570301124
2015-01-16,0.021627593953971846
2015-01-20,-0.015121224443977566
2015-01-21,-0.0010235147468318218
2015-01-22,0.039959008584889766
2015-01-23,-0.010837368887188892
2015-01-26,0.012948083947696087
2015-01-27,-0.013766045675970173
2015-01-28,-0.025922135529504065
2015-01-29,0.03172932673174822
2015-01-30,-0.005951655142442447
2015-02-02,0.02494987409063465
2015-02-03,0.009736843641142245
2015-02-04,-0.014464218674038798
2015-02-05,0.008805958221196786
2015-02-06,0.009699207046816483
2015-02-09,-0.0038426364348558284
2015-02-10,0.022179763924218276
2015-02-11,-0.009434054815690707
2015-02-12,0.019999751027030666
2015-02-13,-0.0018673651541057934
2015-02-17,0.0009357671385494815
2015-02-18,-0.006542423808842512
2015-02-19,0.0009407772948208937
2015-02-20,0.007518805157547881
2015-02-23,-0.004664259918069957
2015-02-24,0.02717945260996646
2015-02-25,0.0018247035326228733
2015-02-26,-0.0009105256009689366
2015-02-27,-0.0027355145079894783
2015-03-02,0.0018288327413142902
2015-03-03,-0.0036500659694932436
2015-03-04,-0.009157470156697989
2015-03-05,0.004621085597706687
2015-03-06,0.012879681744981442
2015-03-09,0.007266193911483088
2015-03-10,-0.02975634259542037
2015-03-11,0.00929350165633469
2015-03-12,0.031307326783053036
2015-03-13,-0.007142993468843062
2015-03-16,0.007233673044810374
2015-03-17,0.007181142526178297
2015-03-18,-0.004456429430435671
2015-03-19,-0.00626663353784207
2015-03-20,0.015315430216351622
2015-03-23,-0.010648003481820822
2015-03-24,-0.011658789503726785
2015-03-25,-0.018148902065434735
2015-03-26,0.005545092879575497
2015-03-27,-0.004595560687847389
2015-03-30,0.01662051790516683
2015-03-31,0.0036330650014628763
2015-04-01,-0.004524794523263709
2015-04-02,0.00363630213884214
2015-04-06,0.0018112709064674881
2015-04-07,0.003616901464795097
2015-04-08,-0.003603866634286579
2015-04-09,0.0027127735121812435
2015-04-10,-0.00360685710880837
2015-04-13,0.02081434081203981
2015-04-14,-0.011524869209961985
2015-04-15,0.010762603723744713
2015-04-16,0.0
2015-04-17,-0.014197380463933928
2015-04-20,0.0036004945734304794
2015-04-21,0.0017937243418346682
2015-04-22,-0.012533459984212403
2015-04-23,-0.008159672331564671
2015-04-24,-0.013710939949229228
2015-04-27,-0.007414480320370398
2015-04-28,0.007469865491049665
2015-04-29,0.009268050474888767
2015-04-30,-0.0027550542360698094
2015-05-01,0.0027626655294394897
2015-05-04,0.01469212758636318
2015-05-05,-0.006335076338966683
2015-05-06,-0.009107284388368497
2015-05-07,0.002757257192562035
2015-05-08,0.008249553571075818
2015-05-11,0.008181728784842024
2015-05-12,0.0009016818938558657
2015-05-13,0.009008695960523339
2015-05-14,0.002678799836620893
2015-05-15,-0.013357319768508291
2015-05-18,0.016245706061807974
2015-05-19,0.016874070875180225
2015-05-20,-0.00873382223283059
2015-05-21,-0.000881090053250766
2015-05-22,-0.007054619766008519
2015-05-26,-0.011545275907612007
2015-05-27,0.012578825783088554
2015-05-28,0.0008870893164911742
2015-05-29,-0.013297857437585048
2015-06-01,-0.008086102210267954
2015-06-02,0.011775147632566707
2015-06-03,0.00895282048986945
2015-06-04,-0.009760659236292546
2015-06-05,0.01612898865904344
2015-06-08,-0.006172562691861394
2015-06-09,0.010647876017302327
2015-06-10,0.004389283624946394
2015-06-11,0.003496634116091135
2015-06-12,0.00348451283484863
2015-06-15,-0.00436325832352269
2015-06-16,0.007011770072255619
2015-06-17,-0.011314502051839814
2015-06-18,0.013204627157678228
2015-06-19,-0.013032537360908814
2015-06-22,0.018486301906219582
2015-06-23,0.009507027075363883
2015-06-24,-0.008561414430085068
2015-06-25,-0.012953696532435277
2015-06-26,0.002624789394220617
2015-06-29,-0.02268781135628195
2015-06-30,0.00982161386636915
2015-07-01,0.014147151935820057
2015-07-02,-0.010462351475929221
2015-07-06,-0.000881222445273333
2015-07-07,-0.010581916901994726
2015-07-08,-0.015151299980621258
2015-07-09,0.0063346704047677616
2015-07-10,0.00809362907507083
2015-07-13,0.013380676606739916
2015-07-14,0.007042191066024328
2015-07-15,0.007867235344447998
2015-07-16,0.004336769172964994
2015-07-17,-0.0034544465950022696
2015-07-20,0.006932656572674389
2015-07-21,-0.003442370637467662
2015-07-22,0.001726698821372663
2015-07-23,0.01120678312880763
2015-07-24,0.002557903386639193
2015-07-27,-0.01360568438482046
2015-07-28,0.007758722218033753
2015-07-29,0.003421514331510833
2015-07-30,0.0034104566300998673
2015-07-31,-0.008496191059093605
2015-08-03,0.0025705025359090694
2015-08-04,-0.00256391199362771
2015-08-05,0.00856899487675089
2015-08-06,-0.003398864948601199
2015-08-07,-0.011082583024346726
2015-08-10,0.01982742817946237
2015-08-11,-0.01606037692817508
2015-08-12,-0.011168206683858983
2015-08-13,0.00955683401038021
2015-08-14,0.015490360415258753
2015-08-17,-0.0008474348428876288
2015-08-18,0.004241010405168888
2015-08-19,-0.01689197833647782
2015-08-20,-0.02749171164091435
2015-08-21,-0.028268240096013586
2015-08-24,-0.050909212554924754
2015-08-25,-0.02203060781161159
2015-08-26,0.036238637372816296
2015-08-27,0.026465474036345915
2015-08-28,0.004603861574921542
2015-08-31,0.0
2015-09-01,-0.042163137042655285
2015-09-02,0.01339683847712636
2015-09-03,0.011331684062813707
2015-09-04,-0.014939443110655648
2015-09-08,0.027488435920390186
2015-09-09,-0.011992758810434712
2015-09-10,0.010271100642429198
2015-09-11,-0.0009244535428910572
2015-09-14,0.004625487168650411
2015-09-15,0.01296271197146126
2015-09-16,0.009141010652117476
2015-09-17,-0.03170318602975464
2015-09-18,-0.03086989638711235
2015-09-21,0.015444013855098637
2015-09-22,-0.018060674252473596
2015-09-23,0.0029039984888779014
2015-09-24,-0.0038609691696549486
2015-09-25,0.016472857341845337
2015-09-28,-0.01906567290152006
2015-09-29,0.014577195654877473
2015-09-30,0.01532566789031975
2015-10-01,0.008490422164817657
2015-10-02,-0.01029009840422579
2015-10-05,0.018903962660596907
2015-10-06,-0.0009276352854190595
2015-10-07,0.012070719599703406
2015-10-08,0.001834780090083754
2015-10-09,-0.011904782045747742
2015-10-12,0.006487494457489973
2015-10-13,-0.01104981810679928
2015-10-14,-0.01955335723085183
2015-10-15,0.018044065051622926
2015-10-16,-0.0018655218824642494
2015-10-19,0.0
2015-10-20,0.011214848258273902
2015-10-21,-0.01848411719426779
2015-10-22,0.023540066830071815
2015-10-23,0.023919023573084397
2015-10-26,-0.014375240608833773
2015-10-27,-0.00638104445297305
2015-10-28,0.04128414918844969
2015-10-29,-0.004405621987103259
2015-10-30,-0.02920297015040718
2015-11-02,0.012761635485944778
2015-11-03,0.0018002919302433362
2015-11-04,0.006289123874205993
2015-11-05,0.011607230829229431
2015-11-06,0.028243725827227895
2015-11-09,-0.0068665858340307695
2015-11-10,0.0034570002089344687
2015-11-11,-0.0051679724152839945
2015-11-12,-0.019913729545311343
2015-11-13,-0.008833718531117474
2015-11-16,0.017825213841958343
2015-11-17,0.00437874225881707
2015-11-18,0.020923519269715918
2015-11-19,0.0017078662212521856
2015-11-20,-0.005114681429166712
2015-11-23,-0.0017139021834838841
2015-11-24,0.0008586663176213261
2015-11-25,0.0
2015-11-27,0.00857612748305514
2015-11-30,-0.005952568335502617
2015-12-01,0.009409971769112069
2015-12-02,-0.011016968748953748
2015-12-03,-0.0205657302006943
2015-12-04,0.027996622814354888
2015-12-07,-0.016170187032173877
2015-12-08,-0.028546760446053643
2015-12-09,-0.015138139277841578
2015-12-10,0.002712710161474563
2015-12-11,-0.02434616296429193
2015-12-14,0.0018482803748862686
2015-12-15,0.035977794167012744
2015-12-16,0.008904575654376856
2015-12-17,-0.0124333554449646
2015-12-18,-0.0269784537020461
2015-12-21,0.0027725230952218016
2015-12-22,0.01290325394044256
2015-12-23,0.014558509927027785
2015-12-24,0.0053816941835749255
2015-12-28,-0.005352886584975236
2015-12-29,0.013453665444725038
2015-12-30,-0.011504795706352766
2015-12-31,-0.009847568567970755
2016-01-04,-0.032549775745126075
2016-01-05,0.0018692093334278237
2016-01-06,-0.01585824097113986
2016-01-07,-0.030331969338634357
2016-01-08,-0.017595234231162715
2016-01-11,0.004974907983525734
2016-01-12,0.007921428136431041
2016-01-13,-0.04224005070093584
2016-01-14,0.010256470799728357
2016-01-15,-0.02741119145914661
2016-01-19,-0.010438622039086187
2016-01-20,-0.0232064898614166
2016-01-21,-0.028077901691272222
2016-01-22,0.01666672682308068
2016-01-25,-0.03825155337315134
2016-01-26,-0.08522727090345017
2016-01-27,0.026087229612640872
2016-01-28,0.02663416168875421
2016-01-29,0.011792607402224542
2016-02-01,0.00699286713066849
2016-02-02,-0.026620277567925066
2016-02-03,0.01307960196414859
2016-02-04,0.01760553223895811
2016-02-05,-0.01038041737678752
2016-02-08,-0.019813562501270643
2016-02-09,0.004756119659305336
2016-02-10,-0.009467462841138086
2016-02-11,-0.04301057487432536
2016-02-12,0.05368285059211009
2016-02-16,0.03554506692013426
2016-02-17,0.003432425590715882
2016-02-18,-0.02850632022585009
2016-02-19,0.01760553223895811
2016-02-22,0.01960797090423827
2016-02-23,-0.026017927487365422
2016-02-24,-0.008130382704088834
2016-02-25,0.011709673332801929
2016-02-26,0.03587962537263678
2016-02-29,-0.022346266890225897
2016-03-01,0.04914265634448989
2016-03-02,0.01198259033098581
2016-03-03,0.033369668747211145
2016-03-04,0.007291273959215694
2016-03-07,-0.009306950822861482
2016-03-08,-0.024008557946629483
2016-03-09,-0.0010693968221263672
2016-03-10,0.021413328202032123
2016-03-11,0.029350011710513657
2016-03-14,-0.00814664522321884
2016-03-15,-0.008213848181601535
2016-03-16,-0.011470084032999095
2016-03-17,0.007384200660703666
2016-03-18,0.012565243244433644
2016-03-21,0.0020685457721576483
2016-03-22,0.0010317037647131766
2016-03-23,-0.007216362291655787
2016-03-24,-0.004153692746857174
2016-03-28,-0.00625616129066453
2016-03-29,0.0
2016-03-30,0.006295547249671518
2016-03-31,-0.00521369923800119
2016-04-01,0.0020965126269893997
2016-04-04,-0.0052300594769940645
2016-04-05,-0.010515482218047767
2016-04-06,0.013815186446122896
2016-04-07,-0.025157196191958775
2016-04-08,0.003225735688384468
2016-04-11,0.00535898971859039
2016-04-12,0.020255820591495555
2016-04-13,0.034482740938034606
2016-04-14,0.0090907822679962
2016-04-15,-0.006005946366210546
2016-04-18,0.003021647361560076
2016-04-19,0.015059695879341195
2016-04-20,0.016815341145293594
2016-04-21,-0.005836584234280129
2016-04-22,0.002935150582183743
2016-04-25,-0.008780160834987671
2016-04-26,0.00984225725776433
2016-04-27,0.0009747287978549846
2016-04-28,-0.014605465658140915
2016-04-29,-0.005928792694054774
2016-05-02,0.01292227325357942
2016-05-03,-0.017664472376115237
2016-05-04,-0.014985109160154941
2016-05-05,0.0010143427178639364
2016-05-06,0.001013456929430001
2016-05-09,-0.00910960720832621
2016-05-10,0.020428826546067036
2016-05-11,-0.002001724806910077
2016-05-12,-0.008023873112701474
2016-05-13,-0.02224507442292445
2016-05-16,0.011375551763849856
2016-05-17,-0.0010226397941645038
2016-05-18,0.053224028148871616
2016-05-19,-0.006802392484345221
2016-05-20,0.000978337795716211
2016-05-23,-0.002932693002881237
2016-05-24,0.017647295342613667
2016-05-25,0.02312148917905632
2016-05-26,-0.015066198311934675
2016-05-27,0.011472361581030377
2016-05-31,-0.012287155344195888
2016-06-01,0.005741299444735226
2016-06-02,0.004757448885156945
2016-06-03,-0.01893955815133208
2016-06-06,0.016409499402367578
2016-06-07,-0.011395963027351352
2016-06-08,-0.005763495651938455
2016-06-09,-0.017391395644039687
2016-06-10,-0.021632145166703975
2016-06-13,-0.00904559053443188
2016-06-14,-0.03853954841627161
2016-06-15,0.005313687094506303
2016-06-16,-0.015856214702523186
2016-06-17,-0.0010741073528814926
2016-06-20,-0.0021508239075780367
2016-06-21,-0.0021549350051295324
2016-06-22,-0.004319778758069215
2016-06-23,0.022776740483853475
2016-06-24,-0.08695629072764566
2016-06-27,-0.060395236330977764
2016-06-28,0.0346105110026762
2016-06-29,0.01672663904168359
2016-06-30,0.050528402125318506
2016-07-01,-0.012303869282228153
2016-07-05,-0.036240107111893405
2016-07-06,0.0011749174744768442
2016-07-07,0.007042375461803196
2016-07-08,0.016316837278683938
2016-07-11,0.014908489245583967
2016-07-12,0.028248652430618026
2016-07-13,-0.0021980181665517406
2016-07-14,0.016519879580353836
2016-07-15,0.00325032689116056
2016-07-18,0.004319703607956971
2016-07-19,-0.0032258617269550482
2016-07-20,-0.003236301588385948
2016-07-21,-0.008658258396490037
2016-07-22,0.013100513978771655
2016-07-25,0.0021554599223108095
2016-07-26,0.011827960127148929
2016-07-27,0.0010626928118186996
2016-07-28,0.004246258778593415
2016-07-29,0.004228377865636235
2016-08-01,-0.012631648652028149
2016-08-02,-0.011727082608602446
2016-08-03,0.01186623897329575
2016-08-04,-0.0031982750236086988
2016-08-05,0.04278071403675687
2016-08-08,-0.0010257062498920666
2016-08-09,-0.004106823273851368
2016-08-10,-0.01649460484273524
2016-08-11,0.0031445618752672377
2016-08-12,-0.009404695534298457
2016-08-15,0.02109692561858245
2016-08-16,-0.004131992565475917
2016-08-17,0.002074460102213571
2016-08-18,-0.015527286752481606
2016-08-19,0.0
2016-08-22,0.014720814262829451
2016-08-23,-0.001036191338799064
2016-08-24,-0.013485037387131693
2016-08-25,0.00946351649310162
2016-08-26,0.009375015403814801
2016-08-29,0.007223826296095082
2016-08-30,0.013319948857784869
2016-08-31,0.012133110714248163
2016-09-01,-0.004994836439753847
2016-09-02,0.0060241296362011365
2016-09-06,-0.01596817463199085
2016-09-07,0.004056629640752041
2016-09-08,-0.001009673365324093
2016-09-09,-0.003033629493458978
2016-09-12,0.01419848605096874
2016-09-13,-0.011999583579272555
2016-09-14,-0.008096975505870851
2016-09-15,0.006166222942223687
2016-09-16,-0.006128433654026266
2016-09-19,-0.0010278576768968373
2016-09-20,-0.0010289152553408787
2016-09-21,0.002059950024687396
2016-09-22,0.015415805887639689
2016-09-23,0.0020245059628518636
2016-09-26,-0.029293095308134287
2016-09-27,0.013527785818134186
2016-09-28,0.01848060176659705
2016-09-29,-0.02116950059633571
2016-09-30,0.015447632832799929
2016-10-03,-0.006084857257136145
2016-10-04,0.008163071065989902
2016-10-05,0.0263159201344636
2016-10-06,0.0019722546123810414
2016-10-07,0.0009842202422816193
2016-10-10,-0.000983252505262544
2016-10-11,-0.013779491415257472
2016-10-12,-0.0049897899756551345
2016-10-13,-0.025075172989698635
2016-10-14,0.010287873073298481
2016-10-17,-0.016293455276618962
2016-10-18,0.01449300240148177
2016-10-19,0.023469190637337878
2016-10-20,0.010967227340131558
2016-10-21,-0.007889495415572712
2016-10-24,0.003975808207380194
2016-10-25,0.00891115246139429
2016-10-26,0.05004900849335914
2016-10-27,0.0046729400430436385
2016-10-28,-0.017674747017445536
2016-10-31,0.003788346449356661
2016-11-01,-0.0037740490440609786
2016-11-02,-0.02178012960893616
2016-11-03,-0.007744318307227105
2016-11-04,-0.008780541335721925
2016-11-07,0.028543135068910486
2016-11-08,-0.019138538966212426
2016-11-09,0.06439025449023483
2016-11-10,0.06324446015285212
2016-11-11,0.008621009030914895
2016-11-14,0.022222093618042615
2016-11-15,0.0
2016-11-16,-0.0025081070389096904
2016-11-17,0.02514633531883348
2016-11-18,0.02207711091456277
2016-11-21,-0.004800286714958024
2016-11-22,0.006431439284331653
2016-11-23,0.007188318741988553
2016-11-25,-0.003965361766114617
2016-11-28,-0.023885130455609693
2016-11-29,0.0016312684162969049
2016-11-30,0.01465795553134952
2016-12-01,0.0457461823931784
2016-12-02,-0.006907074135610869
2016-12-05,0.006955113621012865
2016-12-06,0.01458195445488264
2016-12-07,-0.0007564574045075823
2016-12-08,0.018924810188074348
2016-12-09,0.0037149502055409123
2016-12-12,-0.01554430537184448
2016-12-13,-0.003759329751911067
2016-12-14,-0.01132044263485521
2016-12-15,0.018320753855197935
2016-12-16,-0.018099597195137318
2016-12-19,0.005376262412074784
2016-12-20,0.02062625563507714
2016-12-21,-0.002245490128263583
2016-12-22,0.0
2016-12-23,0.006751940232252895
2016-12-27,0.0014899247637634172
2016-12-28,-0.014136753668860913
2016-12-29,-0.012830633379508849
2016-12-30,0.010703943565893548
2017-01-03,0.007563989380221736
2017-01-04,0.012012084784053245
2017-01-05,-0.016320203106367392
2017-01-06,0.002262113228928886
2017-01-09,0.0022573176790421368
2017-01-10,0.000750916423270187
2017-01-11,0.008251924878971861
2017-01-12,-0.008928599715744223
2017-01-13,0.011261477719375357
2017-01-17,-0.0386044549986887
2017-01-18,0.015444134614466698
2017-01-19,-0.010646646303280938
2017-01-20,0.00845489517241238
2017-01-23,-0.004572924642850196
2017-01-24,0.014548398991438338
2017-01-25,0.05811316678558698
2017-01-26,-0.0007133260893653626
2017-01-27,-0.016417035104107636
2017-01-30,-0.011611102090321346
2017-01-31,-0.006607775355404133
2017-02-01,-0.002217073629300459
2017-02-02,-0.019259435767270627
2017-02-03,0.027945768759179312
2017-02-06,-0.005878216909584899
2017-02-07,-0.003695393432857186
2017-02-08,-0.005934498889389461
2017-02-09,0.011193729223748505
2017-02-10,0.005165873909128482
2017-02-13,0.013950431499166971
2017-02-14,0.022447478547575672
2017-02-15,0.007082255625215694
2017-02-16,-0.0035162733047405803
2017-02-17,-0.0028228091822286583
2017-02-21,0.0042462485897520885
2017-02-22,0.0
2017-02-23,-0.0007046834345186825
2017-02-24,0.0
2017-02-27,0.002115347359448183
2017-02-28,-0.004925842675776559
2017-03-01,0.036775055520056554
2017-03-02,-0.025238877180279506
2017-03-03,0.007697563228095561
2017-03-06,-0.006249567784092802
2017-03-07,-0.004891898309945852
2017-03-08,-0.004213351601061066
2017-03-09,0.002115347359448183
2017-03-10,-0.001407190299724359
2017-03-13,0.0014091732746872587
2017-03-14,-0.009148283523616851
2017-03-15,-0.010653417612975336
2017-03-16,0.0050542375558702
2017-03-17,-0.013649670204997633
2017-03-20,-0.0152947397171872
2017-03-21,-0.0606509185047317
2017-03-22,0.006299150449679658
2017-03-23,0.01877958604146346
2017-03-24,0.006912228750088678
2017-03-27,-0.006864777835371982
2017-03-28,0.01536088127455204
2017-03-29,0.0
2017-03-30,0.027987735060446717
2017-03-31,-0.014716609697016603
2017-04-03,-0.0029875294206679337
2017-04-04,-0.002996072309603637
2017-04-05,-0.018031788259129655
2017-04-06,0.009946673275909257
2017-04-07,-0.006060856871202391
2017-04-10,-0.009145993649662176
2017-04-11,0.0
2017-04-12,-0.01076920264787462
2017-04-13,-0.020995218266163795
2017-04-17,0.025416850029661653
2017-04-18,-0.008520640454953154
2017-04-19,-0.016405995605123458
2017-04-20,0.010325456344710382
2017-04-21,-0.00943381539899546
2017-04-24,0.03095243643568346
2017-04-25,0.003848983915976101
2017-04-26,0.006134594100501101
2017-04-27,-0.009908038348512505
2017-04-28,-0.010007820761888775
2017-05-01,0.017884776228704213
2017-05-02,-0.010695264714974284
2017-05-03,0.014671974933372578
2017-05-04,-0.006849624016389666
2017-05-05,-0.004597212308222298
2017-05-08,0.0046184442770977885
2017-05-09,-0.009195052507950385
2017-05-10,-0.002320360585872816
2017-05-11,-0.00852714113849351
2017-05-12,-0.002345332702501257
2017-05-15,0.014890012719078749
2017-05-16,0.006950016071595844
2017-05-17,-0.05751527574254811
2017-05-18,0.017086794301194308
2017-05-19,0.005600095618316869
2017-05-22,0.0055689091943387226
2017-05-23,0.01977835194229982
2017-05-24,-0.0054306587160811715
2017-05-25,0.003900344462606009
2017-05-26,-0.0007769532862407225
2017-05-30,-0.009331326112378635
2017-05-31,-0.015698914265267594
2017-06-01,0.01435439265738836
2017-06-02,-0.011006475843804542
2017-06-05,-0.0007947555901302028
2017-06-06,-0.009546608351994834
2017-06-07,0.0192771393589124
2017-06-08,0.018124477719718257
2017-06-09,0.028637715510885675
2017-06-12,0.0060198133263922315
2017-06-13,-0.001496203363536286
2017-06-14,0.004494517652101404
2017-06-15,-0.0030007940402881905
2017-06-16,-0.005266837828851734
2017-06-19,0.007564097205970732
2017-06-20,-0.006756804271489059
2017-06-21,-0.012849618248471084
2017-06-22,-0.009188184241414321
2017-06-23,-0.017774443085179503
2017-06-26,0.006294134641932292
2017-06-27,0.00938257400668574
2017-06-28,0.01781564149116921
2017-06-29,0.01826489773531348
2017-06-30,0.010463326006330043
2017-07-03,0.017011929677437143
2017-07-05,0.0036361690515511746
2017-07-06,-0.010144878493416387
2017-07-07,0.002196374198719875
2017-07-10,0.0
2017-07-11,0.001460643829587882
2017-07-12,0.0014587114939574874
2017-07-13,0.010196997129539254
2017-07-14,-0.00576802484518979
2017-07-17,0.001450445824558777
2017-07-18,-0.007241332194369621
2017-07-19,-0.0007293557469787437
2017-07-20,-0.010219027863572205
2017-07-21,-0.043510409829861874
2017-07-24,0.016962574613704318
2017-07-25,0.015921226593651028
2017-07-26,-0.016418246273491532
2017-07-27,-0.004552521628340189
2017-07-28,0.00381129067053787
2017-07-31,0.006074396436029694
2017-08-01,0.005282941776068029
2017-08-02,0.0
2017-08-03,-0.012011881327369855
2017-08-04,0.010638245197579499
2017-08-07,-0.0015035770558489148
2017-08-08,0.0052706997709803804
2017-08-09,-0.01348293743840967
2017-08-10,-0.027334938576762058
2017-08-11,-0.00702570453890583
2017-08-14,0.018867878214549938
2017-08-15,0.00308646469069096
2017-08-16,0.0
2017-08-17,-0.02769229194832956
2017-08-18,0.0015820866252302945
2017-08-21,-0.004738977200152816
2017-08-22,0.007936298443262935
2017-08-23,-0.002361971836556287
2017-08-24,0.0023675639559415096
2017-08-25,0.004724585019495242
2017-08-28,-0.0031349476499807905
2017-08-29,-0.010220007316928403
2017-08-30,0.006354340871376651
2017-08-31,-0.006314218176745379
2017-09-01,0.008736949135728977
2017-09-05,-0.02519689601177688
2017-09-06,0.010501015725042251
2017-09-07,-0.026379113391024722
2017-09-08,0.0114940863322599
2017-09-11,0.017857186145306736
2017-09-12,0.019936227023568787
2017-09-13,0.00860064861491372
2017-09-14,-0.0077520505602280965
2017-09-15,0.00314487820636411
2017-09-18,0.025861976913159168
2017-09-19,0.01222301302222939
2017-09-20,0.00830199421555422
2017-09-21,0.0029941238350714716
2017-09-22,-0.0007463971287771098
2017-09-25,-0.000746753155163038
2017-09-26,0.005231380134185226
2017-09-27,0.02230506985379299
2017-09-28,0.008727402733815781
2017-09-29,0.006488677470332993
2017-10-02,0.00573087334068334
2017-10-03,-0.009971880760588636
2017-10-04,-0.010071835478634217
2017-10-05,0.014534937870996023
2017-10-06,-0.004298155005512561
2017-10-09,-0.0035968691971598465
2017-10-10,0.00938594992588615
2017-10-11,-0.00929867304629628
2017-10-12,-0.004332194172533055
2017-10-13,-0.006526516694881579
2017-10-16,0.01605850269264808
2017-10-17,-0.007902302958246565
2017-10-18,0.010137373643043457
2017-10-19,0.00215042491611106
2017-10-20,0.015021542057770176
2017-10-23,-0.005637699583558753
2017-10-24,0.0070871510096564005
2017-10-25,-0.023222908900555006
2017-10-26,0.0021613667597770725
2017-10-27,0.0021566083456874274
2017-10-30,-0.012194804484708999
2017-10-31,0.0021782402867274175
2017-11-01,0.0007248603947229704
2017-11-02,0.004344742209389851
2017-11-03,-0.0064891637831557825
2017-11-06,0.0
2017-11-07,-0.02757586348342056
2017-11-08,-0.00820926100241115
2017-11-09,-0.006019485140699832
2017-11-10,-0.005298908131630364
2017-11-13,0.01674277985585282
2017-11-14,0.018712466165653474
2017-11-15,-0.007347417386654342
2017-11-16,-0.008142021604680916
2017-11-17,0.010447646996642579
2017-11-20,0.002215640460874635
2017-11-21,-0.0014738944424754763
2017-11-22,-0.0007379354473743271
2017-11-24,-0.005908440984386809
2017-11-27,0.0029716788482112566
2017-11-28,0.03481492029468858
2017-11-29,0.03650671609318801
2017-11-30,-0.00552497563264287
2017-12-01,0.002777788447206886
2017-12-04,0.018005562422166665
2017-12-05,-0.016326409249918905
2017-12-06,0.004149439531320631
2017-12-07,0.013085144910368385
2017-12-08,0.009517509585603268
2017-12-11,-0.015488068425083656
2017-12-12,0.012995919132648304
2017-12-13,-0.015530079309587164
2017-12-14,-0.009602460308347216
2017-12-15,0.01744595696736817
2017-12-18,0.006858689024068276
2017-12-19,-0.004768176867488871
2017-12-20,0.0020533079351627848
2017-12-21,0.013661066267478539
2017-12-22,-0.004043330574931447
2017-12-26,-0.010148639038718987
2017-12-27,-0.002734245852808792
2017-12-28,0.010281075398009154
2017-12-29,-0.01221155900188775
2018-01-02,0.0027473911737023737
2018-01-03,0.008219224306808881
2018-01-04,0.008831419422574482
2018-01-05,0.008754198373083
2018-01-08,-0.0020025028828373204
2018-01-09,0.018728782520782028
2018-01-10,0.016415095467428698
2018-01-11,0.009689977789458792
2018-01-12,0.014075347003599026
2018-01-16,-0.010725417174401342
2018-01-17,0.005102126631746806
2018-01-18,-0.015862976017337216
2018-01-19,0.01934203671038026
2018-01-22,0.013915438902311728
2018-01-23,0.0006239452498273401
2018-01-24,0.004364058658850922
2018-01-25,-0.0037242496300970984
2018-01-26,0.009968429566754589
2018-01-29,0.0012338686539385968
2018-01-30,-0.008009685233219765
2018-01-31,0.004968861463342744
2018-02-01,0.009888836127468492
2018-02-02,-0.015911853851822255
2018-02-05,-0.040422920158559306
2018-02-06,0.006481034008553044
2018-02-07,0.007082989377541704
2018-02-08,-0.034526877097208586
2018-02-09,0.02052968078308859
2018-02-12,0.004542560002918972
2018-02-13,0.0025840229048261776
2018-02-14,0.02384011119950835
2018-02-15,-0.001888074982442034
2018-02-16,-0.0018916465529742466
2018-02-20,0.004422207209965334
2018-02-21,0.009434184675173318
2018-02-22,-0.019938026895049643
2018-02-23,0.016529078955688892
2018-02-26,0.0025015219028847735
2018-02-27,-0.013100428293190247
2018-02-28,-0.0075854630786552635
2018-03-01,-0.005732432370668561
2018-03-02,0.012171612515246455
2018-03-05,0.013291471516193365
2018-03-06,0.011867425601248316
2018-03-07,0.00493810693862895
2018-03-08,-0.007370803909627077
2018-03-09,0.021039336461127656
2018-03-12,-0.0012119390724953938
2018-03-13,-0.011529057005964294
2018-03-14,-0.014732802006045653
2018-03-15,-0.0006231676048935597
2018-03-16,0.008788461464628305
2018-03-19,-0.009334323412546586
2018-03-20,-0.00565344789500033
2018-03-21,0.003158895023392283
2018-03-22,-0.03589423755106469
2018-03-23,-0.03984337596221543
2018-03-26,0.03945589466440813
2018-03-27,-0.02290566138540784
2018-03-28,0.006027967546631707
2018-03-29,0.005326353450657573
2018-04-02,-0.028476841368042183
2018-04-03,0.010906497839418883
2018-04-04,0.012811880712329193
2018-04-05,0.0033288934514206225
2018-04-06,-0.033841862505407216
2018-04-09,0.004120949615528335
2018-04-10,0.01709957855591515
2018-04-11,-0.014794936601112196
2018-04-12,0.02320820085234354
2018-04-13,-0.022014526333958395
2018-04-16,0.0006821097424878353
2018-04-17,-0.01295170409383839
2018-04-18,0.0006905890915021029
2018-04-19,0.013112504671633163
2018-04-20,0.004768625953548655
2018-04-23,0.01762717963413185
2018-04-24,-0.01065980095008301
2018-04-25,0.014141389904026136
2018-04-26,-0.0019918897720936357
2018-04-27,0.007318762567042558
2018-04-30,-0.015191658915207906
2018-05-01,-0.006706904646510248
2018-05-02,-0.010128286421023702
2018-05-03,-0.0136423762378034
2018-05-04,0.016597149065762595
2018-05-07,0.002040851767086016
2018-05-08,0.008825649000264724
2018-05-09,0.015477731016008578
2018-05-10,0.003313627318781487
2018-05-11,-0.0006605718187873144
2018-05-14,-0.0013219290480089851
2018-05-15,0.0026471817290609767
2018-05-16,-0.003300240824115064
2018-05-17,0.01655628264391229
2018-05-18,-0.01498374021485227
2018-05-21,0.0066137533569115
2018-05-22,0.009198523456068752
2018-05-23,-0.01171895084816621
2018-05-24,-0.0019762312709979968
2018-05-25,-0.003300240824115064
2018-05-29,-0.04370865662095458
2018-05-30,0.02908591389550752
2018-05-31,0.0006728397928190688
2018-06-01,0.021520062224445136
2018-06-04,0.005266479411731195
2018-06-05,0.0006548611138925686
2018-06-06,0.020287931179556074
2018-06-07,-0.0019242584317537004
2018-06-08,0.008354700374511026
2018-06-11,-0.008285477690943455
2018-06-12,0.0019279683410902138
2018-06-13,-0.0025657631928072133
2018-06-14,-0.008360159244548582
2018-06-15,0.0013063802764257115
2018-06-18,0.0
2018-06-19,0.002609265635658886
2018-06-20,0.0052047783988298235
2018-06-21,0.010356085106761004
2018-06-22,-0.01665562786216812
2018-06-25,-0.009772187822497447
2018-06-26,-0.009868452192213106
2018-06-27,-0.011295845708261032
2018-06-28,0.0006721103226157155
2018-06-29,-0.008730590401111349
2018-07-02,0.00474221670256969
2018-07-03,-0.007416984086192735
2018-07-05,0.0020379780459767183
2018-07-06,0.008135422052371721
2018-07-09,0.022864987557242422
2018-07-10,-0.015121493386879847
2018-07-11,-0.010013822165960251
2018-07-12,-0.005394121690950993
2018-07-13,-0.006779980781283723
2018-07-16,0.01706493590984892
2018-07-17,0.0013424163796060817
2018-07-18,0.008713212338663956
2018-07-19,-0.0033224159133530273
2018-07-20,0.006666806302848771
2018-07-23,0.01788074711136378
2018-07-24,-0.0052050360611267665
2018-07-25,-0.012426285624298039
2018-07-26,0.013907189471173753
2018-07-27,0.01306337164410687
2018-07-30,-0.0012893643822557976
2018-07-31,-0.0032279559718975115
2018-08-01,0.003238409414907828
2018-08-02,0.014848239538076013
2018-08-03,0.0006359440124061866
2018-08-06,0.0038144978949892216
2018-08-07,0.005066503183974724
2018-08-08,0.013232507416251371
2018-08-09,-0.009328224498027171
2018-08-10,-0.005649702064129625
2018-08-13,-0.008207224073968344
2018-08-14,0.014003960269580729
2018-08-15,-0.0012552867809882962
2018-08-16,0.005656637029511691
2018-08-17,0.006249964419458909
2018-08-20,0.0006210161066519948
2018-08-21,0.006207126272614438
2018-08-22,0.0
2018-08-23,-0.0018504877859092383
2018-08-24,0.0018539184393373542
2018-08-27,0.003701708502772627
2018-08-28,0.0
2018-08-29,0.0024585149437075238
2018-08-30,-0.0030658294173774303
2018-08-31,-0.003075095260000049
2018-09-04,0.011721113256970117
2018-09-05,0.0
2018-09-06,-0.0036581790773116962
2018-09-07,-0.005508021645269645
2018-09-10,-0.006769095342081588
2018-09-11,0.006815228272033069
2018-09-12,-0.02338467927383525
2018-09-13,-0.006301245501026509
2018-09-14,0.0019196970138344316
2018-09-17,-0.0006386450965483181
2018-09-18,-0.01022384837283452
2018-09-19,0.014848359506799191
2018-09-20,0.016539318323970598
2018-09-21,-0.001877078000508292
2018-09-24,-0.011285534969252886
2018-09-25,-0.006340910295798752
2018-09-26,-0.022335810998844297
2018-09-27,-0.016318335779980542
2018-09-28,-0.009953772074082101
2018-10-01,0.0006703206919771443
2018-10-02,-0.0046886634737052235
2018-10-03,0.027591124140424306
2018-10-04,0.009168102703725367
2018-10-05,-0.0038933575275753585
2018-10-08,0.013680523941343115
2018-10-09,-0.00771198693647468
2018-10-10,-0.018782403671436687
2018-10-11,-0.02970329179969511
2018-10-12,-0.02244844084018416
2018-10-15,-0.009742942130339882
2018-10-16,0.0035138443647468875
2018-10-17,0.007703260820467461
2018-10-18,-0.012508802404710084
2018-10-19,-0.0007036289464956713
2018-10-22,-0.03802824532054894
2018-10-23,0.012444844426514168
2018-10-24,-0.048445195724891366
2018-10-25,0.03267496249122481
2018-10-26,0.0014714592362274903
2018-10-29,0.0198384926648576
2018-10-30,0.0144090412539164
2018-10-31,0.01775564822561071
2018-11-01,0.0034893231295640703
2018-11-02,-0.006258887570307903
2018-11-05,0.0055987096113792045
2018-11-06,0.015309297076516515
2018-11-07,0.004798016800591665
2018-11-08,0.004774838019994787
2018-11-09,-0.00407326910267547
2018-11-12,-0.006816725843597937
2018-11-13,0.004117909958424093
2018-11-14,-0.011619727189946971
2018-11-15,0.022130008950484337
2018-11-16,0.0006765815414426779
2018-11-19,0.003380708905004415
2018-11-20,-0.018194194961645538
2018-11-21,-0.01029508919234745
2018-11-23,0.0034674540117298758
2018-11-26,0.019350319483805833
2018-11-27,-0.008135758298284501
2018-11-28,0.003417771985054996
2018-11-29,-0.012261517604669425
2018-11-30,0.0062067290305209966
2018-12-03,-0.007539317929054601
2018-12-04,-0.055248567365858814
2018-12-06,-0.0036551165989558987
2018-12-07,-0.01540719269823565
2018-12-10,-0.029805990660846104
2018-12-11,-0.019969529642878237
2018-12-12,-0.0031347576663752763
2018-12-13,-0.02437097408603317
2018-12-14,-0.01933900195475402
2018-12-17,-0.01080668599728929
2018-12-18,-0.011764643230194882
2018-12-19,-0.022108834372736252
2018-12-20,0.007826157172277304
2018-12-21,0.0
2018-12-24,-0.025884464734841073
2018-12-26,0.04428719940202597
2018-12-27,0.0016963433511272275
2018-12-28,0.0067737730633257165
2018-12-31,0.002523223730768631
2019-01-02,0.018456273710627302
2019-01-03,-0.008237400602703837
2019-01-04,0.02823937627619988
2019-01-07,0.0040389592100849026
2019-01-08,0.009653800412655178
2019-01-09,0.007968084790645147
2019-01-10,-0.007114791159051559
2019-01-11,0.005573528627365487
2019-01-14,0.015835124404937284
2019-01-15,0.003897398119071749
2019-01-16,0.030279536706520283
2019-01-17,0.006782080384420963
2019-01-18,0.01721576595100416
2019-01-22,-0.005151102790133866
2019-01-23,0.002958564032707889
2019-01-24,-0.0081121464449736
2019-01-25,0.007435193389742523
2019-01-28,0.0014760065889605212
2019-01-29,-0.000737106216681771
2019-01-30,-0.005162309693181877
2019-01-31,-0.018531956643017766
2019-02-01,0.006042360112237466
2019-02-04,0.006756330321479043
2019-02-05,-0.008202694541419309
2019-02-06,0.0060150054236765005
2019-02-07,0.043348437205033896
2019-02-08,-0.024355167732682426
2019-02-11,0.00807602817688613
2019-02-12,0.009468267607326775
2019-02-13,0.002164677480038568
2019-02-14,-0.014398863443157217
2019-02-15,0.023374789150665043
2019-02-19,0.00785139954051628
2019-02-20,0.010623264620693629
2019-02-21,-0.004905188440823105
2019-02-22,0.009154696556792574
2019-02-25,0.004884830932088136
2019-02-26,-0.006944407645710138
2019-02-27,0.00489544054216684
2019-02-28,0.002783381110539107
2019-03-01,-0.0006941382297213083
2019-03-04,-0.0020829630382735997
2019-03-05,-0.006959262788311382
2019-03-06,-0.016818682313144095
2019-03-07,-0.024233567464462702
2019-03-08,0.005113193795278637
2019-03-11,-0.0043603477638402
2019-03-12,0.0014598460213626208
2019-03-13,0.014577274040987742
2019-03-14,0.010776081731093123
2019-03-15,-0.01292206828834963
2019-03-18,0.012363658781046283
2019-03-19,-0.024425147129937153
2019-03-20,-0.04565560051380191
2019-03-21,-0.026234419700919887
2019-03-22,-0.029318664362261604
2019-03-25,0.005714259433315272
2019-03-26,0.020292545573444398
2019-03-27,0.0031818731429269498
2019-03-28,0.01268874843307266
2019-03-29,-0.007048191351596844
2019-04-01,0.03627775399653621
2019-04-02,0.003044139585479
2019-04-03,0.00227615140482329
2019-04-04,0.008327096669946465
2019-04-05,-0.0007508707688057559
2019-04-08,0.006761952972925478
2019-04-09,-0.017164343047206487
2019-04-10,0.009870845596217093
2019-04-11,0.0037595190203261186
2019-04-12,0.025468115004991798
2019-04-15,-0.01680046706052296
2019-04-16,0.014858838890117632
2019-04-17,0.01244492937837216
2019-04-18,-0.01590721648339155
2019-04-22,0.002204331666960213
2019-04-23,0.010996853133658169
2019-04-24,-0.0036259316230078387
2019-04-25,-0.0043666726433462255
2019-04-26,0.004385824101468705
2019-04-29,0.01382858883141247
2019-04-30,-0.0007180816960405956
2019-05-01,-0.010775838081134359
2019-05-02,0.012345793812866601
2019-05-03,0.010760284432680622
2019-05-06,-0.0092264233743935
2019-05-07,-0.022206462203042787
2019-05-08,-0.008058585174086863
2019-05-09,0.0029544935925922555
2019-05-10,0.005890920522216403
2019-05-13,-0.043923765386966074
2019-05-14,0.015314029971559506
2019-05-15,-0.02187030332573303
2019-05-16,0.015419899342981935
2019-05-17,0.003796628652091849
2019-05-20,0.007564343849977728
2019-05-21,0.009759493526082741
2019-05-22,-0.008921838521729564
2019-05-23,-0.020254847149441035
2019-05-24,0.011485326391318162
2019-05-28,-0.009841246424116434
2019-05-29,0.002293455838934255
2019-05-30,-0.01296703253771514
2019-05-31,-0.02241115413144268
2019-06-03,0.014229199481381904
2019-06-04,0.04208920880311484
2019-06-05,0.0029916762101884764
2019-06-06,-0.002982752779656761
2019-06-07,-0.008227253233640153
2019-06-10,0.012820049804301625
2019-06-11,0.008190690502439146
2019-06-12,-0.00960101664387425
2019-06-13,0.0014911854203181196
2019-06-14,0.005267296264582555
2019-06-17,-0.01721552477731092
2019-06-18,0.018278799828955528
2019-06-19,-0.011219307117609878
2019-06-20,0.003025998610212577
2019-06-21,0.005278924503343108
2019-06-24,0.0045010182447560165
2019-06-25,0.0014936481627720877
2019-06-26,0.002982841010548798
2019-06-27,0.014869756444018112
2019-06-28,0.012454275223655165
2019-07-01,0.0
2019-07-02,-0.014471560831340491
2019-07-03,0.015418274539435783
2019-07-05,0.0065077593325602034
2019-07-08,-0.01364957131061284
2019-07-09,0.008740055942633607
2019-07-10,-0.009386074568947245
2019-07-11,0.010203776297685652
2019-07-12,0.0007217732052371417
2019-07-15,-0.013698775304821775
2019-07-16,0.0014619845124488329
2019-07-17,-0.008029083797845171
2019-07-18,0.012508977640349306
2019-07-19,0.008721000635485199
2019-07-22,-0.006484224571494668
2019-07-23,0.021029771402344632
2019-07-24,0.018466222532758314
2019-07-25,0.004881171601355927
2019-07-26,0.013879303060101433
2019-07-29,-0.01916490564551898
2019-07-30,0.007676360251850145
2019-07-31,-0.013158208787583114
2019-08-01,-0.04771917943669146
2019-08-02,-0.00663225974165671
2019-08-05,-0.04080126755378888
2019-08-06,0.010054210044273093
2019-08-07,-0.01990806423492275
2019-08-08,0.015624760252814784
2019-08-09,0.0
2019-08-12,-0.019230722370456976
2019-08-13,0.011764776033372115
2019-08-14,-0.0356587254361338
2019-08-15,-0.001607712620350532
2019-08-16,0.04106258680085295
2019-08-19,0.01314797897609088
2019-08-20,-0.015267422923661678
2019-08-21,0.0023255754561619657
2019-08-22,-0.0015469824630242046
2019-08-23,-0.03563111148974796
2019-08-26,0.013654685506635067
2019-08-27,-0.004754446154664804
2019-08-28,0.02468156729712767
2019-08-29,0.027194957581103907
2019-08-30,0.002269474995806764
2019-09-03,-0.027924357899375418
2019-09-04,0.013198621731099758
2019-09-05,0.037547693543350524
2019-09-06,0.0
2019-09-09,0.04652887314420684
2019-09-10,0.01411446828232843
2019-09-11,0.01670132754775122
2019-09-12,0.0027376702067485326
2019-09-13,0.00682609501904885
2019-09-16,0.001370103077728002
2019-09-17,-0.004788156214990513
2019-09-18,0.002749019146417009
2019-09-19,-0.00822462020178194
2019-09-20,-0.004837705482001908
2019-09-23,0.0034720903649319013
2019-09-24,-0.016608871419926396
2019-09-25,0.01125988423957791
2019-09-26,-0.008350970481745712
2019-09-27,0.007017805743539052
2019-09-30,-0.005575189410741088
2019-10-01,-0.024526928617829236
2019-10-02,-0.017959718914860923
2019-10-03,0.008046713750106349
2019-10-04,0.010159703320352875
2019-10-07,-0.005747322692973067
2019-10-08,-0.024566252932095023
2019-10-09,0.005185304034704075
2019-10-10,0.011790561155217594
2019-10-11,0.018936665244672746
2019-10-14,0.002859058569954387
2019-10-15,0.01568075197952634
2019-10-16,-0.0035087268413246386
2019-10-17,-0.0014084325415927301
2019-10-18,0.0007052095108199818
2019-10-21,0.01198028996892564
2019-10-22,0.004874850821564358
2019-10-23,0.00277187947352453
2019-10-24,-0.009675324286966491
2019-10-25,0.010467503441438097
2019-10-28,0.006906075433874115
2019-10-29,-0.00823034718153448
2019-10-30,-0.017289110075914826
2019-10-31,-0.005629589067889129
2019-11-01,0.014861889276199802
2019-11-04,0.025104362811128267
2019-11-05,0.011564733807376104
2019-11-06,0.0026900294568050764
2019-11-07,0.004694858981365568
2019-11-08,0.0
2019-11-11,-0.0033379078475538337
2019-11-12,-0.001339483504569361
2019-11-13,-0.01609653919444287
2019-11-14,0.001363394295220477
2019-11-15,0.006807263015806253
2019-11-18,-0.004056996901346865
2019-11-19,0.004073523172234195
2019-11-20,-0.008789947948732335
2019-11-21,0.0020467008487867755
2019-11-22,0.011572347126870497
2019-11-25,0.0033647785020143317
2019-11-26,-0.009389465605228575
2019-11-27,0.010155587386029286
2019-11-29,-0.0020106976613986083
2019-12-02,-0.004029750120283504
2019-12-03,-0.01213774126443845
2019-12-04,0.013652217828324265
2019-12-05,0.0026936521177809425
2019-12-06,0.02149065292716812
2019-12-09,0.004602341468949556
2019-12-10,0.00588997645142153
2019-12-11,-0.010409919232344134
2019-12-12,0.025641275135465325
2019-12-13,-0.016025753892775052
2019-12-16,-0.0006513756797793535
2019-12-17,0.009216530707338189
2019-12-18,-0.0019569057831893
2019-12-19,-0.009150430571969514
2019-12-20,-0.0006597259315136439
2019-12-23,-0.001980156463102012
2019-12-24,0.0019840852623576044
2019-12-26,0.0019804843714379405
2019-12-27,-0.003952812351454504
2019-12-30,-0.005290866653042459
2019-12-31,0.002659628274669368
2020-01-02,-0.005968454899869191
2020-01-03,-0.012007588257571533
2020-01-06,-0.016205507643625605
2020-01-07,-0.01098135059326466
2020-01-08,0.008327545886310128
2020-01-09,0.0020646499112768613
2020-01-10,-0.012362716685965558
2020-01-13,0.005563395249885028
2020-01-14,0.00968181880256025
2020-01-15,-0.009588980035356465
2020-01-16,0.013831194257609924
2020-01-17,0.003410540822923247
2020-01-21,-0.0067981504275786975
2020-01-22,0.008213889945809738
2020-01-23,-0.031228821254805306
2020-01-24,-0.03854256228452413
2020-01-27,-0.01676373570668188
2020-01-28,0.008154260629028132
2020-01-29,-0.008823798000091365
2020-01-30,0.02002971289055755
2020-01-31,-0.013090813840320958
2020-02-03,0.011053744148431077
2020-02-04,0.010932985248643945
2020-02-05,0.015861534551981027
2020-02-06,-0.008516498578497456
2020-02-07,-0.0007161006996717623
2020-02-10,-0.00214895195110687
2020-02-11,0.007178807668331455
2020-02-12,0.0014254571257674709
2020-02-13,0.007117494031113392
2020-02-14,-0.004947096766718895
2020-02-18,-0.012073756823352988
2020-02-19,0.008626883408682229
2020-02-20,0.007840412537188923
2020-02-21,-0.016265977403490006
2020-02-24,-0.0294751700988517
2020-02-25,-0.04962943814064058
2020-02-26,-0.010132704980945317
2020-02-27,-0.027559221825742664
2020-02-28,-0.006477362216898874
2020-03-02,0.054604303046093206
2020-03-03,-0.027820415919839303
2020-03-04,0.005564203809733659
2020-03-05,-0.06877453040688042
2020-03-06,-0.0560272386114381
2020-03-09,-0.15017987650389908
2020-03-10,0.05502664875451213
2020-03-11,-0.08425295318711512
2020-03-12,-0.08214673350811352
2020-03-13,0.13365143918667233
2020-03-16,-0.11263145007327191
2020-03-17,0.010869589237825661
2020-03-18,-0.07765848133168385
2020-03-19,-0.005181140015136032
2020-03-20,-0.007812622849035056
2020-03-23,-0.08136465145317895
2020-03-24,0.06142842940275872
2020-03-25,0.028263667041324325
2020-03-26,0.11256553321906515
2020-03-27,-0.023529401634431957
2020-03-30,0.009638608755258238
2020-03-31,-0.02028661904870044
2020-04-01,-0.09256990777621277
2020-04-02,-0.010738316133394044
2020-04-03,-0.07326985568813582
2020-04-06,0.09663232858822735
2020-04-07,0.08544742783867854
2020-04-08,0.08364085375656805
2020-04-09,0.02497148540035199
2020-04-13,-0.03432983551830826
2020-04-14,-0.03669759037636189
2020-04-15,-0.07976175668863061
2020-04-16,-0.07115133139634844
2020-04-17,0.12256277702617635
2020-04-20,0.009925538220734387
2020-04-21,-0.04176905171056022
2020-04-22,0.030769325807148418
2020-04-23,-0.01492545578944593
2020-04-24,0.030302892616750343
2020-04-27,0.09191180784968522
2020-04-28,0.025813668894006714
2020-04-29,0.05470457547315544
2020-04-30,-0.041493571945536045
2020-05-01,-0.07251079550697792
2020-05-04,-0.016336146113698602
2020-05-05,-0.017793657903664717
2020-05-06,-0.006038865751034739
2020-05-07,0.0024303703057573234
2020-05-08,0.048484753047250306
2020-05-11,-0.04855505130226101
2020-05-12,-0.04495718171312724
2020-05-13,-0.05979657775159075
2020-05-14,0.04330167738165547
2020-05-15,-0.025940092511132717
2020-05-18,0.0998667906770041
2020-05-19,-0.04600487926733754
2020-05-20,0.04187798350426375
2020-05-21,-0.0048718384366494005
2020-05-22,-0.008567941782071875
2020-05-26,0.10987659071370559
2020-05-27,0.05895421091378239
2020-05-28,-0.043067120088398414
2020-05-29,-0.02414928760073587
2020-06-01,0.023622145024279728
2020-06-02,0.010988870310324694
2020-06-03,0.07608678861889673
2020-06-04,0.057575813770438744
2020-06-05,0.04966576352427099
2020-06-08,0.03275712720977797
2020-06-09,-0.030836935753150607
2020-06-10,-0.054545424301148615
2020-06-11,-0.08846155695783986
2020-06-12,0.043248766249274206
2020-06-15,0.02325597745354835
2020-06-16,0.031093129921528018
2020-06-17,-0.01556412955393649
2020-06-18,0.0039526691471640785
2020-06-19,0.012794976968189875
2020-06-22,-0.016520702031732393
2020-06-23,0.00790510078979767
2020-06-24,-0.0647060486883001
2020-06-25,0.03668784256519375
2020-06-26,-0.11021236020427949
2020-06-29,0.007954507976734027
2020-06-30,0.019165569839914243
2020-07-01,-0.04424758761312153
2020-07-02,-0.004629746829280634
2020-07-06,0.019767560315384403
2020-07-07,-0.043329601716411315
2020-07-08,0.005959447823247421
2020-07-09,-0.045023488327173844
2020-07-10,0.055831218613283884
2020-07-13,0.01880146105076741
2020-07-14,-0.0046139342992056465
2020-07-15,0.05562030539939422
2020-07-16,-0.0043909558090609035
2020-07-17,-0.016538092195332532
2020-07-20,-0.02130055151547694
2020-07-21,0.05612852007346647
2020-07-22,0.0010843980222363658
2020-07-23,0.05092113373430629
2020-07-24,-0.010309229176047818
2020-07-27,-0.03437502210291843
2020-07-28,-0.015102667961694682
2020-07-29,0.035049389846768086
2020-07-30,-0.014814681519987216
2020-07-31,-0.004296499168666257
2020-08-03,0.0
2020-08-04,-0.010787694053259633
2020-08-05,0.023991559018199826
2020-08-06,-0.009584809899126578
2020-08-07,0.03870981789715189
2020-08-10,0.02173927377342344
2020-08-11,0.022289777456547366
2020-08-12,-0.01189314204702252
2020-08-13,-0.02006026462869137
2020-08-14,0.013305852874085478
2020-08-17,-0.012121096247766805
2020-08-18,-0.025562129944841305
2020-08-19,-0.001049564991061791
2020-08-20,-0.033613288377933426
2020-08-21,-0.009782561414183544
2020-08-24,0.04829840321204437
2020-08-25,0.003141157672297945
2020-08-26,-0.017745285298199076
2020-08-27,0.024442291356179258
2020-08-28,-0.007261563386915304
2020-08-31,-0.016718962215537148
2020-09-01,0.0031884025950381645
2020-09-02,0.026482986385085283
2020-09-03,-0.004127823243887607
2020-09-04,0.030051478837374024
2020-09-08,-0.0221329973527139
2020-09-09,0.007201799939973164
2020-09-10,-0.021450484981149764
2020-09-11,0.010438366220689277
2020-09-14,0.04545483890030799
2020-09-15,-0.011857769936961526
2020-09-16,0.004060911143428214
2020-09-17,-0.010111336795602055
2020-09-18,-0.01021437843361317
2020-09-21,-0.05469549681616204
2020-09-22,-0.029476058504722902
2020-09-23,-0.022497306777201187
2020-09-24,-0.002301222357934618
2020-09-25,0.017300853812802997
2020-09-28,0.03401385332281115
2020-09-29,-0.007675529468432418
2020-09-30,0.013259396934254042
2020-10-01,-0.002180894936940292
2020-10-02,0.01967205437316033
2020-10-05,0.03644169350607829
2020-10-06,-0.01344378450209116
2020-10-07,0.035639457350225445
2020-10-08,0.01518232781475426
2020-10-09,-0.017946208347146664
2020-10-12,0.010152217769920258
2020-10-13,-0.03919580903777953
2020-10-14,-0.010460429008965377
2020-10-15,0.021141824841558243
2020-10-16,0.0010351040204790163
2020-10-19,-0.015511913085349271
2020-10-20,0.03781504036861261
2020-10-21,-0.01923066900308834
2020-10-22,0.0712075373738299
2020-10-23,0.008670314232176901
2020-10-26,-0.018147048904107344
2020-10-27,-0.03307396849391986
2020-10-28,-0.01106636268754757
2020-10-29,0.0315364270581564
2020-10-30,0.029585481062046837
2020-11-02,0.03544062128094971
2020-11-03,0.025901927754671705
2020-11-04,-0.09107301442270743
2020-11-05,0.04861111192663303
2020-11-06,-0.03973524396208117
2020-11-09,0.17733982391914593
2020-11-10,0.015063003556688326
2020-11-11,-0.0403956152783117
2020-11-12,-0.030068783389476494
2020-11-13,0.026572327637510718
2020-11-16,0.03796362967842759
2020-11-17,-0.0008312792431107718
2020-11-18,-0.012479365685260202
2020-11-19,0.006739576946719561
2020-11-20,-0.016736296398289663
2020-11-23,0.036596205704328755
2020-11-24,0.06157617634278645
2020-11-25,-0.01856147089947957
2020-11-27,-0.018124750063035155
2020-11-30,-0.03049752885785939
2020-12-01,0.03476824047456484
2020-12-02,0.02640010212417132
2020-12-03,0.011691132448479191
2020-12-04,0.01001560849178551
2020-12-07,-0.007627714580431877
2020-12-08,-0.008455187470013947
2020-12-09,0.0007750327503184273
2020-12-10,0.009295391090266447
2020-12-11,-0.007674546256318249
2020-12-14,-0.03248280295000916
2020-12-15,0.006394880613345366
2020-12-16,-0.005559565626145013
2020-12-17,-0.0024253556887364747
2020-12-18,0.0040518660847406185
2020-12-21,-0.010492564820649863
2020-12-22,-0.01060334917014838
2020-12-23,0.026380656704836136
2020-12-24,-0.008032134550419068
2020-12-28,0.008906680995642846
2020-12-29,-0.011235796855861735
2020-12-30,0.019480554001305217
2020-12-31,0.005573215415936028
2021-01-04,-0.005542326834581446
2021-01-05,0.02229295478191129
2021-01-06,0.09813108373788348
2021-01-07,0.024113173976787028
2021-01-08,-0.0006923431929332091
2021-01-11,0.02079011633231831
2021-01-12,0.011540889044901359
2021-01-13,-0.002013377302667818
2021-01-14,0.008742551008963373
2021-01-15,-0.015999947603532183
2021-01-19,0.008129975004928625
2021-01-20,-0.013440869300507141
2021-01-21,-0.011580516878809455
2021-01-22,-0.04617497680619487
2021-01-25,-0.02601147862993336
2021-01-26,0.0029672915967864366
2021-01-27,-0.01775168250278425
2021-01-28,0.021837475467110234
2021-01-29,-0.025055392699505963
2021-02-01,-0.0007555757191716195
2021-02-02,0.02344922840179242
2021-02-03,0.0066519069341584025
2021-02-04,0.036710831881253236
2021-02-05,-0.003541161488046507
2021-02-08,0.010660988254234782
2021-02-09,0.004219395748247923
2021-02-10,0.0028011388016242478
2021-02-11,-0.00069822649327278
2021-02-12,0.009783226916088683
2021-02-16,0.04152260253516182
2021-02-17,-0.005315726719284375
2021-02-18,-0.011355710004343877
2021-02-19,0.03378340200964236
2021-02-22,0.017647041736471136
2021-02-23,0.009633994010659563
2021-02-24,0.0318067124200343
2021-02-25,-0.03205932097796893
2021-02-26,-0.02292993848837488
2021-03-01,0.03194274899574934
2021-03-02,-0.005685425843212855
2021-03-03,0.012071030433483232
2021-03-04,-0.009416129765974057
2021-03-05,0.028517056439843813
2021-03-08,0.02341362274918346
2021-03-09,-0.033112953966497716
2021-03-10,0.01805768122713669
2021-03-11,-0.0018350351144588162
2021-03-12,0.023284359745321614
2021-03-15,-0.011976266392806578
2021-03-16,-0.024242163050456345
2021-03-17,0.009404384615714356
2021-03-18,0.01552801557249106
2021-03-19,-0.022630227485745502
2021-03-22,-0.015018740979177214
2021-03-23,-0.027954293430604515
2021-03-24,0.001307325559354311
2021-03-25,0.03328975976858106
2021-03-26,0.015792940017759882
2021-03-29,-0.029229044421423267
2021-03-30,0.02562466737478264
2021-03-31,-0.01811371660553085
2021-04-01,0.01653939134715543
2021-04-05,0.008135326589858272
2021-04-06,-0.0006206890698740031
2021-04-07,0.0024844421901204505
2021-04-08,-0.005576320798426737
2021-04-09,0.013707435477190888
2021-04-12,0.012906998820822801
2021-04-13,-0.020631032295468144
2021-04-14,0.013630639476793327
2021-04-15,-0.01589230226833982
2021-04-16,0.004968884380240901
2021-04-19,-0.019159477628549748
2021-04-20,-0.044108292124703574
2021-04-21,0.02175331365915434
2021-04-22,-0.0670967989825253
2021-04-23,0.030428808805489815
2021-04-26,0.020134144162204715
2021-04-27,0.0
2021-04-28,0.006578945863918273
2021-04-29,0.013071968184953153
2021-04-30,-0.011612839951219311
2021-05-03,0.0013053917975411888
2021-05-04,0.009126434058968513
2021-05-05,0.00452202262066681
2021-05-06,0.010932457723346944
2021-05-07,0.005089071840122639
2021-05-10,-0.0025315421602493116
2021-05-11,-0.0063451751459049355
2021-05-12,-0.028097169736284733
2021-05-13,0.021024869712693794
2021-05-14,0.019948545905499993
2021-05-17,0.005047405227557977
2021-05-18,-0.01318269926646809
2021-05-19,-0.005725159753516285
2021-05-20,-0.007037701250857009
2021-05-21,0.01417516306454436
2021-05-24,-0.006353238468827294
2021-05-25,-0.017902897424868502
2021-05-26,0.008463781523533553
2021-05-27,0.02065839093322097
2021-05-28,0.0031625543249118593
2021-06-01,0.013871501568949895
2021-06-02,-0.012437949501553192
2021-06-03,-0.0037783655592027454
2021-06-04,-0.0120100811411602
2021-06-07,-0.003198975331573206
2021-06-08,-0.023748224349288805
2021-06-09,-0.014464450734885337
2021-06-10,-0.03268826689274218
2021-06-11,-0.0020690605803326267
2021-06-14,-0.006910767857934985
2021-06-15,0.006262932709313773
2021-06-16,0.004192918649429389
2021-06-17,-0.059151011101182926
2021-06-18,-0.01849097527607546
2021-06-21,0.030896765208122234
2021-06-22,0.0
2021-06-23,0.014619762948950843
2021-06-24,0.024495726752740143
2021-06-25,0.027426017607903308
2021-06-28,-0.019164880571594378
2021-06-29,-0.0034890753150241816
2021-06-30,-0.0007002743765101016
2021-07-01,0.011212161315950153
2021-07-02,-0.0055439610492395985
2021-07-06,-0.026480702429519942
2021-07-07,-0.0028633370315538365
2021-07-08,-0.017229108696317885
2021-07-09,0.04236685290278319
2021-07-12,0.012613852232175038
2021-07-13,-0.020761234691652475
2021-07-14,-0.004240247980683787
2021-07-15,0.01206511398528165
2021-07-16,-0.028751682782730437
2021-07-19,-0.04476539371055599
2021-07-20,0.0377928503231415
2021-07-21,0.0233066915070943
2021-07-22,-0.02135238548534313
2021-07-23,0.005090951727273474
2021-07-26,0.007235914749439409
2021-07-27,-0.0007185497535777685
2021-07-28,0.005751377441295613
2021-07-29,0.026447577887867224
2021-07-30,-0.019498767832335173
2021-08-02,-0.0056815285213301925
2021-08-03,0.03214275505608288
2021-08-04,-0.013148919516252522
2021-08-05,0.010519090728825953
2021-08-06,0.021512741560001603
2021-08-09,-0.0054346606824925425
2021-08-10,0.015710331635840014
2021-08-11,0.0248822642221187
2021-08-12,0.005249301176623478
2021-08-13,-0.011096516045590477
2021-08-16,-0.012541227297975577
2021-08-17,-0.010026885678495634
2021-08-18,-0.00675214009393843
2021-08-19,-0.00611831523003703
2021-08-20,0.009576002895639757
2021-08-23,0.018292611398692538
2021-08-24,0.017964002874936158
2021-08-25,0.022875933328621922
2021-08-26,-0.015974530782777552
2021-08-27,0.01623385906412067
2021-08-30,-0.0178913015636325
2021-08-31,0.010409878570937892
2021-09-01,-0.013522325747883368
2021-09-02,0.002610795258924048
2021-09-03,-0.007161177709453348
2021-09-07,0.003278511273317797
2021-09-08,-0.0039214622358877405
2021-09-09,0.0065617017101611275
2021-09-10,0.0006519599199379389
2021-09-13,0.005211608859294392
2021-09-14,-0.02527545566447187
2021-09-15,0.009308511652126539
2021-09-16,0.001330580269719217
2021-09-17,-0.006644287201460486
2021-09-20,-0.035451600463604405
2021-09-21,-0.011789274019467832
2021-09-22,0.01754388620626357
2021-09-23,0.042069003046175
2021-09-24,0.00529451764025235
2021-09-27,0.040158032634217244
2021-09-28,-0.008227819450003282
2021-09-29,0.0
2021-09-30,-0.013401457220370117
2021-10-01,0.025873126119988044
2021-10-04,0.0006305809799052042
2021-10-05,0.010712191166040608
2021-10-06,-0.008728355178286629
2021-10-07,0.004402533686448162
2021-10-08,0.0018784993929212845
2021-10-11,-0.011874855912213267
2021-10-12,-0.0018975817161162034
2021-10-13,-0.0012675555143700779
2021-10-14,0.019035590771537825
2021-10-15,0.0043586020463994846
2021-10-18,0.003719872551605885
2021-10-19,0.009265005582621333
2021-10-20,0.022031971211568635
2021-10-21,-0.012574966644100849
2021-10-22,0.011522062271034583
2021-10-25,-0.0023981203821991093
2021-10-26,-0.010216358536613623
2021-10-27,-0.030358203432395703
2021-10-28,-0.0031308323215356593
2021-10-29,-0.011306608725529577
2021-11-01,0.013341931165410159
2021-11-02,-0.00877739318547488
2021-11-03,0.02530034751058463
2021-11-04,-0.028377549089357523
2021-11-05,0.00634912900229212
2021-11-08,0.0050474007705405555
2021-11-09,-0.003766503709737856
2021-11-10,0.001260295657620869
2021-11-11,0.02454372412624295
2021-11-12,-0.0018428688277823957
2021-11-15,0.012923130321976783
2021-11-16,0.0018227160662771524
2021-11-17,-0.010915848111166082
2021-11-18,-0.00858351741351926
2021-11-19,-0.009276534502455358
2021-11-22,0.011236030702618471
2021-11-23,0.012345527602058537
2021-11-24,-0.0030487435528315787
2021-11-26,-0.05993880394451734
2021-11-29,0.0
2021-11-30,-0.03448270767874362
2021-12-01,-0.012129384590526704
2021-12-02,0.03888129859271716
2021-12-03,-0.01904143111745371
2021-12-06,0.02074964101466703
2021-12-07,0.015737662837134403
2021-12-08,-0.004518989894059189
2021-12-09,0.0006485741786192989
2021-12-10,-0.010369504323110124
2021-12-13,-0.022920853631072546
2021-12-14,0.01943714410029629
2021-12-15,0.01117679598714072
2021-12-16,0.010180655779623793
2021-12-17,-0.032509683748022655
2021-12-20,-0.02284942419487279
2021-12-21,0.03645122054154437
2021-12-22,0.0033177082032118665
2021-12-23,0.009259266141705691
2021-12-27,0.009174392331837034
2021-12-28,0.0012985874704918299
2021-12-29,0.0006485245483449642
2021-12-30,0.0
2021-12-31,-0.0006481042368375878
2022-01-03,0.024643349762670574
2022-01-04,0.037974559289471355
2022-01-05,0.0012196111443552038
2022-01-06,0.03714985051833475
2022-01-07,0.011156663026883562
2022-01-10,-0.011033565257322575
2022-01-11,-0.0011744272621286855
2022-01-12,0.004703100510190739
2022-01-13,0.014043386216663789
2022-01-14,0.017311125943361816
2022-01-18,-0.010210057674653217
2022-01-19,-0.019483952210087696
2022-01-20,-0.025131791007208082
2022-01-21,-0.08992800253613265
2022-01-24,0.03030311555732279
2022-01-25,-0.007672680216795902
2022-01-26,-0.005799040273715916
2022-01-27,-0.02397912839230454
2022-01-28,0.007968025807651324
2022-01-31,-0.00790503825879485
2022-02-01,0.03320060504220246
2022-02-02,0.016066728171657108
2022-02-03,-0.01518035683947061
2022-02-04,0.01669868907123373
2022-02-07,0.0
2022-02-08,0.029690704054040395
2022-02-09,-0.009816193216175328
2022-02-10,-0.005576207919580023
2022-02-11,-0.008099610291595782
2022-02-14,-0.013819156494365381
2022-02-15,0.032484169812087904
2022-02-16,-0.001233698252133708
2022-02-17,-0.01976542857987773
2022-02-18,-0.0012601999536144826
2022-02-22,-0.0012619318753909203
2022-02-23,-0.03348050217025933
2022-02-24,-0.022222329957592435
2022-02-25,0.04077536019246519
2022-02-28,-0.0032112391638362547
2022-03-01,-0.07280927116503788
2022-03-02,0.04864484702127991
2022-03-03,-0.000662632480878278
2022-03-04,-0.021220386094584986
2022-03-07,-0.045392869325796115
2022-03-08,0.0070973289399272055
2022-03-09,0.03664556224644966
2022-03-10,-0.006798188412938999
2022-03-11,0.0075291228882612415
2022-03-14,0.021739135414147848
2022-03-15,-0.004654146609018195
2022-03-16,0.030727980986754
2022-03-17,-0.005564606370635938
2022-03-18,-0.00460833340962985
2022-03-21,-0.0026454092058267875
2022-03-22,0.02254632154166658
2022-03-23,-0.02788594187422433
2022-03-24,0.010006671064561878
2022-03-25,0.013870732608692204
2022-03-28,-0.016938199284828204
2022-03-29,0.01590460041492303
2022-03-30,-0.028701820228718145
2022-03-31,-0.0181331358324901
2022-04-01,-0.012311961885320799
2022-04-04,0.0
2022-04-05,-0.004847455474972673
2022-04-06,-0.018093267390603796
2022-04-07,-0.01842650828360204
2022-04-08,-0.0036102411250983346
2022-04-11,0.0
2022-04-12,-0.023913104120164452
2022-04-13,-0.0022272373493290587
2022-04-14,-0.00595225382331499
2022-04-18,0.011976040424185097
2022-04-19,0.04068049455441747
2022-04-20,0.012082432272999988
2022-04-21,-0.009831464295399717
2022-04-22,-0.02411345033005141
2022-04-25,0.01017426041727476
2022-04-26,-0.023740990552381436
2022-04-27,-0.005158399243342937
2022-04-28,0.005926046311113264
2022-04-29,-0.031664298529624935
2022-05-02,0.008365125237016713
2022-05-03,0.017345267259369024
2022-05-04,0.030392820462151304
2022-05-05,-0.02086331413201503
2022-05-06,-0.01910345818142911
2022-05-09,-0.014232351821236833
2022-05-10,-0.004559067510654158
2022-05-11,-0.024427718850350333
2022-05-12,0.007824842346602967
2022-05-13,0.013198917716216396
2022-05-16,-0.010728228055412736
2022-05-17,0.04337733636664631
2022-05-18,-0.020786942879890136
2022-05-19,-0.006065155377009468
2022-05-20,-0.006864851841457353
2022-05-23,0.03763429007185315
2022-05-24,-0.006661763930797315
2022-05-25,0.01639340184996052
2022-05-26,0.01246341271630591
2022-05-27,0.008689289734995054
2022-05-31,-0.0035892686307075206
2022-06-01,-0.02089337297068261
2022-06-02,0.015452502847983052
2022-06-03,-0.015217356601755605
2022-06-06,0.00809396153923303
2022-06-07,0.003649851697112405
2022-06-08,-0.016727307329620134
2022-06-09,-0.03254437918515907
2022-06-10,-0.04816519828828447
2022-06-13,-0.015260929618063912
2022-06-14,-0.001631490433393168
2022-06-15,0.02450998482555944
2022-06-16,-0.04400490886464936
2022-06-17,0.008445894996193415
2022-06-21,0.015075378734264566
2022-06-22,0.004125523850140755
2022-06-23,-0.018899042344025174
2022-06-24,0.04773873000172468
2022-06-27,-0.011191067664465426
2022-06-28,-0.00727575655662871
2022-06-29,-0.0032573097531380935
2022-06-30,-0.017156895750258694
2022-07-01,0.005818889097755742
2022-07-05,0.0024794602018167744
2022-07-06,0.0
2022-07-07,0.0206097958016751
2022-07-08,-0.008885113680087486
2022-07-11,0.001630071551382617
2022-07-12,0.0040682786296100115
2022-07-13,-0.017017769678501993
2022-07-14,-0.019785806180900534
2022-07-15,0.05214471821649869
2022-07-18,0.0055955338322326575
2022-07-19,0.036565932055017125
2022-07-20,-0.006134932620147304
2022-07-21,0.029321065506198396
2022-07-22,-0.023988106892662953
2022-07-25,0.019201240416638843
2022-07-26,-0.029389631179265185
2022-07-27,0.0163044637407761
2022-07-28,-0.003819812372199638
2022-07-29,0.019171790837593905
2022-08-01,0.00451464562351056
2022-08-02,-0.010486828805752468
2022-08-03,0.013626041885625995
2022-08-04,-0.005227627298781012
2022-08-05,0.009759658127357573
2022-08-08,0.0007435307473779851
2022-08-09,0.008915168382839678
2022-08-10,0.02798240214691794
2022-08-11,0.01647550548531518
2022-08-12,0.011275711675194922
2022-08-15,0.0006967450085559879
2022-08-16,0.007660236191189718
2022-08-17,-0.009675131637969736
2022-08-18,0.0
2022-08-19,-0.017445926323983785
2022-08-22,-0.0262784442320656
2022-08-23,0.000729350114584193
2022-08-24,0.0014577171913319198
2022-08-25,0.01965065711720615
2022-08-26,-0.02640974497244164
2022-08-29,-0.012463147969782984
2022-08-30,-0.005939250552822739
2022-08-31,0.000746698389243905
2022-09-01,-0.0022387517505495502
2022-09-02,-0.0037394880320356094
2022-09-06,-0.011261480319034733
2022-09-07,0.02885344956334479
2022-09-08,0.04354254081763487
2022-09-09,0.0
2022-09-12,0.022630775047141505
2022-09-13,-0.030428662335872048
2022-09-14,-0.010699131960323793
2022-09-15,0.02811842912824747
2022-09-16,-0.028004391945285145
2022-09-19,0.02334063132706299
2022-09-20,-0.009265913704012751
2022-09-21,-0.012949555231191345
2022-09-22,-0.02259487909930702
2022-09-23,-0.01640556037222063
2022-09-26,-0.013646611522849406
2022-09-27,-0.011529723939093683
2022-09-28,0.03188180516080186
2022-09-29,-0.007535745339722455
2022-09-30,0.0007592551344008935
2022-10-03,0.02200326083577253
2022-10-04,0.03563450090767817
2022-10-05,-0.016487385605770344
2022-10-06,-0.00874629748312028
2022-10-07,-0.028676637711699815
2022-10-10,0.0015141591944669575
2022-10-11,-0.01133791579813348
2022-10-12,-0.0038226461057171424
2022-10-13,0.06600159772031655
2022-10-14,-0.015838939933863205
2022-10-17,0.013167673319066653
2022-10-18,0.018772595643790968
2022-10-19,-0.034727259114009645
2022-10-20,-0.03083688241865501
2022-10-21,0.09469687332154719
2022-10-24,0.027681779581656407
2022-10-25,-0.0006735059505224017
2022-10-26,0.004717059900252174
2022-10-27,-0.000670941476539233
2022-10-28,0.014094124569173694
2022-10-31,0.004632699055038492
2022-11-01,0.006587786689689512
2022-11-02,-0.019633659706230988
2022-11-03,-0.004005459120446031
2022-11-04,0.030831190694994293
2022-11-07,0.007802360092553862
2022-11-08,-0.0012903140755307074
2022-11-09,-0.03229973906207828
2022-11-10,0.01335111925029242
2022-11-11,-0.013834008367623274
2022-11-14,-0.00066810718960153
2022-11-15,0.009358518870590027
2022-11-16,-0.013245304346524156
2022-11-17,-0.008053639576760419
2022-11-18,0.007442699071002812
2022-11-21,0.003357899436160272
2022-11-22,0.014056095468249596
2022-11-23,0.0013201951839922899
2022-11-25,0.004614447688477297
2022-11-28,-0.012467215888566696
2022-11-29,0.016611294241489327
2022-11-30,0.01176469919636891
2022-12-01,0.007105931359649098
2022-12-02,-0.008338588844113426
2022-12-05,-0.03686934005096154
2022-12-06,-0.014103440412577384
2022-12-07,-0.0006811573514943214
2022-12-08,-0.0034084786619826835
2022-12-09,-0.004787967544056748
2022-12-12,0.004123833787200271
2022-12-13,-0.027378623153365367
2022-12-14,-0.019704381124179604
2022-12-15,-0.013639731840056846
2022-12-16,0.004784769991762916
2022-12-19,0.0029304704687178607
2022-12-20,0.006574076915969895
2022-12-21,0.015965183886364365
2022-12-22,-0.0064285851355759815
2022-12-23,0.010064817676143312
2022-12-27,-0.0007119321837938397
2022-12-28,-0.004273411705238428
2022-12-29,0.011445031066237288
2022-12-30,-0.0028289191337091957
2023-01-03,0.0
2023-01-04,0.01843964463768466
2023-01-05,-0.006963612053178525
2023-01-06,0.023842746661264957
2023-01-09,-0.01301368562327243
2023-01-10,0.004163833739880163
2023-01-11,0.00691082308938995
2023-01-12,0.0054906393681859456
2023-01-13,-0.004777955562284553
2023-01-17,-0.005487094022593619
2023-01-18,-0.029655095183608537
2023-01-19,-0.003553684480660846
2023-01-20,0.006419414086471065
2023-01-23,0.044649200250538534
2023-01-24,-0.004070540283971802
2023-01-25,0.004768263715721588
2023-01-26,0.011525416072736716
2023-01-27,0.006032256593790031
2023-01-30,-0.011325846010878049
2023-01-31,0.02223722004154416
2023-02-01,0.003296072439495923
2023-02-02,0.01839677351458846
2023-02-03,-0.003225897923684884
2023-02-06,-0.005825185858686521
2023-02-07,0.01367178740981001
2023-02-08,-0.008349323936044595
2023-02-09,-0.011657986460925307
2023-02-10,-0.0019658811592586645
2023-02-13,0.009848908422410707
2023-02-14,-0.001950472871762643
2023-02-15,0.003908709318727999
2023-02-16,-0.004542591889681313
2023-02-17,0.003911398152156131
2023-02-21,-0.02402605626800136
2023-02-22,-0.006653191974185457
2023-02-23,0.010716707768409384
2023-02-24,0.013253686871330439
2023-02-27,0.0013081097462750435
2023-02-28,0.0006531302239889403
2023-03-01,-0.0013054779921635173
2023-03-02,-0.02156864948617976
2023-03-03,0.016700182127029173
2023-03-06,-0.0026282517148347173
2023-03-07,-0.0480895847124585
2023-03-08,-0.0006919273187764308
2023-03-09,-0.048476560770309596
2023-03-10,-0.026928689517109805
2023-03-13,-0.16828709011878873
2023-03-14,-0.006295084045750188
2023-03-15,-0.01809947798308542
2023-03-16,0.02580625160761052
2023-03-17,-0.057858697352337396
2023-03-20,0.029013670479884013
2023-03-21,0.0563908261829289
2023-03-22,-0.05160118561648097
2023-03-23,0.0018760812219011935
2023-03-24,0.009363039098801984
2023-03-27,0.03154003439876707
2023-03-28,0.0
2023-03-29,0.019784165977615453
2023-03-30,-0.017636669965266583
2023-03-31,0.005385925366394817
2023-04-03,-0.0026784889802554668
2023-04-04,-0.017009923649204173
2023-04-05,0.005464505660659258
2023-04-06,0.013587017815881675
2023-04-10,0.009830249292705373
2023-04-11,0.008849596526104397
2023-04-12,-0.007017574517809044
2023-04-13,0.0008833961127763246
2023-04-14,0.007060931302944606
2023-04-17,0.02629265470296449
2023-04-18,-0.009393541283168272
2023-04-19,0.020689469951830075
2023-04-20,-0.017736476357420927
2023-04-21,-0.01633695003873281
2023-04-24,-0.020979204939365337
2023-04-25,-0.02321410730153639
2023-04-26,-0.010054985294990826
2023-04-27,0.029547686083231994
2023-04-28,0.004484134462639844
2023-05-01,-0.018749895925896265
2023-05-02,-0.06278443503785525
2023-05-03,-0.02233009528947638
2023-05-04,-0.06256203293775364
2023-05-05,0.04343228615226291
2023-05-08,-0.010152221463424316
2023-05-09,0.00512811873881569
2023-05-10,-0.02244897098565679
2023-05-11,-0.03131526802517437
2023-05-12,0.0
2023-05-15,0.030172662348614043
2023-05-16,-0.008368457770978388
2023-05-17,0.05907165874005549
2023-05-18,0.018924388674897985
2023-05-19,-0.005865025179179417
2023-05-22,0.03539807241283488
2023-05-23,0.0
2023-05-24,-0.01614442258699611
2023-05-25,0.005791737016844323
2023-05-26,0.009597072644198956
2023-05-30,0.01045581435827625
2023-05-31,-0.030103123326518766
2023-06-01,0.014548941595692755
2023-06-02,0.041109064387113925
2023-06-05,-0.011019428231357709
2023-06-06,0.046425264109069886
2023-06-07,0.013309636487476073
2023-06-08,-0.019264534138702327
2023-06-09,-0.02232115149102243
2023-06-12,0.0009131491248197676
2023-06-13,0.025547266353646902
2023-06-14,-0.03647684484224778
2023-06-15,0.020140652480742816
2023-06-16,0.0027547300434573874
2023-06-20,-0.01831486205172217
2023-06-21,-0.007462797089827777
2023-06-22,-0.03101499727537338
2023-06-23,-0.009699440044024898
2023-06-26,0.013712073665209434
2023-06-27,0.0183575231219959
2023-06-28,0.0009487683898199428
2023-06-29,0.022748758953843318
2023-06-30,-0.0009268826559781784
2023-07-03,0.014842524541091917
2023-07-05,-0.01371127208422196
2023-07-06,-0.011121430243343777
2023-07-07,0.020618694959530837
2023-07-10,-0.004591376594836771
2023-07-11,0.0175276110098892
2023-07-12,0.010879535065096979
2023-07-13,0.017040201720076364
2023-07-14,-0.00793652328773553
2023-07-17,0.013333359329716687
2023-07-18,0.021929775133427754
2023-07-19,0.01974261786774023
2023-07-20,-0.0016836806331271825
2023-07-21,-0.006745288157607443
2023-07-24,0.028013548321311532
2023-07-25,-0.011560630324533472
2023-07-26,0.01670855709605612
2023-07-27,-0.013968972505515764
2023-07-28,0.014166869110611158
2023-07-31,0.0057516875241439
2023-08-01,0.0
2023-08-02,-0.01470574054663576
2023-08-03,0.012437660350055557
2023-08-04,-0.0016378337719339386
2023-08-07,0.006562682481790816
2023-08-08,-0.022005016311866687
2023-08-09,-0.008333350016281105
2023-08-10,0.005042202531247764
2023-08-11,0.0033443130739549964
2023-08-14,-0.024999963007376724
2023-08-15,-0.03418792278716942
2023-08-16,0.00265477973120376
2023-08-17,-0.007943528176219683
2023-08-18,-0.008896628661142825
2023-08-21,0.0
2023-08-22,-0.04398571570150511
2023-08-23,0.02253525326022965
2023-08-24,0.005509651913804037
2023-08-25,-0.00913253203053821
2023-08-28,0.015668425465716007
2023-08-29,0.010889215991992884
2023-08-30,-0.012567441104271881
2023-08-31,0.008181833719797416
2023-09-01,0.011722200214625778
2023-09-05,-0.005347417852176073
2023-09-06,-0.021505508179322175
2023-09-07,-0.02106212005446695
2023-09-08,0.01683809841685857
2023-09-11,-0.011039674662597032
2023-09-12,0.018604784478863712
2023-09-13,-0.026484066263678274
2023-09-14,0.018761663024153163
2023-09-15,-0.00046704235235461855
2023-09-18,-0.01028031016249431
2023-09-19,-0.0018888451386154248
2023-09-20,-0.006622397216814568
2023-09-21,-0.010475930393837762
2023-09-22,-0.007699824375193121
2023-09-25,0.0096993148484521
2023-09-26,-0.01825182776911438
2023-09-27,-0.009784731080579867
2023-09-28,0.008893337332320339
2023-09-29,0.018609156190093845
2023-10-02,-0.035576786667681715
2023-10-03,-0.017946170624069002
2023-10-04,0.004060973874864704
2023-10-05,0.014155661473397974
2023-10-06,0.008972931335498036
2023-10-09,-0.004940709049688463
2023-10-10,0.016881900719107668
2023-10-11,-0.007812415164410669
2023-10-12,-0.012795287559556057
2023-10-13,-0.007976087238588891
2023-10-16,0.02311568770958483
2023-10-17,0.019646351115972127
2023-10-18,-0.02601181984838652
2023-10-19,-0.007912770612345299
2023-10-20,-0.03888328414296249
2023-10-23,-0.0072615979168110245
2023-10-24,-0.0041795755399994805
2023-10-25,-0.006295838620829386
2023-10-26,0.025343018071962264
2023-10-27,-0.027806348041658602
2023-10-30,0.01271183482936511
2023-10-31,0.009414177387342626
2023-11-01,-0.002072516415823733
2023-11-02,0.07372782840254599
2023-11-03,0.027079410759892175
2023-11-06,-0.011299506233138912
2023-11-07,-0.005714126022787314
2023-11-08,-0.007663047224737873
2023-11-09,-0.016409239357607408
2023-11-10,0.007851052788562018
2023-11-13,-0.003894997086170804
2023-11-14,0.05767353948950249
2023-11-15,0.01663586936921635
2023-11-16,-0.008181776147323405
2023-11-17,0.015582006545020288
2023-11-20,-0.0009025637251526275
2023-11-21,-0.015356793349314501
2023-11-22,-0.002752216451901157
2023-11-24,0.0009198110593853226
2023-11-27,-0.007352672590215437
2023-11-28,0.010185024885563054
2023-11-29,0.020164860826542563
2023-11-30,0.011680249144112809
2023-12-01,0.04262876776385349
2023-12-04,0.0034071179737180657
2023-12-05,-0.011884508684171013
2023-12-06,0.005154583094400422
2023-12-07,0.013675153655290595
2023-12-08,0.010961226389206269
2023-12-11,-0.003335991604591415
2023-12-12,-0.008368109631756604
2023-12-13,0.04050631833575902
2023-12-14,0.0689375034862425
2023-12-15,-0.012668016278142402
2023-12-18,-0.013219269899183095
2023-12-19,0.007092143422410491
2023-12-20,-0.024256507921747494
2023-12-21,0.013632620310252808
2023-12-22,0.0015821677976892712
2023-12-26,0.013428186847578072
2023-12-27,-0.0023381458708643388
2023-12-28,0.0007813145241275521
2023-12-29,-0.007025864362811163
2024-01-02,0.011006238873795038
2024-01-03,-0.02643853979836619
2024-01-04,0.016773167677795797
2024-01-05,0.021209655316724918
2024-01-08,0.0069231800559819145
2024-01-09,-0.01451500796962446
2024-01-10,0.0023257738125614935
2024-01-11,-0.016241380916737436
2024-01-12,-0.015723289809066232
2024-01-16,-0.02156548969023786
2024-01-17,-0.0008163939954466404
2024-01-18,0.0
2024-01-19,0.039215771032047986
2024-01-22,0.016509518292070702
2024-01-23,-0.013147859495958758
2024-01-24,0.025078370405893002
2024-01-25,-0.01070331550432746
2024-01-26,0.008500689001724071
2024-01-29,0.006130385479749201
2024-01-30,-0.0007617550308960386
2024-01-31,-0.029725510274432376
2024-02-01,-0.02120973524457881
2024-02-02,0.010433432452044089
2024-02-05,-0.015091457365705607
2024-02-06,-0.002419308782048213
2024-02-07,-0.0016168662751158136
2024-02-08,-0.002429185954535007
2024-02-09,0.007305138629402519
2024-02-12,0.020145072727807856
2024-02-13,-0.02527638371887797
2024-02-14,0.03079423841540674
2024-02-15,0.009433941889164021
2024-02-16,0.002336403977592161
2024-02-20,-0.008547003817018672
2024-02-21,0.008620684843279491
2024-02-22,-0.0007769859727467798
2024-02-23,0.0
2024-02-26,-0.006220879434837179
2024-02-27,0.01877954269533766
2024-02-28,-0.009216803417112174
2024-02-29,0.010852743505252782
2024-03-01,-0.006901709088264707
2024-03-04,0.03166017468939697
2024-03-05,0.022455041366032935
2024-03-06,-0.008052704057949112
2024-03-07,-0.0014760616988833686
2024-03-08,-0.0022172527137920284
2024-03-11,-0.002962831095112417
2024-03-12,-0.0014859311641273187
2024-03-13,0.0
2024-03-14,-0.02827387362561451
2024-03-15,0.01123592616885527
2024-03-18,-0.0022987969105612294
2024-03-19,-0.0015361395892430352
2024-03-20,0.0246154284011062
2024-03-21,0.021771715217752563
2024-03-22,-0.02204254440222375
2024-03-25,0.004507858783318497
2024-03-26,-0.0022437769930214735
2024-03-27,0.03373302105963294
2024-03-28,0.011602704432403632
2024-04-01,-0.01577074442188986
2024-04-02,-0.009468243525859621
2024-04-03,0.0007352769405146731
2024-04-04,-0.0066127042226011845
2024-04-05,0.005917095519571314
2024-04-08,0.03014709383009051
2024-04-09,0.0021412775270204243
2024-04-10,-0.03276348400337714
2024-04-11,-0.006627460282769282
2024-04-12,-0.013343129519155839
2024-04-15,-0.003756637113326633
2024-04-16,-0.01659131935935476
2024-04-17,0.008435694808728522
2024-04-18,0.0022813919036621666
2024-04-19,0.0075871520126995495
2024-04-22,0.018825392191569756
2024-04-23,0.007390884306031742
2024-04-24,0.009537857035266883
2024-04-25,-0.013081381754924126
2024-04-26,-0.0022091534275897606
2024-04-29,0.0014760544610894488
2024-04-30,-0.007369172406567981
2024-05-01,0.013362939684014474
2024-05-02,0.0014652409103392827
2024-05-03,0.009509873864597562
2024-05-06,0.008695594523044692
2024-05-07,-0.005028690541926006
2024-05-08,0.01444045863346699
2024-05-09,-0.002135252911794727
2024-05-10,0.0028530003475175647
2024-05-13,-0.007112352748440687
2024-05-14,0.008596076036338607
2024-05-15,0.012784077114622594
2024-05-16,-0.006311353724598345
2024-05-17,0.0028227991121210216
2024-05-20,-0.014074549746575515
2024-05-21,0.009992843749748737
2024-05-22,-0.016254463309047007
2024-05-23,-0.02442522311956785
2024-05-24,0.011781978863675269
2024-05-28,-0.005822426740927145
2024-05-29,-0.013909120289745336
2024-05-30,0.014105312781953927
2024-05-31,0.019033672484845887
2024-06-03,-0.017959712260353866
2024-06-04,-0.013899018129665763
2024-06-05,-0.0037091865297703697
2024-06-06,-0.0037229958157003473
2024-06-07,0.0014946581244750234
2024-06-10,-0.0611939524687628
2024-06-11,-0.018283120188108404
2024-06-12,0.007287605355956073
2024-06-13,-0.008038639262517133
2024-06-14,0.0024310614665514763
2024-06-17,0.014326667825687478
2024-06-18,0.005649789495099977
2024-06-20,0.004815436168081
2024-06-21,0.00878587231478023
2024-06-24,0.02771175654184077
2024-06-25,-0.017719477642358372
2024-06-26,-0.0031372723686585724
2024-06-27,0.005507388020505433
2024-06-28,0.03129900434893318
2024-07-01,-0.001517534468242654
2024-07-02,0.003799451315262825
2024-07-03,-0.012869148240099881
2024-07-05,-0.015337282485430537
2024-07-08,0.011682114723724935
2024-07-09,-0.0015395782194621566
2024-07-10,0.007710067063131376
2024-07-11,0.02983945758511619
2024-07-12,0.005943421764025958
2024-07-15,0.014032465547956674
2024-07-16,0.03933001307932105
2024-07-17,0.011912997203092912
2024-07-18,-0.009695139923684426
2024-07-19,0.039160778958308606
2024-07-22,0.010094302706550318
2024-07-23,0.003997224900833318
2024-07-24,-0.00995357322520618
2024-07-25,0.009383431089190708
2024-07-26,0.0046480015294250165
2024-07-29,-0.007270201080001648
2024-07-30,0.008655009306415495
2024-07-31,-0.013201263900046611
2024-08-01,-0.03879600510097325
2024-08-02,-0.04314547756713871
2024-08-05,-0.034181831414879627
2024-08-06,0.00978917486605324
2024-08-07,-0.01193131398742564
2024-08-08,0.018113158800981966
2024-08-09,0.00889545461838126
2024-08-12,-0.016899251892699474
2024-08-13,0.007473808946102611
2024-08-14,0.0
2024-08-15,0.021513289409201386
2024-08-16,0.009440830745808482
2024-08-19,0.009352535045400678
2024-08-20,-0.009265875618948094
2024-08-21,0.0028777140793572187
2024-08-22,0.02008619622582053
2024-08-23,0.028832474948013775
2024-08-26,-0.0013669938838153373
2024-08-27,-0.0013688651140539854
2024-08-28,0.0034269897798648863
2024-08-29,0.010245856892737049
2024-08-30,0.012170453611779486
2024-09-03,-0.01269215421294323
2024-09-04,-0.003382935434377954
2024-09-05,-0.0054311235732937835
2024-09-06,-0.023208119148321327
2024-09-09,0.024458383838061426
2024-09-10,-0.025238717444065806
2024-09-11,-0.004898453623789933
2024-09-12,-0.0014065473361196679
2024-09-13,0.012676057322761114
2024-09-16,0.018080699665717903
2024-09-17,0.005868076742950645
2024-09-18,-0.0006863265745447045
2024-09-19,0.027472524877703686
2024-09-20,-0.006684540610276679
2024-09-23,-0.01749657832277829
2024-09-24,-0.006164313976934843
2024-09-25,-0.009648574157183232
2024-09-26,0.013221969945283352
2024-09-27,0.005494518468624143
2024-09-30,0.004098336731895635
2024-10-01,-0.02585030122422205
2024-10-02,-0.007681599310307208
2024-10-03,-0.0028148566085637317
2024-10-04,0.03175715081632857
2024-10-07,0.0013680259132771155
2024-10-08,0.006147471549467376
2024-10-09,0.014256636936803346
2024-10-10,0.0013387241730480337
2024-10-11,0.028743334205756144
2024-10-14,0.00844704739175084
2024-10-15,0.00451027237143764
2024-10-16,0.01603594285214549
2024-10-17,-0.025883821862520917
2024-10-18,-0.004536707170426646
2024-10-21,-0.005859309299726223
2024-10-22,0.017681722434667257
2024-10-23,0.0
2024-10-24,0.0012870359431382816
2024-10-25,-0.011568181978875325
2024-10-28,0.025357683982442092
2024-10-29,-0.00951176877701354
2024-10-30,0.007682476503965363
2024-10-31,-0.009529898133237347
2024-11-01,-0.007055837537864762
2024-11-04,-0.005167971117944203
2024-11-05,0.009090963018640652
2024-11-06,0.12741314498525314
2024-11-07,-0.007991026564839743
2024-11-08,-0.005178251794612954
2024-11-11,0.026604952615130184
2024-11-12,-0.006197156597435471
2024-11-13,-0.005668919971680508
2024-11-14,-0.0005701127837655084
2024-11-15,0.009127232104833238
2024-11-18,0.006218175316317298
2024-11-19,-0.014606748641699197
2024-11-20,-0.003990901492799459
2024-11-21,0.008586182377432028
2024-11-22,0.01532349052195392
2024-11-25,0.0173281711429516
2024-11-26,-0.0032967379338916247
2024-11-27,-0.007717796081969208
2024-11-29,0.0005556523905876354
2024-12-02,-0.012770726017950373
2024-12-03,-0.008436589559525642
2024-12-04,-0.0017014959435551757
2024-12-05,0.00568180359451298
2024-12-06,-0.005084743881458409
2024-12-09,-0.01873938285899923
2024-12-10,-0.002314877187357678
2024-12-11,0.008700731617208746
2024-12-12,-0.012651007613673548
2024-12-13,0.0
2024-12-16,0.005241813727963729
2024-12-17,-0.018540020613428743
2024-12-18,-0.05212979163832565
2024-12-19,0.0
2024-12-20,0.025769916974524243
2024-12-23,-0.002450924407505939
2024-12-24,0.011056437242679351
2024-12-26,0.0036452355483493903
2024-12-27,-0.008474618212086504
2024-12-30,-0.0030525522431374963
2024-12-31,-0.00367407597075764
