Date,HPQ
2015-01-05,-0.016650091494367136
2015-01-06,-0.007581483071440798
2015-01-07,0.01171375826727239
2015-01-08,0.023911135499465885
2015-01-09,-0.000245505214711228
2015-01-12,-0.018441391423249298
2015-01-13,-0.0027552083068898003
2015-01-14,-0.00879189913063827
2015-01-15,-0.0321842249715677
2015-01-16,0.003927219641713053
2015-01-20,0.007303425148339038
2015-01-21,-0.0012947515671186682
2015-01-22,0.03863115013221341
2015-01-23,0.0004995627634289956
2015-01-26,-0.030938810921923854
2015-01-27,-0.03810487312354227
2015-01-28,-0.00535312376019581
2015-01-29,0.01560820121832407
2015-01-30,-0.04266051250646885
2015-02-02,0.009410484744557746
2015-02-03,0.03564584443649932
2015-02-04,0.0034418951833765643
2015-02-05,0.0013191160217569387
2015-02-06,0.0
2015-02-09,-0.008168596550976792
2015-02-10,0.006641842381789109
2015-02-11,0.007653823415359806
2015-02-12,0.00497634156650828
2015-02-13,0.0049513939967773535
2015-02-17,-0.0007773898319390904
2015-02-18,-0.00986242569503204
2015-02-19,0.006028631263247597
2015-02-20,0.0002602941116818247
2015-02-23,-0.0052091184056791695
2015-02-24,0.007855131521361969
2015-02-25,-0.09924678540447063
2015-02-26,-0.01903632164228597
2015-02-27,0.02440466535697272
2015-03-02,0.002296127037186846
2015-03-03,-0.010023152611070119
2015-03-04,-0.010992002664645506
2015-03-05,-0.0055572566513705235
2015-03-06,-0.02411732933202204
2015-03-09,-0.0021200070787892322
2015-03-10,-0.00849768936023354
2015-03-11,-0.0018367059514927675
2015-03-12,0.0033730570835319718
2015-03-13,-0.008863149191996822
2015-03-16,-0.0015416606686153855
2015-03-17,0.0015440410559821593
2015-03-18,0.01850155053943703
2015-03-19,-0.005752387240262169
2015-03-20,0.013398357755619594
2015-03-23,0.005108190786951239
2015-03-24,-0.004185334863493373
2015-03-25,-0.03332327036960325
2015-03-26,-0.005900843960765512
2015-03-27,-0.01624462738368826
2015-03-30,0.0025402134711334234
2015-03-31,-0.012986672669309751
2015-04-01,0.004171609470858373
2015-04-02,0.003515633831475684
2015-04-06,0.01369441400962046
2015-04-07,-0.012881048785559068
2015-04-08,0.0031825275913801576
2015-04-09,0.0009519983247054942
2015-04-10,0.01774981151868449
2015-04-13,0.018374027645342794
2015-04-14,-0.005504617009137847
2015-04-15,0.015990137235531554
2015-04-16,-0.0069611693993083534
2015-04-17,-0.008534039399579973
2015-04-20,0.027052079282960495
2015-04-21,-0.005986282944220878
2015-04-22,0.009033325467041609
2015-04-23,-0.003879150013573751
2015-04-24,-0.0035949272730011472
2015-04-27,-0.005712958319424644
2015-04-28,0.0051409830106861065
2015-04-29,0.0024062138553453405
2015-04-30,-0.010504163896891239
2015-05-01,0.02517456278066965
2015-05-04,-0.004437951830830289
2015-05-05,-0.01456143641333807
2015-05-06,-0.0199032812049994
2015-05-07,0.00984589441538608
2015-05-08,0.017976900406215357
2015-05-11,0.008680014023815907
2015-05-12,-0.02314558200690575
2015-05-13,0.011543307181705043
2015-05-14,0.01201202756546782
2015-05-15,-0.0029673845327521375
2015-05-18,-0.010416538883995075
2015-05-19,0.004510920843621147
2015-05-20,-0.009880178072162682
2015-05-21,0.022981632249509554
2015-05-22,0.027490399042444658
2015-05-26,-0.039700545246824315
2015-05-27,0.011983149292907225
2015-05-28,-0.00384874930142709
2015-05-29,-0.0074294425781021856
2015-06-01,0.010778678427282973
2015-06-02,0.003554636869322003
2015-06-03,0.0023611915570360686
2015-06-04,-0.019434674752095482
2015-06-05,-0.011411579810523653
2015-06-08,-0.0016489804558964538
2015-06-09,-0.003364780047628191
2015-06-10,0.010128955518842186
2015-06-11,-0.011850758927782534
2015-06-12,-0.003382369797538809
2015-06-15,-0.021598354875856707
2015-06-16,-0.0018922807470863612
2015-06-17,0.017693576169587333
2015-06-18,-0.004035801535117511
2015-06-19,-0.008728430099823825
2015-06-22,-0.003144601470315145
2015-06-23,-0.0022081281385729623
2015-06-24,-0.002845462276390043
2015-06-25,-0.010463041945738438
2015-06-26,-0.02178793548155089
2015-06-29,-0.018342290114372717
2015-06-30,0.001334664796564189
2015-07-01,0.01699402802809824
2015-07-02,0.005570368270221948
2015-07-06,-0.003910153998789023
2015-07-07,0.007523722844171354
2015-07-08,-0.011363539815389845
2015-07-09,-0.001970677412482802
2015-07-10,0.008555284142993003
2015-07-13,0.0029366335645566455
2015-07-14,-0.0074819258441747305
2015-07-15,-0.0003276414759800783
2015-07-16,-0.004918425520406222
2015-07-17,0.000329464638643584
2015-07-20,0.002964684001518947
2015-07-21,0.006896702529023191
2015-07-22,0.0035875614890306107
2015-07-23,0.014949544048592278
2015-07-24,-0.013448437090638143
2015-07-27,-0.018176344601516292
2015-07-28,0.0006615882423957054
2015-07-29,0.0009911018876369582
2015-07-30,0.010560838341752365
2015-07-31,-0.0032659744694880644
2015-08-03,-0.01638233209131368
2015-08-04,-0.00866101663067842
2015-08-05,0.01814526529540328
2015-08-06,-0.005280707052416456
2015-08-07,-0.024220322686170803
2015-08-10,0.02822175340689448
2015-08-11,-0.030423402519692666
2015-08-12,-0.00750324551912096
2015-08-13,-0.02233679224950713
2015-08-14,0.009138869922181492
2015-08-17,-0.0034830480924357143
2015-08-18,-0.007689549639532389
2015-08-19,-0.0228956104815059
2015-08-20,-0.014059010108588677
2015-08-21,0.004387451866399994
2015-08-24,-0.031670974796777274
2015-08-25,-0.03421036954448442
2015-08-26,0.05488523849481863
2015-08-27,0.02546116632458517
2015-08-28,0.008636075339480298
2015-08-31,0.0010703054146272706
2015-09-01,-0.008909537553117408
2015-09-02,0.006832190661895554
2015-09-03,0.004642716732285113
2015-09-04,-0.03448503617347265
2015-09-08,0.02223048686109763
2015-09-09,-0.0119609503159398
2015-09-10,0.0025677186098387317
2015-09-11,-0.006585915355964422
2015-09-14,-0.004051668430467226
2015-09-15,0.002588396082410238
2015-09-16,0.050166543601042335
2015-09-17,-0.03161251802330145
2015-09-18,-0.037359150309398736
2015-09-21,-0.0037678842223427544
2015-09-22,-0.02987940094323338
2015-09-23,-0.006237865029160017
2015-09-24,-0.009023039469789884
2015-09-25,-0.009897325188529593
2015-09-28,-0.017592380359105264
2015-09-29,0.0032560859631154404
2015-09-30,0.03894516436179929
2015-10-01,-0.010152316335634737
2015-10-02,0.028402404902448497
2015-10-05,0.042577426147103026
2015-10-06,0.03016937718280599
2015-10-07,0.0003572551535500068
2015-10-08,0.04177051510648577
2015-10-09,0.004112511225189186
2015-10-12,0.0
2015-10-13,-0.002389040903524098
2015-10-14,0.0065001391326524605
2015-10-15,-0.022093592203183632
2015-10-16,0.0031280364807029226
2015-10-19,0.004157910076008742
2015-10-20,-0.014492526761213043
2015-10-21,-0.011554611753005872
2015-10-22,0.019128662748953307
2015-10-23,0.009036817650216467
2015-10-26,-0.033069192124036695
2015-10-27,-0.0220874836254622
2015-10-28,0.019307692688250944
2015-10-29,-0.02180122536693363
2015-10-30,-0.014979971000309789
2015-11-02,0.12958682153602497
2015-11-03,0.03326096597051431
2015-11-04,-0.010496768501595533
2015-11-05,-0.006364983044250927
2015-11-06,-0.002847002475483751
2015-11-09,-0.009992771322211103
2015-11-10,0.018024685564906662
2015-11-11,-0.014164438894645914
2015-11-12,-0.043821690707049
2015-11-13,-0.01502653533470244
2015-11-16,0.01830691214673963
2015-11-17,-0.005243592944326414
2015-11-18,0.02710839444965285
2015-11-19,0.010996883581394501
2015-11-20,0.0195796905528145
2015-11-23,0.01209087239647122
2015-11-24,0.028812552336056507
2015-11-25,-0.13661205271398624
2015-11-27,-0.0023737515770250184
2015-11-30,-0.0055512041795685585
2015-12-01,0.015949120192871202
2015-12-02,-0.06200919553489215
2015-12-03,0.016736230303494803
2015-12-04,0.01399179603573697
2015-12-07,-0.0037717614114075593
2015-12-08,0.0032921123477038794
2015-12-09,-0.006562832934194129
2015-12-10,0.02064417736609303
2015-12-11,-0.012136116449042
2015-12-14,-0.004094573934198542
2015-12-15,0.004111408399865457
2015-12-16,0.004095212248572011
2015-12-17,-0.02936370308439562
2015-12-18,-0.03277299724301941
2015-12-21,-0.006950331750644856
2015-12-22,0.020122200824021386
2015-12-23,0.007718395913170362
2015-12-24,-0.0017019267867467436
2015-12-28,-0.008525248789206463
2015-12-29,0.019776505738139827
2015-12-30,-0.0016863604033771074
2015-12-31,0.0
2016-01-04,-0.020270179092140905
2016-01-05,0.009482701086072742
2016-01-06,-0.03586664563467479
2016-01-07,-0.04605853116824632
2016-01-08,-0.017641681746934257
2016-01-11,0.006616641605025508
2016-01-12,0.01596213450257622
2016-01-13,-0.022181224248710607
2016-01-14,0.0037809468297254067
2016-01-15,-0.04802260059764818
2016-01-19,-0.03461926580868735
2016-01-20,-0.021516509488266
2016-01-21,0.04083810602624616
2016-01-22,-0.014084535571201706
2016-01-25,-0.03163274645336711
2016-01-26,0.01580601859373787
2016-01-27,-0.0020747126990486864
2016-01-28,-0.014553250080020952
2016-01-29,0.024261889271880888
2016-02-01,0.026776358892772523
2016-02-02,-0.009026730499008817
2016-02-03,-0.023279221018265517
2016-02-04,0.02176102620962439
2016-02-05,0.005070921964793085
2016-02-08,-0.05449007703768838
2016-02-09,-0.019210327873295463
2016-02-10,0.009793579062818303
2016-02-11,-0.028017557077473776
2016-02-12,0.0443456920479095
2016-02-16,0.04140141726966373
2016-02-17,0.02752312407323454
2016-02-18,0.04365097211997071
2016-02-19,-0.01901162163625525
2016-02-22,0.03488368214498094
2016-02-23,-0.03464410854761968
2016-02-24,0.049466348538895755
2016-02-25,-0.0443622083921591
2016-02-26,0.02901349810060272
2016-02-29,0.004699485747290177
2016-03-01,0.022450657704873533
2016-03-02,-0.002744473942947301
2016-03-03,0.01926585606231246
2016-03-04,0.006300410326981254
2016-03-07,0.022973985055110946
2016-03-08,-0.02298844177814774
2016-03-09,0.028054375230756268
2016-03-10,0.005281744290709156
2016-03-11,0.024518601348070268
2016-03-14,-0.019658187972899865
2016-03-15,-0.006102957135500797
2016-03-16,0.019298178400878108
2016-03-17,0.008605792424488223
2016-03-18,0.03924962276945698
2016-03-21,0.0024624982888330482
2016-03-22,0.004095239407805096
2016-03-23,-0.01957584516270716
2016-03-24,0.0041595443117787845
2016-03-28,0.0
2016-03-29,0.017398847640167636
2016-03-30,0.0016287156055432295
2016-03-31,0.001625649460849532
2016-04-01,-0.0048699714393436455
2016-04-04,-0.013050563441804774
2016-04-05,-0.012396660436010065
2016-04-06,0.027615180061190348
2016-04-07,-0.023615748644306045
2016-04-08,0.005838275254311576
2016-04-11,0.005803961584569972
2016-04-12,0.007419644696203154
2016-04-13,0.034370135587547423
2016-04-14,-0.007120375856332295
2016-04-15,-0.002390513851469378
2016-04-18,0.011980492301296275
2016-04-19,0.008682406733095505
2016-04-20,0.0015648941050461218
2016-04-21,-0.01640636721315758
2016-04-22,0.0015885107280846356
2016-04-25,-0.0031719827275771273
2016-04-26,0.012728713644309053
2016-04-27,0.002356510717315574
2016-04-28,-0.014890151795810103
2016-04-29,-0.02386618479403313
2016-05-02,-0.012224905343380055
2016-05-03,-0.033828599796738246
2016-05-04,-0.010247537666414397
2016-05-05,-0.01207953866598388
2016-05-06,0.012227238060918966
2016-05-09,-0.013804886212625544
2016-05-10,0.01574762797153295
2016-05-11,0.006891052397423936
2016-05-12,-0.011120745630484152
2016-05-13,-0.005190697459411808
2016-05-16,0.012174078555356349
2016-05-17,-0.00945014110321396
2016-05-18,0.003469432319275656
2016-05-19,-0.01123608728848724
2016-05-20,0.019231041310576735
2016-05-23,0.0008575496927683002
2016-05-24,0.0205656497566431
2016-05-25,0.02434907983956247
2016-05-26,0.06885210689241261
2016-05-27,0.009969347816578766
2016-05-31,0.01594554625507616
2016-06-01,0.004484447004608372
2016-06-02,0.007440328557324127
2016-06-03,-0.007385378911700657
2016-06-06,0.017113061529947737
2016-06-07,0.0014628220766885747
2016-06-08,0.013148607821511726
2016-06-09,-0.002163009709232444
2016-06-10,-0.024566692345532326
2016-06-13,-0.025866993941433103
2016-06-14,0.0015345439918401649
2016-06-15,-0.0038309695854370496
2016-06-16,-0.001538574656214431
2016-06-17,0.010785736110114241
2016-06-20,-0.0038111110679958093
2016-06-21,0.019893185252615853
2016-06-22,-0.054013657807389204
2016-06-23,0.02696269733760337
2016-06-24,-0.05328180296405438
2016-06-27,-0.05791207656096464
2016-06-28,0.0207791031414446
2016-06-29,0.0330792232190944
2016-06-30,0.030377555061636974
2016-07-01,0.01434297776923632
2016-07-05,-0.02906538511875234
2016-07-06,0.019417772654231058
2016-07-07,0.019840856169323517
2016-07-08,0.017898815418917913
2016-07-11,0.006116172539995635
2016-07-12,0.04255343018907598
2016-07-13,0.006559646342564118
2016-07-14,-0.0007241202358473364
2016-07-15,0.0036234092880909063
2016-07-18,0.006497615568252346
2016-07-19,0.007891134698933877
2016-07-20,0.007829352225913855
2016-07-21,-0.01129927912704265
2016-07-22,0.007857129804828222
2016-07-25,0.003543440863920111
2016-07-26,0.0014126233663509513
2016-07-27,-0.013399286032027669
2016-07-28,-0.0035743810882133964
2016-07-29,0.005021846979112787
2016-08-01,0.01213440307221969
2016-08-02,-0.00846279672521133
2016-08-03,0.01778102697506645
2016-08-04,-0.011181192635051018
2016-08-05,0.009187462480465536
2016-08-08,-0.0014005742051201864
2016-08-09,-0.0007010907740738759
2016-08-10,-0.004210835633610355
2016-08-11,0.007751926859611347
2016-08-12,-0.0013984375806602722
2016-08-15,0.016806712203302654
2016-08-16,-0.007575833278548383
2016-08-17,0.006245725622101572
2016-08-18,0.0006894865199460476
2016-08-19,-0.0062025065631521326
2016-08-22,-0.003467176478064715
2016-08-23,0.013917667029984315
2016-08-24,-0.011667665717350117
2016-08-25,-0.002083265570487769
2016-08-26,0.0013918021313332751
2016-08-29,0.002779558525512593
2016-08-30,-0.0034651262028846386
2016-08-31,-0.0006951517810012131
2016-09-01,0.009046448141154961
2016-09-02,-0.0006898376270217943
2016-09-06,0.009662109869256641
2016-09-07,0.004100941679352932
2016-09-08,-0.0040841926435146725
2016-09-09,-0.0382776305937087
2016-09-12,0.039007342405321666
2016-09-13,-0.021393792146232826
2016-09-14,0.00634687627194408
2016-09-15,0.016117911703251053
2016-09-16,0.002068761569791411
2016-09-19,0.002064751101595652
2016-09-20,-0.001373837748514184
2016-09-21,0.03094944998653415
2016-09-22,0.008672351058238492
2016-09-23,-0.0019839316388786665
2016-09-26,-0.0046391284581533965
2016-09-27,0.02130501511713856
2016-09-28,0.009778381521686308
2016-09-29,-0.006455875242281639
2016-09-30,0.009097150872581894
2016-10-03,0.007726704798983963
2016-10-04,-0.018530301011389305
2016-10-05,0.01757836513960176
2016-10-06,-0.0019195998954281146
2016-10-07,-0.0012819250030203788
2016-10-10,0.0006417042498878534
2016-10-11,-0.00962173763059615
2016-10-12,-0.00582868771308509
2016-10-13,-0.013029428129271103
2016-10-14,-0.04422447927496154
2016-10-17,-0.031077424961086342
2016-10-18,0.012829737461686141
2016-10-19,-0.006333654564493529
2016-10-20,-0.001416112573534023
2016-10-21,-0.02127682227850769
2016-10-24,0.01231872471936768
2016-10-25,-0.005010515445093344
2016-10-26,0.0007196258272430534
2016-10-27,0.005750962144101868
2016-10-28,0.0071479803628022864
2016-10-31,0.028388639315438002
2016-11-01,-0.009661322201773959
2016-11-02,0.020905705554485454
2016-11-03,-0.0075088260869490275
2016-11-04,0.01169221110410823
2016-11-07,0.02311339464396056
2016-11-08,0.015282480751569683
2016-11-09,0.018978922023648925
2016-11-10,-0.005137985784471222
2016-11-11,0.021304086961826174
2016-11-14,0.01769920607915343
2016-11-15,-0.014285873238282232
2016-11-16,-0.0044105629660249335
2016-11-17,0.005695959763391434
2016-11-18,-0.001258688115758022
2016-11-21,0.008191465683079269
2016-11-22,-0.0031247715911104645
2016-11-23,-0.06771164868179114
2016-11-25,0.02084749603444358
2016-11-28,-0.006587630283918511
2016-11-29,0.004641786603468923
2016-11-30,0.016501606743501318
2016-12-01,-0.0220777961147981
2016-12-02,0.003983922240512472
2016-12-05,0.02843910686531448
2016-12-06,0.0032155232987318705
2016-12-07,0.03525633405354678
2016-12-08,0.000619368445720303
2016-12-09,-0.02351479689694025
2016-12-12,0.011695442653141486
2016-12-13,-0.0006319364248408288
2016-12-14,-0.01327431214184005
2016-12-15,-0.006406103752900849
2016-12-16,-0.029658182849355064
2016-12-19,0.004650987278169705
2016-12-20,-0.0026452850899871816
2016-12-21,0.003978700629571064
2016-12-22,0.0
2016-12-23,-0.002641872913147658
2016-12-27,0.007284539930268563
2016-12-28,-0.017751457877605237
2016-12-29,0.0
2016-12-30,-0.006693391894616485
2017-01-03,0.0006736725123828169
2017-01-04,0.015488501155263013
2017-01-05,-0.000663365627026069
2017-01-06,-0.004644732653534711
2017-01-09,-0.02133340849932186
2017-01-10,0.0006811001731934496
2017-01-11,0.01701838425575919
2017-01-12,-0.010040129706499146
2017-01-13,-0.0013521537025008579
2017-01-17,-0.012863826695404645
2017-01-18,0.0
2017-01-19,0.019204348853780084
2017-01-20,-0.008748395636417272
2017-01-23,-0.0040731538879881235
2017-01-24,0.034082906293303905
2017-01-25,0.001318283011210175
2017-01-26,-0.026333007360131777
2017-01-27,0.0006762037187397762
2017-01-30,0.002702649020336123
2017-01-31,0.014151000254481572
2017-02-01,-0.003986714884597231
2017-02-02,0.014676326377064397
2017-02-03,0.003945106526676234
2017-02-06,-0.0006549476234412044
2017-02-07,0.011140013089503187
2017-02-08,0.005184683630771847
2017-02-09,0.008381684916749732
2017-02-10,0.005115308389766371
2017-02-13,0.02035606624078845
2017-02-14,0.0012467801067330697
2017-02-15,-0.004981299777070958
2017-02-16,-0.003754541019630686
2017-02-17,0.001884384649250448
2017-02-21,0.011285042534584289
2017-02-22,0.0043400422270605254
2017-02-23,0.08641980742421662
2017-02-24,0.0028408523523670848
2017-02-27,0.0
2017-02-28,-0.01586413196433567
2017-03-01,0.014392561983768593
2017-03-02,-0.017025983646116183
2017-03-03,0.0017322116617626282
2017-03-06,0.0048205220713364305
2017-03-07,-0.0017338360721279589
2017-03-08,0.0028952249847853384
2017-03-09,0.0023092068046632885
2017-03-10,0.0017279149904436686
2017-03-13,0.005750852223976866
2017-03-14,-0.001143664779177378
2017-03-15,0.005724231737841867
2017-03-16,0.004553193954603074
2017-03-17,-0.005099064351019145
2017-03-20,0.0
2017-03-21,-0.023348768590259472
2017-03-22,0.004664629254042207
2017-03-23,-0.0011607068561385603
2017-03-24,0.0011620556621128042
2017-03-27,-0.0017408801732811119
2017-03-28,0.0034884096046448043
2017-03-29,0.0
2017-03-30,0.02259555121227952
2017-03-31,0.013030950044824907
2017-04-03,-0.01621907015912971
2017-04-04,0.007390360337580892
2017-04-05,-0.0016924604599275472
2017-04-06,-0.007349001800937005
2017-04-07,-0.010820019673148606
2017-04-10,-0.0005759972237791011
2017-04-11,0.010368777030178578
2017-04-12,0.027366175300888473
2017-04-13,0.009988801217792664
2017-04-17,0.0
2017-04-18,0.0010986401225172582
2017-04-19,0.008781723778722661
2017-04-20,0.007617125331951247
2017-04-21,-0.012419072637033568
2017-04-24,0.013668683168111873
2017-04-25,0.003775660980031459
2017-04-26,0.0010745024614704501
2017-04-27,0.0075148432546445765
2017-04-28,0.0026639864114339495
2017-05-01,0.005844578573110493
2017-05-02,-0.0015847378343157859
2017-05-03,-0.004761693965075087
2017-05-04,-0.0010634735666600337
2017-05-05,0.006386445345823111
2017-05-08,0.021153058302000982
2017-05-09,-0.0036252317518462585
2017-05-10,0.006237008919662834
2017-05-11,-0.005165088423831121
2017-05-12,0.0020768006995757204
2017-05-15,0.0031086483300173384
2017-05-16,0.005681943503334841
2017-05-17,-0.026194296221229818
2017-05-18,-0.009493577030944889
2017-05-19,0.011714384937120181
2017-05-22,0.005789732849356133
2017-05-23,-0.007849442138190055
2017-05-24,0.002637290231099154
2017-05-25,-0.03366678435628734
2017-05-26,0.005443717729450848
2017-05-30,0.025446678499684516
2017-05-31,-0.009503799278249181
2017-06-01,0.010128241520979797
2017-06-02,0.0015826718233256099
2017-06-05,-0.00948331464806218
2017-06-06,-0.028723647364361726
2017-06-07,-0.001094962411525069
2017-06-08,0.00219286977727684
2017-06-09,-0.026258285482706367
2017-06-12,0.005264261212575727
2017-06-13,-0.0011263258834834922
2017-06-14,-0.019165727640024888
2017-06-15,-0.007470962581672791
2017-06-16,0.004632132819292423
2017-06-19,0.019596681804182836
2017-06-20,0.00791366826306028
2017-06-21,-0.006730251380924979
2017-06-22,0.0
2017-06-23,0.005081943115212262
2017-06-26,0.020224713346064016
2017-06-27,-0.021475516173395715
2017-06-28,0.014631085200872196
2017-06-29,-0.02551278505834942
2017-06-30,-0.005122435320050522
2017-07-03,0.0045765553299697
2017-07-05,0.005125493626600308
2017-07-06,-0.02606254984039902
2017-07-07,0.009307957368941633
2017-07-10,0.029971316334748366
2017-07-11,0.0039172537456839684
2017-07-12,0.005573819195527019
2017-07-13,0.002217210553116411
2017-07-14,0.018805584045560764
2017-07-17,0.0027143203423731777
2017-07-18,-0.004331449905728535
2017-07-19,0.016857234564563006
2017-07-20,0.012833865508215636
2017-07-21,0.011087794254252437
2017-07-24,0.004699544045277726
2017-07-25,0.008835856686775667
2017-07-26,-0.007727634448099985
2017-07-27,-0.002596514337825484
2017-07-28,-0.0020820417978405503
2017-07-31,-0.0036513517868216327
2017-08-01,0.0020941607972324583
2017-08-02,-0.002089784452557253
2017-08-03,0.013612270950154937
2017-08-04,0.0005165570634866334
2017-08-07,-0.002581070213900194
2017-08-08,0.0
2017-08-09,0.0
2017-08-10,-0.02173935224575374
2017-08-11,0.0
2017-08-14,0.010582260641011088
2017-08-15,-0.0031417249847284223
2017-08-16,-0.0036762181775826797
2017-08-17,-0.017395728666796173
2017-08-18,-0.006974295982178691
2017-08-21,0.0032412673451167606
2017-08-22,0.024232558358631806
2017-08-23,-0.008411749087120723
2017-08-24,0.02916179851690326
2017-08-25,-0.005151438923835072
2017-08-28,-0.006732307021682149
2017-08-29,0.0015635071018809121
2017-08-30,-0.0020820417978405503
2017-08-31,-0.004694641061379845
2017-09-01,0.014674749717445534
2017-09-05,-0.006198430206184935
2017-09-06,0.00675686925214336
2017-09-07,-0.004646104481981772
2017-09-08,-0.00829875757313947
2017-09-11,0.010460237969753372
2017-09-12,0.01527052085447056
2017-09-13,-0.010266726479954857
2017-09-14,0.009335668181170043
2017-09-15,0.0005140746483420777
2017-09-18,0.00616340091780776
2017-09-19,-0.005104694677686372
2017-09-20,0.005644106750610112
2017-09-21,0.008673158941241876
2017-09-22,0.008598953413067711
2017-09-25,-0.0045133946013166115
2017-09-26,0.0015114913656804063
2017-09-27,-0.0005032136803710952
2017-09-28,0.005032576644634856
2017-09-29,-0.0005007009016109176
2017-10-02,0.008016085871414225
2017-10-03,-0.0014910864120425416
2017-10-04,0.008462046497282882
2017-10-05,0.004442529038292786
2017-10-06,0.011301793875982291
2017-10-09,-0.0004856220671233258
2017-10-10,0.0
2017-10-11,-0.00777812991776583
2017-10-12,-0.0004905659427216769
2017-10-13,0.06421614784684126
2017-10-16,0.0036844541778771056
2017-10-17,-0.011014021786811434
2017-10-18,0.007888747650238725
2017-10-19,0.011049739941169534
2017-10-20,0.002731965805184311
2017-10-23,0.004541759897509268
2017-10-24,-0.0076856852121584
2017-10-25,-0.012756099165298185
2017-10-26,-0.006922106790410942
2017-10-27,-0.0009293884264816032
2017-10-30,-0.0051163345505271796
2017-10-31,0.007480181232196292
2017-11-01,-0.0037124921106845843
2017-11-02,-0.0013967026465201426
2017-11-03,0.0013986561532710606
2017-11-06,-0.0013967026465201426
2017-11-07,-0.002799024387682758
2017-11-08,0.0018710631786853504
2017-11-09,-0.0037350234334362353
2017-11-10,-0.005154351899993581
2017-11-13,-0.002826366355635712
2017-11-14,0.008975104410739565
2017-11-15,0.0
2017-11-16,0.009831389392057632
2017-11-17,0.00834510669885491
2017-11-20,0.017011583331308033
2017-11-21,0.015370374754595018
2017-11-22,-0.0498665461185388
2017-11-24,-0.004685909977962033
2017-11-27,0.0004707625466111587
2017-11-28,0.019294255242139124
2017-11-29,-0.010618602184006232
2017-11-30,0.0009332915238220441
2017-12-01,-0.0018647285202839647
2017-12-04,-0.015413522404716606
2017-12-05,-0.0004744517539914117
2017-12-06,-0.0023730363971657953
2017-12-07,-0.0023784482551876263
2017-12-08,0.004768470910483602
2017-12-11,0.010916060341465528
2017-12-12,-0.00855325575875332
2017-12-13,-0.006196574907359587
2017-12-14,-0.005275804989941846
2017-12-15,0.008679051624884027
2017-12-18,0.01768638103337561
2017-12-19,0.006106005675841297
2017-12-20,0.0018675259662039867
2017-12-21,-0.009785838765221544
2017-12-22,0.00047067378542653415
2017-12-26,-0.0014110140055061393
2017-12-27,0.0018841248879464256
2017-12-28,-0.0056415163113853195
2017-12-29,-0.006619781385941215
2018-01-02,0.014754899447959824
2018-01-03,0.0023452999468382973
2018-01-04,0.007487012829662243
2018-01-05,0.010218576865505202
2018-01-08,0.004137787958990113
2018-01-09,-0.0013738759197020611
2018-01-10,0.011004233417850173
2018-01-11,0.016326742575653697
2018-01-12,0.022757490941439418
2018-01-16,-0.001745199772497097
2018-01-17,0.025349796267628566
2018-01-18,-0.007246242392632052
2018-01-19,0.017603977215729705
2018-01-22,0.006329032768321419
2018-01-23,-0.0016770459282452466
2018-01-24,-0.006300099401091774
2018-01-25,-0.014369878854750051
2018-01-26,0.02530028074123858
2018-01-29,-0.004182600746940213
2018-01-30,-0.015539857183043515
2018-01-31,-0.005119140113901799
2018-02-01,-0.000857684344013232
2018-02-02,-0.035193262019140525
2018-02-05,-0.05293582760004989
2018-02-06,0.006575795044852617
2018-02-07,-0.010266145159092743
2018-02-08,-0.06082013404540565
2018-02-09,0.00953817555542269
2018-02-12,0.01491818088125818
2018-02-13,0.008328854557963838
2018-02-14,0.03449963934160527
2018-02-15,0.007515259590029411
2018-02-16,-0.002330972212399307
2018-02-20,-0.0004674881582920065
2018-02-21,-0.010285230682884894
2018-02-22,0.010392115993157924
2018-02-23,0.034595414291051396
2018-02-26,0.06009968991365788
2018-02-27,0.002557491219148833
2018-02-28,-0.005527181614926824
2018-03-01,-0.0017100274839209062
2018-03-02,0.009421678251926302
2018-03-05,0.005091420923253098
2018-03-06,0.010975137559949166
2018-03-07,0.003757495755357443
2018-03-08,-0.0037434298336471716
2018-03-09,0.029227583689447556
2018-03-12,-0.033265740686860945
2018-03-13,-0.0029974852791040396
2018-03-14,-0.0059267319669006335
2018-03-15,0.0
2018-03-16,0.0012775638439652681
2018-03-19,-0.013185676890517306
2018-03-20,0.003448161982144038
2018-03-21,0.0
2018-03-22,-0.03479420068969208
2018-03-23,-0.027591824757658756
2018-03-26,0.0160183580212363
2018-03-27,-0.01936973536959563
2018-03-28,-0.0036746615554328343
2018-03-29,0.010603867399005429
2018-04-02,-0.03558382379647751
2018-04-03,0.00851455576066762
2018-04-04,0.010318894680433122
2018-04-05,0.0004644337342043503
2018-04-06,-0.0357310011241504
2018-04-09,0.005293756187127796
2018-04-10,0.041168228624320236
2018-04-11,-0.00735663365529049
2018-04-12,0.016211376376192632
2018-04-13,-0.007748672365932796
2018-04-16,0.0036751056501280743
2018-04-17,0.009153236823562283
2018-04-18,-0.0009071639977344947
2018-04-19,-0.01679524888528494
2018-04-20,-0.006001733176902557
2018-04-23,-0.006967045597040755
2018-04-24,-0.008419201486095207
2018-04-25,0.005188651388432497
2018-04-26,0.007977638974095758
2018-04-27,0.0060520263851922
2018-04-30,-0.005553025979178172
2018-05-01,0.015356009880284516
2018-05-02,-0.012373922436710871
2018-05-03,-0.01067297946504886
2018-05-04,0.01688545371643224
2018-05-07,0.005073885842696857
2018-05-08,0.007802126214995431
2018-05-09,0.02823282119532422
2018-05-10,0.007528940935540351
2018-05-11,-0.0017582900454010675
2018-05-14,-0.006164535476996358
2018-05-15,-0.023482766589541626
2018-05-16,0.008620544067321045
2018-05-17,0.0031492571765063815
2018-05-18,-0.007174867867890011
2018-05-21,-0.0022585815509618135
2018-05-22,-0.0009055214817902391
2018-05-23,-0.007702703990238313
2018-05-24,0.0009132673073259934
2018-05-25,-0.00045583108183577803
2018-05-29,-0.027841321829031762
2018-05-30,0.04037567433024836
2018-05-31,-0.005866641129813832
2018-06-01,0.02950554057907362
2018-06-04,0.002645361681249181
2018-06-05,0.029903011314230676
2018-06-06,0.0038429240279194143
2018-06-07,0.001701450622874967
2018-06-08,0.006794037159374433
2018-06-11,0.012652932156625551
2018-06-12,-0.010514941617884022
2018-06-13,-0.003386774994633468
2018-06-14,0.011045087238620965
2018-06-15,-0.008823928227675193
2018-06-18,0.002543668464785931
2018-06-19,-0.005496807271363924
2018-06-20,-0.00935358685448695
2018-06-21,0.008583632117381557
2018-06-22,0.012766024021332756
2018-06-25,-0.029832035902720877
2018-06-26,-0.0017323607718839895
2018-06-27,-0.010412202322155895
2018-06-28,-0.0061377969225894224
2018-06-29,0.0008826520136751004
2018-07-02,0.007492272088567287
2018-07-03,-0.011811240892992125
2018-07-05,0.007083030034000348
2018-07-06,0.011428206264361807
2018-07-09,0.01564514242509052
2018-07-10,0.021394865039081834
2018-07-11,-0.03393334678284787
2018-07-12,0.020381563068281316
2018-07-13,0.007649848988322772
2018-07-16,-0.005904915087010965
2018-07-17,0.0008484389518506052
2018-07-18,-0.002543159140276474
2018-07-19,-0.01444981688034197
2018-07-20,-0.01078051567665228
2018-07-23,0.004359431154832949
2018-07-24,-0.002170306650593923
2018-07-25,0.01304922204812109
2018-07-26,0.006870144103196862
2018-07-27,-0.00938181317368314
2018-07-30,-0.005596292750866483
2018-07-31,-0.0008659094847880411
2018-08-01,-0.0030328933052498064
2018-08-02,0.008691919845941198
2018-08-03,0.0056013227329716475
2018-08-06,0.01713773817314146
2018-08-07,0.010530855828658314
2018-08-08,0.006252487257080164
2018-08-09,-0.0024854148118299557
2018-08-10,-0.003737511027019691
2018-08-13,-0.00791995742527063
2018-08-14,0.014705503730241265
2018-08-15,-0.004968872037092287
2018-08-16,0.004577786266641182
2018-08-17,0.01657009570559187
2018-08-20,0.0
2018-08-21,-0.002037843111833748
2018-08-22,0.0
2018-08-23,0.005716945084495828
2018-08-24,-0.019488725595555256
2018-08-27,0.007453656315488333
2018-08-28,0.006575981770048367
2018-08-29,0.024091746646235146
2018-08-30,-0.013955655976193082
2018-08-31,-0.0032347610591126896
2018-09-04,0.006491004813589107
2018-09-05,-0.005239801883399786
2018-09-06,0.0
2018-09-07,0.0012156142313228813
2018-09-10,-0.0024283738627968177
2018-09-11,0.0068949805430704725
2018-09-12,-0.0032413343271915362
2018-09-13,0.016666452976758617
2018-09-14,0.0011997846922453537
2018-09-17,-0.0011983469339380548
2018-09-18,0.0059977769875600995
2018-09-19,0.003974488815209121
2018-09-20,0.017023023966500128
2018-09-21,0.005449582917304685
2018-09-24,0.001548465613869121
2018-09-25,-0.01198295525130011
2018-09-26,0.016040765601158746
2018-09-27,-0.01309224598057146
2018-09-28,0.005462621401945311
2018-10-01,-0.006596880503620506
2018-10-02,0.018750025084472766
2018-10-03,-0.0007669485224628403
2018-10-04,0.013814110581102046
2018-10-05,-0.04087791477830327
2018-10-08,-0.013023023979190196
2018-10-09,-0.0015993307651049893
2018-10-10,-0.028433978575211127
2018-10-11,-0.05152526854380657
2018-10-12,0.028683377946290722
2018-10-15,-0.004647347891395981
2018-10-16,0.01697812068365212
2018-10-17,-0.003756788367289432
2018-10-18,-0.0041891826013733535
2018-10-19,0.00294513591171941
2018-10-22,0.011325592905282456
2018-10-23,-0.007051082314921797
2018-10-24,-0.03675867547479672
2018-10-25,0.031656582689767676
2018-10-26,-0.027742735755250436
2018-10-29,-0.004755743363823783
2018-10-30,0.028236414408936428
2018-10-31,0.019856189330189178
2018-11-01,0.014498686846200703
2018-11-02,0.0057166111797015695
2018-11-05,0.00040609846189965104
2018-11-06,0.00974007933063814
2018-11-07,0.02371367949068004
2018-11-08,0.001178303934681324
2018-11-09,-0.019607758620285742
2018-11-12,-0.0404001989544569
2018-11-13,-0.0016671313080546257
2018-11-14,-0.00918623007298125
2018-11-15,0.01854179163074865
2018-11-16,-0.0004134319308842782
2018-11-19,-0.02524837192061391
2018-11-20,-0.03991484454370631
2018-11-21,0.0022114751953561385
2018-11-23,-0.0066199969884180865
2018-11-26,0.013327696046794513
2018-11-27,-0.003507168272739558
2018-11-28,0.030795938432932157
2018-11-29,-0.024327542275436542
2018-11-30,0.006124120526538546
2018-12-03,0.04130462290552406
2018-12-04,-0.02964533605473585
2018-12-06,0.033562612840474904
2018-12-07,-0.04537891564671026
2018-12-10,0.0
2018-12-11,-0.016572082389401
2018-12-12,0.007146181321277867
2018-12-13,-0.011529871941397096
2018-12-14,-0.012561733651226148
2018-12-17,-0.026806098404903222
2018-12-18,-0.0004667444574095736
2018-12-19,-0.040168186252178995
2018-12-20,-0.0233578686719792
2018-12-21,-0.020926308512671743
2018-12-24,-0.013740808798560766
2018-12-26,0.04901967745418512
2018-12-27,0.0024591956505857215
2018-12-28,-0.0019622508842992437
2018-12-31,0.005899493064438932
2019-01-02,0.008309043157835205
2019-01-03,-0.03393129307034559
2019-01-04,0.039638767529837304
2019-01-07,0.011100428044047206
2019-01-08,0.012410434327264186
2019-01-09,0.0
2019-01-10,0.01225852717136644
2019-01-11,-0.013972926012412512
2019-01-14,-0.017949881448456995
2019-01-15,0.01058181978360273
2019-01-16,0.001903862401563261
2019-01-17,0.008551213395214141
2019-01-18,0.02449350516119453
2019-01-22,-0.019770297344198662
2019-01-23,0.005628539745580641
2019-01-24,0.015392071971384036
2019-01-25,0.01515842050073557
2019-01-28,-0.005429991424690805
2019-01-29,-0.0045498236015083515
2019-01-30,0.014625504058983552
2019-01-31,-0.007657472562762724
2019-02-01,0.010440130386667024
2019-02-04,0.013027794667870296
2019-02-05,0.011086411281723274
2019-02-06,0.011842254912845851
2019-02-07,-0.009102764519302808
2019-02-08,0.0026244741555510043
2019-02-11,-0.002617604320661937
2019-02-12,0.021434900732233197
2019-02-13,-0.0012851060898361188
2019-02-14,-0.0038591600393149683
2019-02-15,0.0021523972854569084
2019-02-19,-0.001288460830964011
2019-02-20,0.00559111169161941
2019-02-21,0.0004279205961217336
2019-02-22,0.014963714324055521
2019-02-25,0.007160635810734339
2019-02-26,-0.00041803821502350846
2019-02-27,-0.0020922564276307787
2019-02-28,-0.1727461558723914
2019-03-01,-0.0065891553732493335
2019-03-04,-0.003571079269196087
2019-03-05,-0.008704769975604543
2019-03-06,-0.014462925247201053
2019-03-07,-0.013626824736399534
2019-03-08,-0.004250561244142026
2019-03-11,0.01600865894747261
2019-03-12,0.009533811186876795
2019-03-13,0.028856085108525997
2019-03-14,0.0015296981398469356
2019-03-15,0.015275114670416645
2019-03-18,0.0005015393636431664
2019-03-19,0.002506439740023625
2019-03-20,-0.0005002698963736396
2019-03-21,0.011505611640974633
2019-03-22,-0.043520983259535906
2019-03-25,-0.019131323613389317
2019-03-26,0.008434211199419561
2019-03-27,-0.010454710774850828
2019-03-28,0.003697842463336043
2019-03-29,0.022631417527174236
2019-04-01,0.031909339471841935
2019-04-02,-0.016458709316256925
2019-04-03,0.0015214039816096037
2019-04-04,0.0005058878098787023
2019-04-05,0.0015184437820416896
2019-04-08,0.007579757025052869
2019-04-09,-0.017552756903245093
2019-04-10,0.01939786093154905
2019-04-11,-0.001502357616480765
2019-04-12,0.01354073694785396
2019-04-15,-0.0004948388805303683
2019-04-16,0.018316472608387313
2019-04-17,-0.0034027940355206843
2019-04-18,0.0009757923622184528
2019-04-22,-0.031189298140762545
2019-04-23,0.010563286944996753
2019-04-24,-0.01095043083662306
2019-04-25,-0.013588438094464528
2019-04-26,-0.009693711042623065
2019-04-29,0.012879579095822935
2019-04-30,0.014751013341277375
2019-05-01,-0.0010028117407273607
2019-05-02,0.0055195846099438395
2019-05-03,0.01247497773059103
2019-05-06,-0.009857178452670534
2019-05-07,-0.023892333468857774
2019-05-08,-0.00407953494585267
2019-05-09,-0.01228903831610817
2019-05-10,-0.008812373568635623
2019-05-13,-0.04445625504700246
2019-05-14,0.0016420214298475955
2019-05-15,0.02349716495092191
2019-05-16,0.011211797574071092
2019-05-17,0.004224159426990948
2019-05-20,-0.0031546076883025576
2019-05-21,0.025316353605309372
2019-05-22,-0.012345569948528312
2019-05-23,-0.0005206244601845267
2019-05-24,0.04377239765485408
2019-05-28,-0.01847234489368299
2019-05-29,-0.03357046918268036
2019-05-30,0.007368437605207001
2019-05-31,-0.024033508979824925
2019-06-03,-0.001070486363515033
2019-06-04,0.03912092766650166
2019-06-05,0.008767408757653916
2019-06-06,0.005112288616177851
2019-06-07,0.0025436515897343526
2019-06-10,0.008624765841537263
2019-06-11,0.007099427246047618
2019-06-12,0.003021129576507242
2019-06-13,0.0035140152931594226
2019-06-14,-0.0040018211321370956
2019-06-17,-0.0005022375061827233
2019-06-18,0.031155779483754698
2019-06-19,0.005360381757893551
2019-06-20,0.01114910356510701
2019-06-21,-0.00767017111922097
2019-06-24,-0.0019321670585527029
2019-06-25,-0.002904482576493117
2019-06-26,0.009223224972693345
2019-06-27,-0.002405006400329701
2019-06-28,0.002410804400342581
2019-07-01,0.00962013784842064
2019-07-02,0.00333477085916134
2019-07-03,0.004748235271173851
2019-07-05,0.0
2019-07-08,-0.019848652330358596
2019-07-09,-0.005303859694919533
2019-07-10,-0.0019389499422647338
2019-07-11,0.012627602354743583
2019-07-12,0.01822560695594788
2019-07-15,0.005652233270231566
2019-07-16,-0.0018734519291799812
2019-07-17,-0.006100256610263033
2019-07-18,0.009442553201335357
2019-07-19,0.00046803326266986467
2019-07-22,0.002337216875790249
2019-07-23,0.008861759619341658
2019-07-24,-0.0027738009056119672
2019-07-25,-0.011126497864366702
2019-07-26,0.008907460092189456
2019-07-29,-0.0009293264075201924
2019-07-30,0.0018607073379686145
2019-07-31,-0.023212664888899726
2019-08-01,-0.00237631884309375
2019-08-02,-0.04049553616544821
2019-08-05,-0.04865968226887829
2019-08-06,0.004697502048462088
2019-08-07,-0.008311678172713388
2019-08-08,0.023048718814762115
2019-08-09,-0.012800781074734147
2019-08-12,-0.019709624428033812
2019-08-13,0.03386270229931698
2019-08-14,-0.0133062136965989
2019-08-15,-0.033713566885487656
2019-08-16,0.02415443809028961
2019-08-19,0.006813477446836913
2019-08-20,-0.0156165875593548
2019-08-21,0.0026437986240794853
2019-08-22,-0.0015822687435859129
2019-08-23,-0.05916539224831063
2019-08-26,0.0016845021543374639
2019-08-27,-0.00616583763741152
2019-08-28,0.0033839419778332047
2019-08-29,0.016863631486282005
2019-08-30,0.011055590066739063
2019-09-03,-0.007654494494021891
2019-09-04,0.011570370876094582
2019-09-05,0.029956729577942598
2019-09-06,0.010047385001362041
2019-09-09,-0.004712073516997095
2019-09-10,0.007426941737218806
2019-09-11,0.003686277238340807
2019-09-12,-0.0162643604445869
2019-09-13,0.017599851905558905
2019-09-16,-0.011006181760145006
2019-09-17,0.0
2019-09-18,-0.008479427321051336
2019-09-19,0.00213829491464379
2019-09-20,-0.014933596612339617
2019-09-23,0.0027073021110242124
2019-09-24,-0.01997834458522796
2019-09-25,0.014324784138901814
2019-09-26,0.000543237671383201
2019-09-27,0.005971616230696197
2019-09-30,0.02104725856845646
2019-10-01,-0.017442020810249925
2019-10-02,0.0
2019-10-03,-0.010220580185654526
2019-10-04,-0.09565204487277879
2019-10-07,0.009615237531577225
2019-10-08,-0.02976193591663079
2019-10-09,0.006135302456229175
2019-10-10,-0.022561120878486718
2019-10-11,0.013100236226195383
2019-10-14,0.01847319734257491
2019-10-15,0.01632409146723557
2019-10-16,0.013682327482342771
2019-10-17,-0.004695102811337892
2019-10-18,-0.00648540973821099
2019-10-21,0.008901595077398738
2019-10-22,0.007058921052706779
2019-10-23,0.0
2019-10-24,0.0
2019-10-25,0.012266438945462088
2019-10-28,0.0173112907873314
2019-10-29,-0.0017017497092436384
2019-10-30,0.001136280343401852
2019-10-31,-0.01418859821921048
2019-11-01,0.02360395598009979
2019-11-04,0.012373395053244973
2019-11-05,0.022222206510037923
2019-11-06,0.0635873762785113
2019-11-07,-0.00919796337060963
2019-11-08,0.006704324366189507
2019-11-11,0.006147566247052927
2019-11-12,-0.005600670628938542
2019-11-13,0.0
2019-11-14,0.030721850270716278
2019-11-15,0.0024835297320064953
2019-11-18,-0.008423770115000506
2019-11-19,0.004997309034543651
2019-11-20,-0.02038773083956258
2019-11-21,-0.0025379735795623137
2019-11-22,0.01475810180033199
2019-11-25,0.010531840845787288
2019-11-26,-0.00446671934645515
2019-11-27,-0.0134595892219469
2019-11-29,0.01465393430295836
2019-12-02,-0.01245041171600092
2019-12-03,-0.010085459593281554
2019-12-04,0.020886253887815176
2019-12-05,0.013972304800992319
2019-12-06,0.008858358279932643
2019-12-09,-0.0014638997843262613
2019-12-10,-0.004631683231889117
2019-12-11,-0.0064355770537897206
2019-12-12,0.017937033154089566
2019-12-13,-0.00391599464961534
2019-12-16,0.008353950001882549
2019-12-17,-0.007309643557752654
2019-12-18,-0.0019636514998351284
2019-12-19,-0.0014757491023410507
2019-12-20,0.012807974629958085
2019-12-23,0.0
2019-12-24,0.0014586823455584597
2019-12-26,0.004856900699711453
2019-12-27,-0.007733236440114477
2019-12-30,-0.0019482366865650746
2019-12-31,0.002928227524420679
2020-01-02,0.01167904707352907
2020-01-03,-0.012506322789318958
2020-01-06,0.003896808601696833
2020-01-07,0.002426315876763452
2020-01-08,0.01306870502962032
2020-01-09,0.014811010224932808
2020-01-10,0.006591269467957961
2020-01-13,0.0037418839381835323
2020-01-14,-0.0027958706549033874
2020-01-15,0.0009347842213569546
2020-01-16,0.011671105600939757
2020-01-17,0.013844093562917825
2020-01-21,-0.0004551614303784923
2020-01-22,-0.001366106089937369
2020-01-23,0.007752066921452805
2020-01-24,-0.005430014934357685
2020-01-27,-0.018198278479448438
2020-01-28,0.0027802169064572446
2020-01-29,-0.009703939574511655
2020-01-30,0.004666092022682644
2020-01-31,-0.009753837603398763
2020-02-03,-0.0009381842159517095
2020-02-04,0.011736969110149875
2020-02-05,0.010673065254094727
2020-02-06,0.002754897830208547
2020-02-07,-0.005036577660762931
2020-02-10,0.007823098441904763
2020-02-11,0.015068547966397006
2020-02-12,0.011246154216077109
2020-02-13,-0.011566022058683956
2020-02-14,0.00675091579970144
2020-02-18,-0.005811498807580806
2020-02-19,0.008543283646135658
2020-02-20,0.009362567872506
2020-02-21,0.002649946093173705
2020-02-24,-0.02643154665896985
2020-02-25,0.05656111579903911
2020-02-26,-0.027409196677032455
2020-02-27,-0.03654790481555881
2020-02-28,-0.049816887685137146
2020-03-02,0.05146673263848123
2020-03-03,-0.05077747405752475
2020-03-04,0.04096398249688593
2020-03-05,-0.0027780671929669154
2020-03-06,-0.006035327990702721
2020-03-09,-0.11443230768670287
2020-03-10,0.053556247920384825
2020-03-11,-0.021728237624662916
2020-03-12,-0.09555793764937903
2020-03-13,-0.018846271314502006
2020-03-16,-0.15832369527348666
2020-03-17,-0.004149326396570396
2020-03-18,-0.08958348606897093
2020-03-19,0.09839835360868432
2020-03-20,-0.03125008631454229
2020-03-23,-0.017921116587700237
2020-03-24,0.12919731194194406
2020-03-25,-0.0058177122223891375
2020-03-26,0.16644979402702376
2020-03-27,-0.06020061826343759
2020-03-30,0.058125937768153335
2020-03-31,-0.026906062398129205
2020-04-01,-0.14516119002035233
2020-04-02,0.04380027091166938
2020-04-03,-0.06520333910186527
2020-04-06,0.035911736189885524
2020-04-07,0.008000127882042962
2020-04-08,0.03968234224306566
2020-04-09,0.0159034245539027
2020-04-13,-0.026925528861914683
2020-04-14,0.024452988595415892
2020-04-15,-0.057788918359114816
2020-04-16,0.01599987696656524
2020-04-17,0.018372875051907656
2020-04-20,-0.01030924740136252
2020-04-21,-0.06119798997621939
2020-04-22,0.025658908699053518
2020-04-23,-0.01149439064700608
2020-04-24,0.02599183289712026
2020-04-27,0.0020001266698910225
2020-04-28,0.03260138219493092
2020-04-29,0.04896907159880537
2020-04-30,-0.0472973821928131
2020-05-01,-0.05157962236303426
2020-05-04,0.012916403684353206
2020-05-05,-0.00604026978722616
2020-05-06,-0.01012839624850792
2020-05-07,0.019781837405923985
2020-05-08,0.047491707944828265
2020-05-11,-0.01532569691120389
2020-05-12,-0.03566798619378886
2020-05-13,-0.05447225494137797
2020-05-14,0.03200578250946062
2020-05-15,0.02412128497109367
2020-05-18,0.08479156371453866
2020-05-19,0.037841164478006784
2020-05-20,0.03407017485229269
2020-05-21,-0.006936134981930686
2020-05-22,-0.010477566003208705
2020-05-26,0.003529569444133518
2020-05-27,0.0035171553999036043
2020-05-28,-0.12324780983904848
2020-05-29,0.008660962949357698
2020-06-01,-0.0006603687196292674
2020-06-02,0.043621923947777974
2020-06-03,0.06776440215570556
2020-06-04,-0.023131923375331098
2020-06-05,0.05707348287075864
2020-06-08,0.04365340946882146
2020-06-09,-0.02745378988748337
2020-06-10,-0.034857231381321574
2020-06-11,-0.07282395688808108
2020-06-12,0.039591276814042065
2020-06-15,0.03624099527732283
2020-06-16,0.0225249754393253
2020-06-17,-0.02492763936736786
2020-06-18,0.005945473144541191
2020-06-19,-0.00827437366535122
2020-06-22,0.008939502161235957
2020-06-23,0.0047251541538002595
2020-06-24,-0.04761913898314141
2020-06-25,0.010493869741941442
2020-06-26,0.014661011921314415
2020-06-29,0.031306167625333
2020-06-30,0.01751337520231311
2020-07-01,-0.02467034060042883
2020-07-02,0.0041175866229010705
2020-07-06,0.022847303056881874
2020-07-07,-0.047537278708877584
2020-07-08,0.007216068093187866
2020-07-09,-0.02029858784662031
2020-07-10,0.035344364439912734
2020-07-13,0.005297258657218862
2020-07-14,0.041568944958719545
2020-07-15,0.0
2020-07-16,0.0022483666415316073
2020-07-17,-0.01570370162783863
2020-07-20,0.005697911612185802
2020-07-21,-0.009632022611253399
2020-07-22,0.014302311791813516
2020-07-23,-0.003947988791086043
2020-07-24,-0.009060051661934576
2020-07-27,0.0177143349188833
2020-07-28,-0.06232460088793579
2020-07-29,0.022754615545155232
2020-07-30,0.009367513149973306
2020-07-31,0.019721593780562152
2020-08-03,0.010807859542188325
2020-08-04,0.006752690759745716
2020-08-05,0.004471913047022769
2020-08-06,0.016694592545716036
2020-08-07,0.010946603523545706
2020-08-10,0.027612707021881455
2020-08-11,-0.02160187954727022
2020-08-12,0.01238578354119424
2020-08-13,-0.02234062975950346
2020-08-14,-0.010881214661799032
2020-08-17,-0.012651359035610543
2020-08-18,0.01615608033407212
2020-08-19,-0.005482365418840396
2020-08-20,0.0005512153165521116
2020-08-21,0.0044076031883553135
2020-08-24,0.023038851161356844
2020-08-25,-0.011260007933815541
2020-08-26,-0.005965091086631458
2020-08-27,0.020185342870065792
2020-08-28,0.061497244942732676
2020-08-31,-0.015113158764251011
2020-09-01,-0.014833898923268474
2020-09-02,0.030114162908565723
2020-09-03,-0.027217647130227784
2020-09-04,-0.0036270056054676925
2020-09-08,0.020783167467272268
2020-09-09,0.012853463362773487
2020-09-10,-0.03502544771518479
2020-09-11,0.014729214365254206
2020-09-14,0.002073514919364694
2020-09-15,-0.003621459892871104
2020-09-16,0.007788460313729262
2020-09-17,-0.013910585460439884
2020-09-18,-0.009926822672189473
2020-09-21,-0.03219001100139007
2020-09-22,0.005452548316513095
2020-09-23,-0.006507526735289537
2020-09-24,-0.009279311023390746
2020-09-25,0.008264224169576506
2020-09-28,0.030601110210647597
2020-09-29,0.003181481495496241
2020-09-30,0.0036998195471598105
2020-10-01,0.000526714773674053
2020-10-02,0.00473664627039283
2020-10-05,0.011524572061957894
2020-10-06,-0.01812558778721518
2020-10-07,0.014240391681934472
2020-10-08,0.008840661429457164
2020-10-09,-0.0015464045519381076
2020-10-12,0.0237479154759761
2020-10-13,-0.0075643603240191926
2020-10-14,-0.00914630587764409
2020-10-15,0.003076720382134468
2020-10-16,0.0020450074954723174
2020-10-19,-0.01224454871125702
2020-10-20,0.0005165332097216702
2020-10-21,-0.007744113248891571
2020-10-22,0.006763845013590508
2020-10-23,-0.011886289661448557
2020-10-26,-0.045501890979194104
2020-10-27,-0.014794824979320498
2020-10-28,-0.03503885774581472
2020-10-29,0.0247839417960225
2020-10-30,0.010123568114360326
2020-11-02,0.025055768235106246
2020-11-03,0.011407000712116089
2020-11-04,-0.018260146345629225
2020-11-05,0.04649862917100922
2020-11-06,0.00627315784423943
2020-11-09,0.024935159964627696
2020-11-10,0.007095965595921072
2020-11-11,-0.02566693248376617
2020-11-12,-0.022210697628554987
2020-11-13,0.03592164221569338
2020-11-16,0.03518597073825358
2020-11-17,0.009852520894942263
2020-11-18,-0.002439153344754752
2020-11-19,0.0024451173609438825
2020-11-20,-0.002439153344754752
2020-11-23,0.03618579576677683
2020-11-24,0.02642767743589558
2020-11-25,0.022988491604152728
2020-11-27,0.0008988838825048084
2020-11-30,-0.015267202328109408
2020-12-01,0.020519701871085427
2020-12-02,0.019660378309867443
2020-12-03,0.0184048690038634
2020-12-04,0.02323590283096366
2020-12-07,-0.004205062393192405
2020-12-08,0.0014474444585923507
2020-12-09,-0.014030704968771457
2020-12-10,-0.0008622499439394637
2020-12-11,-0.002589554965227725
2020-12-14,0.0043269388601663294
2020-12-15,0.021542533903490924
2020-12-16,0.011387692396102267
2020-12-17,0.010008430676594182
2020-12-18,0.009908980613003049
2020-12-21,-0.018806122097412725
2020-12-22,0.006666665437833563
2020-12-23,0.0020694444927635836
2020-12-24,0.0020654448257533264
2020-12-28,0.00041210986666695426
2020-12-29,-0.009064687264097038
2020-12-30,0.011226609161568701
2020-12-31,0.011101971664765564
2021-01-04,-0.019520036671298868
2021-01-05,0.014516610529742069
2021-01-06,0.020441444925819452
2021-01-07,0.031650995496798506
2021-01-08,-0.00854394408181225
2021-01-11,0.009792486887584051
2021-01-12,0.00504258207108621
2021-01-13,-0.007719026743584934
2021-01-14,-0.003500411064076059
2021-01-15,-0.017564657265662365
2021-01-19,-0.0011918951132300348
2021-01-20,0.0023868108114575293
2021-01-21,0.00634911746082345
2021-01-22,-0.0035488083694940054
2021-01-25,-0.009893152205566746
2021-01-26,-0.015987207405107506
2021-01-27,0.00934199669670499
2021-01-28,0.0008047398205219825
2021-01-29,-0.021310636472173683
2021-02-01,0.005751847240446528
2021-02-02,0.01674809040705183
2021-02-03,0.013660282193653783
2021-02-04,0.02853745040650124
2021-02-05,0.007707127780547607
2021-02-08,0.043977048009725905
2021-02-09,-0.007692306445815866
2021-02-10,0.0022149207125010673
2021-02-11,0.0084712898706083
2021-02-12,0.00401744993476183
2021-02-16,-0.01200444568570469
2021-02-17,-0.03240042886106276
2021-02-18,0.004946811299778142
2021-02-19,0.026126462870948552
2021-02-22,0.0007379256396879974
2021-02-23,0.009587019867052682
2021-02-24,0.021548493076583908
2021-02-25,0.007865728416161843
2021-02-26,0.027669381965100603
2021-03-01,0.021056338237866568
2021-03-02,0.015551044516833423
2021-03-03,-0.007323493325681496
2021-03-04,-0.05868550277244011
2021-03-05,0.059850281116902826
2021-03-08,0.01378151055574306
2021-03-09,0.004471836341717328
2021-03-10,0.005315591137556419
2021-03-11,0.002643524635602912
2021-03-12,-0.0019773255849329097
2021-03-15,0.016842671526898556
2021-03-16,-0.01169205754631597
2021-03-17,0.010187216656142972
2021-03-18,-0.013988318736520178
2021-03-19,-0.007588240779021538
2021-03-22,0.012965461916635945
2021-03-23,-0.029208843109223448
2021-03-24,-0.007099638179157042
2021-03-25,0.01770514094396347
2021-03-26,0.059217227278926865
2021-03-29,-0.018635438715982056
2021-03-30,0.01577082364734439
2021-03-31,0.006020269831759739
2021-04-01,0.009448673703323474
2021-04-05,0.012792714672283267
2021-04-06,-0.00523731029086516
2021-04-07,-0.0003098111656025804
2021-04-08,0.0030979143968563605
2021-04-09,0.01853001390275355
2021-04-12,-0.007277173018158667
2021-04-13,0.009163366242924464
2021-04-14,0.004842593108703497
2021-04-15,0.012650379978735637
2021-04-16,0.010707931478128652
2021-04-19,-0.008240170494850041
2021-04-20,-0.0097922267361088
2021-04-21,0.015882575695210566
2021-04-22,-0.0038348400999259624
2021-04-23,0.019247818320930588
2021-04-26,-0.002614859327285113
2021-04-27,0.0029129239129139783
2021-04-28,-0.003194890626076141
2021-04-29,0.011072374364487159
2021-04-30,-0.017002823913406462
2021-05-03,0.010847066204814126
2021-05-04,-0.015081206792285862
2021-05-05,0.014428792249697953
2021-05-06,0.01538466151192952
2021-05-07,0.01686678696271615
2021-05-10,-0.008996368249750475
2021-05-11,-0.04709215259637023
2021-05-12,-0.04882403942959712
2021-05-13,0.013771458082039834
2021-05-14,0.016363327089520263
2021-05-17,0.003645183938493002
2021-05-18,-0.021186577654762617
2021-05-19,-0.016697684826815773
2021-05-20,0.007547137473438825
2021-05-21,-0.011860090048311012
2021-05-24,0.020530739849095037
2021-05-25,-0.013927633820419283
2021-05-26,0.009729905719465082
2021-05-27,-0.0021760165309762103
2021-05-28,-0.08940788339985795
2021-06-01,0.021553123171347943
2021-06-02,-0.002679157922162223
2021-06-03,0.005036934246142044
2021-06-04,0.023387840933780657
2021-06-07,-0.002611663877423953
2021-06-08,0.002108110343984171
2021-06-09,-0.012162913000219655
2021-06-10,-0.0026622442962860315
2021-06-11,0.003670202460436922
2021-06-14,-0.022938750963543142
2021-06-15,0.00680503656071596
2021-06-16,-0.018925196831508062
2021-06-17,-0.013434404607904127
2021-06-18,0.0010472535119019355
2021-06-21,0.018835184084567747
2021-06-22,-0.002396555694109237
2021-06-23,0.0020590932870352407
2021-06-24,0.009246617857116224
2021-06-25,0.008143772262772409
2021-06-28,0.0033659810340804786
2021-06-29,0.011070071505902002
2021-06-30,0.0016590158104974329
2021-07-01,0.005299580319994446
2021-07-02,0.011532325768200513
2021-07-06,-0.01693823938706862
2021-07-07,0.0033136340600714576
2021-07-08,-0.011889136460037752
2021-07-09,0.004010753926565469
2021-07-12,-0.027629896759805872
2021-07-13,-0.034919499292777934
2021-07-14,0.014189429589950064
2021-07-15,-0.017138849135003187
2021-07-16,-0.02064062459565308
2021-07-19,0.002543569185796013
2021-07-20,0.02247169934524118
2021-07-21,0.010989103710058234
2021-07-22,-0.025245279531416642
2021-07-23,0.01438849033886247
2021-07-26,0.009928939396919523
2021-07-27,-0.0028090047021979148
2021-07-28,0.0024649853740972283
2021-07-29,0.010888820010172218
2021-07-30,0.003127008109871099
2021-08-02,0.00935208379237129
2021-08-03,0.01338376914114825
2021-08-04,-0.015577373327262611
2021-08-05,0.0055039866155546235
2021-08-06,0.00307901743080663
2021-08-09,0.0
2021-08-10,0.01398352962573779
2021-08-11,0.012445494312825378
2021-08-12,0.009966596398406358
2021-08-13,-0.045723575539817984
2021-08-16,0.01482239747655445
2021-08-17,-0.025814954956398406
2021-08-18,-0.016039118665082674
2021-08-19,-0.015592057092952527
2021-08-20,0.015839019997042847
2021-08-23,0.01204796808400821
2021-08-24,0.011904848378127886
2021-08-25,0.01695500788858051
2021-08-26,-0.00986744047051169
2021-08-27,-0.006185546122383423
2021-08-30,0.02835433625172601
2021-08-31,0.0
2021-09-01,-0.017485074330418238
2021-09-02,0.013004995643776995
2021-09-03,0.008783628857984338
2021-09-07,-0.03424800041129339
2021-09-08,-0.016055801040041118
2021-09-09,0.0007092719841799155
2021-09-10,-0.007444076942995648
2021-09-13,0.013571488731582537
2021-09-14,-0.028893568554704707
2021-09-15,0.01415098015707672
2021-09-16,0.003220061939075869
2021-09-17,-0.012838750939497268
2021-09-20,-0.015895951038881306
2021-09-21,-0.015051462986241382
2021-09-22,0.028326622187688777
2021-09-23,0.014135276194972679
2021-09-24,-0.003216377261722414
2021-09-27,0.029401041295954666
2021-09-28,-0.004527899984335004
2021-09-29,-0.044436699862935636
2021-09-30,0.00183087256127612
2021-10-01,0.02595029083261524
2021-10-04,0.0003563066351714994
2021-10-05,0.007834640510352209
2021-10-06,-0.01943468518488567
2021-10-07,0.010810821375840884
2021-10-08,-0.005703966115438774
2021-10-11,-0.007529563425341057
2021-10-12,-0.0408238972947671
2021-10-13,-0.002636447646649387
2021-10-14,0.0381421688652126
2021-10-15,0.028737689563439472
2021-10-18,0.01131538025437484
2021-10-19,0.009090855990557811
2021-10-20,-0.009355359788453699
2021-10-21,0.06925485311518553
2021-10-22,-0.003271325643772305
2021-10-25,0.005251157337276657
2021-10-26,-0.01599735321735174
2021-10-27,-0.014598466588033876
2021-10-28,0.025252509019614067
2021-10-29,-0.003941132174736239
2021-11-01,0.030333136099076397
2021-11-02,-0.007679993312991407
2021-11-03,0.00773943209976391
2021-11-04,0.002560113479203041
2021-11-05,0.019789244802531636
2021-11-08,-0.010954524774728913
2021-11-09,0.005379675746098211
2021-11-10,-0.007869031755768807
2021-11-11,0.005393467639916771
2021-11-12,0.004102113664401497
2021-11-15,-0.014770318690968232
2021-11-16,-0.004465975637893194
2021-11-17,-0.008971463987767825
2021-11-18,0.015518899661012053
2021-11-19,0.0012735362104099313
2021-11-22,0.015262237728469685
2021-11-23,0.008142765735522195
2021-11-24,0.10096289613449105
2021-11-26,-0.024265976449466264
2021-11-29,0.03903977853494478
2021-11-30,-0.018090837735741494
2021-12-01,0.033446965073229196
2021-12-02,0.03236381717028758
2021-12-03,-0.0023908627083402134
2021-12-06,-0.016511298362725135
2021-12-07,0.016630116207548618
2021-12-08,-0.015553466268251048
2021-12-09,-0.015254764982548186
2021-12-10,0.007745330237116654
2021-12-13,-0.03156752203789048
2021-12-14,0.009070372344330613
2021-12-15,0.018539271094302867
2021-12-16,0.012134627617545357
2021-12-17,-0.003542161634551899
2021-12-20,-0.012031585497210506
2021-12-21,0.024633129660114106
2021-12-22,0.0070233188621688925
2021-12-23,0.009925105366458409
2021-12-27,0.01195195910871849
2021-12-28,-0.003936970020547381
2021-12-29,0.0007905062033330967
2021-12-30,-0.006055684794383898
2021-12-31,-0.0021193367905176785
2022-01-03,0.009291276064607557
2022-01-04,0.031036184227305474
2022-01-05,-0.008418506399771153
2022-01-06,-0.004887672671509025
2022-01-07,-0.0007759212170330709
2022-01-10,0.00802058479240042
2022-01-11,0.00590369314335315
2022-01-12,-0.005103330146432494
2022-01-13,-0.007437769610858402
2022-01-14,-0.007235257623880886
2022-01-18,-0.02056219731534259
2022-01-19,-0.027371706435711296
2022-01-20,-0.013387868498588529
2022-01-21,-0.03461656915177225
2022-01-24,0.021801425682057562
2022-01-25,-0.01796746357714807
2022-01-26,0.0071472630146340865
2022-01-27,-0.0005679166541787684
2022-01-28,0.030956958545454105
2022-01-31,0.01184569666705837
2022-02-01,0.019875003886695053
2022-02-02,0.018686379385859597
2022-02-03,-0.011530213645618348
2022-02-04,-0.0031815338955726302
2022-02-07,-0.002925427782061951
2022-02-08,0.01360361227187501
2022-02-09,0.010526517544781955
2022-02-10,-0.007552159235623801
2022-02-11,-0.020467209989148305
2022-02-14,-0.02196622976032825
2022-02-15,0.023555122527951555
2022-02-16,0.013914965088901443
2022-02-17,-0.038796486782553874
2022-02-18,-0.006040539669034728
2022-02-22,-0.027900798220124368
2022-02-23,-0.018471023216452997
2022-02-24,-0.0002895374238818249
2022-02-25,-0.0023167206209290248
2022-02-28,-0.0026125191879454723
2022-03-01,-0.008439944500900687
2022-03-02,0.0657470903784445
2022-03-03,0.008537588307856447
2022-03-04,-0.00737318327193226
2022-03-07,-0.018982231652809434
2022-03-08,0.006213269562248547
2022-03-09,0.011787518038059552
2022-03-10,0.002773999194438659
2022-03-11,0.003872950278710041
2022-03-14,-0.060347654717445964
2022-03-15,0.02228757584688834
2022-03-16,0.027252163581850786
2022-03-17,-0.03686139806721178
2022-03-18,0.07538413023734925
2022-03-21,0.012132743199460894
2022-03-22,0.01838040408503594
2022-03-23,-0.013078857660212329
2022-03-24,0.021203285517366277
2022-03-25,0.03399941133676543
2022-03-28,-0.027359289298465428
2022-03-29,0.02503219542126489
2022-03-30,-0.022155202562683107
2022-03-31,-0.06539646588851689
2022-04-01,-0.019283614212417644
2022-04-04,0.029213455592351112
2022-04-05,-0.01746710711885935
2022-04-06,-0.030277962263872804
2022-04-07,0.1475222159199494
2022-04-08,-0.03569651054361778
2022-04-11,-0.011390172194694959
2022-04-12,-0.007855221873599327
2022-04-13,0.0013194185613119025
2022-04-14,-0.012387906400279203
2022-04-18,0.025620517520131836
2022-04-19,0.006765416310740013
2022-04-20,0.01783430007641984
2022-04-21,-0.027678977587009213
2022-04-22,-0.039174751910337924
2022-04-25,0.005707898663918964
2022-04-26,-0.017837759250625362
2022-04-27,0.0030267184269825442
2022-04-28,0.03100168865947106
2022-04-29,-0.02527939257488021
2022-05-02,0.01173892638925933
2022-05-03,0.023205561233032412
2022-05-04,0.03876600019253096
2022-05-05,-0.037573180945527085
2022-05-06,-0.021630122778253602
2022-05-09,-0.002156926996317088
2022-05-10,0.014320558595214417
2022-05-11,-0.04475226838137303
2022-05-12,-0.0005577273793723192
2022-05-13,0.026227575991193186
2022-05-16,0.01984752844283011
2022-05-17,0.05625183326467087
2022-05-18,-0.06991415351267649
2022-05-19,-0.03039347439366813
2022-05-20,-0.030226501133916006
2022-05-23,0.011832270721850113
2022-05-24,-0.008271304802955792
2022-05-25,0.023008152470741727
2022-05-26,0.03373635595285007
2022-05-27,0.053848357996057805
2022-05-31,0.002322399498434935
2022-06-01,0.03862024299991362
2022-06-02,-0.01115547704792108
2022-06-03,-0.002005311522226938
2022-06-06,-0.007284666908105808
2022-06-07,0.002291877441244816
2022-06-08,-0.035823111442237376
2022-06-09,-0.03372863645913582
2022-06-10,-0.03790583911065837
2022-06-13,-0.043083872075089125
2022-06-14,-0.0002960682812432891
2022-06-15,0.019555554379583562
2022-06-16,-0.04940426250784269
2022-06-17,0.025680213220566905
2022-06-21,0.022056642716343777
2022-06-22,-0.01603963002764186
2022-06-23,0.0038529330398413553
2022-06-24,0.0401535333300147
2022-06-27,0.0036899188688594986
2022-06-28,-0.026018047443839953
2022-06-29,-0.024099646411260167
2022-06-30,-0.024695224750198475
2022-07-01,-0.02776065582425946
2022-07-05,-0.010354596926798187
2022-07-06,-0.011731173175966725
2022-07-07,0.019570038419611135
2022-07-08,0.01038378837771714
2022-07-11,-0.022111417632903363
2022-07-12,-0.002229259295724151
2022-07-13,-0.008618063995278757
2022-07-14,0.0038637142929704993
2022-07-15,0.015394419170161822
2022-07-18,-0.0050536522847342
2022-07-19,0.042222133424339114
2022-07-20,0.003350496635643907
2022-07-21,0.015786484108690546
2022-07-22,-0.029587721319964344
2022-07-25,0.004003567719719436
2022-07-26,-0.019938471949716763
2022-07-27,0.020970316258698052
2022-07-28,0.008277120823593886
2022-07-29,0.015202034842001888
2022-08-01,0.00838572154042816
2022-08-02,-0.027620894854148204
2022-08-03,0.006719608644215391
2022-08-04,0.009101952942612401
2022-08-05,0.009621212387572964
2022-08-08,-0.00387148106248425
2022-08-09,-0.028699436414076906
2022-08-10,0.04586020340444508
2022-08-11,0.007062886887124309
2022-08-12,0.012566076378039304
2022-08-15,-0.007215024747054377
2022-08-16,0.0029067119036119138
2022-08-17,-0.005506980282549145
2022-08-18,0.02681409057087425
2022-08-19,-0.028384734092279373
2022-08-22,-0.023955736793557447
2022-08-23,-0.0002992971068221939
2022-08-24,-0.005389342775186878
2022-08-25,0.03762803921116831
2022-08-26,-0.08935305737562083
2022-08-29,0.004460074355344679
2022-08-30,-0.013637819294898823
2022-08-31,-0.07684898336901835
2022-09-01,-0.01880875792835124
2022-09-02,-0.018814338389995133
2022-09-06,-0.01121554925798407
2022-09-07,0.005122405840210176
2022-09-08,0.0010923574145782489
2022-09-09,0.02763626096026739
2022-09-12,0.00884652473595371
2022-09-13,-0.04600167515567832
2022-09-14,0.0029676195512047254
2022-09-15,-0.0036983536987005294
2022-09-16,0.010764647489478474
2022-09-19,-0.010282594294523495
2022-09-20,-0.018552895717870777
2022-09-21,-0.01701326715796736
2022-09-22,-0.011153910689924329
2022-09-23,-0.014002248878573265
2022-09-26,-0.015384818753597762
2022-09-27,0.0008013945667120215
2022-09-28,0.02522021336085367
2022-09-29,-0.02225696684390377
2022-09-30,-0.004792415494738855
2022-10-03,0.03892465286652058
2022-10-04,0.02896874859577725
2022-10-05,0.005255280378796634
2022-10-06,-0.011202544302136852
2022-10-07,-0.054380579291199216
2022-10-10,-0.0019968748592823493
2022-10-11,-0.00840314944161169
2022-10-12,-0.0036320875994380053
2022-10-13,0.053868050829893654
2022-10-14,-0.02229059311229653
2022-10-17,0.009827055390175587
2022-10-18,-0.0054497812868145035
2022-10-19,-0.0023481714585026348
2022-10-20,0.0031384298243271047
2022-10-21,0.047712181644389284
2022-10-24,0.010078424810589404
2022-10-25,0.01921644746587914
2022-10-26,-0.003625789874747931
2022-10-27,-0.009461450605439015
2022-10-28,0.030492345671900623
2022-10-31,-0.015329702778366316
2022-11-01,0.008327284223027531
2022-11-02,-0.031238809525755418
2022-11-03,-0.011860504846166076
2022-11-04,0.061140198249290734
2022-11-07,0.01626013352914457
2022-11-08,0.003478235626712456
2022-11-09,-0.03639524935883931
2022-11-10,0.053956980701009405
2022-11-11,0.04266209382360486
2022-11-14,-0.0039279860486060025
2022-11-15,0.004272110507640869
2022-11-16,-0.04155766252829096
2022-11-17,0.004779955472948183
2022-11-18,0.0016987909452337302
2022-11-21,-0.010854838844587933
2022-11-22,0.007544484160666887
2022-11-23,0.018039685025904362
2022-11-25,0.008023999774517732
2022-11-28,-0.031177417353602688
2022-11-29,-0.011297534622239369
2022-11-30,0.040166295448446965
2022-12-01,-0.005992009111036256
2022-12-02,-0.007367761155431363
2022-12-05,-0.014507431158353956
2022-12-06,-0.030811359671784166
2022-12-07,-0.016955061504727365
2022-12-08,0.023355919688751392
2022-12-09,-0.009480298908770335
2022-12-12,0.028713329678046184
2022-12-13,0.003929478972018563
2022-12-14,-0.01766541998378568
2022-12-15,-0.05359663084210464
2022-12-16,-0.004471036538157169
2022-12-19,-0.005987894776251612
2022-12-20,0.001882518752060136
2022-12-21,0.003006480331911199
2022-12-22,-0.0011241974042753844
2022-12-23,0.0037509154616728324
2022-12-27,0.011584526358122238
2022-12-28,-0.01957886039176082
2022-12-29,0.0188394532906504
2022-12-30,-0.00628683663168661
2023-01-03,-0.004466121953319968
2023-01-04,0.017570036048686788
2023-01-05,-0.00036728269957309045
2023-01-06,0.04226392821425207
2023-01-09,0.009872956990716109
2023-01-10,0.01571241623027153
2023-01-11,-0.008937854504263654
2023-01-12,-0.00971207644947869
2023-01-13,-0.0224169122277611
2023-01-17,-0.011465401870480618
2023-01-18,-0.0021746729663980613
2023-01-19,-0.020704608172679162
2023-01-20,0.03523725382124887
2023-01-23,0.02472249025269102
2023-01-24,-0.006992964609088381
2023-01-25,0.01021107291347012
2023-01-26,0.011153689843083514
2023-01-27,0.007583734382480278
2023-01-30,-0.01402672893591761
2023-01-31,0.011103449900088158
2023-02-01,0.025051424797097654
2023-02-02,0.030800271198499818
2023-02-03,-0.009094036624129331
2023-02-06,-0.02425434932234738
2023-02-07,0.007725950917026214
2023-02-08,-0.013000005708443618
2023-02-09,0.001688608610062925
2023-02-10,0.010451851254122069
2023-02-13,0.012345646320688797
2023-02-14,0.0019775617061341677
2023-02-15,0.004276386409516553
2023-02-16,-0.008516148380305122
2023-02-17,-0.00363406299309299
2023-02-21,-0.03846170891286915
2023-02-22,0.0027587774355510852
2023-02-23,0.01616225715157582
2023-02-24,-0.01116740398672289
2023-02-27,0.005817797680757408
2023-02-28,0.004423346555004759
2023-03-01,-0.022357717106462616
2023-03-02,-0.001732636081728467
2023-03-03,-0.006941775882872481
2023-03-06,-0.0013981915923967358
2023-03-07,-0.022856629071554946
2023-03-08,0.0220535318597066
2023-03-09,-0.013441869207693635
2023-03-10,-0.015776079197272308
2023-03-13,-0.004007370226327023
2023-03-14,0.017190803416666123
2023-03-15,0.005393911895297032
2023-03-16,0.0125177292498857
2023-03-17,-0.009537096227891007
2023-03-20,0.0053494455770843885
2023-03-21,0.014898894382448624
2023-03-22,-0.026564107319034025
2023-03-23,-0.004667914643719184
2023-03-24,0.0
2023-03-27,0.006132668532307761
2023-03-28,-0.009322292691945733
2023-03-29,0.02461087919127647
2023-03-30,0.020840749109485524
2023-03-31,0.01557099037135079
2023-04-03,0.018398660126161648
2023-04-04,-0.011375225000171296
2023-04-05,-0.004737591517039008
2023-04-06,-0.004080343808753328
2023-04-10,0.015363732339839231
2023-04-11,0.006724927009904569
2023-04-12,-0.009352033899429624
2023-04-13,0.008091692970395359
2023-04-14,-0.0026756732834268826
2023-04-17,0.0372233792731993
2023-04-18,0.009376026503269186
2023-04-19,-0.032350970546348945
2023-04-20,-0.019199108799698883
2023-04-21,-0.005062385574303163
2023-04-24,-0.00033923297830273924
2023-04-25,-0.0071258185201769075
2023-04-26,-0.010252871056361634
2023-04-27,0.026243134780165045
2023-04-28,-0.0003364935037537542
2023-05-01,0.00841454241537809
2023-05-02,0.0053405609961476586
2023-05-03,-0.008632164252874386
2023-05-04,-0.015405090194442472
2023-05-05,0.024829768921256434
2023-05-08,0.001991419117389981
2023-05-09,0.0033124125683603456
2023-05-10,-0.01419618592270766
2023-05-11,-0.015740213949768878
2023-05-12,-0.016672262763906875
2023-05-15,0.023183250207334583
2023-05-16,0.0030438046291274556
2023-05-17,0.020566441530376123
2023-05-18,0.015526947427483284
2023-05-19,-0.006506226200324816
2023-05-22,0.005566458422473053
2023-05-23,-0.004884419939505169
2023-05-24,-0.018324600948758096
2023-05-25,0.029999969651296254
2023-05-26,0.012944941342355687
2023-05-30,-0.011821054580071877
2023-05-31,-0.06045911079980115
2023-06-01,0.012388250191969874
2023-06-02,0.03840918012152472
2023-06-05,-0.041243916684339244
2023-06-06,0.01229083045002266
2023-06-07,0.009443645094309172
2023-06-08,0.003675319937288535
2023-06-09,-0.00798947200202793
2023-06-12,0.021476523302132566
2023-06-13,0.02362721994411321
2023-06-14,0.0019423759370376104
2023-06-15,0.0048466917658467334
2023-06-16,-0.003215543097643825
2023-06-20,-0.027096703239402165
2023-06-21,-0.010278591377072543
2023-06-22,-0.0016750301345989094
2023-06-23,-0.006375849228671071
2023-06-26,0.005403625121792599
2023-06-27,0.002351371401331681
2023-06-28,0.003351182751376802
2023-06-29,0.012692070997873728
2023-06-30,0.01286269244784588
2023-07-03,0.0013025516987779096
2023-07-05,-0.0022764335030117655
2023-07-06,0.0071707719000366765
2023-07-07,0.00744342002983811
2023-07-10,0.013170627462585793
2023-07-11,0.060557996278169046
2023-07-12,-0.01644239678588444
2023-07-13,0.020060660151141496
2023-07-14,-0.02294396746981331
2023-07-17,0.0009149442203082447
2023-07-18,-0.0012188104834702784
2023-07-19,0.0045760541526858045
2023-07-20,-0.011236025049788712
2023-07-21,-0.009827903173169172
2023-07-24,0.005893181972767891
2023-07-25,0.020659890099915312
2023-07-26,-0.0018126885221781963
2023-07-27,-0.004842407253937697
2023-07-28,-0.0076035386560578955
2023-07-31,0.006129411184110145
2023-08-01,0.003655129756575226
2023-08-02,-0.01365708373125607
2023-08-03,0.006153865769138234
2023-08-04,-0.008256972760747328
2023-08-07,0.009867299737170043
2023-08-08,0.009771012735294793
2023-08-09,-0.00786200672101578
2023-08-10,0.004876665363496624
2023-08-11,-0.006066264194426019
2023-08-14,-0.02136091455365008
2023-08-15,-0.0071719912900386484
2023-08-16,-0.016959669412755396
2023-08-17,-0.010862727140518502
2023-08-18,0.003230150634570883
2023-08-21,0.007405075781131698
2023-08-22,-0.008629050730993182
2023-08-23,0.004190854806617406
2023-08-24,-0.012841132717585357
2023-08-25,0.0029269288461095666
2023-08-28,0.01588839689264132
2023-08-29,0.0012766440016196423
2023-08-30,-0.06630535756627132
2023-08-31,0.01433943283097272
2023-09-01,0.02221473765379356
2023-09-05,-0.007573385301811508
2023-09-06,-0.000331728255890007
2023-09-07,-0.026883466805102896
2023-09-08,0.004433844394191366
2023-09-11,0.0037350623105938396
2023-09-12,-0.01218541917635163
2023-09-13,-0.021078067334967088
2023-09-14,-0.018002160554938085
2023-09-15,-0.017253729920939986
2023-09-18,-0.0007315889520103092
2023-09-19,0.009150887315923395
2023-09-20,-0.01849841120247897
2023-09-21,-0.009608390739370143
2023-09-22,-0.0011193433145427756
2023-09-25,-0.0175568905515201
2023-09-26,-0.022053341752275912
2023-09-27,-0.0031103594224729525
2023-09-28,-0.0027300955969576934
2023-09-29,0.005084023423989281
2023-10-02,-0.001167173794741183
2023-10-03,0.017919637016745593
2023-10-04,-0.003444366455754855
2023-10-05,0.007296442237806788
2023-10-06,-0.01258088609396324
2023-10-09,0.006949749606803168
2023-10-10,0.013420334653965194
2023-10-11,0.015134174625091923
2023-10-12,-0.002981678906190277
2023-10-13,-0.009345802205993903
2023-10-16,0.014339650087281441
2023-10-17,0.00818443973180627
2023-10-18,-0.0022139791201309933
2023-10-19,-0.021819440065750983
2023-10-20,-0.01663521958675873
2023-10-23,-0.004998097436870741
2023-10-24,0.010819190269775403
2023-10-25,-0.004969360879772955
2023-10-26,0.00537830429584818
2023-10-27,-0.012609729749886722
2023-10-30,0.012383815671442866
2023-10-31,0.006498460757934588
2023-11-01,0.005696928412082025
2023-11-02,0.013595131369159574
2023-11-03,0.021609496064503464
2023-11-06,-0.003282174874983168
2023-11-07,0.0
2023-11-08,-0.004390916794414279
2023-11-09,-0.0069827036250164065
2023-11-10,0.022205793885573755
2023-11-13,0.005793011948846294
2023-11-14,0.017998574341364648
2023-11-15,0.0067184335636987225
2023-11-16,-0.009132456612547246
2023-11-17,0.0035448454735365065
2023-11-20,-0.01130327858492175
2023-11-21,-0.004287379429483984
2023-11-22,0.028346033586210018
2023-11-24,-0.0006979649204349458
2023-11-27,-0.004189933624659248
2023-11-28,0.004207563034495321
2023-11-29,0.015013922906016441
2023-11-30,0.009287990221533926
2023-12-01,0.005453269175866637
2023-12-04,-0.015593055121080779
2023-12-05,-0.006198505643253638
2023-12-06,-0.0128205805580206
2023-12-07,0.03229226298462051
2023-12-08,0.0017000341223505355
2023-12-11,0.030889324800844387
2023-12-12,0.004519146625307613
2023-12-13,-0.002646334803971029
2023-12-14,0.025870576422299285
2023-12-15,-0.00484962261787647
2023-12-18,-0.016894107100757227
2023-12-19,0.0006610443168664215
2023-12-20,-0.016182458375864628
2023-12-21,0.011748930369209765
2023-12-22,0.0013271519446269586
2023-12-26,0.0076209260020867475
2023-12-27,-0.005590200699215675
2023-12-28,-0.0019841780074757454
2023-12-29,-0.0029820173114809556
2024-01-02,-0.00864078775606858
2024-01-03,0.0023467025206234116
2024-01-04,-0.007357958413988452
2024-01-05,0.009097099579576273
2024-01-08,0.03505835581539163
2024-01-09,-0.02709675725477456
2024-01-10,0.00596825658079303
2024-01-11,-0.011206394418443066
2024-01-12,-0.0063333731109627145
2024-01-16,-0.024152982745059948
2024-01-17,-0.015125400821182633
2024-01-18,0.0
2024-01-19,0.016404874559955873
2024-01-22,0.0020604925409450914
2024-01-23,0.013365212901821799
2024-01-24,-0.00033820065668432875
2024-01-25,0.005074453511085597
2024-01-26,0.009761059902412494
2024-01-29,-0.025333358135591788
2024-01-30,-0.003077951270766821
2024-01-31,-0.015094405344537987
2024-02-01,0.00801120049557924
2024-02-02,-0.0089840809903875
2024-02-05,-0.012203647284037
2024-02-06,-0.0014118723287388502
2024-02-07,-0.012018452216314035
2024-02-08,0.012164652511248653
2024-02-09,0.004595179544354622
2024-02-12,0.00950034844771519
2024-02-13,-0.01917045663850192
2024-02-14,0.015636174084418197
2024-02-15,0.015745222969447026
2024-02-16,-0.01550115384586026
2024-02-20,0.0017494378896327767
2024-02-21,-0.006985741909012022
2024-02-22,0.01829070309458447
2024-02-23,0.011053499290079927
2024-02-26,-0.016057522293529747
2024-02-27,0.0010417984828900995
2024-02-28,-0.0038156262132814645
2024-02-29,-0.013579282088132638
2024-03-01,0.03812218846895554
2024-03-04,-0.01190087119292782
2024-03-05,0.0024088831474335937
2024-03-06,0.037761785273589865
2024-03-07,0.010916355987178328
2024-03-08,0.005890005890269556
2024-03-11,0.0039037434451811848
2024-03-12,-0.002746508094139677
2024-03-13,0.008196623117749047
2024-03-14,-0.00455278104160628
2024-03-15,-0.006207089444419167
2024-03-18,-0.015779092702169595
2024-03-19,-0.004008149405863026
2024-03-20,-0.004694769354172901
2024-03-21,0.013477089855405522
2024-03-22,-0.0009973073034689195
2024-03-25,-0.005657337788898209
2024-03-26,0.0036814261380053726
2024-03-27,0.004334811980168496
2024-03-28,0.0033201196293073387
2024-04-01,0.005294374811001257
2024-04-02,-0.02699144528579822
2024-04-03,0.0033830854777034958
2024-04-04,-0.0006743761498910761
2024-04-05,-0.01788120908902968
2024-04-08,0.006870422887426786
2024-04-09,0.022517982396624614
2024-04-10,-0.03403396854756224
2024-04-11,0.009671778712914136
2024-04-12,-0.0239479994494477
2024-04-15,-0.019979005196213984
2024-04-16,-0.0060800791787065656
2024-04-17,-0.0035983449797217792
2024-04-18,-0.002528096510828748
2024-04-19,0.006879037488480844
2024-04-22,-0.003955304456566666
2024-04-23,-0.001083068530790099
2024-04-24,0.015540260831622854
2024-04-25,0.001067580207425367
2024-04-26,-0.0046212946651866815
2024-04-29,0.009642821489182607
2024-04-30,-0.006367103280881747
2024-05-01,-0.012104022232904632
2024-05-02,0.006846883068041487
2024-05-03,0.008589763901010405
2024-05-06,0.008516679098809377
2024-05-07,-0.00035190003537965975
2024-05-08,0.03625487880615763
2024-05-09,0.007133118747932876
2024-05-10,0.0023609781443363342
2024-05-13,0.007402422611036297
2024-05-14,0.027388042865538642
2024-05-15,0.0195059179307997
2024-05-16,-0.009247544480505576
2024-05-17,0.0038622469123617
2024-05-20,0.02019881560745418
2024-05-21,0.027341265125293557
2024-05-22,0.009788988250929886
2024-05-23,-0.010905725970355884
2024-05-24,0.00306272589086376
2024-05-28,0.011908244896904119
2024-05-29,-0.010259446736464728
2024-05-30,0.1695123375033587
2024-05-31,-0.04848795629286318
2024-06-03,-0.03232892945942967
2024-06-04,0.0008494054839960352
2024-06-05,0.007920792750270245
2024-06-06,0.01543645929086912
2024-06-07,0.007462714571669027
2024-06-10,-0.007407434998566442
2024-06-11,0.003869486211168338
2024-06-12,0.007102464038278633
2024-06-13,0.004132189451241164
2024-06-14,-0.025788860614275988
2024-06-17,0.011827893030029069
2024-06-18,0.0228221632442962
2024-06-20,-0.013877581389731497
2024-06-21,0.0035872473112048553
2024-06-24,-0.0019247741808949836
2024-06-25,-0.0008264160562705403
2024-06-26,-0.03253385836493228
2024-06-27,-0.01082916417269919
2024-06-28,0.008931120902140766
2024-07-01,-0.0014277409950869124
2024-07-02,-0.004861282667869338
2024-07-03,0.0014366530084419793
2024-07-05,-0.006312727864857259
2024-07-08,0.019924878324651285
2024-07-09,0.0028312284248421804
2024-07-10,0.01835125257147241
2024-07-11,0.0008316857093761953
2024-07-12,0.01745154489247902
2024-07-15,0.01660768220071729
2024-07-16,0.01767540595243
2024-07-17,0.0028948744172629937
2024-07-18,-0.019154964200060354
2024-07-19,-0.0061531500385844096
2024-07-22,0.023418461539446156
2024-07-23,-0.008153583299006506
2024-07-24,0.002917031584606544
2024-07-25,-0.041512339793092656
2024-07-26,0.0024827768357391644
2024-07-29,-0.005778871182851253
2024-07-30,-0.01688347997841866
2024-07-31,0.016047379465030875
2024-08-01,-0.02549180612282098
2024-08-02,-0.04122834663058883
2024-08-05,-0.028766392070882163
2024-08-06,-0.0009159365210432702
2024-08-07,-0.021393726353528764
2024-08-08,0.031230472639325102
2024-08-09,0.015748075438248188
2024-08-12,0.007155491122540436
2024-08-13,0.02901140303920724
2024-08-14,-0.00028775246174284064
2024-08-15,0.021295021589927243
2024-08-16,0.011834332741006204
2024-08-19,-0.0364802239599048
2024-08-20,0.006069486242894939
2024-08-21,0.013214640863064897
2024-08-22,-0.005387116560074512
2024-08-23,0.016533673016253525
2024-08-26,-0.002523966120711152
2024-08-27,0.000843488018481553
2024-08-28,-0.02359542244329682
2024-08-29,0.0201379980545926
2024-08-30,0.020304608805454816
2024-09-03,-0.022111548679186743
2024-09-04,-0.00141321328095656
2024-09-05,-0.02632339322761501
2024-09-06,-0.016860386351886025
2024-09-09,0.010644550542720621
2024-09-10,-0.020772355560286004
2024-09-11,0.005302095476790836
2024-09-12,-0.008091100284346786
2024-09-13,0.006646530486626112
2024-09-16,0.013205291600047797
2024-09-17,0.019845938011755493
2024-09-18,0.002904435576756015
2024-09-19,0.008398515884312951
2024-09-20,-0.0017230975664209724
2024-09-23,0.010069015734321063
2024-09-24,0.02079182717827699
2024-09-25,0.0058593141733731535
2024-09-26,0.02219144695041364
2024-09-27,-0.03907737735599326
2024-09-30,0.012990710281954643
2024-10-01,-0.030945056361004974
2024-10-02,0.012082954560872716
2024-10-03,0.01193847636066847
2024-10-04,0.010955179292764905
2024-10-07,-0.002222920388414873
2024-10-08,0.00250619270048813
2024-10-09,0.01611115271773622
2024-10-10,0.004647463825184106
2024-10-11,0.007074659025454677
2024-10-14,0.011618533626580607
2024-10-15,-0.01255329871814348
2024-10-16,0.005680221757422332
2024-10-17,0.010758440681484904
2024-10-18,-0.007983051037123157
2024-10-21,-0.021995772517144463
2024-10-22,-0.006308244083050085
2024-10-23,-0.010488494353730227
2024-10-24,0.01729447361785641
2024-10-25,0.011241931772932867
2024-10-28,0.01464208323857763
2024-10-29,-0.009620559317697452
2024-10-30,-0.014031176173088689
2024-10-31,-0.027914660924476142
2024-11-01,0.02139640075749072
2024-11-04,-0.007993296580801279
2024-11-05,0.018060409139221134
2024-11-06,0.007368996218695356
2024-11-07,0.011649905067472766
2024-11-08,-0.013925961727918934
2024-11-11,0.023085212714767378
2024-11-12,-0.014865961479353373
2024-11-13,-0.00808394569328752
2024-11-14,-0.008693285603062373
2024-11-15,0.0063031643022171124
2024-11-18,0.01933541081005008
2024-11-19,-0.014961385349858691
2024-11-20,-0.0051532693637474924
2024-11-21,0.033533360798938316
2024-11-22,0.0058032222776058795
2024-11-25,0.030684536156857067
2024-11-26,-0.005089143769986593
2024-11-27,-0.1135550093721428
2024-11-29,0.022215998226539302
2024-12-02,0.02878898739810687
2024-12-03,0.00932797116869688
2024-12-04,-0.011688009934968657
2024-12-05,-0.005225658855111059
2024-12-06,0.0008295012995593876
2024-12-09,0.006906057853678371
2024-12-10,-0.04142656035497416
2024-12-11,-0.002914796012084775
2024-12-12,0.012445841417307202
2024-12-13,-0.012292846597981466
2024-12-16,-0.010419724362342841
2024-12-17,-0.010236798644031153
2024-12-18,-0.039893576279528165
2024-12-19,-0.000923434697211456
2024-12-20,0.014787410708174686
2024-12-23,0.00880397766939045
2024-12-24,0.006319449787838494
2024-12-26,-0.0002989698303891286
2024-12-27,-0.004486937931857837
2024-12-30,-0.019531266469690167
2024-12-31,0.0
