Date,LKQ
2015-01-05,-0.012239209459193434
2015-01-06,-0.0178570194890465
2015-01-07,0.014100139981050974
2015-01-08,0.010611120634924642
2015-01-09,-0.008327343406467014
2015-01-12,-0.017889919525937215
2015-01-13,-0.010036981286785873
2015-01-14,-0.015771631106030082
2015-01-15,-0.03548264515661881
2015-01-16,0.013844874024575793
2015-01-20,0.0007802902582223492
2015-01-21,0.02495136328188896
2015-01-22,0.0228221496897012
2015-01-23,0.003347085326582233
2015-01-26,0.01111924337844572
2015-01-27,-0.01612893865045384
2015-01-28,-0.033904672225056554
2015-01-29,0.010798481030271923
2015-01-30,-0.015261417708226421
2015-02-02,0.018597493575012836
2015-02-03,0.021300826240519655
2015-02-04,-0.010055825437816024
2015-02-05,0.0033858862442228688
2015-02-06,0.013123536302967143
2015-02-09,0.00111014703222434
2015-02-10,0.011090622979120113
2015-02-11,-0.007312723012268818
2015-02-12,-0.0011048316338333475
2015-02-13,0.0036873319488266443
2015-02-17,0.007714926552990109
2015-02-18,-0.006562156698119881
2015-02-19,0.0022017069344595352
2015-02-20,0.002563015082123199
2015-02-23,-0.005113001743872858
2015-02-24,0.004405336541664084
2015-02-25,0.017909229962958184
2015-02-26,-0.11023328614626249
2015-02-27,-0.008071312779364237
2015-03-02,0.00976414944823678
2015-03-03,0.004432072746256788
2015-03-04,-0.03610099192828331
2015-03-05,0.0049935540058660965
2015-03-06,-0.013250525849433203
2015-03-09,0.006294571504676494
2015-03-10,-0.006672274603214401
2015-03-11,0.013853976758622544
2015-03-12,0.013250698372213154
2015-03-13,-0.0020434549380429212
2015-03-16,0.011465943485396979
2015-03-17,-0.003238763070999462
2015-03-18,-0.012591673614938736
2015-03-19,-0.0032907224438736282
2015-03-20,0.008254440497450277
2015-03-23,-0.004502910826658435
2015-03-24,-0.0053450856691315
2015-03-25,-0.02273672425857154
2015-03-26,0.020727522257722786
2015-03-27,0.026523101988833453
2015-03-30,0.008881616101742207
2015-03-31,0.02280913405718099
2015-04-01,-0.006259825166640698
2015-04-02,0.007086531317450628
2015-04-06,0.010555324404185384
2015-04-07,-0.006963409041109037
2015-04-08,0.01090769152612081
2015-04-09,-0.004624169986293336
2015-04-10,0.0007743291459394452
2015-04-13,-0.010831817396813048
2015-04-14,-0.0027375057762911714
2015-04-15,0.0035292884539142033
2015-04-16,0.001172427806386045
2015-04-17,-0.015612953125119455
2015-04-20,0.010705912565696085
2015-04-21,-0.0011769455643266813
2015-04-22,0.0023565829718736886
2015-04-23,0.0023510425450457006
2015-04-24,0.0
2015-04-27,-0.01290044531725465
2015-04-28,-0.009505057667850147
2015-04-29,0.00999600433034975
2015-04-30,0.07165458854328866
2015-05-01,0.027336568995514288
2015-05-04,0.0010789858222430837
2015-05-05,-0.00646566512348834
2015-05-06,-0.004338293829367901
2015-05-07,0.0032678596498871837
2015-05-08,-0.004343155093628037
2015-05-11,0.0021812016373399246
2015-05-12,0.0068914505859705155
2015-05-13,0.0032420369465537835
2015-05-14,-0.001077211636817843
2015-05-15,0.008626911302618945
2015-05-18,0.012829723508103186
2015-05-19,0.0035184445660263464
2015-05-20,0.005961041875207185
2015-05-21,0.0010454544695428503
2015-05-22,0.001044652776986954
2015-05-26,-0.014260911377535268
2015-05-27,0.018348662293096618
2015-05-28,-0.0017324733693846461
2015-05-29,-0.008330463282279377
2015-06-01,0.008400442863105262
2015-06-02,0.0013883261869482855
2015-06-03,0.013518063618927822
2015-06-04,-0.007523789520841095
2015-06-05,0.01688493258776047
2015-06-08,-0.015926797990233
2015-06-09,0.002754948006131075
2015-06-10,0.005837787165109409
2015-06-11,0.00443840177706778
2015-06-12,-0.0006798409904251734
2015-06-15,-0.003741492043510264
2015-06-16,0.0
2015-06-17,0.0020485040699811385
2015-06-18,0.0078363564636863
2015-06-19,0.0037187950354748978
2015-06-22,0.003031428441722772
2015-06-23,0.008394757664286878
2015-06-24,0.0
2015-06-25,0.009990124337888151
2015-06-26,0.015166513430709294
2015-06-29,-0.01883747554728976
2015-06-30,0.0013240571411232693
2015-07-01,0.011570335354543104
2015-07-02,-0.0062091986494247076
2015-07-06,-0.005261464759455103
2015-07-07,0.011570335354543104
2015-07-08,-0.007843022722265891
2015-07-09,-0.009222674324415814
2015-07-10,0.008311172077697382
2015-07-13,0.014177313852654194
2015-07-14,0.005201461743287172
2015-07-15,0.004204491708247771
2015-07-16,0.0038646441950329624
2015-07-17,-0.0016038130610412926
2015-07-20,0.004498385711521946
2015-07-21,-0.0015995288180753464
2015-07-22,-0.0006407164169380808
2015-07-23,0.00673280404550658
2015-07-24,-0.015923441796626414
2015-07-27,-0.005501568814106017
2015-07-28,0.004555815450562273
2015-07-29,0.01619709470484798
2015-07-30,-0.0009564712923140206
2015-07-31,0.0038288168370361753
2015-08-03,-0.0031784555804873493
2015-08-04,0.01147958963373319
2015-08-05,0.0009457206272964758
2015-08-06,-0.00818882946684718
2015-08-07,-0.002540672088310769
2015-08-10,0.007322482234328742
2015-08-11,-0.006005038161505549
2015-08-12,-0.010810714137859612
2015-08-13,0.008036003481261433
2015-08-14,0.005420869350565294
2015-08-17,-0.0028544569845363466
2015-08-18,-0.007633609029904731
2015-08-19,-0.011538527280870792
2015-08-20,-0.013618564154407098
2015-08-21,-0.03122949187899804
2015-08-24,-0.026467403060279615
2015-08-25,-0.007319851341863859
2015-08-26,0.020716335488522253
2015-08-27,0.026831949672680544
2015-08-28,0.0026799111972342082
2015-08-31,0.00200470055716373
2015-09-01,-0.01800613849577326
2015-09-02,0.022750593521116302
2015-09-03,0.008300135305062906
2015-09-04,-0.018439345318424172
2015-09-08,0.02281107357849743
2015-09-09,-0.007871387677287456
2015-09-10,0.003305800263221581
2015-09-11,-0.0013178808147029653
2015-09-14,0.0016497310862038095
2015-09-15,0.00461119992819925
2015-09-16,0.005573788787795131
2015-09-17,-0.0003260326029885796
2015-09-18,-0.02348336222607217
2015-09-21,0.021710009870558267
2015-09-22,-0.02451768929432352
2015-09-23,-0.01172937899049653
2015-09-24,-0.01085107254722728
2015-09-25,-0.001371192334577831
2015-09-28,-0.029866242462747494
2015-09-29,-0.011323432692107782
2015-09-30,0.015032384860188763
2015-10-01,0.0028207105678434985
2015-10-02,0.006329113460446845
2015-10-05,0.01607261866669152
2015-10-06,-0.00447031092308392
2015-10-07,-0.004145197105003828
2015-10-08,0.0020812617722656412
2015-10-09,-0.011422624337287468
2015-10-12,-0.0035014163438088497
2015-10-13,-0.008432765376099605
2015-10-14,-0.015237568511810573
2015-10-15,0.010075657574419417
2015-10-16,-0.009618919813910609
2015-10-19,0.005755362043250889
2015-10-20,-0.003934112958559166
2015-10-21,-0.007899452268438911
2015-10-22,0.017010414328581636
2015-10-23,0.006405842010482665
2015-10-26,0.009547344758687792
2015-10-27,-0.012609528270944637
2015-10-28,0.0454062020765027
2015-10-29,0.015948487320466942
2015-10-30,-0.01102210028169981
2015-11-02,0.00844309656706832
2015-11-03,0.0026792234291506123
2015-11-04,0.0033400282799218584
2015-11-05,0.0016644201398374747
2015-11-06,-0.0003322478104806903
2015-11-09,0.0009972824745125841
2015-11-10,0.009631276940014866
2015-11-11,-0.0065789771234480154
2015-11-12,-0.019205288876748328
2015-11-13,-0.027683940217284264
2015-11-16,0.020833354430681794
2015-11-17,0.003741492043510153
2015-11-18,-0.0020333734727638886
2015-11-19,0.0010187582523875083
2015-11-20,0.0030529523249585022
2015-11-23,0.007440105173700973
2015-11-24,0.0
2015-11-25,-0.0010071306838426164
2015-11-27,0.010416622187234381
2015-11-30,-0.019288386516218115
2015-12-01,0.007121139981435487
2015-12-02,-0.020875542643534972
2015-12-03,-0.0178816018788458
2015-12-04,0.016456576580125004
2015-12-07,0.0034447996757565047
2015-12-08,0.00789568233679061
2015-12-09,-0.023501486736657196
2015-12-10,-0.0006975528537976894
2015-12-11,-0.017801104909706322
2015-12-14,0.011016448569708848
2015-12-15,0.0031633341736965193
2015-12-16,0.0066571562002144535
2015-12-17,-0.025756865049494926
2015-12-18,-0.024294396411307262
2015-12-21,0.0014647326073491396
2015-12-22,0.054478937161021035
2015-12-23,0.021497683870770556
2015-12-24,0.0010184832470006011
2015-12-28,0.006782061624665658
2015-12-29,0.011451634213154316
2015-12-30,-0.008990973162007143
2015-12-31,-0.00436837607920515
2016-01-04,-0.026662098550933266
2016-01-05,-0.007628357202754121
2016-01-06,-0.0073373922254097446
2016-01-07,-0.007743889097136747
2016-01-08,-0.03831130749193912
2016-01-11,-0.014016998889465726
2016-01-12,0.010849304563232742
2016-01-13,-0.06069587614956384
2016-01-14,0.017336382254543148
2016-01-15,0.005422081311775351
2016-01-19,-0.008474406936360368
2016-01-20,0.012431938479353644
2016-01-21,0.010744452727021958
2016-01-22,0.016325062779120936
2016-01-25,-0.02652232087758566
2016-01-26,0.02801241454012038
2016-01-27,-0.02388967854999713
2016-01-28,0.01185471491573109
2016-01-29,0.035525388425462934
2016-02-01,-0.0021898820802899177
2016-02-02,-0.020482765872495756
2016-02-03,-0.008215076531614351
2016-02-04,-0.006024060948399801
2016-02-05,-0.04469706026362896
2016-02-08,-0.011895210601487571
2016-02-09,-0.02929362879728592
2016-02-10,0.014468550514021183
2016-02-11,-0.0052974214852067325
2016-02-12,0.025399490794905555
2016-02-16,0.025569248421381863
2016-02-17,0.013634614407651124
2016-02-18,-0.0030746200018509917
2016-02-19,0.014263662610773054
2016-02-22,-0.011782464447808838
2016-02-23,0.006538322616540526
2016-02-24,-0.008788658343314881
2016-02-25,0.06977630198585416
2016-02-26,0.014774896646364999
2016-02-29,-0.01988624741568079
2016-03-01,0.034057881151071445
2016-03-02,0.014716210824617937
2016-03-03,0.015538852129746816
2016-03-04,0.021081101412199654
2016-03-07,0.01365298493899103
2016-03-08,-0.0009855566437748653
2016-03-09,0.00032888864410063334
2016-03-10,0.002629833205352483
2016-03-11,0.021311605631613384
2016-03-14,-0.010273011821343436
2016-03-15,-0.011028323176743071
2016-03-16,0.010495320218635529
2016-03-17,0.004543986381834175
2016-03-18,-0.0038771985549302945
2016-03-21,0.0012974974826440722
2016-03-22,-0.0019437242466491256
2016-03-23,-0.019474217691458295
2016-03-24,-0.0029790423703801583
2016-03-28,0.01626814623625683
2016-03-29,0.0094740919054086
2016-03-30,0.007120002480978105
2016-03-31,0.02602810060200267
2016-04-01,0.007203295559749856
2016-04-04,0.004042118458472244
2016-04-05,-0.024465780796998793
2016-04-06,0.004444451498709423
2016-04-07,-0.008533270828175787
2016-04-08,0.008606714251827352
2016-04-11,-0.008849439823861882
2016-04-12,0.02965548476737312
2016-04-13,0.028182273428206672
2016-04-14,-0.003915811618878107
2016-04-15,0.003931205478968858
2016-04-18,0.00030099907598235554
2016-04-19,0.004215730006097873
2016-04-20,0.005997090748544043
2016-04-21,-0.0011926157297365014
2016-04-22,-0.0074602773675971346
2016-04-25,-0.005411905816992357
2016-04-26,0.026299803769934682
2016-04-27,0.006185577258262409
2016-04-28,-0.037177968756565316
2016-04-29,-0.025539592632786934
2016-05-02,0.012792484991119846
2016-05-03,0.0012323428318457008
2016-05-04,-0.0018461108506204749
2016-05-05,-0.003082627755375933
2016-05-06,0.0052566006881815674
2016-05-09,0.003075990479122881
2016-05-10,0.011959211197755781
2016-05-11,-0.013029993092570247
2016-05-12,0.013202015260219024
2016-05-13,-0.021211717960213705
2016-05-16,0.012693341286087456
2016-05-17,-0.016203012283375506
2016-05-18,-0.005904269970891329
2016-05-19,-0.01656775911055486
2016-05-20,-0.0012713822321949175
2016-05-23,0.015276870359597572
2016-05-24,0.011285200498116321
2016-05-25,0.020768972863731694
2016-05-26,-0.00576985925126583
2016-05-27,0.013744493549040726
2016-05-31,-0.0036154631504830004
2016-06-01,-0.011490741137369809
2016-06-02,0.012236085523234186
2016-06-03,-0.004835143526994212
2016-06-06,-0.013058065890747539
2016-06-07,0.016922992608441545
2016-06-08,0.004841121470585463
2016-06-09,-0.0030109668823125046
2016-06-10,-0.026578165480800164
2016-06-13,-0.0027925260564773957
2016-06-14,-0.0006221767006460155
2016-06-15,0.009962711014448011
2016-06-16,0.0024660122999435874
2016-06-17,0.0018451677251953846
2016-06-20,0.009514806568500012
2016-06-21,-0.00364856752364473
2016-06-22,0.0021361672317044
2016-06-23,0.023446990008254787
2016-06-24,-0.07646518778603884
2016-06-27,-0.048969182349204554
2016-06-28,0.030487873296072054
2016-06-29,0.030572067818496418
2016-06-30,0.011164290431297408
2016-07-01,0.013249098829957617
2016-07-05,-0.01650063877833985
2016-07-06,0.00538153355703308
2016-07-07,0.0066121659997566695
2016-07-08,0.035032631561662475
2016-07-11,0.017527946149991314
2016-07-12,-0.00831583607918951
2016-07-13,-0.006888201749785994
2016-07-14,0.007237654423753792
2016-07-15,-0.009581091619356275
2016-07-18,-0.012394170531231818
2016-07-19,-0.004285219922398942
2016-07-20,0.011066577881983175
2016-07-21,0.0027364256427335754
2016-07-22,0.01091589537370763
2016-07-25,0.008398207212763298
2016-07-26,0.006543902123463896
2016-07-27,0.008864855614130418
2016-07-28,-0.015231191177379588
2016-07-29,0.022902944851999063
2016-08-01,0.002616948858491508
2016-08-02,0.0005801337014239571
2016-08-03,0.01043502372054661
2016-08-04,-0.005450713356754622
2016-08-05,0.01499877242458214
2016-08-08,-0.007672781133045037
2016-08-09,-0.006013815303977821
2016-08-10,0.006914694441398472
2016-08-11,-0.007439363022199386
2016-08-12,-0.001152883192839127
2016-08-15,0.02020204935187153
2016-08-16,-0.0050918776172012015
2016-08-17,0.006539757958824
2016-08-18,0.0016944634228583944
2016-08-19,0.005922410952929447
2016-08-22,-0.001962669908543102
2016-08-23,0.005337355260592425
2016-08-24,0.002514639237568783
2016-08-25,-0.0005572651160630215
2016-08-26,-0.004740846908777074
2016-08-29,0.00812563761535734
2016-08-30,0.006948132300072407
2016-08-31,-0.0038639769706972915
2016-09-01,-0.014685808436379899
2016-09-02,0.006468152972960217
2016-09-06,0.006985018449729097
2016-09-07,0.004994276945436749
2016-09-08,-0.013528116243977206
2016-09-09,-0.022949910316338085
2016-09-12,0.01489511762690654
2016-09-13,-0.0070559948615254164
2016-09-14,0.007106135718641493
2016-09-15,0.007338695632284953
2016-09-16,-0.006444591976952907
2016-09-19,0.0045122179907817195
2016-09-20,-0.009264389636806314
2016-09-21,0.003117321880012902
2016-09-22,0.009604313308017032
2016-09-23,-0.0016789269602655033
2016-09-26,-0.010650424769865774
2016-09-27,0.0031163215437635117
2016-09-28,0.003106522591415528
2016-09-29,-0.007882660703548705
2016-09-30,0.00624254264436952
2016-10-03,-0.007050259831754446
2016-10-04,-0.028968849190759594
2016-10-05,-0.016671489313009658
2016-10-06,-0.01130269808859985
2016-10-07,-0.001203362194347024
2016-10-10,0.01054218360554593
2016-10-11,-0.013114799090167106
2016-10-12,0.006040560792458738
2016-10-13,-0.010507619578316807
2016-10-14,-0.00364075552866705
2016-10-17,0.005785419071786757
2016-10-18,-0.0030271867824763765
2016-10-19,0.0003036568252754446
2016-10-20,0.0012141953405608863
2016-10-21,-0.0033353510639702044
2016-10-24,0.005476117712986062
2016-10-25,-0.002420497703139901
2016-10-26,0.008795807138373801
2016-10-27,-0.04329524653593875
2016-10-28,0.00942807564379411
2016-10-31,0.004981225792869193
2016-11-01,-0.009603236388434522
2016-11-02,-0.0053176321989416575
2016-11-03,-0.019182391482150063
2016-11-04,0.006412273842197447
2016-11-07,0.012743036219694526
2016-11-08,0.004718453093907948
2016-11-09,0.004696359074333634
2016-11-10,-0.006855644554256468
2016-11-11,0.010354355233751722
2016-11-14,0.00993789438707493
2016-11-15,0.01168520813388163
2016-11-16,0.00425532534616635
2016-11-17,-0.011198653528557534
2016-11-18,-0.012855851063117485
2016-11-21,0.013333400512903104
2016-11-22,0.0165239929599148
2016-11-23,0.002107041865605064
2016-11-25,0.004505783965296439
2016-11-28,-0.0050838736043129495
2016-11-29,-0.007814834867962639
2016-11-30,-0.00545264095355491
2016-12-01,-0.007310406575412709
2016-12-02,-0.01073944260676285
2016-12-05,0.01333734037240264
2016-12-06,0.011631429639224145
2016-12-07,0.0166414338453289
2016-12-08,0.001785672878319211
2016-12-09,0.018716917934351596
2016-12-12,-0.02974667679374643
2016-12-13,0.002705484347632181
2016-12-14,-0.02877711633847224
2016-12-15,0.0052469307657181385
2016-12-16,-0.00429837666131716
2016-12-19,-0.01356779568254074
2016-12-20,0.0009378038289695745
2016-12-21,0.01093062023848157
2016-12-22,-0.04417659362229298
2016-12-23,-0.0003232547776867989
2016-12-27,0.012932486335358373
2016-12-28,-0.014363194284723768
2016-12-29,0.0
2016-12-30,-0.007448293597474898
2017-01-03,0.01239807126462833
2017-01-04,0.006767587335142267
2017-01-05,0.0006401677666327821
2017-01-06,0.013115909727183794
2017-01-09,-0.015156340918542122
2017-01-10,0.002244245751488627
2017-01-11,-0.0025589662147019743
2017-01-12,0.014752857401516772
2017-01-13,0.005056926221089109
2017-01-17,-0.006289205585236934
2017-01-18,0.00854440086912156
2017-01-19,-0.012237351529464702
2017-01-20,0.004447208531747515
2017-01-23,0.0012650146786765681
2017-01-24,-0.005685341072759753
2017-01-25,0.004129631135740608
2017-01-26,-0.0006328062386443678
2017-01-27,-0.0037987140531251518
2017-01-30,0.012075153204172295
2017-01-31,0.0018837864467318166
2017-02-01,-0.006580953562903669
2017-02-02,0.0012616249161128135
2017-02-03,0.006931375139619167
2017-02-06,-0.01501868536117501
2017-02-07,-0.018742161896707965
2017-02-08,-0.008093169847786519
2017-02-09,0.019582197589307127
2017-02-10,-0.0012804022174077723
2017-02-13,0.004807814290678225
2017-02-14,0.009888248117433829
2017-02-15,0.008212239748945915
2017-02-16,0.0018795903119650514
2017-02-17,-0.0012505791045025472
2017-02-21,0.0278647594685395
2017-02-22,0.0067010526790027836
2017-02-23,-0.04447794533334837
2017-02-24,0.009499461715859914
2017-02-27,-0.009096478305148259
2017-02-28,-0.000316471577337496
2017-03-01,0.021532421064852647
2017-03-02,-0.021698540382040332
2017-03-03,0.004752773969666224
2017-03-06,-0.01261430898372462
2017-03-07,-0.01341426568818438
2017-03-08,-0.006150771318080173
2017-03-09,-0.008469106875245824
2017-03-10,-0.014454579840866955
2017-03-13,0.007666568801977913
2017-03-14,-0.002646155487321833
2017-03-15,0.0009947597023445276
2017-03-16,0.007620982852564184
2017-03-17,-0.0032883384074391397
2017-03-20,-0.010557577903624327
2017-03-21,-0.011337149430381332
2017-03-22,0.0006745674172203842
2017-03-23,-0.004381416480591205
2017-03-24,-0.005077918062762143
2017-03-27,0.0
2017-03-28,0.007825691190237238
2017-03-29,0.0010128408042973103
2017-03-30,-0.0016862428927496564
2017-03-31,-0.011148634739325702
2017-04-03,-0.019473942977916048
2017-04-04,-0.01219514054026627
2017-04-05,-0.014109337722849502
2017-04-06,0.005724548770204008
2017-04-07,-0.0017787714352814898
2017-04-10,0.008909408540622055
2017-04-11,0.010950222401902243
2017-04-12,-0.016771462985926466
2017-04-13,-0.007107352740968076
2017-04-17,0.005010894367027285
2017-04-18,0.004985762119261938
2017-04-19,0.009567569566704348
2017-04-20,0.017199043608753017
2017-04-21,0.00103520851928951
2017-04-24,0.014477787971627576
2017-04-25,0.01155280373633305
2017-04-26,0.014108113899169883
2017-04-27,0.03312356300424235
2017-04-28,0.0016030517627891872
2017-05-01,0.0064020777711812915
2017-05-02,0.0006360291742519841
2017-05-03,-0.008264381816214583
2017-05-04,-0.004807613981775094
2017-05-05,0.015136869740182135
2017-05-08,-0.003172669098755465
2017-05-09,-0.00031825017566744496
2017-05-10,-0.0038202842162524675
2017-05-11,-0.008309480253524737
2017-05-12,-0.00032238434981746167
2017-05-15,0.00483564579796103
2017-05-16,-0.006095585707891593
2017-05-17,-0.008069658109715272
2017-05-18,0.004555815450562273
2017-05-19,0.005830902806364557
2017-05-22,0.01288237095740219
2017-05-23,-0.005723303663837664
2017-05-24,-0.00031991001481568304
2017-05-25,0.007997577448896065
2017-05-26,0.0012693645864998437
2017-05-30,-0.00633904082951342
2017-05-31,0.0044657826226732755
2017-06-01,0.02699258187258735
2017-06-02,-0.00030913223252027056
2017-06-05,0.0003092278248080227
2017-06-06,-0.013605554357060679
2017-06-07,-0.0012538458619854032
2017-06-08,-0.010671658181575228
2017-06-09,0.014276746577338795
2017-06-12,0.011886038841971258
2017-06-13,0.009273676224737404
2017-06-14,-0.004288035579350868
2017-06-15,0.0
2017-06-16,-0.0024607026725161907
2017-06-19,0.014492747106371162
2017-06-20,-0.01550150614987722
2017-06-21,-0.008953568161980896
2017-06-22,0.00031163824108837446
2017-06-23,0.004982841880732725
2017-06-26,0.012395405234873591
2017-06-27,-0.009794861268691113
2017-06-28,0.0012365330940031782
2017-06-29,0.00802721721099986
2017-06-30,0.009188273958806947
2017-07-03,0.0109257694830307
2017-07-05,-0.025818259595377757
2017-07-06,-0.03266567173205093
2017-07-07,0.0031859415600123953
2017-07-10,0.007621288562993156
2017-07-11,0.0066184181595208
2017-07-12,0.004696359074333634
2017-07-13,0.00747898529579305
2017-07-14,0.006495266346385975
2017-07-17,0.02028296354492909
2017-07-18,-0.004518249002348429
2017-07-19,0.010287603737529238
2017-07-20,0.0008982956278558163
2017-07-21,0.0023939492333160395
2017-07-24,-0.014627135463649021
2017-07-25,-0.003332067796747107
2017-07-26,-0.0018238555929851463
2017-07-27,0.032582169386885296
2017-07-28,0.01828386271265381
2017-07-31,0.0008686989762274333
2017-08-01,-0.008680474661449278
2017-08-02,-0.0032106767497556143
2017-08-03,-0.0011712960545483542
2017-08-04,0.0014656385088547275
2017-08-07,0.00995319540505224
2017-08-08,-0.0049273716576437865
2017-08-09,0.00407801105346528
2017-08-10,-0.020887846174673208
2017-08-11,0.002074200888862121
2017-08-14,-0.0011826018867671095
2017-08-15,-0.002368559209632526
2017-08-16,0.024035577565491906
2017-08-17,-0.012170285235363232
2017-08-18,-0.001173235539057682
2017-08-21,0.0002937298856056092
2017-08-22,0.007046346274407922
2017-08-23,-0.004664998801090059
2017-08-24,-0.005565241756740447
2017-08-25,0.010309479514041486
2017-08-28,-0.0017490480994908353
2017-08-29,-0.009346040601459271
2017-08-30,0.010908184193564319
2017-08-31,0.010498562650492094
2017-09-01,0.00201996444891428
2017-09-05,0.0048965101625026985
2017-09-06,-0.0017196503594542056
2017-09-07,-0.002296976363524661
2017-09-08,0.001726818355314741
2017-09-11,0.016374490328174396
2017-09-12,0.0067833351959378785
2017-09-13,-0.0022456822463138293
2017-09-14,0.0019693799460169803
2017-09-15,-0.007301130995525318
2017-09-18,-0.003394781514935552
2017-09-19,-0.014192573284971477
2017-09-20,0.011229675028390007
2017-09-21,-0.015091189778876912
2017-09-22,0.009251355172275488
2017-09-25,0.004869441780838146
2017-09-26,-0.0022803698047207943
2017-09-27,0.019714333228537884
2017-09-28,0.0016813958562458264
2017-09-29,0.006712895518909079
2017-10-02,0.007502112733124289
2017-10-03,0.004688320128545698
2017-10-04,0.009058515919908583
2017-10-05,0.0008162838772827197
2017-10-06,0.0024461748111264114
2017-10-09,-0.006778687921761617
2017-10-10,0.0030029425447382074
2017-10-11,0.005988130564471339
2017-10-12,0.005681601052428098
2017-10-13,0.0026905223399775746
2017-10-16,0.005097861797885628
2017-10-17,-0.001334568505273248
2017-10-18,0.0034750274030668216
2017-10-19,-0.008258154937712314
2017-10-20,0.0029548831951593524
2017-10-23,-0.007498671352462183
2017-10-24,0.0010791556571017047
2017-10-25,-0.015094475657071116
2017-10-26,0.015325810734122092
2017-10-27,-0.009703503256100587
2017-10-30,-0.00598801716149866
2017-10-31,0.03203743667649794
2017-11-01,-0.007163729534609642
2017-11-02,0.008551413700566668
2017-11-03,-0.0007948664872696742
2017-11-06,-0.0021214406262343166
2017-11-07,-0.017539287072988463
2017-11-08,-0.0016230689007511456
2017-11-09,0.0005420530196034168
2017-11-10,0.006227863399022038
2017-11-13,0.0016146581041911467
2017-11-14,0.006448220744881272
2017-11-15,-0.008275570433774249
2017-11-16,0.013997395395241918
2017-11-17,0.0021239145948093174
2017-11-20,0.001059541017867982
2017-11-21,-0.0010584195789099526
2017-11-22,0.010330966399636488
2017-11-24,-0.0023596996809418513
2017-11-27,0.00867273362365073
2017-11-28,0.014069663757116713
2017-11-29,0.014902465813255938
2017-11-30,-0.0020250936944685716
2017-12-01,-0.002536952971827433
2017-12-04,-0.0010173409963626368
2017-12-05,-0.0010181648932841014
2017-12-06,0.002038617575198076
2017-12-07,0.010935806429497541
2017-12-08,0.011824158602143697
2017-12-11,0.0029835204546893035
2017-12-12,0.006197169599104102
2017-12-13,-0.012811014062173443
2017-12-14,-0.018966645409960292
2017-12-15,0.005087680398450534
2017-12-18,0.02227260504378914
2017-12-19,0.01015136948430806
2017-12-20,-0.0014709112593437323
2017-12-21,0.003927526279214888
2017-12-22,-0.001955876844547233
2017-12-26,-0.0009801611024347068
2017-12-27,0.002207040912093783
2017-12-28,0.007829862229656426
2017-12-29,-0.012624499629482533
2018-01-02,0.016719791062029588
2018-01-03,0.005078807412791653
2018-01-04,0.012030702019522943
2018-01-05,-0.0009510662967799899
2018-01-08,-0.0038076884330829897
2018-01-09,0.0031058082914849905
2018-01-10,0.00595365078596477
2018-01-11,0.01775573702125066
2018-01-12,0.011165223698438087
2018-01-16,-0.006441138481745767
2018-01-17,0.0
2018-01-18,-0.011344946909673026
2018-01-19,0.006088638278976211
2018-01-22,-0.002560276178918519
2018-01-23,0.0065344313895399075
2018-01-24,-0.006028515614962537
2018-01-25,-0.0074642865334370034
2018-01-26,0.006580503110228619
2018-01-29,-0.002801903578446119
2018-01-30,-0.012175014442501908
2018-01-31,-0.003792443908803622
2018-02-01,-0.005710173244175998
2018-02-02,-0.020579187895095052
2018-02-05,-0.03591503423991338
2018-02-06,0.027116398485135917
2018-02-07,-0.004441307490332336
2018-02-08,-0.03692701848570956
2018-02-09,0.0015439147244433737
2018-02-12,0.03186041831257613
2018-02-13,0.009213339324298353
2018-02-14,0.022452225927309444
2018-02-15,0.007963462540779398
2018-02-16,0.0
2018-02-20,-0.007421662336657087
2018-02-21,0.002894288671353662
2018-02-22,-0.036796509902324526
2018-02-23,0.0012484711404052717
2018-02-26,0.00847862312222536
2018-02-27,-0.027447824119134268
2018-02-28,0.0038138729974570573
2018-03-01,-0.002532781046355126
2018-03-02,-0.009903774433306034
2018-03-05,-0.0017954418729700938
2018-03-06,0.016187292187202162
2018-03-07,-0.013906588439714485
2018-03-08,-0.005384410432643705
2018-03-09,0.02191255750047172
2018-03-12,-0.007820141578596118
2018-03-13,0.0022884085464993653
2018-03-14,-0.009893619832265
2018-03-15,0.0005122898866887216
2018-03-16,0.012804317121224873
2018-03-19,-0.007585316107335149
2018-03-20,0.0038216464500415714
2018-03-21,0.0025379237182612258
2018-03-22,-0.040253048636740396
2018-03-23,-0.01952010170868479
2018-03-26,0.018563404771224423
2018-03-27,-0.007131344527291139
2018-03-28,-0.002394336411248643
2018-03-29,0.011999859563700754
2018-04-02,-0.021080356900737063
2018-04-03,0.01722769296886817
2018-04-04,0.01164316662820708
2018-04-05,0.013078629585083767
2018-04-06,-0.014200916592098434
2018-04-09,-0.0018333146000591993
2018-04-10,0.0005247662330420955
2018-04-11,-0.0020979639915076342
2018-04-12,0.006307452589808138
2018-04-13,-0.0026119317315647095
2018-04-16,0.011259714978918645
2018-04-17,0.010875319345925227
2018-04-18,0.004866840893800628
2018-04-19,-0.015294378661618646
2018-04-20,-0.009837097442022436
2018-04-23,0.0023530226788599506
2018-04-24,-0.021909265828991442
2018-04-25,0.0024000830174071286
2018-04-26,-0.19074227975585345
2018-04-27,0.04043377113438584
2018-04-30,-0.019905180578348558
2018-05-01,-0.024177826047304674
2018-05-02,0.0
2018-05-03,-0.0009910915998913028
2018-05-04,-0.0036375618092039375
2018-05-07,0.016926637249097487
2018-05-08,-0.0035901420806683237
2018-05-09,-0.010809028219172512
2018-05-10,0.00264906007102228
2018-05-11,0.0
2018-05-14,0.010568037975010158
2018-05-15,-0.009150340680129432
2018-05-16,0.009894503699351187
2018-05-17,-0.0029393569513743723
2018-05-18,-0.0016376385007174088
2018-05-21,0.009514498728030674
2018-05-22,-0.020149409043375588
2018-05-23,-0.012603813404443942
2018-05-24,0.010077234210393637
2018-05-25,0.022946513258535806
2018-05-29,-0.005851822238590487
2018-05-30,0.020601596089609764
2018-05-31,0.01794313009360038
2018-06-01,0.005036233273892687
2018-06-04,0.01753839067441154
2018-06-05,0.0
2018-06-06,0.005232267592949258
2018-06-07,-0.0027556322164162816
2018-06-08,0.0006140903579499035
2018-06-11,0.003682025207189854
2018-06-12,0.0009172249391944387
2018-06-13,0.002138060609392367
2018-06-14,0.01036260087008567
2018-06-15,0.009049814986838989
2018-06-18,-0.011958200480527648
2018-06-19,-0.006656447473825766
2018-06-20,-0.00213232618295911
2018-06-21,-0.016788748057242064
2018-06-22,0.020490507639006728
2018-06-25,-0.015211445133553103
2018-06-26,-0.008341088264632979
2018-06-27,-0.012772560155525747
2018-06-28,0.0031557155132160286
2018-06-29,0.003460072243367529
2018-07-02,-0.004702117895861169
2018-07-03,0.0003150079746030432
2018-07-05,0.011649722528046524
2018-07-06,0.012449546280421497
2018-07-09,0.017214776322667102
2018-07-10,0.0030220119213402175
2018-07-11,-0.018378782186076692
2018-07-12,0.00736631010999278
2018-07-13,0.019500444094971314
2018-07-16,-0.003586350240039504
2018-07-17,0.009597835058825499
2018-07-18,0.001188347252879085
2018-07-19,0.014540145303165053
2018-07-20,-0.011991603050690913
2018-07-23,0.013025441398310189
2018-07-24,-0.016364965143330412
2018-07-25,0.001188347252879085
2018-07-26,0.033828037645694975
2018-07-27,-0.025545482974640876
2018-07-30,-0.012370970432921125
2018-07-31,-0.00029822307508498014
2018-08-01,-0.008949796196944138
2018-08-02,0.0
2018-08-03,0.006622319706353519
2018-08-06,-0.010167435723483442
2018-08-07,0.03836843294771253
2018-08-08,-0.012219919394148127
2018-08-09,0.0005890675324813355
2018-08-10,-0.006476234723693408
2018-08-13,-0.016888836930306184
2018-08-14,0.007836031202481442
2018-08-15,-0.00807419326905523
2018-08-16,0.0009046305604099025
2018-08-17,-0.0012047492722248032
2018-08-20,0.002110854276546892
2018-08-21,0.005717581096392754
2018-08-22,-0.014362511047977589
2018-08-23,0.007893186731847024
2018-08-24,0.012349182019167237
2018-08-27,0.013091513719018844
2018-08-28,0.002055742113358683
2018-08-29,0.01670563022978233
2018-08-30,-0.010377450041928471
2018-08-31,0.0055342571921950245
2018-09-04,-0.007241940796441471
2018-09-05,-0.007587038856743722
2018-09-06,-0.008820914991684248
2018-09-07,-0.012755862535391738
2018-09-10,-0.0021033063241784333
2018-09-11,0.0012047003953086222
2018-09-12,-0.01022578386419637
2018-09-13,0.0027345093894908246
2018-09-14,-0.006666471391739148
2018-09-17,-0.022574704751625152
2018-09-18,0.007802749671637077
2018-09-19,0.004026168092614579
2018-09-20,0.018506918937980732
2018-09-21,-0.019079187191232472
2018-09-24,-0.020685417378570214
2018-09-25,0.005359280579810832
2018-09-26,-0.002195048930673016
2018-09-27,-0.0031425609439532654
2018-09-28,-0.0015763323955813036
2018-10-01,-0.0015788211424949683
2018-10-02,-0.010752723592876268
2018-10-03,-0.008631812814554829
2018-10-04,-0.021605825901852782
2018-10-05,-0.00988784433774026
2018-10-08,0.004993260419512202
2018-10-09,-0.015236847262359188
2018-10-10,-0.03834505610484651
2018-10-11,-0.009443823795926454
2018-10-12,0.007415191664737586
2018-10-15,0.0
2018-10-16,0.031195322972423778
2018-10-17,-0.027532250138432413
2018-10-18,-0.02202037659759659
2018-10-19,-0.007862749800296776
2018-10-22,-0.0147694211723578
2018-10-23,-0.013162703383609253
2018-10-24,-0.04853653363334476
2018-10-25,0.0358254952598398
2018-10-26,-0.008270588953961044
2018-10-29,0.009097826091248429
2018-10-30,0.002253813522912429
2018-10-31,0.02211391112864991
2018-11-01,0.014668200823843014
2018-11-02,0.003614114047417738
2018-11-05,-0.0003601549363880796
2018-11-06,0.003962456248598034
2018-11-07,0.018658170368224924
2018-11-08,0.009510352626443508
2018-11-09,-0.03244955987229747
2018-11-12,-0.018030871816677285
2018-11-13,-0.006243287702589195
2018-11-14,0.02402076869323655
2018-11-15,0.0032479624585668443
2018-11-16,0.02158298234072631
2018-11-19,-0.03204244354036623
2018-11-20,-0.019643428881480074
2018-11-21,0.01261584148910333
2018-11-23,0.0018321431387686715
2018-11-26,0.016459437547813316
2018-11-27,-0.00611717879788809
2018-11-28,0.014844358695676796
2018-11-29,-0.008919017223252723
2018-11-30,0.0021598516704879334
2018-12-03,0.015445177734143112
2018-12-04,-0.05695084870835654
2018-12-06,-0.011252630485809711
2018-12-07,-0.027693525959346488
2018-12-10,0.0
2018-12-11,-0.012485456933911232
2018-12-12,0.02054536547335606
2018-12-13,-0.023228825916677964
2018-12-14,-0.024970475438942263
2018-12-17,-0.002032318083227347
2018-12-18,0.0
2018-12-19,-0.008961462182609181
2018-12-20,-0.020139606934658216
2018-12-21,-0.011325632670923014
2018-12-24,0.014001098614093488
2018-12-26,0.03556487780914419
2018-12-27,-0.026666799094429816
2018-12-28,-0.00539654930429434
2018-12-31,-0.009599211091873006
2019-01-02,-0.0012640613547763024
2019-01-03,-0.033333503271873566
2019-01-04,0.04015708022177522
2019-01-07,0.014267689582617038
2019-01-08,0.02689283616174487
2019-01-09,0.038678679132369664
2019-01-10,0.01590368545142873
2019-01-11,0.004963677411795819
2019-01-14,0.012538058996708346
2019-01-15,0.0003751345880342871
2019-01-16,0.006001621717797168
2019-01-17,0.002982675548515168
2019-01-18,-0.024163487443841336
2019-01-22,-0.01333327513564686
2019-01-23,-0.0034748628236731527
2019-01-24,0.01666004951443223
2019-01-25,-0.006097605027783226
2019-01-28,0.008435654124042458
2019-01-29,-0.0011406975720907875
2019-01-30,0.011420002490022174
2019-01-31,-0.013172770994030247
2019-02-01,0.00800916549939501
2019-02-04,0.027998517553528224
2019-02-05,0.0
2019-02-06,-0.005152826287457057
2019-02-07,-0.028856848844622363
2019-02-08,-0.0007618606223607216
2019-02-11,0.00724367074281651
2019-02-12,0.010598047552122791
2019-02-13,0.001872550469916634
2019-02-14,-0.010841116371450132
2019-02-15,0.026077082330829837
2019-02-19,-0.005524848736894072
2019-02-20,-0.001111201040742138
2019-02-21,0.013719002940520086
2019-02-22,-0.0003656670700001863
2019-02-25,0.006951892731555054
2019-02-26,-0.0094475065183669
2019-02-27,0.0
2019-02-28,0.01614084656222947
2019-03-01,0.004332104388351077
2019-03-04,0.010064642490917208
2019-03-05,-0.011387685810897219
2019-03-06,0.024837769283117872
2019-03-07,-0.023533499078139952
2019-03-08,-0.016186937012716562
2019-03-11,-0.0010971331493403458
2019-03-12,-0.016471336225532318
2019-03-13,0.01749162121316794
2019-03-14,0.019751203142953866
2019-03-15,-0.0007170944650349842
2019-03-18,0.01651106506509059
2019-03-19,0.011299294142605554
2019-03-20,0.002095068983144932
2019-03-21,0.010801420562207564
2019-03-22,-0.022405987587759135
2019-03-25,-0.0007053245539696551
2019-03-26,-0.0007056753721279563
2019-03-27,-0.003884176037628473
2019-03-28,0.0
2019-03-29,0.006026251282530648
2019-04-01,0.02924593804784803
2019-04-02,-0.001369457182318623
2019-04-03,0.016112438342765545
2019-04-04,0.004048629377584101
2019-04-05,0.009744618175370423
2019-04-08,0.004326010754922116
2019-04-09,-0.003976050923160668
2019-04-10,0.0089821386359199
2019-04-11,0.0019781931014835052
2019-04-12,0.014149255208733669
2019-04-15,0.00681383574942962
2019-04-16,0.0025782020379094828
2019-04-17,0.0003216222780380029
2019-04-18,-0.010925683821703336
2019-04-22,-0.00552315265988268
2019-04-23,0.023848531586873722
2019-04-24,0.0031907582474506313
2019-04-25,-0.05661574038029893
2019-04-26,0.012811897151955076
2019-04-29,0.0013316193294095058
2019-04-30,0.0006647857272810143
2019-05-01,-0.015282405408656441
2019-05-02,-0.019905643966748765
2019-05-03,-0.008949998375739399
2019-05-06,-0.01007286468358437
2019-05-07,-0.018245651531628937
2019-05-08,-0.0053608845507903125
2019-05-09,-0.014732345767433541
2019-05-10,-0.0036472171716266377
2019-05-13,-0.019765588220178265
2019-05-14,0.008962092609612782
2019-05-15,0.0022205253611427
2019-05-16,0.013293787173089378
2019-05-17,-0.012390560161761766
2019-05-20,-0.008487207269258334
2019-05-21,0.010792855859746986
2019-05-22,-0.005891134358990691
2019-05-23,-0.0192593006377485
2019-05-24,0.0022659658428640927
2019-05-28,-0.008289443144115505
2019-05-29,-0.010258397515594764
2019-05-30,-0.008061273483525144
2019-05-31,-0.007352998084476536
2019-06-03,-0.0007796818800469563
2019-06-04,0.029652736697392212
2019-06-05,-0.00037890942762175417
2019-06-06,-0.01667943996490595
2019-06-07,0.023901372326406545
2019-06-10,0.007153591984776941
2019-06-11,-0.0007475423542436799
2019-06-12,-0.02020209420125796
2019-06-13,0.006872851413653347
2019-06-14,-0.00492995365740867
2019-06-17,-0.002667687313893219
2019-06-18,0.006113994644463494
2019-06-19,0.007216080406781122
2019-06-20,0.005656094912798171
2019-06-21,-0.0011246379763952818
2019-06-24,-0.015765943297843643
2019-06-25,0.0019068306646974342
2019-06-26,-0.0034259214469407606
2019-06-27,0.0030558294623879156
2019-06-28,0.013328276293953722
2019-07-01,0.016535117396186294
2019-07-02,-0.018484371631867003
2019-07-03,0.00527323511868194
2019-07-05,-0.0018732520217072945
2019-07-08,-0.019144359718810122
2019-07-09,-0.003827115838020312
2019-07-10,0.004994348595047882
2019-07-11,0.0030580063209892927
2019-07-12,0.02210380830187275
2019-07-15,0.002982675548515168
2019-07-16,0.0033459185717803486
2019-07-17,-0.03593931190853439
2019-07-18,-0.013066834775462999
2019-07-19,-0.028816150413134012
2019-07-22,0.00360861835156423
2019-07-23,0.03276078420340678
2019-07-24,0.015086808704942278
2019-07-25,0.0510672138593351
2019-07-26,0.005438559281066624
2019-07-29,-0.013703378440813263
2019-07-30,-0.016453569651121658
2019-07-31,0.001115486890589601
2019-08-01,-0.028964154592144853
2019-08-02,-0.02294457610684908
2019-08-05,-0.018003850070649863
2019-08-06,0.018333931423198724
2019-08-07,0.0007828966196510301
2019-08-08,0.0144699759953959
2019-08-09,-0.019275098195692064
2019-08-12,-0.015723340224693794
2019-08-13,0.012380305754699839
2019-08-14,-0.023668578756970593
2019-08-15,-0.006464775491593855
2019-08-16,0.03985357363274877
2019-08-19,0.028940033461753334
2019-08-20,-0.009121795575781855
2019-08-21,-0.0026851623742930597
2019-08-22,-0.002692391883675982
2019-08-23,-0.018125637245753445
2019-08-26,-0.00235666479483021
2019-08-27,-0.014566904625855415
2019-08-28,0.02477025362342067
2019-08-29,0.02105262901420435
2019-08-30,0.0030545034099380697
2019-09-03,-0.01027776434082217
2019-09-04,0.015769197363870946
2019-09-05,0.018932071573851017
2019-09-06,-0.0003715875777343669
2019-09-09,0.01858752440514788
2019-09-10,0.04598539485581843
2019-09-11,0.014654447673205784
2019-09-12,0.11932611076502342
2019-09-13,0.005837219116710202
2019-09-16,-0.020769704364540065
2019-09-17,0.005302509933109212
2019-09-18,-0.008997758882141604
2019-09-19,-0.0015655399883511834
2019-09-20,-0.0031356628689136468
2019-09-23,0.0031455261785549027
2019-09-24,-0.008466570643346882
2019-09-25,-0.00031617131623196126
2019-09-26,-0.0056943334975870785
2019-09-27,-0.0031817537385970818
2019-09-30,0.0038301053515019667
2019-10-01,-0.020031827778927758
2019-10-02,-0.02238797949799709
2019-10-03,0.006969738936071002
2019-10-04,0.0056033200668714755
2019-10-07,-0.0072108095433928154
2019-10-08,-0.013205874755262137
2019-10-09,-0.009367557776224333
2019-10-10,0.020263375476936796
2019-10-11,0.020191992078137266
2019-10-14,-0.0022711884592993004
2019-10-15,0.009105704980795215
2019-10-16,0.004834153996867707
2019-10-17,0.0016034320220053022
2019-10-18,0.0006403727396260273
2019-10-21,0.012799925124337808
2019-10-22,0.007583026232223622
2019-10-23,0.0009407445881381982
2019-10-24,-0.0040725762030291435
2019-10-25,-0.0050331957500108215
2019-10-28,0.0012647465675892366
2019-10-29,-0.0018944932807681836
2019-10-30,-0.004112647418909043
2019-10-31,0.07973310263586586
2019-11-01,0.03383335746076299
2019-11-04,0.019920588924374538
2019-11-05,-0.004185373339068321
2019-11-06,-0.007845463342289971
2019-11-07,-0.008754552946431127
2019-11-08,0.002849312622915434
2019-11-11,0.001420253460617582
2019-11-12,0.026382984155411293
2019-11-13,-0.026810678945297983
2019-11-14,-0.001135620304043794
2019-11-15,0.010804508457296302
2019-11-18,0.009001235863601353
2019-11-19,-0.018399874182540743
2019-11-20,-0.0017038446137257468
2019-11-21,-0.007396797411814315
2019-11-22,0.0031527022770008184
2019-11-25,0.0111430444449232
2019-11-26,0.005933534524105832
2019-11-27,0.0016855298862636925
2019-11-29,-0.010656164066019769
2019-12-02,0.0011338392012651966
2019-12-03,-0.0254811324182298
2019-12-04,0.017141046285678918
2019-12-05,0.015138604727326976
2019-12-06,0.005908960461875168
2019-12-09,-0.003636734456034074
2019-12-10,-0.003930382563708479
2019-12-11,0.008173850325510879
2019-12-12,0.0067092596309108465
2019-12-13,0.0027773085422717614
2019-12-16,-0.004708024918702258
2019-12-17,0.003338936483463062
2019-12-18,0.007487548674727895
2019-12-19,-0.015964529079306122
2019-12-20,0.0050347881825068
2019-12-23,-0.0038964709003709297
2019-12-24,0.0027939142494166624
2019-12-26,0.0
2019-12-27,-0.0005573420969505749
2019-12-30,-0.004739062348637524
2019-12-31,0.0
2020-01-02,0.0028008409408510904
2020-01-03,-0.011452200681594693
2020-01-06,-0.014975993908237895
2020-01-07,-0.005450713356754622
2020-01-08,-0.002307337055436509
2020-01-09,0.0017347457824128387
2020-01-10,-0.01616175972463363
2020-01-13,0.0011736633034606925
2020-01-14,0.006152647376111098
2020-01-15,-0.012230532896590707
2020-01-16,0.024174599241089112
2020-01-17,-0.0037421664412251587
2020-01-21,-0.010979450532702884
2020-01-22,-0.009056405211645968
2020-01-23,0.012676949457225417
2020-01-24,-0.02154314420595893
2020-01-27,-0.016364035752665762
2020-01-28,0.011494152921781131
2020-01-29,0.0014952532779139993
2020-01-30,0.003583075829434623
2020-01-31,-0.027372708636450804
2020-02-03,-0.0033648119978766378
2020-02-04,0.02087151037171786
2020-02-05,0.02435354485937835
2020-02-06,-0.02494841342899934
2020-02-07,-0.008729737829434536
2020-02-10,0.007895330504516851
2020-02-11,0.01175053768732126
2020-02-12,0.004764775316695724
2020-02-13,0.0032602216651895777
2020-02-14,-0.01920217446786221
2020-02-18,0.0015060620849969286
2020-02-19,0.022556269911123028
2020-02-20,0.0005883237045007927
2020-02-21,-0.028806624933430003
2020-02-24,-0.021489054213394754
2020-02-25,-0.031240580278674934
2020-02-26,-0.024904037189205863
2020-02-27,-0.026850111230854568
2020-02-28,-0.004710639882011147
2020-03-02,0.010818127160901803
2020-03-03,-0.03913060502624155
2020-03-04,0.032022456063820925
2020-03-05,-0.04789217881903274
2020-03-06,-0.025150569869023975
2020-03-09,-0.05886612965395954
2020-03-10,0.06486488356008313
2020-03-11,-0.02791874836847752
2020-03-12,-0.11115263031402733
2020-03-13,0.04490131752924165
2020-03-16,-0.18232921922525902
2020-03-17,-0.032907492371871405
2020-03-18,-0.19248366704578512
2020-03-19,0.0930818017954278
2020-03-20,-0.06214050201345245
2020-03-23,-0.14723923832119634
2020-03-24,0.22014402193278215
2020-03-25,0.1792450136019892
2020-03-26,0.1125002669116526
2020-03-27,-0.04000001872550474
2020-03-30,-0.016853929844700244
2020-03-31,-0.023333467254132545
2020-04-01,-0.06728401268819761
2020-04-02,-0.03240990297872115
2020-04-03,-0.06266901481050313
2020-04-06,0.1561959310232044
2020-04-07,0.043868557370964734
2020-04-08,0.05062077046430469
2020-04-09,0.024090838674879933
2020-04-13,-0.05281836585506128
2020-04-14,0.004686154368195972
2020-04-15,-0.048974144265171105
2020-04-16,-0.02697397955774583
2020-04-17,0.05544370070154092
2020-04-20,-0.028653125520119116
2020-04-21,-0.02015748428270725
2020-04-22,0.011038622006688703
2020-04-23,0.015880799304341497
2020-04-24,0.042012812928415855
2020-04-27,0.06751063629883958
2020-04-28,0.053579268881227105
2020-04-29,0.05460586604449902
2020-04-30,0.03359686935118966
2020-05-01,-0.05124288929409526
2020-05-04,-0.007658011187549718
2020-05-05,0.014622171099937908
2020-05-06,-0.03923144633580167
2020-05-07,0.05000005642034444
2020-05-08,0.04285722198143116
2020-05-11,-0.033866074488954956
2020-05-12,-0.04489958776351022
2020-05-13,-0.0647422937243759
2020-05-14,0.03791896982749465
2020-05-15,0.00254870504544491
2020-05-18,0.09237309350729683
2020-05-19,-0.03335927517141446
2020-05-20,0.02407698724007279
2020-05-21,0.0
2020-05-22,-0.0070532908963120144
2020-05-26,0.06708766633741381
2020-05-27,0.04918646469675192
2020-05-28,-0.02326420206322466
2020-05-29,-0.009021942522574378
2020-06-01,0.021485841892509905
2020-06-02,0.0057041403049926664
2020-06-03,0.06947878926441842
2020-06-04,0.009280757198425027
2020-06-05,-0.005582872968431518
2020-06-08,-0.020805844112822935
2020-06-09,-0.03878576459697913
2020-06-10,-0.036491303063257874
2020-06-11,-0.04224331801598047
2020-06-12,-0.015589243050010304
2020-06-15,0.048667351522430735
2020-06-16,0.02836100271968589
2020-06-17,-0.03653307170810072
2020-06-18,-0.03420054617348267
2020-06-19,-0.001924686179048507
2020-06-22,0.008870083290746456
2020-06-23,0.011850102982051913
2020-06-24,-0.06384570658292055
2020-06-25,0.01654564895720423
2020-06-26,-0.01667330609582296
2020-06-29,0.042793654082982524
2020-06-30,0.014324564969126818
2020-07-01,-0.04274830695287135
2020-07-02,0.032695389637994454
2020-07-06,0.0015443119812630357
2020-07-07,-0.013878179920993716
2020-07-08,0.004300311317325889
2020-07-09,-0.009342182459090909
2020-07-10,0.008251568262088282
2020-07-13,0.001558755966605263
2020-07-14,0.011673204738862797
2020-07-15,0.09499985738006855
2020-07-16,-0.0007023068489698803
2020-07-17,0.0014058937555838646
2020-07-20,-0.029834981635337154
2020-07-21,0.011215581584824275
2020-07-22,0.020035808895399576
2020-07-23,-0.012276485770365553
2020-07-24,-0.0071023051976081275
2020-07-27,-0.008226082523685507
2020-07-28,-0.011539631752881196
2020-07-29,0.03538854152637971
2020-07-30,0.02924593804784803
2020-07-31,-0.034919660461342095
2020-08-03,0.016672647558554576
2020-08-04,0.004884864349139928
2020-08-05,0.04201383860687491
2020-08-06,0.001332950612728867
2020-08-07,0.00299518115871944
2020-08-10,0.020570509817430693
2020-08-11,0.022756657560174975
2020-08-12,0.027018527879757004
2020-08-13,-0.030331085084243092
2020-08-14,0.00510702877725544
2020-08-17,-0.005081079557734514
2020-08-18,-0.008937134128757407
2020-08-19,0.009339769263257303
2020-08-20,-0.012444236344771764
2020-08-21,-0.0009693164659748676
2020-08-24,0.023609226502884217
2020-08-25,0.0028436348370839415
2020-08-26,0.0037808276432222954
2020-08-27,-0.003138680685697337
2020-08-28,0.02707802240437207
2020-08-31,-0.026977410619198228
2020-09-01,0.0025205298842576607
2020-09-02,0.04305461035183833
2020-09-03,-0.04760451872010518
2020-09-04,0.00601067071332273
2020-09-08,0.0100628992619336
2020-09-09,-0.011830727436804134
2020-09-10,-0.013547511755318764
2020-09-11,0.027148032714754633
2020-09-14,0.0055969488195033446
2020-09-15,-0.015151473183535713
2020-09-16,-0.006279658795328991
2020-09-17,-0.0012636183043385207
2020-09-18,-0.01834867887363656
2020-09-21,-0.06799866051383852
2020-09-22,-0.015214509646238605
2020-09-23,-0.02071626234201085
2020-09-24,-0.024739960693087593
2020-09-25,-0.004411738350362349
2020-09-28,0.043574447723717435
2020-09-29,-0.021585134619322766
2020-09-30,0.0028930658112009677
2020-10-01,0.010097534626933635
2020-10-02,0.017850773265266406
2020-10-05,0.03577681757912732
2020-10-06,-0.002370615597456993
2020-10-07,0.029192347664344087
2020-10-08,0.013192534184060856
2020-10-09,-0.006510378698499353
2020-10-12,0.010812637892531507
2020-10-13,0.002917375335939054
2020-10-14,0.0006464422246554857
2020-10-15,0.02713168775257513
2020-10-16,0.002830155615322294
2020-10-19,-0.013170293584038317
2020-10-20,0.018748119597722157
2020-10-21,0.0012475232611852682
2020-10-22,0.004049934284697354
2020-10-23,0.020167733836406798
2020-10-26,-0.03527990755809396
2020-10-27,-0.02585127334714965
2020-10-28,-0.036569548960888154
2020-10-29,0.06415853575844355
2020-10-30,0.009785312062997154
2020-11-02,0.030009462044048973
2020-11-03,0.043702445697701764
2020-11-04,-0.029950346967886676
2020-11-05,0.044364364556891855
2020-11-06,-0.025258293834611867
2020-11-09,0.043580607868629606
2020-11-10,0.04430024454235326
2020-11-11,-0.03269399740963408
2020-11-12,-0.02625668650218904
2020-11-13,0.03384944925451072
2020-11-16,0.021087730651931036
2020-11-17,-0.00842399081937284
2020-11-18,-0.022745897030031714
2020-11-19,-0.009254114082003051
2020-11-20,-0.0070762012436538235
2020-11-23,0.021949865832304738
2020-11-24,0.026499396013573318
2020-11-25,-0.01576108812532606
2020-11-27,-0.00662579075246672
2020-11-30,-0.02112289192007788
2020-12-01,0.02612154248564247
2020-12-02,-0.008301030285087663
2020-12-03,0.009486520733309245
2020-12-04,0.02515170945485945
2020-12-07,0.0
2020-12-08,-0.003504673159656191
2020-12-09,0.006764127488539717
2020-12-10,-0.017199909662152346
2020-12-11,0.002461232988519857
2020-12-14,-0.0013641460858053733
2020-12-15,0.017481803610553293
2020-12-16,-0.0034900658451707534
2020-12-17,0.0
2020-12-18,-0.026131411210467803
2020-12-21,-0.006362471147650206
2020-12-22,0.0016706299131952207
2020-12-23,0.007504080154687953
2020-12-24,0.0002757311213543723
2020-12-28,-0.0002756551146605446
2020-12-29,-0.025103485372400813
2020-12-30,0.0008489650902159251
2020-12-31,-0.0036753355079156558
2021-01-04,-0.014756283095525569
2021-01-05,0.013537043388187175
2021-01-06,0.054276712656389
2021-01-07,0.028302155894829095
2021-01-08,0.0062906997659484265
2021-01-11,-0.011200727056932314
2021-01-12,0.048998735474725
2021-01-13,-0.011551629410360809
2021-01-14,-0.007368092347265542
2021-01-15,-0.03122600599914005
2021-01-19,-0.01849419347864778
2021-01-20,0.012113139257530658
2021-01-21,0.00026594203372298786
2021-01-22,-0.012230856516666888
2021-01-25,-0.0021533074128953222
2021-01-26,-0.008632378573493416
2021-01-27,-0.028843453627573234
2021-01-28,0.0190527844828281
2021-01-29,-0.03519363798148878
2021-02-01,0.024793254975101764
2021-02-02,0.012513990429735111
2021-02-03,0.011810172599387991
2021-02-04,0.023615390661623437
2021-02-05,0.005303656808558266
2021-02-08,0.008704761703796304
2021-02-09,-0.021966452432804373
2021-02-10,0.005882011527628572
2021-02-11,-0.0071768408720876975
2021-02-12,-0.01151283186526797
2021-02-16,0.014626389410507201
2021-02-17,-0.01815253409522788
2021-02-18,0.04975501582346409
2021-02-19,0.0046622745641062835
2021-02-22,0.00515577583626281
2021-02-23,-0.011541393580050352
2021-02-24,0.037363774975849084
2021-02-25,-0.010255158634713046
2021-02-26,-0.004548847836501779
2021-03-01,0.023864022437558585
2021-03-02,-0.011406065562355794
2021-03-03,0.009781747022839848
2021-03-04,-0.0052160006060255615
2021-03-05,0.047690536451435284
2021-03-08,0.0252619778502301
2021-03-09,-0.005811107717106911
2021-03-10,-0.002338146526446705
2021-03-11,-0.002109185526892099
2021-03-12,0.009628962152168796
2021-03-15,0.007210851428626208
2021-03-16,-0.001154571299853524
2021-03-17,0.01179180053413087
2021-03-18,-0.0036562855463609933
2021-03-19,-0.004587176565732487
2021-03-22,-0.009677530220021824
2021-03-23,-0.041414444274155415
2021-03-24,-0.00412627745921712
2021-03-25,0.020229044724943357
2021-03-26,0.02126121058045083
2021-03-29,-0.01614019774490616
2021-03-30,0.0190204344038154
2021-03-31,-0.012365806305358773
2021-04-01,0.014646859299932258
2021-04-05,0.020954546874366375
2021-04-06,-0.015735499937764907
2021-04-07,0.01552389226759332
2021-04-08,-0.002281884885395269
2021-04-09,0.008003958152050572
2021-04-12,0.0024953177347619704
2021-04-13,-0.01855628987343738
2021-04-14,0.01222058556095873
2021-04-15,0.009339339818150272
2021-04-16,0.008350339261328887
2021-04-19,0.00290950344853691
2021-04-20,-0.020977545005943288
2021-04-21,0.013221063668334754
2021-04-22,-0.0038247683392979015
2021-04-23,0.01603434007836979
2021-04-26,0.001111478969923363
2021-04-27,0.012655515929498984
2021-04-28,-0.0019732281870635804
2021-04-29,0.02789966715284109
2021-04-30,-0.0017096679317318841
2021-05-03,0.02761703608341448
2021-05-04,0.0037501300922941905
2021-05-05,0.009547321999700653
2021-05-06,0.008840634643264789
2021-05-07,0.01446888099944621
2021-05-10,0.0036161196663175854
2021-05-11,-0.015212288785969919
2021-05-12,-0.024390188135289925
2021-05-13,0.026041894970143753
2021-05-14,0.029035368248901294
2021-05-17,0.007497921103461369
2021-05-18,-0.023305708664035585
2021-05-19,-0.0024063671859172464
2021-05-20,0.01085422854889817
2021-05-21,0.004176035738634232
2021-05-24,-0.004950619621548413
2021-05-25,-0.004577097515069628
2021-05-26,0.010995546456760596
2021-05-27,0.010282756652438607
2021-05-28,-0.00254438172380389
2021-06-01,0.0037282794670083774
2021-06-02,-0.01700895158247584
2021-06-03,-0.001988747336114427
2021-06-04,0.005380650018789623
2021-06-07,-0.018235810906899852
2021-06-08,0.015344102275508975
2021-06-09,-0.015907476691339628
2021-06-10,-0.009901255997180058
2021-06-11,0.010816465475085968
2021-06-14,-0.016959527721067458
2021-06-15,0.005340024029894197
2021-06-16,-0.005515767641000036
2021-06-17,-0.028759284480779024
2021-06-18,-0.009729324271653406
2021-06-21,0.027765813816156948
2021-06-22,-0.0022859059581007424
2021-06-23,0.008331635290184769
2021-06-24,0.019004182260996094
2021-06-25,0.010541403062614307
2021-06-28,-0.025275865809856857
2021-06-29,0.009261142507688946
2021-06-30,0.003670515285870035
2021-07-01,0.018082132410546015
2021-07-02,0.0055877984863845764
2021-07-06,-0.018456293016637648
2021-07-07,0.019409595768272947
2021-07-08,-0.013486509936784685
2021-07-09,0.024728577192735912
2021-07-12,0.008240153480072454
2021-07-13,-0.017513172193739823
2021-07-14,0.005347613440594756
2021-07-15,-0.015563435501305234
2021-07-16,-0.010006006588904492
2021-07-19,-0.018192883321827336
2021-07-20,0.03047143309580913
2021-07-21,0.0173826924447269
2021-07-22,-0.015710907711969146
2021-07-23,0.012769360782968642
2021-07-26,0.0043341160838528126
2021-07-27,-0.0180463079574793
2021-07-28,-0.0027966482501140533
2021-07-29,0.03104979804273178
2021-07-30,-0.013988889642610358
2021-08-02,0.005123184156977434
2021-08-03,0.021564210400788708
2021-08-04,-0.023028077680214754
2021-08-05,-0.007464210971864671
2021-08-06,0.005937218160239066
2021-08-09,-0.00668898486775471
2021-08-10,0.008120361407038645
2021-08-11,0.005500990937984174
2021-08-12,-0.005861569180892867
2021-08-13,-0.00786175199962591
2021-08-16,0.0009904338942325897
2021-08-17,-0.009301278984609196
2021-08-18,0.0105871804447355
2021-08-19,0.0047441576775015815
2021-08-20,0.0025576422379578467
2021-08-23,-0.005102071267279018
2021-08-24,0.013017652573934058
2021-08-25,0.01966510412209188
2021-08-26,-0.015466768882111626
2021-08-27,0.009503342957752459
2021-08-30,0.0005764955665392701
2021-08-31,0.011712629338765712
2021-09-01,-0.014803579820332091
2021-09-02,-0.012521588599902933
2021-09-03,-0.00819361667298213
2021-09-07,-0.00019660216711481215
2021-09-08,0.0001966408271274478
2021-09-09,-0.0009835844975871755
2021-09-10,-0.001968695615080951
2021-09-13,0.005129165746776465
2021-09-14,0.0031404786883062474
2021-09-15,0.0303266139310856
2021-09-16,-0.007975626176257467
2021-09-17,-0.025459534955537877
2021-09-20,-0.020624500577292593
2021-09-21,-0.006417931837258695
2021-09-22,0.020589403573049614
2021-09-23,0.025316468213501198
2021-09-24,0.009066393791577365
2021-09-27,0.0036319815087537677
2021-09-28,-0.016380955706534417
2021-09-29,-0.004647532845292512
2021-09-30,-0.021011752318181975
2021-10-01,0.018481723740983114
2021-10-04,-0.004682818360433161
2021-10-05,0.001960531270240873
2021-10-06,-0.025044034403204685
2021-10-07,0.042745274937614486
2021-10-08,0.010777456787375295
2021-10-11,-0.004188954832604841
2021-10-12,0.009369039890694708
2021-10-13,0.015533213252310496
2021-10-14,0.018280356675859366
2021-10-15,0.012090111087612376
2021-10-18,0.005610910980282435
2021-10-19,-0.008099481259151053
2021-10-20,0.006895127278577551
2021-10-21,0.016760008920010394
2021-10-22,-0.0012408443146910697
2021-10-25,0.004259144120833502
2021-10-26,-0.028273380812960158
2021-10-27,-0.014366322742806026
2021-10-28,0.03966774683664953
2021-10-29,-0.022537515019649512
2021-11-01,0.010893294144131094
2021-11-02,0.015086003215958765
2021-11-03,0.0031847499990047545
2021-11-04,0.012698337816832828
2021-11-05,-0.0024381787946506916
2021-11-08,0.004364708863749955
2021-11-09,0.0010473636953411969
2021-11-10,-0.00889428975904727
2021-11-11,0.01583682877133752
2021-11-12,0.014030775023569086
2021-11-15,0.005637150743788455
2021-11-16,0.003057438968369963
2021-11-17,0.009822280489941493
2021-11-18,-0.008888242682612457
2021-11-19,-0.014720780507472164
2021-11-22,0.010304190180699502
2021-11-23,0.013428199599933688
2021-11-24,-0.00318680341512112
2021-11-26,-0.03146545848151383
2021-11-29,0.0006948939778594898
2021-11-30,-0.0295138543795741
2021-12-01,0.003219956815919023
2021-12-02,0.0238943373806082
2021-12-03,-0.0151513389169734
2021-12-06,0.008664816220274263
2021-12-07,0.028751769526794035
2021-12-08,-0.01618933418052937
2021-12-09,-0.008141570282140353
2021-12-10,0.012399680711210115
2021-12-13,-0.02639288758898184
2021-12-14,-0.0015947215503130385
2021-12-15,0.008873134516795833
2021-12-16,-0.002814363095380523
2021-12-17,-0.016934348765437757
2021-12-20,-0.008433379081718373
2021-12-21,0.028773017036110682
2021-12-22,0.007563733076169088
2021-12-23,0.007856315179606055
2021-12-27,0.015589789946883092
2021-12-28,0.003070095840112419
2021-12-29,0.008501973572928145
2021-12-30,0.0005057578124403328
2021-12-31,0.011627807805439705
2022-01-03,-0.023654821093256118
2022-01-04,0.015014426045530938
2022-01-05,-0.01294312115583951
2022-01-06,0.010898945407145977
2022-01-07,-0.01836232626551193
2022-01-10,-0.010125472594788243
2022-01-11,-0.0010401006183355932
2022-01-12,0.0013884127256791334
2022-01-13,-0.0034662552185606987
2022-01-14,-0.014260913002594133
2022-01-18,-0.022582946819168948
2022-01-19,-0.011913241107844086
2022-01-20,-0.022469811199932077
2022-01-21,0.00448500682212849
2022-01-24,0.028651345332924016
2022-01-25,-0.011937240261128745
2022-01-26,-0.007138937278360458
2022-01-27,-0.011615142683006896
2022-01-28,0.010445936305911951
2022-01-31,0.01329147081101456
2022-02-01,0.014939090587621662
2022-02-02,0.025309588157743423
2022-02-03,-0.0252099741812134
2022-02-04,-0.011853628110345293
2022-02-07,0.0003634869139055308
2022-02-08,0.013990028053917802
2022-02-09,0.020784632146447768
2022-02-10,-0.03668601602633492
2022-02-11,-0.021501344122190402
2022-02-14,0.0013035147699100857
2022-02-15,0.020643386855682566
2022-02-16,0.013119515456876174
2022-02-17,-0.1431653890437794
2022-02-18,0.03211586594692806
2022-02-22,-0.021761172200234324
2022-02-23,-0.05426200147183402
2022-02-24,0.009672451455358999
2022-02-25,0.04572165362334912
2022-02-28,-0.022485829164356597
2022-03-01,-0.02321645233240699
2022-03-02,0.0392460440796607
2022-03-03,-0.008649794097699504
2022-03-04,-0.04341350290138335
2022-03-07,-0.046496197467009504
2022-03-08,-0.00723269184027564
2022-03-09,0.0596945446055166
2022-03-10,-0.014193834573408615
2022-03-11,-0.00899895636832515
2022-03-14,0.0251987409901806
2022-03-15,0.006421519151091459
2022-03-16,0.03542351523170484
2022-03-17,-0.00871211184747267
2022-03-18,0.0021432439395254743
2022-03-21,-0.010053132920197938
2022-03-22,0.008426850351464843
2022-03-23,-0.02764081168634558
2022-03-24,0.00044075403851806527
2022-03-25,0.008810288454023762
2022-03-28,-0.005894985465443647
2022-03-29,0.03909488569313613
2022-03-30,-0.011414017529062237
2022-03-31,-0.029078331249456357
2022-04-01,-0.004624769331645795
2022-04-04,0.003982584408116274
2022-04-05,-0.024680680608604177
2022-04-06,0.007907913795676569
2022-04-07,0.006949053224098778
2022-04-08,0.014470187550618352
2022-04-11,-0.001975033369146173
2022-04-12,0.01055411460245903
2022-04-13,0.014795628547155548
2022-04-14,0.007718713239957653
2022-04-18,0.01680838610139479
2022-04-19,0.04122200656055397
2022-04-20,0.019694606576736273
2022-04-21,-0.014978245726329442
2022-04-22,-0.01220492190505873
2022-04-25,0.010127490726355548
2022-04-26,-0.017445274007003353
2022-04-27,0.009795771690874977
2022-04-28,0.033144727647124395
2022-04-29,-0.02914699820597977
2022-05-02,0.0132983547554677
2022-05-03,0.01014124532484284
2022-05-04,0.03779527827639084
2022-05-05,-0.03641881888223908
2022-05-06,0.0013780505652296604
2022-05-09,-0.015922934069661276
2022-05-10,-0.0059929861367742365
2022-05-11,-0.01949337893056169
2022-05-12,0.027259586577143002
2022-05-13,0.019353443045923013
2022-05-16,-0.0031316278585996615
2022-05-17,0.030237539527545598
2022-05-18,-0.0404061229023045
2022-05-19,-0.007583202385261112
2022-05-20,-0.027548751168526953
2022-05-23,0.019230756168326923
2022-05-24,-0.007303750848762447
2022-05-25,0.013693037600510216
2022-05-26,0.02661290502834457
2022-05-27,0.027886857565119882
2022-05-31,-0.01815047545514259
2022-06-01,-0.016345570885298755
2022-06-02,0.01899097952840645
2022-06-03,-0.016113310675534676
2022-06-06,0.03176791462012418
2022-06-07,0.012048177633823043
2022-06-08,-0.016628875296547885
2022-06-09,-0.014411803831880565
2022-06-10,-0.03392488758804002
2022-06-13,-0.03269417091966531
2022-06-14,0.012309662662420395
2022-06-15,0.004740064836964875
2022-06-16,-0.04758956829466654
2022-06-17,0.010984275330725657
2022-06-21,0.017682161268315788
2022-06-22,0.008791945166510162
2022-06-23,0.004565305856747193
2022-06-24,0.031192058574762704
2022-06-27,0.02003195347531883
2022-06-28,-0.01924585149619984
2022-06-29,-0.016019261098786375
2022-06-30,-0.0010174878053121894
2022-07-01,0.009166800914120588
2022-07-05,0.0016148191714169258
2022-07-06,0.00785991373656958
2022-07-07,0.025994706720543714
2022-07-08,-0.0017540532321825841
2022-07-11,-0.018352159936111723
2022-07-12,0.004176605472558492
2022-07-13,-0.0013864926550207768
2022-07-14,-0.013288303071653185
2022-07-15,0.004020130612771844
2022-07-18,0.004404281074974037
2022-07-19,0.05162457769164286
2022-07-20,0.005875633437302463
2022-07-21,0.005841312029026824
2022-07-22,-0.005432783496177818
2022-07-25,0.0030137576214031014
2022-07-26,-0.020281643310768982
2022-07-27,0.028752254804497612
2022-07-28,0.008943564448923969
2022-07-29,0.012742321273558677
2022-08-01,0.007841024361653348
2022-08-02,-0.009951241516743092
2022-08-03,-0.00018294126024764878
2022-08-04,-0.005117588660189631
2022-08-05,0.011941862647532497
2022-08-08,-0.00998564374083355
2022-08-09,-0.0001830516188245923
2022-08-10,0.012529771103668264
2022-08-11,0.005459469728017918
2022-08-12,0.01755655251671051
2022-08-15,0.0010672428420939184
2022-08-16,0.0005330525245557105
2022-08-17,0.001953460418709696
2022-08-18,-0.0026585766462090543
2022-08-19,-0.0035542906585050993
2022-08-22,-0.02960570172653887
2022-08-23,-0.0005515980832361267
2022-08-24,0.0018388733281893277
2022-08-25,0.024045655032592705
2022-08-26,-0.032263908837193656
2022-08-29,-0.0025931402077010723
2022-08-30,-0.014670275159877844
2022-08-31,0.0030154224383756034
2022-09-01,0.003006433800588626
2022-09-02,0.0013113100221420204
2022-09-06,-0.04078571588062041
2022-09-07,0.03549830560143641
2022-09-08,0.0005650818379387967
2022-09-09,0.009977294846678753
2022-09-12,0.00018641991485779386
2022-09-13,-0.059261952815379604
2022-09-14,-0.017828878104248935
2022-09-15,-0.014118468711991405
2022-09-16,-0.003273454896343675
2022-09-19,0.036945802889611024
2022-09-20,-0.026326326026685498
2022-09-21,-0.017483151120063822
2022-09-22,-0.018414987252912574
2022-09-23,-0.006956200491241793
2022-09-26,-0.003396270973248572
2022-09-27,0.005750836269617254
2022-09-28,0.020542132252987066
2022-09-29,-0.020336188478602524
2022-09-30,-0.0012709254674936332
2022-10-03,0.031176951233699013
2022-10-04,0.03414249991635576
2022-10-05,-0.0009944105558878924
2022-10-06,-0.004977164702921422
2022-10-07,-0.012605042704009417
2022-10-10,0.00749737809172113
2022-10-11,0.010257591897109952
2022-10-12,-0.010949648428291825
2022-10-13,0.01650560622942354
2022-10-14,-0.01782189853237237
2022-10-17,0.020161369403494778
2022-10-18,0.016600818801084216
2022-10-19,-0.0056375670202011285
2022-10-20,-0.020918735120901366
2022-10-21,0.028154722472663263
2022-10-24,0.02427669139796107
2022-10-25,0.021994574087910168
2022-10-26,-0.00871973172669438
2022-10-27,0.027512504153771822
2022-10-28,0.009836130014401201
2022-10-31,0.0036074287139884476
2022-11-01,-0.03846152150962112
2022-11-02,-0.02542052339184886
2022-11-03,-0.009397784105887652
2022-11-04,0.0013553902361416181
2022-11-07,0.017014434634081255
2022-11-08,0.0013309109428030208
2022-11-09,-0.007974075833881766
2022-11-10,0.03578933913841098
2022-11-11,0.003141238761560139
2022-11-14,-0.012156938709090404
2022-11-15,0.019019176934635285
2022-11-16,-0.0011955025470897773
2022-11-17,-0.02043817275093507
2022-11-18,0.01541368642892027
2022-11-21,0.005738482158370362
2022-11-22,0.012332146695928303
2022-11-23,-0.0029091355952204356
2022-11-25,0.00036469365028901635
2022-11-28,-0.019686574166493664
2022-11-29,-0.015805051074007093
2022-11-30,0.026449994648736208
2022-12-01,0.01380461501151209
2022-12-02,-0.0003631783919857412
2022-12-05,-0.020523082688591043
2022-12-06,-0.0038938978257316847
2022-12-07,-0.01991812189058495
2022-12-08,0.015384539333535452
2022-12-09,-0.004302239534870966
2022-12-12,0.014653474605036854
2022-12-13,0.00796140888558794
2022-12-14,-0.011755944922095307
2022-12-15,-0.00985127766599525
2022-12-16,-0.012014222215436354
2022-12-19,0.0018998059627959307
2022-12-20,0.004741164398695652
2022-12-21,0.026047614233778438
2022-12-22,-0.0228108130187068
2022-12-23,0.009788981896733828
2022-12-27,0.006711646504990121
2022-12-28,-0.017407532977164797
2022-12-29,0.01733884219484616
2022-12-30,-0.010559361461596528
2023-01-03,0.0084253799647942
2023-01-04,0.013553672532658823
2023-01-05,-0.011906971907243102
2023-01-06,0.02576934116074825
2023-01-09,0.004337567341769377
2023-01-10,0.010797158450702504
2023-01-11,0.02350007312301905
2023-01-12,0.008871373850519504
2023-01-13,0.008965285862878813
2023-01-17,-0.010765582241983762
2023-01-18,-0.03022972763748011
2023-01-19,-0.02012819592490034
2023-01-20,0.01726956284919723
2023-01-23,0.02287347134422868
2023-01-24,0.0029699925885171563
2023-01-25,0.003309494901985177
2023-01-26,-0.00017353878122261523
2023-01-27,0.0005208479342229122
2023-01-30,0.0045124889379195565
2023-01-31,0.01865917656888616
2023-02-01,-0.010515567604693743
2023-02-02,0.006684952896113483
2023-02-03,-0.021283904585090663
2023-02-06,-0.018963282182505092
2023-02-07,-0.005674565138831245
2023-02-08,-0.0023185797306609635
2023-02-09,0.0016088506194085195
2023-02-10,0.002498636586060865
2023-02-13,0.017981167564655953
2023-02-14,0.00419737222224037
2023-02-15,0.00853359698350964
2023-02-16,-0.00017282046081901203
2023-02-17,0.016234937666770533
2023-02-21,-0.04265804587771016
2023-02-22,0.006568442756242243
2023-02-23,-0.007231111919819622
2023-02-24,0.022384222106759166
2023-02-27,-0.0019115035543112446
2023-02-28,-0.0026113239307546943
2023-03-01,0.002269205193277113
2023-03-02,0.013932358432036995
2023-03-03,0.0018893662188808058
2023-03-06,-0.01354356575700888
2023-03-07,0.0006950909265155403
2023-03-08,-0.0006946081107203073
2023-03-09,-0.02711165584440367
2023-03-10,-0.024651706545125163
2023-03-13,-0.021794730376776927
2023-03-14,0.020595263266855568
2023-03-15,-0.01594917451635469
2023-03-16,0.02566996480838246
2023-03-17,-0.012787759703208335
2023-03-20,0.013138490805744363
2023-03-21,0.008584387823159734
2023-03-22,-0.012133136531711441
2023-03-23,-0.017965292379555686
2023-03-24,0.004293573280780727
2023-03-27,0.010594636206426422
2023-03-28,0.016185442731304178
2023-03-29,0.01031680778592503
2023-03-30,-0.003941323040401623
2023-03-31,0.02086329579279589
2023-04-03,-0.0010570141815832157
2023-04-04,-0.016931192691320596
2023-04-05,-0.02637233475969225
2023-04-06,0.0025797009497274814
2023-04-10,0.021319443556209627
2023-04-11,0.016195907307125612
2023-04-12,-0.00283344211162051
2023-04-13,-0.006393198293480062
2023-04-14,0.0066129573002726705
2023-04-17,-0.0026633240053772766
2023-04-18,0.006587128889175675
2023-04-19,-0.011319237594355935
2023-04-20,0.013416670720041601
2023-04-21,-0.0008825793114324298
2023-04-24,0.010423878614170823
2023-04-25,-0.011190588226637765
2023-04-26,-0.005835524066680309
2023-04-27,0.018498661543383088
2023-04-28,0.008208090451448102
2023-05-01,0.006582385333035123
2023-05-02,-0.015315580971664855
2023-05-03,-0.0015729161989367357
2023-05-04,-0.01627874249777317
2023-05-05,0.01548029052416977
2023-05-08,0.0019275695261098402
2023-05-09,0.0003498443992027145
2023-05-10,-0.005769282053309843
2023-05-11,-0.004044358527171887
2023-05-12,-0.0012357720835950436
2023-05-15,0.00601012628567843
2023-05-16,-0.01845020207936343
2023-05-17,0.009445116346011861
2023-05-18,0.010158611886950775
2023-05-19,-0.016231525427966798
2023-05-22,-0.010760385508936432
2023-05-23,-0.011239907265600868
2023-05-24,-0.012834731005632372
2023-05-25,0.00018560685402291277
2023-05-26,-0.0048280228994260765
2023-05-30,-0.014554938412543295
2023-05-31,-0.001136123741273365
2023-06-01,-0.012701399604797214
2023-06-02,0.032066023162500956
2023-06-05,-0.004837228826758744
2023-06-06,0.009721407419350347
2023-06-07,0.008702027458939332
2023-06-08,-0.009728253194129288
2023-06-09,0.006487471746511986
2023-06-12,0.004972341812093051
2023-06-13,0.006047221330499397
2023-06-14,-0.007832277581702352
2023-06-15,0.0009178179305566747
2023-06-16,-0.005319156792389257
2023-06-20,-0.0003686925801769103
2023-06-21,0.014203836084445864
2023-06-22,-0.0069115771278578375
2023-06-23,-0.0032966320684739703
2023-06-26,0.015803016289758
2023-06-27,0.0311144051128307
2023-06-28,-0.00035105792045997397
2023-06-29,0.012811542598421433
2023-06-30,0.00970380680292049
2023-07-03,-0.0001717032967033516
2023-07-05,-0.011156756786641187
2023-07-06,-0.011630045045973758
2023-07-07,0.004390515152269403
2023-07-10,0.005945060951553227
2023-07-11,0.008169871288380204
2023-07-12,0.017413738287524794
2023-07-13,-0.00830372460970219
2023-07-14,-0.005639113263319895
2023-07-17,0.007389587420929544
2023-07-18,-0.008017682391559755
2023-07-19,0.00240756056549829
2023-07-20,-0.019214363257684774
2023-07-21,-0.0027984928126335573
2023-07-24,-0.0015788479014938739
2023-07-25,0.005446287758881896
2023-07-26,0.003844148286391569
2023-07-27,-0.04003476353660751
2023-07-28,-0.012692624224515003
2023-07-31,0.006244223634688906
2023-08-01,0.012046026305259971
2023-08-02,-0.010279525517688404
2023-08-03,-0.0009111811835362804
2023-08-04,-0.010031032646732108
2023-08-07,-0.0009211049639828994
2023-08-08,-0.01678041246053219
2023-08-09,0.0007503475180501429
2023-08-10,0.005622066448584873
2023-08-11,0.0
2023-08-14,-0.0037272154028124005
2023-08-15,-0.010288169824767657
2023-08-16,-0.001044716594465922
2023-08-17,-0.013503194863598411
2023-08-18,0.010024888093922213
2023-08-21,-0.0007634442758689408
2023-08-22,-0.008213946693583885
2023-08-23,0.0007704323686201775
2023-08-24,-0.010970074551150621
2023-08-25,0.007589089300710672
2023-08-28,0.006179968791521162
2023-08-29,0.019961729089897018
2023-08-30,0.006210086053468178
2023-08-31,-0.017580134475009834
2023-09-01,0.006472591352183699
2023-09-05,-0.026669165649371607
2023-09-06,-0.012436951296092347
2023-09-07,-0.007477411714524984
2023-09-08,0.00039655884749856263
2023-09-11,-0.0005944437252134449
2023-09-12,-0.0023795863089083324
2023-09-13,-0.012919871954861772
2023-09-14,0.013491767375633845
2023-09-15,-0.007748842360943087
2023-09-18,0.0034039362855502464
2023-09-19,0.009179879893993714
2023-09-20,-0.0037571489546363024
2023-09-21,-0.015680820075113178
2023-09-22,-0.0032263637517152555
2023-09-25,0.009305921032640718
2023-09-26,-0.019041795128637018
2023-09-27,-0.0030651037463798048
2023-09-28,0.015372226998180194
2023-09-29,-0.0006056446469171473
2023-10-02,-0.007675177095201824
2023-10-03,-0.012008944199355054
2023-10-04,0.0045322337238422605
2023-10-05,0.008613677052414115
2023-10-06,0.007116599831725745
2023-10-09,0.01534440011191851
2023-10-10,0.018095012134144772
2023-10-11,-0.005468787280696663
2023-10-12,-0.010212077511357887
2023-10-13,-0.007341365426101865
2023-10-16,0.01239262747703851
2023-10-17,0.008094801020831488
2023-10-18,-0.012534224611347122
2023-10-19,-0.03193191036663434
2023-10-20,-0.005941387998960823
2023-10-23,-0.013808763333981067
2023-10-24,-0.012121176609932727
2023-10-25,-0.007404324410155816
2023-10-26,-0.059249637756688234
2023-10-27,-0.01336654803237114
2023-10-30,-0.0036740154640109157
2023-10-31,0.012214800673745696
2023-11-01,-0.018214956845537422
2023-11-02,0.007653060750576035
2023-11-03,0.034292209666368034
2023-11-06,-0.006897943308453058
2023-11-07,0.00806622416708258
2023-11-08,-0.018448468036009302
2023-11-09,0.005661283498172187
2023-11-10,0.009457303334204248
2023-11-13,-0.0008921891369495505
2023-11-14,0.03594531843270876
2023-11-15,-0.009327582286735026
2023-11-16,-0.013575603333281894
2023-11-17,0.010654798263199261
2023-11-20,-0.001757034693896764
2023-11-21,0.001980241710840547
2023-11-22,0.004391840229990507
2023-11-24,0.0021862311546421154
2023-11-27,-0.015706890820731956
2023-11-28,-0.0033244531903338093
2023-11-29,-0.012897417437060632
2023-11-30,0.0031537534596710604
2023-12-01,0.021558528926621356
2023-12-04,0.0048361593980081885
2023-12-05,-0.023408352760926565
2023-12-06,0.015232953742650546
2023-12-07,-0.0026478959561985205
2023-12-08,0.004424788499969523
2023-12-11,0.0074891522029372215
2023-12-12,-0.00612169083390679
2023-12-13,0.012098639985167914
2023-12-14,0.013692543862645845
2023-12-15,-0.0008576518853111725
2023-12-18,0.010944191879966425
2023-12-19,0.013585357783654883
2023-12-20,-0.006282777402802586
2023-12-21,-0.00042142174361758933
2023-12-22,0.007800889629300478
2023-12-26,0.0025104323846194543
2023-12-27,0.0031302031302031796
2023-12-28,-0.003744373629728681
2023-12-29,-0.0020882475065630013
2024-01-02,-0.010671674315421598
2024-01-03,-0.013747851437926895
2024-01-04,-0.0017155861466525701
2024-01-05,0.012244739547526917
2024-01-08,0.011035728926135802
2024-01-09,-0.016372822901537187
2024-01-10,0.0034144164173246505
2024-01-11,0.000850720620115375
2024-01-12,-0.0004249987548534673
2024-01-16,0.008078155868284309
2024-01-17,-0.007802536038203578
2024-01-18,0.00488843991121346
2024-01-19,0.002115105862184663
2024-01-22,0.019206418903823685
2024-01-23,-0.0076621280081351495
2024-01-24,-0.009599295135454766
2024-01-25,0.0010535419846751104
2024-01-26,0.0029467292068012796
2024-01-29,0.0008393893494678117
2024-01-30,-0.0033549917925487227
2024-01-31,-0.018093816782868477
2024-02-01,0.022927013777047422
2024-02-02,-0.00921654261412086
2024-02-05,-0.020507429227553997
2024-02-06,0.017051446028691686
2024-02-07,0.009550127295056443
2024-02-08,-0.0006305798431781584
2024-02-09,0.00841390129810815
2024-02-12,0.025657139802454543
2024-02-13,-0.021964691426106908
2024-02-14,0.015803719563913132
2024-02-15,0.006550728453386112
2024-02-16,0.01769370052109287
2024-02-20,-0.003597201540385453
2024-02-21,0.009225876670182931
2024-02-22,0.030604176135062833
2024-02-23,0.006170518083343346
2024-02-26,0.00498263266340504
2024-02-27,0.009343990888975195
2024-02-28,-0.003022852015428845
2024-02-29,-0.009095976655419502
2024-03-01,-0.005928606196501929
2024-03-04,0.0021163219145807766
2024-03-05,-0.005183374180257161
2024-03-06,-0.005982301289986003
2024-03-07,-0.0005824240505981626
2024-03-08,-0.001165449632276938
2024-03-11,0.006223319303294783
2024-03-12,0.0030923761126770977
2024-03-13,0.004457305958672775
2024-03-14,-0.00868223331406659
2024-03-15,0.00253007413193429
2024-03-18,-0.005629891870099102
2024-03-19,0.008980749853141567
2024-03-20,0.01199695216828811
2024-03-21,0.012237208102512165
2024-03-22,-0.003022373350023866
2024-03-25,-0.010420651263718383
2024-03-26,-0.0021059860468009006
2024-03-27,0.019762077455580673
2024-03-28,0.004891858710537322
2024-04-01,-0.0043063274880053015
2024-04-02,-0.008085757461052112
2024-04-03,-0.010995247753087467
2024-04-04,-0.02012649082343554
2024-04-05,0.0068466804841162965
2024-04-08,0.0005828127131883853
2024-04-09,0.0069902934698695685
2024-04-10,-0.02583884724775498
2024-04-11,-0.010490863723241706
2024-04-12,-0.014802877601275077
2024-04-15,-0.004467149006507576
2024-04-16,-0.01203339089456612
2024-04-17,-0.010941338141336465
2024-04-18,0.013984622835844451
2024-04-19,0.011115525200950938
2024-04-22,-0.003867954406110874
2024-04-23,-0.1487839812745293
2024-04-24,0.03913551723685904
2024-04-25,-0.00831784172525074
2024-04-26,0.01677540141211531
2024-04-29,0.002749801931035245
2024-04-30,-0.01439671337307813
2024-05-01,0.0
2024-05-02,0.0048689409305862075
2024-05-03,0.01176730273856541
2024-05-06,0.020068524556617673
2024-05-07,-0.0064834254280475845
2024-05-08,-0.011026087625391146
2024-05-09,0.008418791131413306
2024-05-10,-0.0024821187912327236
2024-05-13,0.007690760187780699
2024-05-14,-0.007183050972992877
2024-05-15,0.005690837429716655
2024-05-16,-0.0006790006291917949
2024-05-17,0.011777993762549732
2024-05-20,0.0020148332686764636
2024-05-21,-0.00580882788026682
2024-05-22,-0.013033682584232986
2024-05-23,-0.03460829542976818
2024-05-24,0.012264112997772525
2024-05-28,0.0013979594863668954
2024-05-29,-0.03210809082087995
2024-05-30,0.007692394160033755
2024-05-31,0.02647896027190444
2024-06-03,0.0009295601780401341
2024-06-04,-0.0229856816086903
2024-06-05,0.0030892039507743885
2024-06-06,-0.0016583090237872744
2024-06-07,0.001661063580511879
2024-06-10,-0.0045011643911814225
2024-06-11,-0.00547351312478872
2024-06-12,-0.002153687169040075
2024-06-13,-0.01103122057248851
2024-06-14,-0.02303584273344783
2024-06-17,0.011168956161583754
2024-06-18,0.00662739166273929
2024-06-20,0.011704544757676238
2024-06-21,0.0040972908876690806
2024-06-24,0.007441258718765997
2024-06-25,-0.011436726675518205
2024-06-26,0.003615212095726239
2024-06-27,-0.00408253166979522
2024-06-28,0.002893678310678549
2024-07-01,-0.0021640440639583147
2024-07-02,0.011807327802030532
2024-07-03,-0.010478789325640503
2024-07-05,-0.0024066297272442583
2024-07-08,0.007478768301239391
2024-07-09,-0.012212682818317555
2024-07-10,0.012363676477606722
2024-07-11,0.021551876236985068
2024-07-12,0.02672274161897037
2024-07-15,0.0002284167890467259
2024-07-16,0.03538001317985007
2024-07-17,0.014770754559166654
2024-07-18,-0.012817802886274321
2024-07-19,-0.007702418295414071
2024-07-22,0.000665384236955946
2024-07-23,0.006205687965241458
2024-07-24,-0.020264400379349512
2024-07-25,-0.12432545752009017
2024-07-26,0.03157881356009162
2024-07-29,-0.0004977962004751868
2024-07-30,0.017181348139888364
2024-07-31,0.015911872469535293
2024-08-01,-0.03204824474689105
2024-08-02,-0.0007467823745664903
2024-08-05,-0.021674146434679797
2024-08-06,0.008148704806829166
2024-08-07,-0.019449278227805955
2024-08-08,0.015198339422697105
2024-08-09,-0.007866095503114012
2024-08-12,-0.016112495110664815
2024-08-13,0.016636320781457936
2024-08-14,0.007159311279379077
2024-08-15,0.023023878225399974
2024-08-16,0.007501838160006713
2024-08-19,0.02060057589469344
2024-08-20,-0.00024315786578710252
2024-08-21,0.01848686391021981
2024-08-22,-0.0019105115389289606
2024-08-23,0.02010049641661449
2024-08-26,-0.0016419975215442584
2024-08-27,-0.0037593492383123372
2024-08-28,-0.012264242568722716
2024-08-29,-0.006924636302257037
2024-08-30,0.0
2024-09-03,-0.006732229960223601
2024-09-04,0.006777860072872288
2024-09-05,-0.020677978688272813
2024-09-06,-0.018414046480179525
2024-09-09,0.0
2024-09-10,-0.025012450920548823
2024-09-11,-0.0038481085093569067
2024-09-12,0.02214784950421067
2024-09-13,0.03401363485099895
2024-09-16,-0.01486353766354409
2024-09-17,0.010140966357760295
2024-09-18,-0.0017139655921646346
2024-09-19,0.0
2024-09-20,-0.01864122441292493
2024-09-23,0.002999332940089028
2024-09-24,0.0009966259895686225
2024-09-25,-0.027134610629651945
2024-09-26,0.0261002783625226
2024-09-27,0.006733134124805806
2024-09-30,-0.011146933656251412
2024-10-01,0.0017536613737716422
2024-10-02,-0.015504026399293158
2024-10-03,-0.005587852171426433
2024-10-04,0.0017879527841013765
2024-10-07,-0.014788366535369857
2024-10-08,-0.010869511465405934
2024-10-09,0.004971058361700642
2024-10-10,-0.002603340706859525
2024-10-11,0.019055049821814052
2024-10-14,0.006403723347244705
2024-10-15,-0.007381108443645812
2024-10-16,0.01025652665562049
2024-10-17,-0.00025397079276501255
2024-10-18,-0.00203089647536403
2024-10-21,-0.01093860548206016
2024-10-22,-0.03600838420337127
2024-10-23,0.00800433412463497
2024-10-24,-0.0029116135167487345
2024-10-25,-0.0031855431909117993
2024-10-28,0.0055925157846734574
2024-10-29,-0.010328339342164594
2024-10-30,-0.00160555803159379
2024-10-31,-0.013937178438632514
2024-11-01,0.002989857147854158
2024-11-04,0.017886195702016217
2024-11-05,0.002662255115512435
2024-11-06,0.012745660651820145
2024-11-07,0.0062926777646961085
2024-11-08,-0.00026061881982852864
2024-11-11,0.02580158637802432
2024-11-12,-0.02464444862104609
2024-11-13,0.00859604791455637
2024-11-14,0.007027491180512158
2024-11-15,-0.012664761461857132
2024-11-18,-0.0036648028304676616
2024-11-19,-0.012086280848192965
2024-11-20,-0.007446773149011876
2024-11-21,0.015005390950440178
2024-11-22,0.016367484977923397
2024-11-25,0.03272711484415347
2024-11-26,-0.01911458493504714
2024-11-27,0.003333352845771742
2024-11-29,0.00408894296423945
2024-12-02,-0.00025457977693099654
2024-12-03,0.0035641378832069748
2024-12-04,0.0015221469584938419
2024-12-05,0.006079040165377414
2024-12-06,-0.020896305506922674
2024-12-09,0.013371025230003442
2024-12-10,-0.0182695139911635
2024-12-11,-0.0020676222693939428
2024-12-12,-0.006216019220201985
2024-12-13,-0.01016424998784815
2024-12-16,-0.02264341824891103
2024-12-17,-0.01373923975157354
2024-12-18,0.010379673064502049
2024-12-19,-0.02676403353577239
2024-12-20,0.024444496992066522
2024-12-23,-0.0002712158180199209
2024-12-24,-0.0046107653089603184
2024-12-26,0.008174483448811332
2024-12-27,-0.00297307054216156
2024-12-30,-0.018162024364207996
2024-12-31,0.014632736173489924
