Date,MAS
2015-01-05,-0.017193017664635435
2015-01-06,-0.0012203481844265118
2015-01-07,0.015126623973368059
2015-01-08,0.03987091950778532
2015-01-09,-0.01704080651476869
2015-01-12,-0.007486336731403864
2015-01-13,-0.017467194178718226
2015-01-14,-0.012120844133314268
2015-01-15,-0.028220910988889902
2015-01-16,0.01725583414040832
2015-01-20,-0.01944562873050104
2015-01-21,0.016877191972863415
2015-01-22,0.021577147025164445
2015-01-23,0.001218515110387619
2015-01-26,0.027991944103818334
2015-01-27,-0.007497953753432207
2015-01-28,-0.005169426871077798
2015-01-29,0.015987501288321493
2015-01-30,-0.022816725979708408
2015-02-02,0.012882211400366161
2015-02-03,0.03219399999919692
2015-02-04,0.005775963681772023
2015-02-05,-0.02029079763535102
2015-02-06,0.017975447461588745
2015-02-09,0.0061419720588700155
2015-02-10,0.004197268638780116
2015-02-11,-0.007598968239193482
2015-02-12,0.011868594642476804
2015-02-13,0.0007563614151899767
2015-02-17,0.012098556513165049
2015-02-18,-0.004109087193541416
2015-02-19,0.00487606717850686
2015-02-20,-0.0014933382407343876
2015-02-23,-0.006728656096701591
2015-02-24,0.010161784174396171
2015-02-25,-0.0018629130494720592
2015-02-26,-0.02127658170351432
2015-02-27,-0.0011441589184528755
2015-03-02,0.012981666412235748
2015-03-03,-0.005276385234384784
2015-03-04,0.0034103643339860046
2015-03-05,0.01321757881326402
2015-03-06,-0.032054093453710464
2015-03-09,0.0046208876492350726
2015-03-10,0.001916368649850675
2015-03-11,0.0015304717505253418
2015-03-12,0.028265540118797006
2015-03-13,-0.017087362208414447
2015-03-16,-0.006424980518213608
2015-03-17,-0.017116782258977947
2015-03-18,0.014318583672906948
2015-03-19,0.002289287853880939
2015-03-20,0.018652523453979386
2015-03-23,-0.005231505614460952
2015-03-24,0.006386079432247227
2015-03-25,-0.024635649981125884
2015-03-26,-0.01071594788027408
2015-03-27,0.013926133349226655
2015-03-30,0.009156958690192285
2015-03-31,0.009451812267360804
2015-04-01,-0.023595292727891404
2015-04-02,0.0210970006304958
2015-04-06,0.009391449553122433
2015-04-07,-0.021585455631019435
2015-04-08,0.004580205033249074
2015-04-09,-0.0003801347962769652
2015-04-10,0.009882192804598011
2015-04-13,-0.004516518776420009
2015-04-14,-0.000755581549421791
2015-04-15,0.003026706672296875
2015-04-16,-0.024141916146742437
2015-04-17,-0.008504252856139649
2015-04-20,0.004678711133279556
2015-04-21,0.022506457611249253
2015-04-22,0.01897536034443137
2015-04-23,-0.02420818903832267
2015-04-24,-0.0003820679202823918
2015-04-27,0.003818295275799022
2015-04-28,0.02472422657686324
2015-04-29,-0.005939379092432584
2015-04-30,-0.01082882210736169
2015-05-01,0.02453775076952458
2015-05-04,0.008843136983949895
2015-05-05,-0.02264461386156269
2015-05-06,-0.02428979805907361
2015-05-07,0.01072408001092029
2015-05-08,0.002273137180152096
2015-05-11,0.0064274867245082135
2015-05-12,-0.010894000144667126
2015-05-13,0.006076500914366845
2015-05-14,0.025292761409131392
2015-05-15,-0.01325493754022622
2015-05-18,0.01492545163346537
2015-05-19,0.020955937739324915
2015-05-20,-0.01584452675385739
2015-05-21,0.0175630433509264
2015-05-22,-0.016900229301230807
2015-05-26,-0.005486437284720869
2015-05-27,0.012136768055880598
2015-05-28,0.002543633731376449
2015-05-29,-0.018847532181617277
2015-06-01,0.010713182883119954
2015-06-02,0.0040204213337529104
2015-06-03,0.010192961933099376
2015-06-04,-0.014774851586628501
2015-06-05,0.002926148985763044
2015-06-08,-0.013129068697710133
2015-06-09,0.00812998752838845
2015-06-10,0.021993925201739817
2015-06-11,0.0014349174994661151
2015-06-12,-0.0060887146248240764
2015-06-15,-0.011531662275112375
2015-06-16,-0.0018226591131028647
2015-06-17,0.002556547643945084
2015-06-18,0.010200388583611941
2015-06-19,-0.0007213394857621402
2015-06-22,-0.00324778044114038
2015-06-23,-0.003620696851321492
2015-06-24,-0.006904148699450552
2015-06-25,0.0029272199404608568
2015-06-26,-0.004013088129259268
2015-06-29,-0.031501730657635174
2015-06-30,0.00869894434695695
2015-07-01,0.014258006727337458
2015-07-02,-0.007151984652013277
2015-07-06,-0.004237079648381381
2015-07-07,0.005106130660360808
2015-07-08,-0.024978727193711636
2015-07-09,0.004794678947437125
2015-07-10,0.018655171425021377
2015-07-13,0.0017035928581965454
2015-07-14,0.005101993024862583
2015-07-15,-0.01015218964894915
2015-07-16,-0.00555560524669374
2015-07-17,-0.01761893734216058
2015-07-20,0.0065614475778097425
2015-07-21,-0.01651470594149107
2015-07-22,0.019885483014241867
2015-07-23,0.031195825168975677
2015-07-24,-0.018067291533636953
2015-07-27,-0.008985769569787583
2015-07-28,0.10664927232872401
2015-07-29,0.03043283730273849
2015-07-30,-0.00037848102226745173
2015-07-31,-0.0003783739666693986
2015-08-03,0.0018941721376619647
2015-08-04,0.0007566030489603026
2015-08-05,-0.009826155326575825
2015-08-06,0.009160133184483499
2015-08-07,0.014750426401646699
2015-08-10,0.004099842429345468
2015-08-11,0.0059392587003699315
2015-08-12,-0.0003690069299160381
2015-08-13,-0.0018456344044990303
2015-08-14,0.006656781290909297
2015-08-17,0.014695124665622616
2015-08-18,0.026429954064930872
2015-08-19,-0.009171234798764805
2015-08-20,-0.02990360108474266
2015-08-21,-0.02642192566102719
2015-08-24,-0.046739528592876334
2015-08-25,-0.015816577565076928
2015-08-26,0.03455215161833092
2015-08-27,0.020970710974882012
2015-08-28,0.0
2015-08-31,-0.0022823402841566365
2015-09-01,-0.02249335863887625
2015-09-02,0.021840981009191296
2015-09-03,0.014885458182406497
2015-09-04,-0.01353896046058134
2015-09-08,0.020205629374588252
2015-09-09,-0.005978798072228675
2015-09-10,0.009398578754333586
2015-09-11,0.009683346559056893
2015-09-14,-0.00036887081402936506
2015-09-15,0.01476027719663997
2015-09-16,0.0018178770919285991
2015-09-17,0.0
2015-09-18,-0.01052625013064945
2015-09-21,0.0011006849963841603
2015-09-22,-0.02198618644990724
2015-09-23,-0.005245621687229973
2015-09-24,-0.009415949101380994
2015-09-25,-0.004182462524497499
2015-09-28,-0.02176439072282177
2015-09-29,-0.040593054561377406
2015-09-30,0.024410126844139235
2015-10-01,0.019460060769434184
2015-10-02,0.008959695531361112
2015-10-05,0.021621727836204307
2015-10-06,0.0026456090375350794
2015-10-07,0.013050472339703578
2015-10-08,0.0
2015-10-09,0.008588890168591545
2015-10-12,0.0037021922755351433
2015-10-13,-0.017705639701289355
2015-10-14,-0.018024944832070178
2015-10-15,0.008795643128621133
2015-10-16,0.0015161264122718343
2015-10-19,0.0049206370704444335
2015-10-20,0.004519917610414259
2015-10-21,0.006749081728470774
2015-10-22,0.02905026005432476
2015-10-23,-0.0021717407224108864
2015-10-26,0.0010884725974436016
2015-10-27,0.027536093902328362
2015-10-28,0.03138221091325222
2015-10-29,-0.019487366230889758
2015-10-30,0.011157625562611573
2015-11-02,0.012069306291377258
2015-11-03,0.001703251061390576
2015-11-04,-0.012925295938069237
2015-11-05,0.00792585379846411
2015-11-06,-0.022222320623174197
2015-11-09,-0.0066432674599635755
2015-11-10,0.013727668015708794
2015-11-11,0.012499633170810487
2015-11-12,-0.01680382017244375
2015-11-13,-0.012905397427649512
2015-11-16,0.01696151656861944
2015-11-17,0.01876274401460365
2015-11-18,0.017735249258070684
2015-11-19,0.003686401680873752
2015-11-20,0.008013390564961309
2015-11-23,-0.0009936472022341603
2015-11-24,0.0009946355190348921
2015-11-25,0.01026834218926398
2015-11-27,-0.008196735470627492
2015-11-30,-0.011239796401924074
2015-12-01,0.01705116479729596
2015-12-02,-0.008218220561593714
2015-12-03,-0.021875967520067152
2015-12-04,0.017282360684771847
2015-12-07,-0.002664803792751247
2015-12-08,-0.006346231807091263
2015-12-09,-0.015126180514161258
2015-12-10,-0.0017063080727461877
2015-12-11,-0.009914838228959999
2015-12-14,0.008978200833470895
2015-12-15,-0.014031548765430002
2015-12-16,0.021520240650948708
2015-12-17,-0.03601761100341605
2015-12-18,-0.01727181883644946
2015-12-21,0.005738853805604682
2015-12-22,0.009629232205074167
2015-12-23,0.002472631964624661
2015-12-24,0.00211419336004659
2015-12-28,0.002461175031419849
2015-12-29,0.001052276651277717
2015-12-30,-0.004554892815757827
2015-12-31,-0.0038720311851893063
2016-01-04,-0.017667800392478172
2016-01-05,-0.003956914492695862
2016-01-06,-0.007791147707393309
2016-01-07,-0.04565398179120672
2016-01-08,-0.022961762908262795
2016-01-11,-0.014884597623218587
2016-01-12,0.014711878071136164
2016-01-13,-0.03840112143289942
2016-01-14,0.01670713455605921
2016-01-15,-0.00521047338206837
2016-01-19,-0.004431866530654971
2016-01-20,-0.018211257241921408
2016-01-21,0.02679316527332065
2016-01-22,0.026495297353025915
2016-01-25,-0.007821830539867292
2016-01-26,0.011824939024747794
2016-01-27,0.0038959790469041966
2016-01-28,-0.01358173413643371
2016-01-29,0.038158880613623936
2016-02-01,-0.004547056773464897
2016-02-02,-0.04567976843241006
2016-02-03,0.007579380385326351
2016-02-04,0.005146006468775388
2016-02-05,-0.04293037564800328
2016-02-08,-0.03456780275738269
2016-02-09,0.08226767895206932
2016-02-10,0.00472649016186244
2016-02-11,-0.021168549632408773
2016-02-12,0.03404128558123731
2016-02-16,0.023624820647936584
2016-02-17,0.03026885702056381
2016-02-18,-0.007344671804838332
2016-02-19,0.02182732534145493
2016-02-22,0.006154942393553853
2016-02-23,0.020510944066772563
2016-02-24,0.011283302474245138
2016-02-25,0.00801960777433508
2016-02-26,-0.005880226509609399
2016-02-29,-0.01878910447972515
2016-03-01,0.03546088231650191
2016-03-02,-0.004451949980464054
2016-03-03,-0.0034400821688284067
2016-03-04,0.000690376333639442
2016-03-07,-0.0010350764591420258
2016-03-08,0.006215836111996831
2016-03-09,0.0030882686258408842
2016-03-10,-0.0037629961343910168
2016-03-11,0.01270587040317217
2016-03-14,0.0006784254476086549
2016-03-15,0.010504869675311168
2016-03-16,0.005365580027153705
2016-03-17,0.019346130927057725
2016-03-18,0.0068717250313483635
2016-03-21,0.0029251694972978193
2016-03-22,0.006804566691204661
2016-03-23,-0.004184072430038266
2016-03-24,-0.001615905950639207
2016-03-28,0.010035497976653485
2016-03-29,0.007371729067377597
2016-03-30,0.005408900020025698
2016-03-31,-0.004746744959608029
2016-04-01,0.018759846075840247
2016-04-04,-0.011235795477823163
2016-04-05,-0.005682012797097125
2016-04-06,0.01003006979058374
2016-04-07,-0.01008806895890657
2016-04-08,0.010509709081805596
2016-04-11,-0.008194390903406679
2016-04-12,0.009850915256568005
2016-04-13,0.01353061775227582
2016-04-14,-0.001552386737897482
2016-04-15,0.0037309783651815476
2016-04-18,0.0037177180301992685
2016-04-19,0.0
2016-04-20,0.009876745332501269
2016-04-21,-0.012836262625232409
2016-04-22,0.005263003292964363
2016-04-25,-0.007083329750737333
2016-04-26,-0.020471627192562347
2016-04-27,0.00348345277053852
2016-04-28,-0.016724625914728564
2016-04-29,-0.014441790208564509
2016-05-02,0.021817189814586913
2016-05-03,-0.021032743070779514
2016-05-04,-0.0013019327350136667
2016-05-05,0.010104287554169256
2016-05-06,0.022910725863506176
2016-05-09,0.0006306008831715726
2016-05-10,0.015132859820055522
2016-05-11,-0.018944255089650475
2016-05-12,-0.007597289130589102
2016-05-13,-0.005422558092127883
2016-05-16,0.010262777756403274
2016-05-17,-0.005079400030189585
2016-05-18,-0.003190823834273715
2016-05-19,0.00352129516077615
2016-05-20,0.013716135971652887
2016-05-23,-0.012901123892243183
2016-05-24,0.032515089037960854
2016-05-25,0.005557198641249039
2016-05-26,-0.0061406451226652115
2016-05-27,0.007723097268049761
2016-05-31,0.0006130832322839286
2016-06-01,-0.003369991989160659
2016-06-02,-0.012296459510350188
2016-06-03,-0.0031121655839086992
2016-06-06,-0.014049453679267798
2016-06-07,0.011082941068482732
2016-06-08,0.002505395614037731
2016-06-09,-0.005310549648736562
2016-06-10,-0.018844433240432168
2016-06-13,-0.012483754111872303
2016-06-14,-0.014262744509140668
2016-06-15,-0.007234305856866463
2016-06-16,0.01589912217327427
2016-06-17,0.007173333926915326
2016-06-20,0.015539042807107828
2016-06-21,-0.00031913870651201215
2016-06-22,-0.004783114273316236
2016-06-23,0.008651138086951615
2016-06-24,-0.04129595666564356
2016-06-27,-0.029820978299282985
2016-06-28,0.021857846562796324
2016-06-29,0.018382281650537236
2016-06-30,0.015425028855043932
2016-07-01,0.0035553674423680626
2016-07-05,-0.016103124058049034
2016-07-06,0.015268474859577719
2016-07-07,0.009055534087908379
2016-07-08,0.03269227740370195
2016-07-11,0.018001255749331646
2016-07-12,0.01829261946526839
2016-07-13,0.010479049615143898
2016-07-14,0.008000307694230546
2016-07-15,0.0017633806493293491
2016-07-18,-0.0052815316486442
2016-07-19,-0.0032448432071751077
2016-07-20,0.01598077051527058
2016-07-21,-0.028546142772959415
2016-07-22,0.013193359761475287
2016-07-25,0.013021432916812126
2016-07-26,0.047327011275541286
2016-07-27,0.016457468446804402
2016-07-28,0.011800305243886644
2016-07-29,-0.01057757291756356
2016-08-01,-0.0032897117072204773
2016-08-02,-0.0005499255035128492
2016-08-03,0.006053765469405947
2016-08-04,-0.007658386822697816
2016-08-05,0.01074910898556336
2016-08-08,-0.005180722248608549
2016-08-09,-0.006853123995303689
2016-08-10,0.001655995986191705
2016-08-11,-0.003031322870786779
2016-08-12,-0.0030402993362773634
2016-08-15,0.0022177492154238365
2016-08-16,-0.017703695866653546
2016-08-17,-0.0011264840709690471
2016-08-18,-0.0073303733941897375
2016-08-19,-0.00028388164833903495
2016-08-22,0.005113420901438515
2016-08-23,0.009327199355488647
2016-08-24,-0.012041232347736797
2016-08-25,-0.0005668832919315525
2016-08-26,-0.001134471327851272
2016-08-29,0.006814126735781079
2016-08-30,-0.0014096466703972244
2016-08-31,0.0019766227971846906
2016-09-01,0.001409648499164362
2016-09-02,-0.0019707421019311555
2016-09-06,-0.0042297371492454605
2016-09-07,-0.0008497870790736828
2016-09-08,-0.003684926290996926
2016-09-09,-0.05376934674075573
2016-09-12,0.01292860239260496
2016-09-13,-0.019590414856755167
2016-09-14,0.006357741397211347
2016-09-15,0.010830326326647377
2016-09-16,-0.02083328210244817
2016-09-19,0.0009119037408211739
2016-09-20,-0.002429681881831125
2016-09-21,0.016438394427741088
2016-09-22,0.028152094884619228
2016-09-23,-0.0017476480570091102
2016-09-26,0.0017507076778806585
2016-09-27,0.014273609747965654
2016-09-28,-0.007754398039866217
2016-09-29,-0.009551077638967786
2016-09-30,0.0026296117089361637
2016-10-03,-0.010200925887784429
2016-10-04,-0.0029445877753188077
2016-10-05,0.011222607552611175
2016-10-06,0.02015201502686903
2016-10-07,-0.04065280687384765
2016-10-10,0.011041670303014062
2016-10-11,-0.019185588013012178
2016-10-12,0.012979337752781595
2016-10-13,-0.005959649410197443
2016-10-14,0.004796199845992444
2016-10-17,0.008353027015148395
2016-10-18,-0.00976313345884361
2016-10-19,-0.015835002904545425
2016-10-20,0.007589416777387559
2016-10-21,-0.0030129136159411374
2016-10-24,0.014203861297275244
2016-10-25,-0.09475585474738513
2016-10-26,0.007241662127218884
2016-10-27,-0.0032679280164628066
2016-10-28,0.007213098534899043
2016-10-31,0.0052082318939741246
2016-11-01,-0.029145162379568657
2016-11-02,-0.018345345433505078
2016-11-03,0.0006795838171544943
2016-11-04,0.013242811174704938
2016-11-07,0.01440993330373197
2016-11-08,0.006276890755159137
2016-11-09,0.01543012075434147
2016-11-10,0.01681214592281588
2016-11-11,-0.005723345685102688
2016-11-14,0.012152246764933095
2016-11-15,0.008846760825814481
2016-11-16,-0.01722510855310777
2016-11-17,0.02772459974395325
2016-11-18,0.006511408930314433
2016-11-21,0.0009246891879617358
2016-11-22,0.002154191425589591
2016-11-23,-0.005221303702070301
2016-11-25,0.00987953663478014
2016-11-28,-0.01681409964594749
2016-11-29,0.0015545359900157596
2016-11-30,-0.017385771522382965
2016-12-01,-0.04170620710240858
2016-12-02,-0.0003296376323240757
2016-12-05,0.02869393642116136
2016-12-06,0.0016031596688230731
2016-12-07,0.028489193217107855
2016-12-08,0.012760485506891461
2016-12-09,0.002151148386135837
2016-12-12,-0.006439659115739627
2016-12-13,0.008333263080451125
2016-12-14,-0.0052034580013808895
2016-12-15,-0.029538552745252633
2016-12-16,0.01236527693103917
2016-12-19,0.01471974437708612
2016-12-20,0.0018515983467422004
2016-12-21,0.010166438711125103
2016-12-22,-0.02317778058826081
2016-12-23,0.0009368322481455582
2016-12-27,0.005614650616539096
2016-12-28,-0.012717619085593324
2016-12-29,0.0018850971353865376
2016-12-30,-0.008466534182980046
2017-01-03,0.019291668497736225
2017-01-04,0.022029267026218546
2017-01-05,-0.008500170482511282
2017-01-06,-0.0039807656286567905
2017-01-09,-0.010759249717379182
2017-01-10,0.0009321959168901994
2017-01-11,0.010900128459694347
2017-01-12,-0.012630826983322296
2017-01-13,0.0
2017-01-17,-0.0006241826019669494
2017-01-18,0.002185565015414559
2017-01-19,-0.005295908125984794
2017-01-20,0.0015658811181105126
2017-01-23,0.0015633653921787172
2017-01-24,0.027786490815708387
2017-01-25,0.021263529355540767
2017-01-26,0.0005950987084146764
2017-01-27,-0.00951251164290956
2017-01-30,-0.00029990402292967566
2017-01-31,-0.010807633912867542
2017-02-01,0.009408110693099658
2017-02-02,-0.007817548263367335
2017-02-03,0.006969855706416617
2017-02-06,-0.0015043620125049229
2017-02-07,0.012959467315761364
2017-02-08,0.005355423216354405
2017-02-09,-0.021603953862395664
2017-02-10,0.020871155654464957
2017-02-13,-0.007407518395854962
2017-02-14,-0.011641670036220853
2017-02-15,0.009966652507536589
2017-02-16,0.006878081339079634
2017-02-17,-0.004455007123775223
2017-02-21,0.015214806291250271
2017-02-22,-0.005289707639758778
2017-02-23,0.007681483907502118
2017-02-24,-0.0026390301111346437
2017-02-27,0.01205195597177644
2017-02-28,-0.018878854303557957
2017-03-01,0.023090407515826028
2017-03-02,-0.006654868305830952
2017-03-03,-0.007864719472514325
2017-03-06,-0.017616359587279473
2017-03-07,-0.006276091040231413
2017-03-08,0.01714286977039725
2017-03-09,-0.003252409162389114
2017-03-10,0.006526171904624789
2017-03-13,-0.0073676489030848336
2017-03-14,0.0
2017-03-15,0.020783446493406688
2017-03-16,0.007853470936330487
2017-03-17,0.0002886420296848158
2017-03-20,-0.004904625662685902
2017-03-21,-0.019135925580402113
2017-03-22,0.0026601058983035664
2017-03-23,0.00854929941603877
2017-03-24,-0.006430599437337592
2017-03-27,-0.007354959831000096
2017-03-28,0.006816666289834794
2017-03-29,0.0
2017-03-30,-0.004415854069487524
2017-03-31,0.005026828110313186
2017-04-03,-0.01706382979264509
2017-04-04,-0.004190385806181474
2017-04-05,-0.005710896887522243
2017-04-06,0.022672583704019145
2017-04-07,-0.009755041821193244
2017-04-10,0.0020895966830685175
2017-04-11,0.011617458742619657
2017-04-12,-0.016243304792867508
2017-04-13,-0.006604434303314921
2017-04-17,0.012088251266844097
2017-04-18,-0.0032844357801411483
2017-04-19,0.010185486362944696
2017-04-20,0.006227826284657789
2017-04-21,0.01208370941257475
2017-04-24,0.020092947411537665
2017-04-25,0.05338335278395223
2017-04-26,0.014904628734916159
2017-04-27,-0.0053403434762921975
2017-04-28,-0.006174212064615658
2017-05-01,-0.008103964303769917
2017-05-02,0.0005445453339858464
2017-05-03,-0.002721362123790816
2017-05-04,0.004093241024291094
2017-05-05,0.0035336309906244256
2017-05-08,0.00027091451917393705
2017-05-09,0.0005415655971767741
2017-05-10,-0.00514191345238757
2017-05-11,-0.0029920920518180516
2017-05-12,-0.005184353132864472
2017-05-15,0.015084974501621495
2017-05-16,0.006754644327397141
2017-05-17,-0.011003247100596525
2017-05-18,0.004613240566438748
2017-05-19,-0.0005405979893805535
2017-05-22,0.005135081086388382
2017-05-23,-0.009679798172221976
2017-05-24,0.0070592329211049964
2017-05-25,0.0010785749333050987
2017-05-26,-0.003501272630834884
2017-05-30,-0.00026997931362127137
2017-05-31,0.00702869741743628
2017-06-01,0.004564051043886019
2017-06-02,0.0058789813604425145
2017-06-05,-0.009829688645619616
2017-06-06,-0.0032198647164247696
2017-06-07,-0.004037977169478957
2017-06-08,0.0010814313748808146
2017-06-09,0.004859613492667059
2017-06-12,0.005373457620254207
2017-06-13,0.019240595777622493
2017-06-14,0.007341606500693265
2017-06-15,0.00442461348987222
2017-06-16,-0.00025907887187237577
2017-06-19,0.014515192546603384
2017-06-20,-0.004343111297649527
2017-06-21,-0.005389040319991767
2017-06-22,0.001548322539400182
2017-06-23,0.002318338362838457
2017-06-26,0.0
2017-06-27,-0.01696234159480614
2017-06-28,0.01333317410076229
2017-06-29,-0.019607638213302914
2017-06-30,0.005526262846888397
2017-07-03,-0.006542738250770563
2017-07-05,0.00500544240114098
2017-07-06,-0.012319853043753937
2017-07-07,0.019904527165405694
2017-07-10,0.008066674762945647
2017-07-11,0.0015484537543495325
2017-07-12,-0.0010333721218104275
2017-07-13,0.004655985521382577
2017-07-14,0.0020595154594247322
2017-07-17,-0.004624772328585491
2017-07-18,-0.004388405874286017
2017-07-19,0.011667183756946198
2017-07-20,-0.01845201041949751
2017-07-21,0.0
2017-07-24,-0.015143751050729737
2017-07-25,0.0005303379759367122
2017-07-26,-0.0026496009767442708
2017-07-27,0.01726895944992579
2017-07-28,0.007312293496662514
2017-07-31,-0.011407524198487784
2017-08-01,0.005244887089001393
2017-08-02,-0.0013045206186700353
2017-08-03,-0.007575608711562598
2017-08-04,0.008949632239132255
2017-08-07,-0.0031304906379087116
2017-08-08,-0.015179194954607289
2017-08-09,-0.011426906997464181
2017-08-10,-0.020161621119589856
2017-08-11,0.006584024286586221
2017-08-14,0.016626239396994258
2017-08-15,0.0032172808278572163
2017-08-16,0.0016031943967109719
2017-08-17,-0.026947368952215167
2017-08-18,-0.0019194486847426973
2017-08-21,0.0035710228634735497
2017-08-22,0.012592774668733986
2017-08-23,-0.007299576269463093
2017-08-24,-0.006536197891883644
2017-08-25,-0.004659452301972067
2017-08-28,-0.0002758211182853909
2017-08-29,0.0002758972165641804
2017-08-30,0.001652085633815581
2017-08-31,0.010998101982400144
2017-09-01,0.0078867078456768
2017-09-05,-0.011062879125194658
2017-09-06,0.004092837440654806
2017-09-07,0.005434444263920479
2017-09-08,0.01540550286314124
2017-09-11,0.0018633649095907145
2017-09-12,0.012486459289481333
2017-09-13,-0.015744164766487434
2017-09-14,-0.0034654657208007533
2017-09-15,-0.001872376439311041
2017-09-18,-0.001608151562322857
2017-09-19,0.0037582823276609556
2017-09-20,0.0034767012275194187
2017-09-21,0.005330503839727108
2017-09-22,0.009809201398068401
2017-09-25,0.003150553674346357
2017-09-26,0.004972700487404502
2017-09-27,0.0044267009755487585
2017-09-28,0.0054447154710737244
2017-09-29,0.005930962093825709
2017-10-02,0.01486812797533621
2017-10-03,-0.009598513363906047
2017-10-04,0.0010203695715444994
2017-10-05,-0.006879269359347906
2017-10-06,0.0064135058318883775
2017-10-09,-0.0073924843842395616
2017-10-10,-0.004879038458205698
2017-10-11,0.005419423225262898
2017-10-12,0.004761241228094848
2017-10-13,-0.0030737289779854127
2017-10-16,0.0010276251637537648
2017-10-17,-0.0015398553515227897
2017-10-18,-0.006169581843493477
2017-10-19,0.010346469798032665
2017-10-20,0.026369632055857073
2017-10-23,0.0004989242547226436
2017-10-24,0.01795060633527301
2017-10-25,-0.028410518410620256
2017-10-26,0.011091571516501197
2017-10-27,0.001246474885022053
2017-10-30,-0.01668312260832905
2017-10-31,0.008356350929831224
2017-11-01,-0.01130094459817843
2017-11-02,-0.012191862096464168
2017-11-03,0.0033426339205751
2017-11-06,0.0051257279309271375
2017-11-07,-0.003569285910009934
2017-11-08,0.0012791074833107263
2017-11-09,-0.013033603434816188
2017-11-10,-0.0002585134908189568
2017-11-13,0.00725168515773289
2017-11-14,0.0038570633519789954
2017-11-15,-0.005891506030572091
2017-11-16,0.008503097799265724
2017-11-17,0.005620826970506698
2017-11-20,0.012195175078426601
2017-11-21,0.0042667145265198325
2017-11-22,-0.001749298437791924
2017-11-24,-0.009013720857573237
2017-11-27,0.012127609362225122
2017-11-28,0.021717210142659482
2017-11-29,0.026874951626364885
2017-11-30,0.020937660669494873
2017-12-01,-0.009554679717129866
2017-12-04,0.01882337491156738
2017-12-05,-0.007390399094421185
2017-12-06,-0.019311125258358208
2017-12-07,0.0037962206415060873
2017-12-08,0.009690373891552806
2017-12-11,-0.007022726577155858
2017-12-12,-0.005421973412786385
2017-12-13,-0.0040293619033926475
2017-12-14,-0.004045969394271709
2017-12-15,0.01099215707805068
2017-12-18,0.016308306351741964
2017-12-19,0.0
2017-12-20,0.01558115451316544
2017-12-21,0.013052481835642116
2017-12-22,-0.009267819399708888
2017-12-26,0.004334847560012456
2017-12-27,-0.0031802812822362414
2017-12-28,0.005469388432965516
2017-12-29,-0.0040799706108423095
2018-01-02,-0.0029581749264577795
2018-01-03,0.004336727979297628
2018-01-04,0.0011364701403064892
2018-01-05,0.009307600509658398
2018-01-08,0.004723114112099136
2018-01-09,0.01701390898143118
2018-01-10,-0.015848815044820053
2018-01-11,0.02522170950647107
2018-01-12,0.0006558543440366993
2018-01-16,-0.011363245537169608
2018-01-17,0.013040975199345883
2018-01-18,0.009601166521809423
2018-01-19,-0.007996623777138279
2018-01-22,-0.0006537047524223238
2018-01-23,-0.008938286117271321
2018-01-24,0.009898409084131421
2018-01-25,-0.01045476728613215
2018-01-26,-0.0022011197639034696
2018-01-29,-0.015221815060541655
2018-01-30,-0.00268852873012404
2018-01-31,0.0031449603976487772
2018-02-01,-0.013211012793880372
2018-02-02,-0.026548681154199727
2018-02-05,-0.03776211994788259
2018-02-06,0.025678300847945312
2018-02-07,0.00826635858010838
2018-02-08,-0.04661500145210118
2018-02-09,0.035134917596008286
2018-02-12,0.023498491494844842
2018-02-13,-0.008348714571495774
2018-02-14,0.004209851263990538
2018-02-15,-0.0025616139362952817
2018-02-16,0.008872147042010115
2018-02-20,-0.015968640330778605
2018-02-21,-0.0028220732029172746
2018-02-22,0.00424508975842719
2018-02-23,0.010333691060944394
2018-02-26,-0.0034867407126037975
2018-02-27,-0.022859732025880986
2018-02-28,-0.018381572608222485
2018-03-01,-0.006566316993516064
2018-03-02,-0.008323314325485165
2018-03-05,0.016045769467125437
2018-03-06,-0.00048585190120209454
2018-03-07,0.003159676395912747
2018-03-08,0.00436173860635547
2018-03-09,0.024849099404445463
2018-03-12,-0.0002352767542237455
2018-03-13,-0.004238193567669191
2018-03-14,-0.01702553597804657
2018-03-15,0.0009622229995267517
2018-03-16,-0.000961298016465939
2018-03-19,-0.011546470237237871
2018-03-20,-0.001703586378219879
2018-03-21,0.012920266258031221
2018-03-22,-0.012515331133966634
2018-03-23,-0.019010455672445414
2018-03-26,0.013913442063610004
2018-03-27,-0.008331470612553793
2018-03-28,-0.01581424053074132
2018-03-29,0.01531502124909001
2018-04-02,-0.035608071680400144
2018-04-03,0.015897333831180527
2018-04-04,0.027511709814850294
2018-04-05,0.005403760350755515
2018-04-06,-0.0180795233210711
2018-04-09,0.000746367126646108
2018-04-10,0.014420916549400475
2018-04-11,-0.004902225917479797
2018-04-12,0.008025691144194269
2018-04-13,-0.0041650735105484005
2018-04-16,0.006642481978223813
2018-04-17,0.011730193050740523
2018-04-18,-0.0021739108036124
2018-04-19,-0.03776300793922138
2018-04-20,-0.012830494089488775
2018-04-23,0.005351676721374821
2018-04-24,-0.08339665957499265
2018-04-25,0.027931190765540848
2018-04-26,0.004304849244207043
2018-04-27,0.018483658511557977
2018-04-30,-0.003945400309026015
2018-05-01,0.016635845153378126
2018-05-02,-0.020000019943071434
2018-05-03,0.007421106440266723
2018-05-04,0.008155929118965233
2018-05-07,-0.0005217346391058753
2018-05-08,-0.0031333784098488415
2018-05-09,-0.014405285501995269
2018-05-10,0.0061120622970354255
2018-05-11,0.005546632896389125
2018-05-14,-0.011294823406688193
2018-05-15,-0.007704372580484287
2018-05-16,0.014992983174236585
2018-05-17,-0.01081466565609468
2018-05-18,0.009333017261913046
2018-05-21,-0.0031706315714619127
2018-05-22,-0.019347719101607597
2018-05-23,0.014594463043358319
2018-05-24,-0.0005326887738568153
2018-05-25,0.010127731541841767
2018-05-29,-0.009234632946131582
2018-05-30,0.01624506516599311
2018-05-31,-0.023322862342954664
2018-06-01,0.009659232672644125
2018-06-04,0.02019636497850308
2018-06-05,0.006251845158775637
2018-06-06,-0.006472162787598101
2018-06-07,0.0033876977259157393
2018-06-08,0.00908857595510515
2018-06-11,-0.0038602257343479662
2018-06-12,0.004133699441163152
2018-06-13,-0.023154294104704154
2018-06-14,0.011851336912453325
2018-06-15,-0.004685166555511655
2018-06-18,-0.012029353228170225
2018-06-19,-0.0005291920489544077
2018-06-20,0.018008495278750036
2018-06-21,-0.01794992379843552
2018-06-22,0.007682261475538299
2018-06-25,-0.005257654447173632
2018-06-26,0.00634226163367968
2018-06-27,-0.018119506274622665
2018-06-28,-0.0066864617573975105
2018-06-29,0.0075391102398187915
2018-07-02,-0.0034742641924968565
2018-07-03,-0.002413284699303686
2018-07-05,0.022042832587808814
2018-07-06,0.01052073090992156
2018-07-09,0.008068891788629129
2018-07-10,-0.003873072563775559
2018-07-11,-0.02255063244883848
2018-07-12,0.0025266701875881203
2018-07-13,0.008222433792562267
2018-07-16,-0.008418702507917653
2018-07-17,0.016184689011523368
2018-07-18,0.004177422681362675
2018-07-19,0.013520559111385388
2018-07-20,0.0002566638759562423
2018-07-23,-0.01025890216196923
2018-07-24,-0.0020731798995023976
2018-07-25,-0.016359767535312764
2018-07-26,0.02059171015561012
2018-07-27,0.01888252517547162
2018-07-30,0.002031074533243249
2018-07-31,0.021788609054210983
2018-08-01,-0.008926173802929704
2018-08-02,-0.01451107840854382
2018-08-03,0.0027925115033569092
2018-08-06,0.007594996415026367
2018-08-07,-0.0022614203652238096
2018-08-08,-0.012339333822513399
2018-08-09,-0.0025497393862448092
2018-08-10,-0.013292559061458098
2018-08-13,-0.022797645508761955
2018-08-14,0.014050704328275598
2018-08-15,0.00235317092005638
2018-08-16,0.005216412844954776
2018-08-17,0.005448937170837276
2018-08-20,-0.00232269716086253
2018-08-21,0.015261139093331932
2018-08-22,-0.009171894863127639
2018-08-23,-0.0035997501361486606
2018-08-24,0.004386877765468533
2018-08-27,0.00462477667132144
2018-08-28,-0.005370679940896128
2018-08-29,-0.0035997501361486606
2018-08-30,-0.014967724400055005
2018-08-31,-0.005239868378660861
2018-09-04,-0.005530736258189006
2018-09-05,0.009534153083797348
2018-09-06,-0.0052467409981942215
2018-09-07,-0.005011024680566911
2018-09-10,0.0026506580195679863
2018-09-11,0.006344266704327639
2018-09-12,0.014709704322082517
2018-09-13,-0.010354618285285833
2018-09-14,-0.0010465739889756742
2018-09-17,0.003404316366626192
2018-09-18,0.0046973007282613555
2018-09-19,0.005974105983342692
2018-09-20,-0.0030985292090633942
2018-09-21,-0.0018127627798179002
2018-09-24,-0.020498109389105124
2018-09-25,-0.004768451014019792
2018-09-26,-0.006654127787423025
2018-09-27,-0.0018757641627489274
2018-09-28,-0.01744951544095863
2018-10-01,-0.00846978950348598
2018-10-02,0.005786538874494873
2018-10-03,-0.0005480892685100214
2018-10-04,-0.009594198518286357
2018-10-05,-0.008580087725825192
2018-10-08,-0.012004713533381839
2018-10-09,-0.0421020703820022
2018-10-10,-0.015339313766584373
2018-10-11,-0.019843466042787306
2018-10-12,-0.009509425729730014
2018-10-15,-0.007432481256360868
2018-10-16,0.00967228400897624
2018-10-17,-0.012360868357092492
2018-10-18,-0.030037557722262465
2018-10-19,-0.002580589148728274
2018-10-22,-0.02037530946917765
2018-10-23,0.021459209751554242
2018-10-24,-0.03652215474233411
2018-10-25,0.011740993352516993
2018-10-26,-0.08289132654875231
2018-10-29,-0.007592170364095208
2018-10-30,0.07468138809931912
2018-10-31,0.01694919637561032
2018-11-01,0.04633310784883826
2018-11-02,-0.0022298685316664013
2018-11-05,0.003192693984831907
2018-11-06,0.0
2018-11-07,0.002227941811275169
2018-11-08,-0.014607714294482266
2018-11-09,0.0
2018-11-12,-0.01450224870395267
2018-11-13,0.012099487819257071
2018-11-14,0.005492568332374548
2018-11-15,0.008354899464251053
2018-11-16,-0.0028681671000770903
2018-11-19,-0.016298997297373496
2018-11-20,-0.004223628040373573
2018-11-21,0.004893970765748268
2018-11-23,0.001623401755329823
2018-11-26,0.0152351336682357
2018-11-27,-0.008940016800803585
2018-11-28,0.029316791983029944
2018-11-29,-0.020970088810069232
2018-11-30,0.013107429117221514
2018-12-03,0.026506510418495166
2018-12-04,-0.056870364174213206
2018-12-06,-0.006192972258515339
2018-12-07,-0.011807346136713082
2018-12-10,-0.006305810534353307
2018-12-11,-0.02037405641289569
2018-12-12,0.009887408456645375
2018-12-13,-0.003038448739842936
2018-12-14,0.00033880178990108867
2018-12-17,-0.02200425536127737
2018-12-18,0.0
2018-12-19,0.011768799071506297
2018-12-20,-0.008552916480791262
2018-12-21,-0.016563228754642667
2018-12-24,-0.033684230877050525
2018-12-26,0.03740031451196635
2018-12-27,0.020301076972478294
2018-12-28,-0.008576243412438567
2018-12-31,0.01176465153243833
2019-01-02,0.010601875302725716
2019-01-03,-0.01624366144789824
2019-01-04,0.05744758094499369
2019-01-07,0.027976539443880455
2019-01-08,0.009177075077502206
2019-01-09,0.026654339019640982
2019-01-10,0.0058246705927602616
2019-01-11,-0.007619681963562885
2019-01-14,-0.0036855662231091157
2019-01-15,-0.03051778058682242
2019-01-16,-0.021621696742099572
2019-01-17,0.027299438678695997
2019-01-18,0.019297604598828233
2019-01-22,-0.038175071937990745
2019-01-23,-0.00161332620114929
2019-01-24,0.017130025061671494
2019-01-25,0.004766289513492117
2019-01-28,0.015496439018250152
2019-01-29,0.0037372172231044942
2019-01-30,-0.0015512559086806599
2019-01-31,0.00714716561749329
2019-02-01,0.01943841734553642
2019-02-04,0.010290561852266622
2019-02-05,-0.005692180841928907
2019-02-06,0.0018079317302992504
2019-02-07,0.06827096083781248
2019-02-08,0.010698357719403528
2019-02-11,0.00919167682788391
2019-02-12,0.015180398579437648
2019-02-13,0.010876087212609242
2019-02-14,0.0018828118034366348
2019-02-15,0.005637253623811178
2019-02-19,0.012012709724431803
2019-02-20,-0.008968337627707546
2019-02-21,0.0039923621444173385
2019-02-22,0.0023860710680403407
2019-02-25,0.002116139148965246
2019-02-26,-0.0034311442374530543
2019-02-27,0.0034429575213121844
2019-02-28,-0.008709484752160379
2019-03-01,0.0649628849527415
2019-03-04,-0.0010004038143298644
2019-03-05,-0.010009934797672426
2019-03-06,-0.005308402731091011
2019-03-07,-0.009657071838282016
2019-03-08,0.006928823650650617
2019-03-11,0.0025482654651431957
2019-03-12,-0.002033623869430734
2019-03-13,-0.00764133391460009
2019-03-14,-0.001283235796284754
2019-03-15,0.0017987733307922582
2019-03-18,0.00436113197461796
2019-03-19,-0.004852933705264628
2019-03-20,-0.010266861885284584
2019-03-21,0.014263334127316618
2019-03-22,-0.021989078128009765
2019-03-25,0.012287577312109832
2019-03-26,0.0023239013273328446
2019-03-27,-0.005925984280070518
2019-03-28,0.013996854172162454
2019-03-29,0.004856978530587419
2019-04-01,0.0
2019-04-02,0.0068686781444353695
2019-04-03,0.0002523281136088684
2019-04-04,0.013387296239115498
2019-04-05,0.015702815899098388
2019-04-08,0.0024538395972963922
2019-04-09,-0.014687825051941106
2019-04-10,0.0039751884618499655
2019-04-11,0.000496590071061842
2019-04-12,0.003721010197082375
2019-04-15,0.0017299298891384485
2019-04-16,-0.001480013737419572
2019-04-17,-0.011860884528374083
2019-04-18,0.00125036744546847
2019-04-22,-0.008491375920042787
2019-04-23,0.007304596011594722
2019-04-24,0.0
2019-04-25,-0.06226547714004871
2019-04-26,0.02613328752465871
2019-04-29,0.022089599402322024
2019-04-30,-0.006864817079163088
2019-05-01,0.006400041047186056
2019-05-02,0.010938679175562793
2019-05-03,0.01761452481827086
2019-05-06,-0.008654655837735947
2019-05-07,-0.029932908418936366
2019-05-08,-0.015685175744231117
2019-05-09,-0.011755671304914617
2019-05-10,0.0029079622383385573
2019-05-13,-0.02503930146705502
2019-05-14,0.009731964620723232
2019-05-15,0.013654970780010656
2019-05-16,0.007923608628225942
2019-05-17,-0.015985122523477724
2019-05-20,0.0031957217850653308
2019-05-21,0.010618546780050142
2019-05-22,-0.003677729827424092
2019-05-23,-0.027154971890066326
2019-05-24,0.010297914048268408
2019-05-28,-0.02172704353348298
2019-05-29,-0.015081197389326118
2019-05-30,-0.0022273158569955376
2019-05-31,-0.025669548325296554
2019-06-03,0.01947277706875039
2019-06-04,0.04466349604669895
2019-06-05,0.0008065224617184175
2019-06-06,0.005642238759979046
2019-06-07,0.014159414874219234
2019-06-10,-0.002107174876104456
2019-06-11,0.001583773903465202
2019-06-12,0.006061958599125505
2019-06-13,0.022793067393623412
2019-06-14,-0.019210935709567445
2019-06-17,-0.009140946735099686
2019-06-18,-0.0023721817302500003
2019-06-19,-0.007661402367899917
2019-06-20,0.029286064668175626
2019-06-21,-0.014485324251335863
2019-06-24,0.019685018921739905
2019-06-25,-0.011582761358832183
2019-06-26,0.012760118284674826
2019-06-27,0.0028285932265981195
2019-06-28,0.006153813600400904
2019-07-01,0.008409875839549885
2019-07-02,0.003032584240372227
2019-07-03,0.002519848821800341
2019-07-05,0.0012562284998376416
2019-07-08,-0.007529922169703163
2019-07-09,-0.006322774115279595
2019-07-10,-0.022652014042806368
2019-07-11,-0.004179874281416196
2019-07-12,0.016526965570638374
2019-07-15,0.004903301976203256
2019-07-16,0.011812836892741485
2019-07-17,-0.019543178625734958
2019-07-18,-0.010872406684313107
2019-07-19,-0.009421563187942072
2019-07-22,-0.00739749299173198
2019-07-23,0.02741539970573803
2019-07-24,0.015543878065517935
2019-07-25,0.08112243379293371
2019-07-26,-0.02076415168150414
2019-07-29,-0.017349798483952017
2019-07-30,0.019127206938902797
2019-07-31,-0.019008683534974202
2019-08-01,-0.03948969807554792
2019-08-02,0.02068416899659753
2019-08-05,-0.03177375071642208
2019-08-06,0.020930029772995518
2019-08-07,-0.009111566253285242
2019-08-08,0.01736943574956551
2019-08-09,-0.016821563248017757
2019-08-12,-0.007916477046064352
2019-08-13,0.008236989520399085
2019-08-14,-0.03191252940288991
2019-08-15,0.002110111189267405
2019-08-16,0.012105161018324262
2019-08-19,0.00936053836764339
2019-08-20,0.021123084501420086
2019-08-21,0.03229025974768529
2019-08-22,-0.008797399787760396
2019-08-23,-0.046844190083001225
2019-08-26,0.019399937422008184
2019-08-27,-0.0017762210667827683
2019-08-28,0.017285330215699002
2019-08-29,0.026486394817876624
2019-08-30,-0.008520069366176886
2019-09-03,-0.021850994977478
2019-09-04,0.020582814346118194
2019-09-05,0.014756047483447166
2019-09-06,0.011875956602226179
2019-09-09,0.0074251709868322635
2019-09-10,0.007370444178557589
2019-09-11,0.01722921705756475
2019-09-12,0.002088081758694127
2019-09-13,0.00023148244878101742
2019-09-16,-0.011111209348016682
2019-09-17,-0.03347374431825778
2019-09-18,0.004601671174411681
2019-09-19,-0.010366311834056452
2019-09-20,-0.010231552419375456
2019-09-23,-0.0029535345413028713
2019-09-24,-0.006665060727801153
2019-09-25,0.011182969718626978
2019-09-26,0.018923600563243603
2019-09-27,0.005306226948182058
2019-09-30,0.0
2019-10-01,0.008157550446949324
2019-10-02,-0.026415780347282758
2019-10-03,0.013932725828923465
2019-10-04,0.024831165961163526
2019-10-07,-0.004704496354380638
2019-10-08,-0.020090005143576173
2019-10-09,0.012783537424566171
2019-10-10,-0.00011954867775265665
2019-10-11,0.02317802176665884
2019-10-14,-0.007239606176835833
2019-10-15,0.014349780904199694
2019-10-16,0.012986556845099528
2019-10-17,-0.0009154728707593263
2019-10-18,0.0048121225414985425
2019-10-21,0.006157343717188013
2019-10-22,0.0033994966089903045
2019-10-23,-0.0058727807673163435
2019-10-24,0.0036354783444585426
2019-10-25,0.010187893512833224
2019-10-28,-0.0013447487897307875
2019-10-29,0.0020196515826393924
2019-10-30,0.03516270724801407
2019-10-31,0.0006489176363395632
2019-11-01,0.008864840201483482
2019-11-04,-0.010501403459850178
2019-11-05,0.008447149811860122
2019-11-06,-0.009665200363558113
2019-11-07,0.0026025892333159106
2019-11-08,0.0015141154546745028
2019-11-11,-0.0032395246769443276
2019-11-12,0.010617269893578918
2019-11-13,0.0006434329917417436
2019-11-14,-0.012641921645957122
2019-11-15,-0.009765607267151588
2019-11-18,0.0017533413700543399
2019-11-19,-0.002187955089853477
2019-11-20,0.003288716326500296
2019-11-21,0.007867211267476915
2019-11-22,-0.0013008308263160462
2019-11-25,0.007815696137040806
2019-11-26,0.015079812138871551
2019-11-27,0.00021211521487618512
2019-11-29,-0.01230610975313573
2019-12-02,-0.014822892289816814
2019-12-03,-0.016572338711421053
2019-12-04,0.010421505910990003
2019-12-05,0.009655385662281635
2019-12-06,0.007606957697033234
2019-12-09,-0.008196667313113304
2019-12-10,-0.0030450596214229853
2019-12-11,0.012652878875620166
2019-12-12,0.021542472891992404
2019-12-13,-0.008646292855949866
2019-12-16,0.0019146613183591565
2019-12-17,0.007431004854695722
2019-12-18,0.001896818303974701
2019-12-19,-0.007782974015010158
2019-12-20,0.01483995402803684
2019-12-23,-0.00104474614346739
2019-12-24,0.003555186936901489
2019-12-26,0.003750775018359853
2019-12-27,-0.0008303137474248157
2019-12-30,-0.0008311775914103814
2019-12-31,-0.0020794115635883736
2020-01-02,0.005834432365743103
2020-01-03,-0.007665098376866464
2020-01-06,-0.007724393284272435
2020-01-07,-0.009467952192576123
2020-01-08,0.00807167181054469
2020-01-09,0.0020074021411291554
2020-01-10,-0.002952461412358609
2020-01-13,0.010152183486662691
2020-01-14,-0.004187527143805991
2020-01-15,0.009461819748597167
2020-01-16,0.018537892767356068
2020-01-17,0.0038854076465997256
2020-01-21,0.0046851843526689585
2020-01-22,-0.000608176600274235
2020-01-23,0.002434440730344045
2020-01-24,-0.017405482380354886
2020-01-27,-0.012152281603244663
2020-01-28,0.016054920980154597
2020-01-29,-0.014980227804660906
2020-01-30,0.014374903961613894
2020-01-31,-0.02402938306916047
2020-02-03,0.014309494213686769
2020-02-04,0.01846481944614542
2020-02-05,0.016500336999121235
2020-02-06,-0.007414858007362746
2020-02-07,-0.014536878010249388
2020-02-10,0.01720995424519356
2020-02-11,-0.04269909688237339
2020-02-12,-0.009888395249322168
2020-02-13,-0.012112147935378403
2020-02-14,-0.01892889556600752
2020-02-18,-0.0013154764403767727
2020-02-19,-0.011415996224403258
2020-02-20,0.008216497977143078
2020-02-21,-0.004845449806438418
2020-02-24,-0.001770938655660026
2020-02-25,-0.017738214399457775
2020-02-26,0.0006771882120846229
2020-02-27,-0.02774658623577797
2020-02-28,-0.041299504358712436
2020-03-02,0.04912895904987846
2020-03-03,-0.004152172013440647
2020-03-04,0.04679165391868345
2020-03-05,-0.027660935259582464
2020-03-06,-0.04187535971602108
2020-03-09,-0.07268382866984746
2020-03-10,0.04559393908825582
2020-03-11,-0.03160187782295587
2020-03-12,-0.054388999694897966
2020-03-13,0.06447288021245168
2020-03-16,-0.116863646933971
2020-03-17,0.035572047015302255
2020-03-18,-0.07639450472930509
2020-03-19,-0.03064587169924393
2020-03-20,-0.09545729208428988
2020-03-23,-0.06582963511013906
2020-03-24,0.14856500861334276
2020-03-25,0.07906407242526958
2020-03-26,0.046307204804078905
2020-03-27,-0.029411682218417834
2020-03-30,0.01789300221858059
2020-03-31,-0.019846881662230254
2020-04-01,-0.03962960366172641
2020-04-02,-0.005723035730867965
2020-04-03,-0.018176098912070393
2020-04-06,0.09163794824518456
2020-04-07,0.057377526636230636
2020-04-08,0.056936578559587225
2020-04-09,0.024489244260025078
2020-04-13,-0.02378006725627735
2020-04-14,0.007612206114535169
2020-04-15,-0.03727041677681775
2020-04-16,0.022495634995940872
2020-04-17,0.023023885284098267
2020-04-20,-0.023505859414596042
2020-04-21,-0.015108816805356695
2020-04-22,0.020540895695736694
2020-04-23,0.010955089355747738
2020-04-24,0.009324649954977282
2020-04-27,0.036953705123391245
2020-04-28,0.004575018795618835
2020-04-29,-0.0052728872625371626
2020-04-30,-0.01108435357166404
2020-05-01,-0.024366498986544305
2020-05-04,-0.004995197624251713
2020-05-05,0.024598480799929545
2020-05-06,0.011513955783810648
2020-05-07,0.006296654236612964
2020-05-08,0.014200047229093071
2020-05-11,-0.014238507982584081
2020-05-12,-0.033461459740267485
2020-05-13,-0.0072230741566806644
2020-05-14,0.03838431733972869
2020-05-15,0.03213355382433791
2020-05-18,0.040027997350528866
2020-05-19,0.016430457108913332
2020-05-20,0.016828818554279534
2020-05-21,-0.021341360177847934
2020-05-22,-0.0026700344076503457
2020-05-26,0.043953343686107704
2020-05-27,0.005984168038303261
2020-05-28,-0.005098509982252364
2020-05-29,-0.003843900204371198
2020-06-01,0.0010716969253572461
2020-06-02,0.017130841550821785
2020-06-03,0.02231576780369937
2020-06-04,-0.015650695791960323
2020-06-05,0.017363900152812084
2020-06-08,-0.00658019602686688
2020-06-09,-0.009728913508557868
2020-06-10,-0.001672236006886041
2020-06-11,-0.04669167992672385
2020-06-12,0.005710549115635066
2020-06-15,0.02707997595352607
2020-06-16,0.027641896077262862
2020-06-17,0.0010346157108465093
2020-06-18,-0.002480442581629938
2020-06-19,0.004765945979800179
2020-06-22,0.014848207906463129
2020-06-23,-0.002235164178030158
2020-06-24,-0.027902309359565503
2020-06-25,0.020322831566101485
2020-06-26,-0.008213528170071038
2020-06-29,0.012008202873760254
2020-06-30,0.02720930762677498
2020-07-01,-0.011152878086094553
2020-07-02,0.009868949369215008
2020-07-06,0.003988819861561632
2020-07-07,-0.006356838414203869
2020-07-08,0.0033987765368634903
2020-07-09,-0.007292089908991772
2020-07-10,0.0022137933595378634
2020-07-13,0.003011951640587318
2020-07-14,0.021621428678156418
2020-07-15,0.0097983883483439
2020-07-16,0.01571897845106851
2020-07-17,0.018532738517509362
2020-07-20,0.0020633106912051336
2020-07-21,0.008985422091064343
2020-07-22,0.023191173616361915
2020-07-23,-0.015412643841318019
2020-07-24,-0.0036832509555758675
2020-07-27,0.033087021124989624
2020-07-28,-0.025228134203738706
2020-07-29,0.034141016856377826
2020-07-30,0.012247046350371438
2020-07-31,0.002279453163897216
2020-08-03,0.009797013215598227
2020-08-04,-0.007969348989284586
2020-08-05,-0.0029689390322577003
2020-08-06,0.005955341872008191
2020-08-07,0.012885393632238396
2020-08-10,0.0027506368006819937
2020-08-11,-0.019887111642383104
2020-08-12,0.018191480118346925
2020-08-13,0.00017181003366317782
2020-08-14,-0.004465866206477154
2020-08-17,0.0212215688601618
2020-08-18,-0.004899436165544668
2020-08-19,-0.006791188448826979
2020-08-20,-0.008546994613678804
2020-08-21,0.012068888481400197
2020-08-24,0.0063034119812366285
2020-08-25,0.0045708415867193875
2020-08-26,-0.0040445690081047925
2020-08-27,-0.0118443962204966
2020-08-28,0.0023973729007544797
2020-08-31,-0.004099770865575669
2020-09-01,0.018181827233631154
2020-09-02,0.007917651949240767
2020-09-03,-0.04462640085774505
2020-09-04,-0.01294611276405222
2020-09-08,-0.007444150863165966
2020-09-09,0.034821497721787775
2020-09-10,-0.004486601621616182
2020-09-11,0.01473390452566714
2020-09-14,0.014690810186742675
2020-09-15,-0.004208851746783426
2020-09-16,-0.0013523568982855005
2020-09-17,-0.025732314215193064
2020-09-18,0.002432781496508607
2020-09-21,-0.031201323735646214
2020-09-22,0.012345654282953866
2020-09-23,-0.04065032607101737
2020-09-24,0.003868704074655671
2020-09-25,0.009175981114008191
2020-09-28,0.031460214795773656
2020-09-29,-0.01057816090021424
2020-09-30,-0.017640721738564458
2020-10-01,0.00018140869265037551
2020-10-02,0.0027201856590253204
2020-10-05,0.01410750779311254
2020-10-06,-0.030676018483953738
2020-10-07,0.028334978787864618
2020-10-08,0.02852016030284199
2020-10-09,0.0022672212193208807
2020-10-12,0.0036541661200111264
2020-10-13,-0.01681716040170733
2020-10-14,0.002998028493778504
2020-10-15,0.010021050065911918
2020-10-16,0.00017393476654326
2020-10-19,-0.027671476801345962
2020-10-20,0.00554875724094539
2020-10-21,-0.0012461713745888225
2020-10-22,-0.011940858940149957
2020-10-23,-0.012265407089255942
2020-10-26,-0.01479175596446336
2020-10-27,-0.007043603228878426
2020-10-28,0.0037335866141832152
2020-10-29,0.0037194680364585064
2020-10-30,-0.006855689419850153
2020-11-02,0.021268636360093796
2020-11-03,0.022287125690590992
2020-11-04,0.024302862724945307
2020-11-05,0.0061062879122038005
2020-11-06,0.006936014065380469
2020-11-09,-0.07456513871950388
2020-11-10,-0.0031634093368407834
2020-11-11,0.020160580202973177
2020-11-12,-0.010430188416502228
2020-11-13,0.019785609121451442
2020-11-16,0.0025386658891153324
2020-11-17,0.00777706795770805
2020-11-18,-0.01238340247434977
2020-11-19,0.0038162651994659846
2020-11-20,-0.011585938861169653
2020-11-23,0.010989236576399497
2020-11-24,-0.010326262913635476
2020-11-25,-0.008603435802127746
2020-11-27,0.0014772269249350156
2020-11-30,-0.010509030322209179
2020-12-01,0.002981119550492517
2020-12-02,-0.03733948253774855
2020-12-03,0.004631239592680858
2020-12-04,-0.009027916588676521
2020-12-07,0.020158844802389275
2020-12-08,-0.009500205227820135
2020-12-09,0.03683094422291844
2020-12-10,0.0075856595826315765
2020-12-11,-0.0020199217123698654
2020-12-14,0.013063566791684966
2020-12-15,-0.005630310364539537
2020-12-16,-0.00438354587289691
2020-12-17,0.014125800584699144
2020-12-18,0.005607903872628217
2020-12-21,0.0032378132060488785
2020-12-22,0.015420491333811626
2020-12-23,-0.007063247580594845
2020-12-24,0.009959035819164352
2020-12-28,-0.024652369932227747
2020-12-29,-0.013359573494828414
2020-12-30,0.0021958968552850955
2020-12-31,0.0029211703862510596
2021-01-04,-0.022756230753488205
2021-01-05,-0.014716822178525213
2021-01-06,0.04367571551110605
2021-01-07,-0.00036347258606739263
2021-01-08,-0.01598826510841056
2021-01-11,0.031203668100130866
2021-01-12,0.011996529112779486
2021-01-13,-0.008138740036152892
2021-01-14,0.009810832611591547
2021-01-15,-0.009185635093622468
2021-01-19,0.005526950577246614
2021-01-20,0.03599294510128992
2021-01-21,-0.007017092973092831
2021-01-22,-0.008617547558097294
2021-01-25,0.0017384910408433374
2021-01-26,-0.04061097789828583
2021-01-27,-0.0166425303470219
2021-01-28,0.012141388411653242
2021-01-29,-0.012904448252188505
2021-02-01,0.014177790617057484
2021-02-02,0.005265031975627998
2021-02-03,0.0019868270076146555
2021-02-04,0.007930582732119218
2021-02-05,0.00894146296082754
2021-02-08,0.01612893790807135
2021-02-09,-0.018140618777657158
2021-02-10,-0.017942741796764583
2021-02-11,-0.0048841811145643454
2021-02-12,-0.0010906590969240737
2021-02-16,-0.02675163721181939
2021-02-17,0.013836935496624125
2021-02-18,-0.004979742665233267
2021-02-19,0.012048144862814691
2021-02-22,-0.004395547602086491
2021-02-23,-0.011589348436491398
2021-02-24,0.001488957893788001
2021-02-25,-0.016353726129636592
2021-02-26,0.00547889471206453
2021-03-01,0.02367511523416521
2021-03-02,-0.00899386468038843
2021-03-03,-0.014261972985349702
2021-03-04,-0.007140247005989142
2021-03-05,0.02744121454608983
2021-03-08,0.010314968204994557
2021-03-09,0.00929836021678243
2021-03-10,0.02655321045265735
2021-03-11,0.0038713502874021533
2021-03-12,-0.003681204481197242
2021-03-15,0.011259845605804175
2021-03-16,-0.009394700511847764
2021-03-17,0.0014051627450013537
2021-03-18,0.0014029016259911042
2021-03-19,0.0038528998152123073
2021-03-22,0.00819954065298778
2021-03-23,-0.01574664927088787
2021-03-24,0.007383979174634403
2021-03-25,0.012739949527774241
2021-03-26,0.03480954411829629
2021-03-29,0.0013322517032376968
2021-03-30,-0.0019956501454525544
2021-03-31,-0.0018330670193473786
2021-04-01,0.018196902651058
2021-04-05,0.013281016105756827
2021-04-06,0.010194192256341772
2021-04-07,-0.021303918551529688
2021-04-08,0.0068741242172774
2021-04-09,0.023731819416017652
2021-04-12,0.0033344637303376334
2021-04-13,-0.006329990343363234
2021-04-14,-0.00493719731791864
2021-04-15,0.011683791435848079
2021-04-16,0.021831933843700524
2021-04-19,-0.000619112586131565
2021-04-20,-0.016266614565847437
2021-04-21,0.008661473083217519
2021-04-22,0.0003123271379754655
2021-04-23,0.01061329585633497
2021-04-26,-0.020849357479523545
2021-04-27,0.0026812500292818786
2021-04-28,0.006607096861406703
2021-04-29,0.014845805315841565
2021-04-30,-0.016322475717574503
2021-05-03,0.019724256681802332
2021-05-04,0.006140752040726616
2021-05-05,-0.00030528956022379816
2021-05-06,0.008089243807356539
2021-05-07,0.012263323993024988
2021-05-10,0.003739113329478183
2021-05-11,-0.03605999195677856
2021-05-12,-0.03972814170344585
2021-05-13,0.026561733358729134
2021-05-14,0.00595884760031673
2021-05-17,-0.0053001267940300245
2021-05-18,-0.03385037756963716
2021-05-19,-0.00340639852052127
2021-05-20,-0.0034180417328231183
2021-05-21,-0.009145702613302387
2021-05-24,-0.00032986323017769603
2021-05-25,0.0065954282508338125
2021-05-26,0.0016380365051031909
2021-05-27,-0.007305339975962166
2021-05-28,-0.0026459542854020413
2021-06-01,0.005140090147826681
2021-06-02,-0.020290480541855005
2021-06-03,-0.005051149846557745
2021-06-04,0.011676986684231894
2021-06-07,-0.009033179174609995
2021-06-08,-0.0010126352909052283
2021-06-09,-0.013011217083683246
2021-06-10,0.0006847299728092171
2021-06-11,0.005132663893340661
2021-06-14,0.0017021980277334148
2021-06-15,0.010195274179383595
2021-06-16,-0.009083252246445572
2021-06-17,0.0035647399439926453
2021-06-18,-0.021312605291448072
2021-06-21,0.012444004642636619
2021-06-22,-0.0022193351339167
2021-06-23,-0.011976051693378342
2021-06-24,-0.0025974390105308887
2021-06-25,0.006597196036502551
2021-06-28,0.0022422312930261423
2021-06-29,0.0005161987685629033
2021-06-30,0.0132439625336489
2021-07-01,-0.0015277755880436228
2021-07-02,-0.001529973521355088
2021-07-06,-0.01328123163149808
2021-07-07,0.00880081361784435
2021-07-08,-0.01625053628913853
2021-07-09,0.01634497421162817
2021-07-12,0.0035927944148741453
2021-07-13,-0.00511414918578057
2021-07-14,0.001542103278457052
2021-07-15,0.0022242715378881783
2021-07-16,0.009559592287756047
2021-07-19,-0.0010146253085535628
2021-07-20,0.0008462755078226802
2021-07-21,0.006257324195503511
2021-07-22,-0.009243597066748266
2021-07-23,0.01407966927629789
2021-07-26,-0.0076948973079890015
2021-07-27,0.006574534005074462
2021-07-28,-0.001004802043879871
2021-07-29,-0.016596908319612136
2021-07-30,0.017899802385262564
2021-08-02,-0.006196543106551378
2021-08-03,0.01668340466808438
2021-08-04,-0.006298597270562478
2021-08-05,0.009007494706131158
2021-08-06,-0.0009918453854426135
2021-08-09,-0.020685060263135657
2021-08-10,0.013687037886172426
2021-08-11,0.03267199475192917
2021-08-12,0.007858745443980908
2021-08-13,0.006430762980826232
2021-08-16,0.005271654767631251
2021-08-17,-0.025583985386565034
2021-08-18,-0.02299408564991623
2021-08-19,0.0013353691317408156
2021-08-20,0.012335401722574968
2021-08-23,0.0021405316462557167
2021-08-24,0.00558664554386179
2021-08-25,0.011764660235429769
2021-08-26,-0.0033915480203395854
2021-08-27,0.004537430902416872
2021-08-30,-0.0012904303812182327
2021-08-31,-0.01922163196064841
2021-09-01,0.008399222911240178
2021-09-02,0.008819239916169064
2021-09-03,-0.009389687231134869
2021-09-07,-0.03562672796445132
2021-09-08,-0.014065420965999054
2021-09-09,0.02165691519193591
2021-09-10,0.00168246191696797
2021-09-13,0.005374463866957058
2021-09-14,-0.015035024843731981
2021-09-15,-0.008310810580915207
2021-09-16,-0.005643875410701105
2021-09-17,-0.015651987399261102
2021-09-20,-0.007338685868318984
2021-09-21,-0.010385544007654568
2021-09-22,0.005158206331020487
2021-09-23,0.002831499858146014
2021-09-24,-0.010411128726561802
2021-09-27,0.0005348263500750683
2021-09-28,-0.018891255382069483
2021-09-29,0.01162555913993124
2021-09-30,-0.002513776367855547
2021-10-01,0.005940620474795599
2021-10-04,0.001968634747040676
2021-10-05,-0.002143328826873292
2021-10-06,0.004832555130354299
2021-10-07,0.017456260352279873
2021-10-08,-0.0043767424561865775
2021-10-11,-0.002109875806870165
2021-10-12,-0.00176228399161793
2021-10-13,0.0028244298365651677
2021-10-14,0.03080437447945994
2021-10-15,0.012124450114477714
2021-10-18,0.014003649768395965
2021-10-19,-0.004159861687630273
2021-10-20,0.012531441643877983
2021-10-21,0.008910789617281978
2021-10-22,-0.002126110899808742
2021-10-25,0.00819536106649199
2021-10-26,-0.006990780284922615
2021-10-27,0.05206296107575836
2021-10-28,0.019296603328138096
2021-10-29,0.0007634947143850823
2021-11-01,-0.013882691766718636
2021-11-02,-0.00850884871117008
2021-11-03,0.0010924088032524537
2021-11-04,0.007948889630646105
2021-11-05,-0.0077316076380526955
2021-11-08,-0.001870046833792105
2021-11-09,0.026073358855192907
2021-11-10,-0.015957790096219115
2021-11-11,0.002172524034472989
2021-11-12,0.03298245161882063
2021-11-15,0.007944865309518878
2021-11-16,0.018441404214964985
2021-11-17,-0.005695159361761903
2021-11-18,-0.0049933770128754995
2021-11-19,-0.0022142655688026647
2021-11-22,0.010059628302231838
2021-11-23,-0.0008789146983740892
2021-11-24,0.002345096809019065
2021-11-26,-0.01901141342237178
2021-11-29,0.003875994685079931
2021-11-30,-0.02138392958829738
2021-12-01,-0.003490037863682627
2021-12-02,0.028475786915388435
2021-12-03,0.018063289190384246
2021-12-06,-0.0039268248866769495
2021-12-07,0.0016061554002702039
2021-12-08,0.003644121125162769
2021-12-09,-0.005954884299163021
2021-12-10,0.003945126225024964
2021-12-13,-0.006112536357639864
2021-12-14,-0.0021966966098722063
2021-12-15,0.017023937035913095
2021-12-16,-0.007936438792257028
2021-12-17,-0.03316373243343662
2021-12-20,-0.026026830869511186
2021-12-21,0.025332150550047228
2021-12-22,0.016119291557959547
2021-12-23,0.008154359597061234
2021-12-27,0.017940855534109845
2021-12-28,0.005056309761384048
2021-12-29,0.009486978405294
2021-12-30,-0.00783145981003841
2021-12-31,0.007750074527828499
2022-01-03,-0.011393086463761692
2022-01-04,0.011380059650467622
2022-01-05,-0.026919217537370477
2022-01-06,0.004830395768583573
2022-01-07,-0.0230155761818156
2022-01-10,-0.006858373155860686
2022-01-11,0.013061117401480304
2022-01-12,0.012448086875387565
2022-01-13,-0.0026347830412069007
2022-01-14,-0.012620991353657351
2022-01-18,-0.02051132177862125
2022-01-19,-0.004704206306866521
2022-01-20,-0.0068606870899630135
2022-01-21,-0.013509298147885485
2022-01-24,0.011515562000067314
2022-01-25,-0.02399984435450897
2022-01-26,-0.01733938901335197
2022-01-27,-0.012511786240058331
2022-01-28,0.016893863121240527
2022-01-31,0.011661466168916945
2022-02-01,0.0004737097223541653
2022-02-02,0.004419175863652258
2022-02-03,-0.015870562719892067
2022-02-04,-0.018681102017295892
2022-02-07,-0.018548672509982156
2022-02-08,-0.019396576210718663
2022-02-09,0.0240068393525954
2022-02-10,-0.03797266217789308
2022-02-11,-0.009267216287763391
2022-02-14,-0.008314437259747676
2022-02-15,0.013624470005309197
2022-02-16,0.011200998574980803
2022-02-17,-0.015848621069232904
2022-02-18,-0.003290094333791571
2022-02-22,-0.028665775989083375
2022-02-23,-0.014845111633841501
2022-02-24,0.01003634369577866
2022-02-25,0.023125676309166288
2022-02-28,-0.010418543528208701
2022-03-01,-0.02605275443409305
2022-03-02,0.029864310124151805
2022-03-03,-0.00836127030251499
2022-03-04,-0.016326024774542702
2022-03-07,-0.05289067494815991
2022-03-08,0.010591176010382952
2022-03-09,0.031059493218803524
2022-03-10,-0.004805233273549536
2022-03-11,-0.002228317151371839
2022-03-14,0.007072511981339069
2022-03-15,0.028460260384042035
2022-03-16,0.008445628961635032
2022-03-17,0.014433555885759342
2022-03-18,0.008255738027019621
2022-03-21,-0.026480905467409332
2022-03-22,-0.012168922146629235
2022-03-23,-0.033333306373502514
2022-03-24,-0.008245980948544562
2022-03-25,-0.011715642968355588
2022-03-28,0.01166354337168718
2022-03-29,0.03761086385205581
2022-03-30,-0.02823303625125817
2022-03-31,-0.04404888400004592
2022-04-01,0.010784470470753593
2022-04-04,0.007953279913078815
2022-04-05,-0.022709706486959913
2022-04-06,-0.00039395891301863273
2022-04-07,-0.00196993122311806
2022-04-08,0.00019756621813149522
2022-04-11,-0.01046013022536929
2022-04-12,-0.009373576598364464
2022-04-13,0.015703666539466976
2022-04-14,-0.02101084693178712
2022-04-18,-0.004454439619153039
2022-04-19,0.03762446473426628
2022-04-20,0.016464224548268902
2022-04-21,0.005784831744792385
2022-04-22,-0.023581426871789768
2022-04-25,0.025329097366408204
2022-04-26,0.009766245870787227
2022-04-27,0.04115299760797275
2022-04-28,0.002914561087755896
2022-04-29,-0.043044041978804515
2022-05-02,0.004365025750162399
2022-05-03,0.018329635245665665
2022-05-04,0.03562826618674486
2022-05-05,-0.03171478733785105
2022-05-06,-0.018134727283993013
2022-05-09,0.013192391742598675
2022-05-10,-0.010788570828052402
2022-05-11,-0.015419244554324418
2022-05-12,0.042016869255710576
2022-05-13,0.01484594425147856
2022-05-16,-0.0012642234298491095
2022-05-17,0.016455708280000536
2022-05-18,-0.033623934614603446
2022-05-19,-0.006259198715568237
2022-05-20,0.005742904208763777
2022-05-23,0.00884125329099561
2022-05-24,-0.00401658923531556
2022-05-25,0.021998117308411835
2022-05-26,0.02956538856962232
2022-05-27,0.012782397866682338
2022-05-31,-0.019882322500358485
2022-06-01,-0.017992674508277573
2022-06-02,0.02119637280250375
2022-06-03,-0.009147005460116375
2022-06-06,0.011894297729729164
2022-06-07,0.0022806451014130147
2022-06-08,-0.013302978845706193
2022-06-09,0.0058543466912301945
2022-06-10,-0.03492071089091131
2022-06-13,-0.04459069161120899
2022-06-14,-0.020466696575389465
2022-06-15,-0.005077086020897403
2022-06-16,-0.06359193482294512
2022-06-17,-0.001886174562222398
2022-06-21,-0.007559973388975072
2022-06-22,0.0014813350164406547
2022-06-23,0.04648194375345405
2022-06-24,0.045830865282112
2022-06-27,-0.0021235353577719884
2022-06-28,-0.008705733731095178
2022-06-29,-0.015417634930214863
2022-06-30,0.002973209972548352
2022-07-01,0.019960512493217397
2022-07-05,0.020344839592977948
2022-07-06,-0.004747412895015457
2022-07-07,0.0007632000867914268
2022-07-08,0.002097295897268925
2022-07-11,0.002853928421523655
2022-07-12,0.00189717892412955
2022-07-13,0.007006032819769192
2022-07-14,-0.002068430663377807
2022-07-15,0.009986925570105942
2022-07-18,-0.0100746429178733
2022-07-19,0.023746714698992033
2022-07-20,0.008836596234393701
2022-07-21,0.027372271783451918
2022-07-22,0.00017752718192198813
2022-07-25,-0.015982929434462223
2022-07-26,-0.005414201856172807
2022-07-27,-0.021593192918481496
2022-07-28,0.025222570596775018
2022-07-29,0.0018090511583654934
2022-08-01,-0.0063200995675276594
2022-08-02,-0.03270938742658347
2022-08-03,-0.018786532804341616
2022-08-04,0.012636394935916506
2022-08-05,-0.0032141446798789053
2022-08-08,0.004931822352978399
2022-08-09,-0.033597656965484
2022-08-10,0.04785159515833581
2022-08-11,0.02604448462918585
2022-08-12,0.014974488525210106
2022-08-15,-0.0025190382466360184
2022-08-16,0.010822800508413222
2022-08-17,0.004461163582831995
2022-08-18,0.0
2022-08-19,-0.016166362681155788
2022-08-22,-0.043156455025169294
2022-08-23,-0.011888893058488503
2022-08-24,0.0032467661999961983
2022-08-25,0.01446772421060838
2022-08-26,-0.04278471056228794
2022-08-29,-0.004312703021782327
2022-08-30,0.0053158745004675545
2022-08-31,-0.003721081291338524
2022-09-01,-0.001965965694668559
2022-09-02,-0.017923827590127672
2022-09-06,-0.012033852284602187
2022-09-07,0.03227786571279845
2022-09-08,0.006489646199493215
2022-09-09,0.021492752639194812
2022-09-12,0.008033747718606543
2022-09-13,-0.062049420639984976
2022-09-14,-0.015982243937801788
2022-09-15,0.00719597723002785
2022-09-16,-0.004491019437140031
2022-09-19,0.012917953160053841
2022-09-20,-0.02166005004609639
2022-09-21,-0.014897543851949524
2022-09-22,-0.021214143718759182
2022-09-23,0.0032190347964549115
2022-09-26,-0.024599047106905858
2022-09-27,0.006359717571805312
2022-09-28,0.06472013441272728
2022-09-29,-0.03233738196026814
2022-09-30,-0.012478785970387096
2022-10-03,0.039408844955206135
2022-10-04,0.036678298364429596
2022-10-05,-0.007950677389792604
2022-10-06,0.013424161720332561
2022-10-07,-0.03875052240533128
2022-10-10,0.00678738265826917
2022-10-11,-0.0034731098654129378
2022-10-12,-0.007379974429133518
2022-10-13,0.0037173802085304075
2022-10-14,-0.0351852277391862
2022-10-17,0.019620467347769344
2022-10-18,0.017778950388887216
2022-10-19,-0.04747245014120116
2022-10-20,-0.03624607053492723
2022-10-21,0.038504881772584376
2022-10-24,0.014873842949503224
2022-10-25,0.026762889937146817
2022-10-26,-0.057302389605822124
2022-10-27,0.009874760956928741
2022-10-28,0.023468090030074995
2022-10-31,-0.01762186377513253
2022-11-01,-0.013183632666945555
2022-11-02,-0.03372748892097266
2022-11-03,-0.027425261918244126
2022-11-04,0.014914922665010932
2022-11-07,0.023421359488031923
2022-11-08,0.021763470214438696
2022-11-09,-0.004639739002441523
2022-11-10,0.1138733991037082
2022-11-11,0.018333925687092467
2022-11-14,-0.027005688677329553
2022-11-15,0.024537292919163844
2022-11-16,-0.011778561076660532
2022-11-17,-0.02522838023447216
2022-11-18,0.017525916798720065
2022-11-21,-0.007009899178674783
2022-11-22,0.013715169024613116
2022-11-23,0.008356728290709547
2022-11-25,0.004932983491545251
2022-11-28,-0.022580116139750306
2022-11-29,0.001808103034924624
2022-11-30,0.018247182339726775
2022-12-01,0.01929893764206847
2022-12-02,-0.016228793013891574
2022-12-05,-0.02965418750482207
2022-12-06,-0.020036453863447767
2022-12-07,0.010326378196520603
2022-12-08,0.014922164637734436
2022-12-09,-0.006646400371059125
2022-12-12,0.006893815569062323
2022-12-13,0.035440886792776016
2022-12-14,-0.02489315233909495
2022-12-15,-0.03191046243403761
2022-12-16,-0.02307403286269749
2022-12-19,-0.009700427912014309
2022-12-20,-0.009156695709928053
2022-12-21,0.012679962654105204
2022-12-22,-0.004032259089486789
2022-12-23,0.004261779338601057
2022-12-27,0.0027582526266298757
2022-12-28,-0.023698724395725845
2022-12-29,0.023623796251668994
2022-12-30,-0.011856846470398308
2023-01-03,0.01607008562231682
2023-01-04,0.02762560022523819
2023-01-05,-0.012107422310741023
2023-01-06,0.03157466178032209
2023-01-09,0.01409578075263096
2023-01-10,0.008935601828758077
2023-01-11,0.01731949071128147
2023-01-12,0.0034821971387173356
2023-01-13,0.0025063513168388507
2023-01-17,-0.020576833127104344
2023-01-18,-0.010602871227488486
2023-01-19,-0.0426671934035554
2023-01-20,0.03938624111790556
2023-01-23,0.019744741462802473
2023-01-24,-0.00019544843312124804
2023-01-25,0.003912232043501662
2023-01-26,-0.014419206543376695
2023-01-27,0.009094467613110169
2023-01-30,-0.012539125365909287
2023-01-31,0.055555595163886196
2023-02-01,0.021616491627453716
2023-02-02,0.043054201963614425
2023-02-03,-0.022931671776397433
2023-02-06,-0.019317481657762814
2023-02-07,0.0034976440313156942
2023-02-08,-0.007154821519119059
2023-02-09,-0.0022170588637132616
2023-02-10,0.01962966717245984
2023-02-13,0.027242891814029502
2023-02-14,-0.019978906561970766
2023-02-15,0.013350274355240055
2023-02-16,-0.006409071756470097
2023-02-17,-0.013976037726130763
2023-02-21,-0.03997809228779747
2023-02-22,0.009610840790810649
2023-02-23,0.004335368501831471
2023-02-24,-0.015014903107442468
2023-02-27,-0.0007621893546821967
2023-02-28,-0.00019067375153181132
2023-03-01,-0.015639971416204324
2023-03-02,0.00910663605602191
2023-03-03,0.01574515809701804
2023-03-06,-0.01814753630614485
2023-03-07,-0.015594858304597059
2023-03-08,0.00430276417765918
2023-03-09,-0.005842408399272081
2023-03-10,-0.01860901116627789
2023-03-13,0.0029939298672345682
2023-03-14,0.008358264909298363
2023-03-15,-0.010065149334223866
2023-03-16,0.005582174345257096
2023-03-17,-0.022204589160464083
2023-03-20,0.016423293752072743
2023-03-21,0.023339202010886906
2023-03-22,-0.04132546278972882
2023-03-23,-0.015860108393757955
2023-03-24,-0.007024781963143489
2023-03-27,-0.006450160293485774
2023-03-28,0.0056543449814070446
2023-03-29,0.015410254444675697
2023-03-30,-0.006767689987172476
2023-03-31,0.026636322236724297
2023-04-03,0.0038214706783910035
2023-04-04,-0.02744949709126221
2023-04-05,-0.023897880817868367
2023-04-06,-0.00717601171615645
2023-04-10,0.00999152705269335
2023-04-11,0.020627206147357136
2023-04-12,-0.00206222444097115
2023-04-13,0.007852761682678677
2023-04-14,-0.0026656142519576598
2023-04-17,0.01541947703047275
2023-04-18,0.013565658685306792
2023-04-19,0.004194914097982894
2023-04-20,0.01452153228537445
2023-04-21,-0.004117596494074838
2023-04-24,0.004725147336389401
2023-04-25,-0.015480916446348303
2023-04-26,0.012141765935934412
2023-04-27,0.04011784404375063
2023-04-28,0.011722392553744632
2023-05-01,-0.0028032120502942126
2023-05-02,-0.0005620844738619679
2023-05-03,0.008062887004093522
2023-05-04,-0.019159175586910937
2023-05-05,0.01365443888438378
2023-05-08,0.008419075958085775
2023-05-09,-0.0025974200110524537
2023-05-10,-0.009672473021365535
2023-05-11,-0.012396711782753589
2023-05-12,-0.011030915276489583
2023-05-15,0.0071153886392345544
2023-05-16,-0.017758334095379746
2023-05-17,0.02741066177838558
2023-05-18,0.014191094466464937
2023-05-19,-0.019589609392439034
2023-05-22,-0.00951471500136547
2023-05-23,-0.0178672828389721
2023-05-24,-0.016432032831750987
2023-05-25,0.0047004957251133295
2023-05-26,0.0107505691406109
2023-05-30,-0.015363347794995152
2023-05-31,-0.0334067343301746
2023-06-01,0.015314633325603122
2023-06-02,0.04912355734062235
2023-06-05,-0.011268758505671439
2023-06-06,0.04244433828629135
2023-06-07,0.03393030084614179
2023-06-08,-0.0036462729399281413
2023-06-09,-0.012625793912241834
2023-06-12,0.021868072701664465
2023-06-13,0.014327142666051396
2023-06-14,-0.011442947739596199
2023-06-15,0.013203212482003623
2023-06-16,-0.009282365373596946
2023-06-20,0.009189199226213196
2023-06-21,0.0028565625755407886
2023-06-22,-0.013886436372572808
2023-06-23,-0.002346985612630359
2023-06-26,0.0036192194184283544
2023-06-27,0.02776782036938097
2023-06-28,-0.003684271776868364
2023-06-29,0.009684918917588492
2023-06-30,0.0006975589568154472
2023-07-03,-0.00923672946972931
2023-07-05,-0.012313055243204474
2023-07-06,-0.016919013828234908
2023-07-07,0.0001812578133455478
2023-07-10,0.02970465980591186
2023-07-11,0.016183045248739925
2023-07-12,0.021464396113642037
2023-07-13,0.017793621928056558
2023-07-14,-0.0013320672273857692
2023-07-17,0.008169415961706061
2023-07-18,0.005126420025203027
2023-07-19,-0.00345501166709572
2023-07-20,-0.014033344095970124
2023-07-21,-0.008037509700932866
2023-07-24,0.002363285118948788
2023-07-25,0.019871963879916743
2023-07-26,0.017338270054964466
2023-07-27,0.006492260935542671
2023-07-28,-0.012255932150183613
2023-07-31,-0.009306018968399665
2023-08-01,0.012689315854900185
2023-08-02,-0.014808670603317142
2023-08-03,-0.020152016858296484
2023-08-04,0.0010114800590459438
2023-08-07,0.01246202719977929
2023-08-08,-0.00499003752625915
2023-08-09,-0.008191201161651174
2023-08-10,-0.003980018449279532
2023-08-11,-0.0032307343111908082
2023-08-14,0.010576686203592311
2023-08-15,-0.0038825427988787853
2023-08-16,-0.01728523145695704
2023-08-17,-0.026556318854446315
2023-08-18,0.00602303839158802
2023-08-21,-0.011621692423533059
2023-08-22,-0.00035647681336048453
2023-08-23,0.016574729568930024
2023-08-24,-0.008765746613005665
2023-08-25,0.002122308403234907
2023-08-28,0.002470886736113842
2023-08-29,0.027288689947652545
2023-08-30,0.00805491530382052
2023-08-31,0.0032301848050242388
2023-09-01,0.012031839586126747
2023-09-05,-0.04085732188635505
2023-09-06,0.006983173921251806
2023-09-07,-0.01664344819895014
2023-09-08,-0.008639024108058613
2023-09-11,0.007291494726019865
2023-09-12,-0.014124299076767266
2023-09-13,-0.00644695163139597
2023-09-14,0.0072097369589518845
2023-09-15,-0.021653562686735905
2023-09-18,0.006402213116386113
2023-09-19,0.007997065511973878
2023-09-20,-0.016047631335548762
2023-09-21,-0.017958641463870273
2023-09-22,-0.0093301390850139
2023-09-25,0.0035788928147766352
2023-09-26,-0.012199538076530403
2023-09-27,0.011020086320699507
2023-09-28,0.020860871325392827
2023-09-29,-0.01601620877771459
2023-10-02,-0.016276903055302938
2023-10-03,-0.01768726080029348
2023-10-04,0.012390990453773787
2023-10-05,-0.0013386923108832383
2023-10-06,-0.00038301773123772254
2023-10-09,0.0001915822450158089
2023-10-10,0.008044611974253657
2023-10-11,0.019000424308937447
2023-10-12,-0.03747889987900077
2023-10-13,-0.009686284328268902
2023-10-16,0.027386550312703983
2023-10-17,0.0005711699961723493
2023-10-18,-0.03349180471783009
2023-10-19,-0.013191657595303496
2023-10-20,-0.004788320993911022
2023-10-23,-0.002005087559113883
2023-10-24,-0.012856463769525428
2023-10-25,-0.016483533618986135
2023-10-26,0.06621140335643072
2023-10-27,-0.009508977964643894
2023-10-30,0.015478050121218834
2023-10-31,0.005016393917400608
2023-11-01,0.011902352415514628
2023-11-02,0.022007398595098815
2023-11-03,0.022646995941310033
2023-11-06,-0.008168365755504836
2023-11-07,0.010065835045899751
2023-11-08,0.02228668634338904
2023-11-09,-0.011490078833188866
2023-11-10,0.012254365935361111
2023-11-13,-0.009791751105015623
2023-11-14,0.06238763339454145
2023-11-15,0.0025385971908300498
2023-11-16,0.0021943969028446197
2023-11-17,0.012464145841450947
2023-11-20,0.0009982600693825283
2023-11-21,-0.018780191082591435
2023-11-22,0.004065076183343397
2023-11-24,-0.0015182235966110236
2023-11-27,0.009967873970478491
2023-11-28,-0.0048510350812882574
2023-11-29,0.014792354791491213
2023-11-30,0.0029814936014911364
2023-12-01,0.026589735636159073
2023-12-04,0.004504470222990609
2023-12-05,-0.0025624405474220513
2023-12-06,0.018465029164229874
2023-12-07,-0.0006306116174550347
2023-12-08,0.009622972571160737
2023-12-11,-0.00031265033468796943
2023-12-12,0.005626777349434731
2023-12-13,0.03061849569114372
2023-12-14,0.04539294266476723
2023-12-15,-0.00980944878123835
2023-12-18,-0.010052555943572017
2023-12-19,0.002207704676432831
2023-12-20,-0.015565483236933408
2023-12-21,0.005071589754786832
2023-12-22,-0.002374689934287799
2023-12-26,0.0007438933855954399
2023-12-27,0.00014878432166609556
2023-12-28,-0.0016351056449788182
2023-12-29,-0.002828433292185961
2024-01-02,-0.006121430950443374
2024-01-03,-0.034550101691013246
2024-01-04,-0.000622248009478521
2024-01-05,0.01245526538732511
2024-01-08,0.027371801993798517
2024-01-09,0.0061367744400078195
2024-01-10,0.014281706085454982
2024-01-11,-0.0008801026947038437
2024-01-12,-0.012331143535470379
2024-01-16,0.0026752787576775905
2024-01-17,-0.002371642018713538
2024-01-18,0.013372883019950876
2024-01-19,-0.002052856261996916
2024-01-22,0.014399209383084255
2024-01-23,-0.029113687069627803
2024-01-24,-0.023273160122458614
2024-01-25,0.026118919011883346
2024-01-26,0.0010417214685876086
2024-01-29,0.01695180906966076
2024-01-30,0.001754915111455313
2024-01-31,-0.017807737157913728
2024-02-01,0.027195728928643748
2024-02-02,-0.006510550415333105
2024-02-05,-0.00990241401231895
2024-02-06,0.0116193683894803
2024-02-07,0.024134938744355683
2024-02-08,0.0408858824323437
2024-02-09,-0.009683704955100292
2024-02-12,0.008814254519797116
2024-02-13,-0.01064835719691759
2024-02-14,0.013798653830923824
2024-02-15,0.0001362286896555709
2024-02-16,-0.004354999789832004
2024-02-20,0.011071660652906212
2024-02-21,-0.0012214703945386818
2024-02-22,0.010055718693888993
2024-02-23,0.008206644092518811
2024-02-26,0.004937181474677477
2024-02-27,0.0175277386270698
2024-02-28,0.0009133351093191244
2024-02-29,0.000782318385913916
2024-03-01,0.010943185518292209
2024-03-04,0.0036081759224892984
2024-03-05,-0.01643538879035278
2024-03-06,-0.0023499171057106416
2024-03-07,0.00942160505453482
2024-03-08,-0.0033706086319810202
2024-03-11,-0.022372434633472604
2024-03-12,0.0053219038894583015
2024-03-13,-0.0062201031904429716
2024-03-14,-0.015581359624260771
2024-03-15,0.0032467491415828498
2024-03-18,-0.003775545505358524
2024-03-19,0.020032388078378593
2024-03-20,0.011544494154785978
2024-03-21,0.025580680612074413
2024-03-22,-0.013814256171300276
2024-03-25,-0.014137472925325523
2024-03-26,0.0076304448869277675
2024-03-27,0.01645126419505516
2024-03-28,0.013230513048927861
2024-04-01,-0.015086081555582997
2024-04-02,-0.0065645676558497845
2024-04-03,0.009328728357917315
2024-04-04,-0.01694478041433456
2024-04-05,0.004178699353128534
2024-04-08,0.00286083765845202
2024-04-09,-0.00505697172713282
2024-04-10,-0.03570966713109647
2024-04-11,-0.006892840540850043
2024-04-12,0.0009525947634105858
2024-04-15,-0.006662240915941919
2024-04-16,-0.006843699981642359
2024-04-17,-0.0027563006447970384
2024-04-18,-0.0019346786026742668
2024-04-19,-0.004292389353502624
2024-04-22,0.0015295705234148471
2024-04-23,0.013746192052389361
2024-04-24,-0.0447883572737755
2024-04-25,0.0018639618335667407
2024-04-26,-0.00028615266350495716
2024-04-29,0.003149583822517066
2024-04-30,-0.02311987608397348
2024-05-01,0.0018994315132221384
2024-05-02,0.005832748067259086
2024-05-03,0.00840797744473809
2024-05-06,0.009632026210021793
2024-05-07,0.006407482434763523
2024-05-08,-0.00014149175061217711
2024-05-09,0.019386010833806422
2024-05-10,0.0037478317390589044
2024-05-13,-0.021020651306714044
2024-05-14,0.004379098493902944
2024-05-15,0.015471277377244297
2024-05-16,-0.025761902244794688
2024-05-17,-0.0025587194444075534
2024-05-20,-0.008979601623983702
2024-05-21,0.005321446510416994
2024-05-22,-0.009299033081069275
2024-05-23,-0.0031903691925011524
2024-05-24,0.005237302838120073
2024-05-28,-0.023444344235752257
2024-05-29,-0.002222793082779173
2024-05-30,0.015594559874373637
2024-05-31,0.02252133308651927
2024-06-03,-0.01744854190414369
2024-06-04,-0.02125189286366269
2024-06-05,0.007733779963249976
2024-06-06,-0.009445176437892111
2024-06-07,-0.016239614509065303
2024-06-10,0.01681062855999116
2024-06-11,0.000893434848048491
2024-06-12,0.026488268467084186
2024-06-13,0.021310447054003312
2024-06-14,-0.018594682383228367
2024-06-17,0.00549597491323528
2024-06-18,-0.0018698397415694012
2024-06-20,-0.016573157884441803
2024-06-21,-0.005861585565032912
2024-06-24,0.003685148621256129
2024-06-25,-0.03833152047684907
2024-06-26,0.012828263637151949
2024-06-27,0.00120632636607243
2024-06-28,0.00406608099993111
2024-07-01,-0.029398389623679022
2024-07-02,0.0006180501569306163
2024-07-03,0.00046338606263840454
2024-07-05,-0.0012349442344464778
2024-07-08,0.01684697264748758
2024-07-09,-0.002583814524628636
2024-07-10,0.008076824746708233
2024-07-11,0.0464094928769303
2024-07-12,0.021814510273561183
2024-07-15,-0.0021207668140128533
2024-07-16,0.05270635625065179
2024-07-17,-0.015074275825446737
2024-07-18,0.0035529624359780243
2024-07-19,-0.009667592801075653
2024-07-22,0.0015122838269130412
2024-07-23,-0.021554106639603554
2024-07-24,-0.009681502793676633
2024-07-25,0.0745254699366582
2024-07-26,0.021228888592310424
2024-07-29,0.003098711015129929
2024-07-30,0.008109251063323386
2024-07-31,-0.006001226389234393
2024-08-01,-0.021066047803919297
2024-08-02,-0.012513168019707921
2024-08-05,-0.02067497920217143
2024-08-06,0.006537766324210326
2024-08-07,-0.02368060396978311
2024-08-08,0.009840586166571796
2024-08-09,-0.005764460117132275
2024-08-12,-0.0034511251834969947
2024-08-13,0.02812031975984075
2024-08-14,0.017111101556767094
2024-08-15,0.013909285302831975
2024-08-16,-0.006140640348761717
2024-08-19,0.009202052999283117
2024-08-20,-0.004038084119204144
2024-08-21,0.024326536023746792
2024-08-22,-0.007405607532692704
2024-08-23,0.03781834033514686
2024-08-26,-0.0008675584287529681
2024-08-27,-0.019352357721816094
2024-08-28,-0.0030361681589304856
2024-08-29,0.0006345144694690497
2024-08-30,0.008876491870735581
2024-09-03,-0.015711478514991883
2024-09-04,-0.002170748656195043
2024-09-05,-0.011517903510773864
2024-09-06,-0.0002589847138999568
2024-09-09,0.0012950589045179761
2024-09-10,0.01306264772661514
2024-09-11,-0.004085303697981102
2024-09-12,0.011665164148835006
2024-09-13,0.016345638535985696
2024-09-16,0.010347921067083377
2024-09-17,0.0025912085778938554
2024-09-18,0.005415511253627825
2024-09-19,0.018974113251262636
2024-09-20,-0.013575166325931476
2024-09-23,0.004993212588357165
2024-09-24,0.0064226992864946375
2024-09-25,-0.008910393123474414
2024-09-26,0.01020547533072902
2024-09-27,0.005051094969189984
2024-09-30,0.0044274284773879735
2024-10-01,-0.0014296007905837405
2024-10-02,-0.006680929369753397
2024-10-03,-0.0012011101847611005
2024-10-04,-0.009499651628029238
2024-10-07,0.005584542144931426
2024-10-08,0.004587595842320935
2024-10-09,0.009253725744220231
2024-10-10,-0.010478745656588684
2024-10-11,0.004693098332845924
2024-10-14,0.015810369224191545
2024-10-15,0.0037730705980092427
2024-10-16,0.005051150465706478
2024-10-17,-0.0011687320557591807
2024-10-18,0.0029253393826753626
2024-10-21,-0.017734231813656853
2024-10-22,-0.023637170587840095
2024-10-23,-0.0030412630448611866
2024-10-24,0.011348331376480614
2024-10-25,-0.01954612055676863
2024-10-28,0.005168481249814505
2024-10-29,-0.004652186617575604
2024-10-30,-0.011685301723699637
2024-10-31,-0.005475881982891395
2024-11-01,0.0033786511366482586
2024-11-04,0.00760790252818766
2024-11-05,0.012253991297973332
2024-11-06,-0.019197841334087307
2024-11-07,0.00037404445513056217
2024-11-08,0.012507749155946213
2024-11-11,-0.002223512455426291
2024-11-12,-0.021666556259987257
2024-11-13,0.002910796749868494
2024-11-14,-0.0007571344181707129
2024-11-15,-0.009723531814164521
2024-11-18,-0.017087324656027025
2024-11-19,-0.011805987250764316
2024-11-20,0.011027992307260037
2024-11-21,0.01714066068419684
2024-11-22,0.008681247128258462
2024-11-25,0.039994824076579505
2024-11-26,-0.017767965607100922
2024-11-27,-0.003593189517997475
2024-11-29,0.001740849078675888
2024-12-02,-0.0007447270164083752
2024-12-03,0.0032297786895811864
2024-12-04,-0.004952900874491073
2024-12-05,0.00037324231943269837
2024-12-06,0.007712488466221856
2024-12-09,0.0028391029290038006
2024-12-10,-0.02326439116935075
2024-12-11,0.0
2024-12-12,-0.0015122635287286856
2024-12-13,-0.005932091976284415
2024-12-16,-0.01244287996133886
2024-12-17,-0.015428085525549307
2024-12-18,-0.03421273454069418
2024-12-19,-0.017171236037955118
2024-12-20,0.023386950293768027
2024-12-23,-0.006855884540227231
2024-12-24,0.0033838212848851246
2024-12-26,-0.004316638661047589
2024-12-27,-0.007993466462163368
2024-12-30,-0.009560271261630726
2024-12-31,0.0006893921926067748
