Date,MRK
2015-01-05,0.014862707277565779
2015-01-06,0.03928339738936937
2015-01-07,0.021385806410484376
2015-01-08,0.020126823018112416
2015-01-09,-0.0046142980915155896
2015-01-12,-0.004155790433424622
2015-01-13,-0.0017656688701315204
2015-01-14,0.007235700636178732
2015-01-15,-0.012132865902368173
2015-01-16,0.018584291400174813
2015-01-20,-0.006663303619599881
2015-01-21,-0.007187604127251279
2015-01-22,0.006917797041926521
2015-01-23,-0.0015975401165909675
2015-01-26,0.005280459365041734
2015-01-27,-0.004138591315228979
2015-01-28,-0.017742894545084598
2015-01-29,0.010414634343703266
2015-01-30,-0.029150844466156123
2015-02-02,0.009953473528359735
2015-02-03,0.002299721367171159
2015-02-04,-0.03228457018704878
2015-02-05,0.00203201086084448
2015-02-06,-0.006422150185444897
2015-02-09,-0.007824545239422998
2015-02-10,0.00891508251769757
2015-02-11,-0.0018692727645521767
2015-02-12,0.0023835042431568088
2015-02-13,-0.0011890590800593959
2015-02-17,-0.00034008192404444415
2015-02-18,0.0001703807412811731
2015-02-19,-0.008503773530124437
2015-02-20,0.0008578318952741082
2015-02-23,-0.0008570966504298783
2015-02-24,0.0010290760661488818
2015-02-25,0.0022277671311192737
2015-02-26,0.008035648923282457
2015-02-27,-0.007123925130567921
2015-03-02,0.0006836786631005953
2015-03-03,-0.0040969115423048486
2015-03-04,-0.00788518239533098
2015-03-05,0.0017280181684840024
2015-03-06,-0.01966197540637904
2015-03-09,0.007389048601428749
2015-03-10,-0.011875689047395666
2015-03-11,-0.009190237506258025
2015-03-12,0.010069922874819781
2015-03-13,0.0005339094976566372
2015-03-16,0.01637053362459051
2015-03-17,-0.011379766595952745
2015-03-18,0.020896346902515406
2015-03-19,0.009713493024416042
2015-03-20,0.006356184338572657
2015-03-23,0.0025609379359174955
2015-03-24,-0.0017028686449792607
2015-03-25,-0.0063107444558393455
2015-03-26,-0.011328492317603023
2015-03-27,0.002603842813756252
2015-03-30,0.010216929194871938
2015-03-31,-0.014741272208457112
2015-04-01,-0.010786658525264614
2015-04-02,0.004221372001805168
2015-04-06,0.0014007610603399279
2015-04-07,0.004372285592477043
2015-04-08,-0.00487573377684325
2015-04-09,0.004899623034365641
2015-04-10,-0.0031340321961425
2015-04-13,-0.009083388154997651
2015-04-14,0.0181565121488938
2015-04-15,0.011945861898139398
2015-04-16,-0.010436246975488395
2015-04-17,-0.0165975862552864
2015-04-20,0.01283386639158457
2015-04-21,0.0008681776090087023
2015-04-22,0.0005204927381947666
2015-04-23,-0.003120381795043148
2015-04-24,0.001564883932136496
2015-04-27,-0.00868033238530208
2015-04-28,0.050437476280452476
2015-04-29,-0.005001959501324538
2015-04-30,-0.002010217488267685
2015-05-01,0.005036862735138481
2015-05-04,0.01303023003479975
2015-05-05,-0.0024735786480336586
2015-05-06,-0.0038019720096651444
2015-05-07,0.000663743937811434
2015-05-08,0.007296703967879292
2015-05-11,-0.012183400849461679
2015-05-12,-0.009332961141450102
2015-05-13,-0.0043741309250042715
2015-05-14,0.01013813208437786
2015-05-15,0.007527859433261952
2015-05-18,-0.0036524110198551396
2015-05-19,0.008498493276642094
2015-05-20,-0.000991610432393819
2015-05-21,-0.005954208479151846
2015-05-22,-0.01198002044134927
2015-05-26,-0.006904524241010401
2015-05-27,0.00830914846493358
2015-05-28,0.004036046053766729
2015-05-29,0.019933406897260753
2015-06-01,-0.002299247850277464
2015-06-02,-0.008395063064916108
2015-06-03,0.0024899117995507147
2015-06-04,-0.015234430373497476
2015-06-05,-0.008071288920754704
2015-06-08,-0.0020342876318824032
2015-06-09,-0.0005096085984395149
2015-06-10,0.013086405747038787
2015-06-11,-0.004225952963242241
2015-06-12,-0.017653810911935408
2015-06-15,-0.012960087914451135
2015-06-16,0.010329050598835599
2015-06-17,0.0034656871897567054
2015-06-18,0.01174222685752735
2015-06-19,-0.009387377510083006
2015-06-22,0.013611308588782345
2015-06-23,0.0033997082820818036
2015-06-24,-0.013383122484093568
2015-06-25,-0.005837614462296137
2015-06-26,0.01018990225412053
2015-06-29,-0.020516633729861455
2015-06-30,-0.006283516144856893
2015-07-01,0.01176856240232027
2015-07-02,0.0012154158660921954
2015-07-06,-0.0020807038836095915
2015-07-07,0.007645406910250285
2015-07-08,-0.011036351940919342
2015-07-09,0.0005229598732150453
2015-07-10,0.009933887832267008
2015-07-13,-0.0013803084997944248
2015-07-14,0.005529241499124815
2015-07-15,0.0005159716596958575
2015-07-16,0.010305516311897911
2015-07-17,0.0
2015-07-20,0.0030600818006878416
2015-07-21,-0.005593065553800014
2015-07-22,-0.009203993913510344
2015-07-23,-0.0010318853316021448
2015-07-24,-0.011366022723802827
2015-07-27,-0.007315587321859329
2015-07-28,0.009299799716443902
2015-07-29,0.017732717987609448
2015-07-30,-0.00034155283894887756
2015-07-31,0.007518867575542432
2015-08-03,0.0015265923475360488
2015-08-04,-0.0059272996875476824
2015-08-05,0.006814381875213771
2015-08-06,-0.011336267801529742
2015-08-07,-0.007873105380420742
2015-08-10,0.007590108969772302
2015-08-11,-0.011127963949494113
2015-08-12,0.008656292011121058
2015-08-13,0.012358260819231637
2015-08-14,0.003391061894556957
2015-08-17,0.008956021983631546
2015-08-18,-0.000837514453136512
2015-08-19,0.0
2015-08-20,-0.04542433090605513
2015-08-21,-0.020719771918425556
2015-08-24,-0.03191699256837788
2015-08-25,-0.05223163881934989
2015-08-26,0.0635136248376984
2015-08-27,0.009739186266909838
2015-08-28,0.007642693606292994
2015-08-31,-0.027451027775493797
2015-09-01,-0.024512454351384383
2015-09-02,0.00856614217524232
2015-09-03,-0.006228798359657062
2015-09-04,-0.020132790880242446
2015-09-08,0.021322000735699564
2015-09-09,-0.014423737497144429
2015-09-10,0.015212472805318011
2015-09-11,-0.0034435541663632163
2015-09-14,0.0047991427883706805
2015-09-15,0.023118451126212802
2015-09-16,0.005975654078732795
2015-09-17,0.0016702877089349588
2015-09-18,-0.03391381275720862
2015-09-21,-0.022060403401760742
2015-09-22,-0.0047075171226917956
2015-09-23,0.00571555260137524
2015-09-24,-0.008622517163767607
2015-09-25,-0.019569294517877145
2015-09-28,-0.023790178475808554
2015-09-29,0.004750139859041713
2015-09-30,0.015211055838422194
2015-10-01,-0.0004051948358240187
2015-10-02,0.01559643930657062
2015-10-05,0.02173909068645341
2015-10-06,-0.02791315267105421
2015-10-07,0.02309221759120028
2015-10-08,0.0013736487637903139
2015-10-09,-0.0013717644412613028
2015-10-12,-0.004710076282066877
2015-10-13,-0.02445314585364977
2015-10-14,0.0014147443218639477
2015-10-15,0.023819536058161006
2015-10-16,0.014983973728525335
2015-10-19,-0.0015538268000082622
2015-10-20,-0.01964962508692436
2015-10-21,0.003968754247382522
2015-10-22,0.02806853458356695
2015-10-23,0.016727553550059726
2015-10-26,0.0005676282216675599
2015-10-27,0.010584347811906314
2015-10-28,0.03048392930155397
2015-10-29,-0.004174162882101484
2015-10-30,-0.0038272272411382646
2015-11-02,0.008232413700838936
2015-11-03,0.0
2015-11-04,0.007621513558262238
2015-11-05,-0.00864397371069725
2015-11-06,-0.007992666221791511
2015-11-09,-0.006775083004839422
2015-11-10,0.0035024175002560387
2015-11-11,-0.013044111062794461
2015-11-12,-0.012844375249021711
2015-11-13,0.0
2015-11-16,0.012634524400795266
2015-11-17,0.00018608576575451785
2015-11-18,0.009681487067738637
2015-11-19,0.0009221313615055404
2015-11-20,-0.0033162370133340557
2015-11-23,-0.0016635856755594647
2015-11-24,-0.009813029242587534
2015-11-25,0.004487759171747596
2015-11-27,0.004467307622230132
2015-11-30,-0.017605368468582072
2015-12-01,0.02942830201520419
2015-12-02,-0.013743715101879661
2015-12-03,-0.022854153456945636
2015-12-04,0.019965978048057886
2015-12-07,0.0007455779566298837
2015-12-08,-0.003911568965513812
2015-12-09,-0.012156476881887368
2015-12-10,0.016471026412225642
2015-12-11,-0.02028943583315257
2015-12-14,0.0009585889570551398
2015-12-15,0.01341015868658757
2015-12-16,0.021172208315642038
2015-12-17,-0.02517607695177171
2015-12-18,-0.019369685667257053
2015-12-21,0.004454301016821427
2015-12-22,0.004433620517624304
2015-12-23,0.01689095408568786
2015-12-24,-0.0024538911471809755
2015-12-28,-0.00018907733900508372
2015-12-29,0.009462231767256357
2015-12-30,-0.0016870662928545332
2015-12-31,-0.008074874852643021
2016-01-04,-0.006437137446660857
2016-01-05,0.012766867414276017
2016-01-06,-0.013734794346258572
2016-01-07,-0.008775123872702295
2016-01-08,-0.016936147312542116
2016-01-11,0.0033279975816935536
2016-01-12,0.009951084899538776
2016-01-13,-0.021251785073300944
2016-01-14,0.02250276167234655
2016-01-15,-0.012741039439101542
2016-01-19,0.003910814567462673
2016-01-20,-0.015387680316486851
2016-01-21,0.007319774380112776
2016-01-22,0.008444257265613375
2016-01-25,-0.00837354886477304
2016-01-26,0.010407955002321057
2016-01-27,-0.02099107834745384
2016-01-28,-0.023228223427756434
2016-01-29,0.029877866758065474
2016-02-01,0.00157906888011361
2016-02-02,-0.006699593102409973
2016-02-03,-0.007141345006340338
2016-02-04,-0.029171114128785924
2016-02-05,0.016258789408398977
2016-02-08,-0.011138251786791176
2016-02-09,0.006758379184665042
2016-02-10,0.007526197477389918
2016-02-11,-0.013728906795465012
2016-02-12,0.0036848092106767094
2016-02-16,0.015296659850509764
2016-02-17,0.016472544756302554
2016-02-18,-0.005533698491992922
2016-02-19,-0.003974651397210871
2016-02-22,0.012969058275155154
2016-02-23,-0.004530419205944547
2016-02-24,0.00039596775131989226
2016-02-25,0.00870234366019762
2016-02-26,-0.007058415044113864
2016-02-29,-0.008491476216328175
2016-03-01,0.030670942643283183
2016-03-02,0.010048657396387162
2016-03-03,-0.0032528446664128463
2016-03-04,-0.0003837010682364861
2016-03-07,0.01075268154877218
2016-03-08,-0.0036097467631621694
2016-03-09,-0.0017154898468159097
2016-03-10,0.012987382976161976
2016-03-11,0.011790973838212926
2016-03-14,-0.002255673705306438
2016-03-15,-0.012433803657917353
2016-03-16,-0.009156746571401975
2016-03-17,-0.007893765806715969
2016-03-18,0.013972551283259138
2016-03-21,0.010526042437498884
2016-03-22,0.004356101975850457
2016-03-23,0.0009427019705490203
2016-03-24,-0.0001881231767454361
2016-03-28,-0.004522297440154532
2016-03-29,0.00927479671534126
2016-03-30,-0.0018755472789901972
2016-03-31,-0.005824743412817468
2016-04-01,0.01493121760752314
2016-04-04,0.013035331205686784
2016-04-05,-0.002941026026998861
2016-04-06,0.02562681149967183
2016-04-07,-0.003775307781669124
2016-04-08,-0.0010823235344974425
2016-04-11,-0.005599962699467165
2016-04-12,0.00526813910498336
2016-04-13,0.01120320747291692
2016-04-14,0.00875660192737504
2016-04-15,-0.005491550478548324
2016-04-18,0.006590599596527857
2016-04-19,0.006193476112619667
2016-04-20,-0.004924543466017339
2016-04-21,0.00035353404774562946
2016-04-22,0.002473395523596933
2016-04-25,-0.009164377681802116
2016-04-26,-0.003201991713512431
2016-04-27,0.00481832151979944
2016-04-28,-0.01012271217715821
2016-04-29,-0.016146402672198468
2016-05-02,0.008388117693438613
2016-05-03,-0.003978216849862215
2016-05-04,-0.004902203239357084
2016-05-05,-0.013135910449914578
2016-05-06,-0.009058939893651141
2016-05-09,0.009327854747667619
2016-05-10,0.01072129759894036
2016-05-11,-0.006766768179497951
2016-05-12,-0.0034986587011105463
2016-05-13,-0.004434266248317775
2016-05-16,0.014291060016195622
2016-05-17,-0.006038444237932317
2016-05-18,0.0064431762476153676
2016-05-19,-0.0016461933088544045
2016-05-20,0.009710299147598134
2016-05-23,-0.0034474865643622232
2016-05-24,0.012381544110650289
2016-05-25,0.01744614243620446
2016-05-26,-0.003181618829172117
2016-05-27,0.001595698934837797
2016-05-31,-0.0038951025890837654
2016-06-01,0.0012445011373383164
2016-06-02,0.008698327657238103
2016-06-03,-0.0031677137406894706
2016-06-06,0.009357041118933429
2016-06-07,-0.002973285579300766
2016-06-08,0.010876845410766833
2016-06-09,-0.007635895146167582
2016-06-10,-0.006470914624526647
2016-06-13,-0.004258912471040599
2016-06-14,0.0024949369027758017
2016-06-15,-0.0028442602105548387
2016-06-16,0.02513813136006693
2016-06-17,-0.028000193833710774
2016-06-20,0.004473158883209649
2016-06-21,0.0019593539179587616
2016-06-22,0.014044562880516365
2016-06-23,0.011220205660758653
2016-06-24,-0.031206637446579477
2016-06-27,-0.010200708133715652
2016-06-28,0.004881831355919131
2016-06-29,0.026448159960620554
2016-06-30,0.009816053135700109
2016-07-01,0.005728074821511608
2016-07-05,0.0010355777626529505
2016-07-06,0.020000246548457667
2016-07-07,-0.006423374892461697
2016-07-08,0.009697173186499208
2016-07-11,-0.00016865823340062036
2016-07-12,0.004381689769241248
2016-07-13,-0.0008388717836080861
2016-07-14,0.001678975593585097
2016-07-15,-0.0003350031195568093
2016-07-18,-0.01022952714787273
2016-07-19,-0.006099853603157235
2016-07-20,0.0022160171273046814
2016-07-21,0.0
2016-07-22,0.0005101684029680253
2016-07-25,-0.0044199795732805525
2016-07-26,-0.0034153481939538377
2016-07-27,0.0041125894440685595
2016-07-28,-0.002901194057836398
2016-07-29,0.0039363486423156235
2016-08-01,0.0
2016-08-02,-0.005625811983951068
2016-08-03,-0.011657595381882602
2016-08-04,0.003295627418554936
2016-08-05,0.10408047496605355
2016-08-08,-0.015659471067745123
2016-08-09,-0.005886049106834879
2016-08-10,0.0024003124924019126
2016-08-11,0.015804664747500974
2016-08-12,-0.004400485127459164
2016-08-15,-0.0004733629207288592
2016-08-16,-0.004422028209816742
2016-08-17,0.003965561800709061
2016-08-18,0.005372163962102272
2016-08-19,-0.004243171502174126
2016-08-22,0.002998708497571556
2016-08-23,0.00047212130713147893
2016-08-24,-0.013369190013115873
2016-08-25,-0.0065359433302947245
2016-08-26,0.008504616825735
2016-08-29,0.002545494939876214
2016-08-30,-0.004760590848254864
2016-08-31,0.001275295056596848
2016-09-01,0.0017520089702858233
2016-09-02,0.0012716103339276419
2016-09-06,0.004128445000242564
2016-09-07,-0.005850929933823412
2016-09-08,0.005885364790849668
2016-09-09,-0.011859561720198863
2016-09-12,0.011201654601165512
2016-09-13,-0.014666231152735243
2016-09-14,-0.007441885599669296
2016-09-15,0.016788799481824768
2016-09-16,-0.0016030182256311365
2016-09-19,-0.015253710773715179
2016-09-20,0.009946247493674232
2016-09-21,0.012269986207619432
2016-09-22,0.0051037272316456495
2016-09-23,-0.000952125881691579
2016-09-26,-0.012865161912456013
2016-09-27,0.006757590259705237
2016-09-28,0.01166674827020664
2016-09-29,-0.021958523274901776
2016-09-30,0.008075852434932917
2016-10-03,0.0017629743606897286
2016-10-04,-0.0009598238024616235
2016-10-05,0.005443447174514615
2016-10-06,-0.002229548414226623
2016-10-07,0.001755773855661058
2016-10-10,0.01800180624189429
2016-10-11,-0.030829178745334418
2016-10-12,-0.0043597671712076735
2016-10-13,0.013785353179686988
2016-10-14,-0.005918999031756855
2016-10-17,-0.009977601251890844
2016-10-18,0.009265443529939077
2016-10-19,-0.003543195200022442
2016-10-20,0.0008079471360644686
2016-10-21,-0.01162797950222827
2016-10-24,-0.007352667785286426
2016-10-25,0.019753119722999868
2016-10-26,-0.017433518687555605
2016-10-27,0.00689977851567769
2016-10-28,-0.03997402500306335
2016-10-31,-0.0020393533461733337
2016-11-01,0.009877550512524369
2016-11-02,-0.007757405540284812
2016-11-03,-0.006967613202648715
2016-11-04,0.0066746709959835115
2016-11-07,0.02091135711582659
2016-11-08,0.007659994821837879
2016-11-09,0.06065128195264702
2016-11-10,0.012153351100306242
2016-11-11,-0.015548088934965842
2016-11-14,-0.006567711385662589
2016-11-15,0.0018890472473760411
2016-11-16,-0.016025437613840454
2016-11-17,0.0011178002650755747
2016-11-18,-0.013237561001880449
2016-11-21,0.006949964976023182
2016-11-22,-0.00963079387785637
2016-11-23,-0.0009724955553814807
2016-11-25,0.009247320112796276
2016-11-28,-0.006590669270048144
2016-11-29,0.006310612953519978
2016-11-30,-0.016079659967801363
2016-12-01,-0.007027200100439779
2016-12-02,0.006089476322558962
2016-12-05,-0.014395780532071134
2016-12-06,0.0004981666756032066
2016-12-07,-0.003649758270072634
2016-12-08,0.0009990506542230104
2016-12-09,0.018462905517308004
2016-12-12,0.008002912350589364
2016-12-13,0.00881617149339231
2016-12-14,0.00016202503634676901
2016-12-15,0.009223203657200196
2016-12-16,0.0011222163715209899
2016-12-19,-0.020820097953218153
2016-12-20,-0.010467732785260364
2016-12-21,-0.01768596402556455
2016-12-22,0.0025240986802927967
2016-12-23,-0.00033563540450198825
2016-12-27,0.0038615813483020567
2016-12-28,-0.008696910109926237
2016-12-29,-0.0038804750420798895
2016-12-30,-0.0028796517679382516
2017-01-03,0.0217428121257357
2017-01-04,-0.00033245482368615686
2017-01-05,-0.00033265152117445407
2017-01-06,0.0026619253938842125
2017-01-09,0.013771250618405562
2017-01-10,-0.019312823767876575
2017-01-11,0.028537933225794898
2017-01-12,0.009411179207216014
2017-01-13,0.0020896076093386284
2017-01-17,-0.013795103122225871
2017-01-18,-0.00504220539811584
2017-01-19,-0.013732216320529789
2017-01-20,0.03646606823636933
2017-01-23,-0.01151424406572843
2017-01-24,-0.009707293038782927
2017-01-25,-0.0021239145621289035
2017-01-26,0.001964696348420558
2017-01-27,0.008986876732822724
2017-01-30,-0.005182539649921658
2017-01-31,0.009116544459605525
2017-02-01,0.0017745196226912618
2017-02-02,0.033494099137689526
2017-02-03,0.001714049150601582
2017-02-06,0.010110489448519555
2017-02-07,-0.011395187491660685
2017-02-08,0.0018689737053705358
2017-02-09,0.0010884357028169145
2017-02-10,-0.0037274004229481683
2017-02-13,0.00966476684770301
2017-02-14,0.013741097605365349
2017-02-15,-0.0076150082055047585
2017-02-16,0.0015348631730287554
2017-02-17,0.001991946817504031
2017-02-21,0.0013762803125620948
2017-02-22,-0.002901671959439689
2017-02-23,0.008577326431025822
2017-02-24,0.004707431529841655
2017-02-27,-0.004685375445739326
2017-02-28,0.00030359869852114585
2017-03-01,0.005161655768212814
2017-03-02,-0.0019632878163667877
2017-03-03,0.007566371126522142
2017-03-06,-0.0016521852501140133
2017-03-07,-0.00767259600913428
2017-03-08,-0.002425603365990847
2017-03-09,0.001367625967403585
2017-03-10,-0.004401160458146425
2017-03-13,-0.015046880670993246
2017-03-14,0.000779460275861954
2017-03-15,0.007788131427551193
2017-03-16,-0.008037031191062805
2017-03-17,-0.0043628247240995455
2017-03-20,0.003286476895962842
2017-03-21,-0.003119465369258223
2017-03-22,-0.006415590971457941
2017-03-23,-0.0034643593935390626
2017-03-24,-0.001580271785294296
2017-03-27,0.0001582203273402527
2017-03-28,0.002373499097700904
2017-03-29,0.00473665089677322
2017-03-30,-0.002985507574263968
2017-03-31,0.001418490755983548
2017-04-03,-0.001101671857653641
2017-04-04,0.003151001198163028
2017-04-05,-0.0015705921698626613
2017-04-06,-0.005191180073750412
2017-04-07,-0.0017395856397099951
2017-04-10,-0.009187226423007622
2017-04-11,0.0004798528396485757
2017-04-12,0.007510035141380156
2017-04-13,-0.006978659824587452
2017-04-17,0.0030347052007702047
2017-04-18,-0.008439286706807159
2017-04-19,0.005941768145275361
2017-04-20,-0.0014367514149152827
2017-04-21,-0.010551583317069735
2017-04-24,0.004039616826308601
2017-04-25,0.002574803993408148
2017-04-26,0.00642043724046748
2017-04-27,-0.0019136712348247764
2017-04-28,-0.003995157593893128
2017-05-01,0.0008022200805486435
2017-05-02,0.005129878726438886
2017-05-03,0.014832633318726973
2017-05-04,-0.003929069701287591
2017-05-05,0.00930886936793196
2017-05-08,0.0006253871492105656
2017-05-09,-0.011248326447930834
2017-05-10,0.01027018568491811
2017-05-11,0.007663541480691594
2017-05-12,-0.013347830028878516
2017-05-15,-0.0009439023977902972
2017-05-16,0.004408688705980879
2017-05-17,-0.012384233853802162
2017-05-18,0.014126903140219582
2017-05-19,-0.0017214046462311616
2017-05-22,0.004076237796743376
2017-05-23,0.007963684973423701
2017-05-24,0.005887157477678651
2017-05-25,0.001693990546756563
2017-05-26,-0.0018452166874506348
2017-05-30,-0.0006160772559928862
2017-05-31,0.0035452224103771357
2017-06-01,0.002303744758032966
2017-06-02,0.0032176720131953385
2017-06-05,-0.006109645468869385
2017-06-06,-0.006146886597670931
2017-06-07,-0.009432726799113889
2017-06-08,-0.013424845500372151
2017-06-09,0.018828933083808286
2017-06-12,0.0
2017-06-13,-0.010169006141285575
2017-06-14,0.0015806032206675535
2017-06-15,-0.002840450947163342
2017-06-16,-0.003481632227058773
2017-06-19,0.011275415222199658
2017-06-20,0.013347701318729976
2017-06-21,0.014412169978030187
2017-06-22,0.00855465600304428
2017-06-23,0.0021210262265913826
2017-06-26,-0.0036278641570879344
2017-06-27,-0.005764774883004753
2017-06-28,-0.005797810773444656
2017-06-29,-0.012584441588172068
2017-06-30,-0.0038854354681951975
2017-07-03,0.002808301242577027
2017-07-05,-0.00171144421492464
2017-07-06,-0.01652105961116357
2017-07-07,0.0009507872733811595
2017-07-10,-0.005224726438541438
2017-07-11,-0.007798793705978357
2017-07-12,0.007057960764796478
2017-07-13,0.0017519814782862575
2017-07-14,0.002703366741089175
2017-07-17,-0.007136196797360772
2017-07-18,-0.003194366696012252
2017-07-19,0.003364833543020307
2017-07-20,0.005110415078263708
2017-07-21,-0.0049253073319106555
2017-07-24,-0.0009584112753960872
2017-07-25,-0.003356148201134612
2017-07-26,-0.008979920870085256
2017-07-27,0.030582495723016745
2017-07-28,0.006594418043689654
2017-07-31,-0.0035875709858450566
2017-08-01,0.0006259320958368342
2017-08-02,-0.007509201826869094
2017-08-03,0.001260868655625913
2017-08-04,-0.00661182727520393
2017-08-07,-0.004120590534921975
2017-08-08,-0.008275117646471042
2017-08-09,0.0027280927947994638
2017-08-10,-0.004960857583850786
2017-08-11,0.0032165390578275943
2017-08-14,0.0046489910301608095
2017-08-15,-0.0027128560837422766
2017-08-16,0.0032001523710953883
2017-08-17,-0.013715896492168755
2017-08-18,-0.00565999328738398
2017-08-21,0.007806119475667117
2017-08-22,0.007261634834891728
2017-08-23,-0.004325684679953312
2017-08-24,0.009010673887230203
2017-08-25,0.0036677445723354296
2017-08-28,0.006037311297525605
2017-08-29,-0.003158709725685105
2017-08-30,0.0
2017-08-31,0.011723903681688519
2017-09-01,-0.00046993581806997753
2017-09-05,-0.003289977719735715
2017-09-06,0.005973024105123459
2017-09-07,0.0050002217322488995
2017-09-08,-0.0007776777363458498
2017-09-11,0.013381082425720336
2017-09-12,0.005066928776846336
2017-09-13,-0.00015292046108517088
2017-09-14,0.017543852807650584
2017-09-15,0.0006049833056647191
2017-09-18,-0.002569375513518879
2017-09-19,-0.0006060982143295535
2017-09-20,-0.0024261705512137466
2017-09-21,-0.0028880267407658256
2017-09-22,-0.007164457270942615
2017-09-25,0.0007674709951521752
2017-09-26,-0.006443818494486053
2017-09-27,-0.0029336480755481897
2017-09-28,-0.004336462048186718
2017-09-29,-0.004044286290757149
2017-10-02,0.008121101320878177
2017-10-03,-0.0027883658213477824
2017-10-04,0.0035730099573776375
2017-10-05,0.0
2017-10-06,-0.00077408161065462
2017-10-09,-0.0034079852233491748
2017-10-10,0.0020207281806261523
2017-10-11,-0.010549021809257764
2017-10-12,0.000783874669048279
2017-10-13,-0.006893329262865566
2017-10-16,-0.0007887773910464357
2017-10-17,-0.0018945281198364805
2017-10-18,0.004587146770178796
2017-10-19,0.003778993704177447
2017-10-20,0.0020391128070593734
2017-10-23,-0.007514211025296258
2017-10-24,-0.004574044183759174
2017-10-25,-0.010457558853631532
2017-10-26,-0.007366206018426524
2017-10-27,-0.060493618231941215
2017-10-30,-0.060611155157091035
2017-10-31,0.006946018567983048
2017-11-01,0.0045377132210504545
2017-11-02,0.0005419632789198658
2017-11-03,0.012461698468634319
2017-11-06,-0.0032109200572393304
2017-11-07,-0.005189772747575816
2017-11-08,0.017809009957802546
2017-11-09,-0.00653927708948332
2017-11-10,-0.012987113686720786
2017-11-13,-0.006849159902520996
2017-11-14,-0.0019962835498932296
2017-11-15,-0.0034554171195260164
2017-11-16,0.006752053961682769
2017-11-17,0.0005434495043916687
2017-11-20,-0.019927135057398404
2017-11-21,0.0031420473116015035
2017-11-22,0.0018428475215970241
2017-11-24,-0.0003681898166713049
2017-11-27,0.0036800839073305447
2017-11-28,0.006966020351036217
2017-11-29,0.007828090894647755
2017-11-30,-0.0016256688330045233
2017-12-01,0.010855836913861827
2017-12-04,0.00626443593725301
2017-12-05,-0.008004455343216255
2017-12-06,-0.02546162890087078
2017-12-07,0.007727933763338468
2017-12-08,0.014606432371051303
2017-12-11,0.013856344507462426
2017-12-12,0.012957328385899913
2017-12-13,-0.0028036785626751604
2017-12-14,-0.007443085742823152
2017-12-15,0.004106312288781888
2017-12-18,-0.0003553578664589052
2017-12-19,0.00017760801776400825
2017-12-20,-0.0021339562958100355
2017-12-21,0.008732841486317033
2017-12-22,-0.004240189822141582
2017-12-26,-0.00035495782278982535
2017-12-27,0.0
2017-12-28,0.004614841488637111
2017-12-29,-0.005830061239393003
2018-01-02,-0.0008887690209697929
2018-01-03,-0.0014230987673985451
2018-01-04,0.016209531333680083
2018-01-05,-0.0010516418790768034
2018-01-08,-0.005790516264967516
2018-01-09,0.0024709280152861446
2018-01-10,0.008802548992406845
2018-01-11,0.005235531842177066
2018-01-12,0.018403148653627355
2018-01-16,0.05813147123015816
2018-01-17,-0.0006443655780054014
2018-01-18,-0.014508991410615568
2018-01-19,0.002453671011777514
2018-01-22,-0.0004898118640256355
2018-01-23,0.007347250544673001
2018-01-24,-0.00842804362286309
2018-01-25,0.0019617108668334993
2018-01-26,0.01207160576007138
2018-01-29,-0.006608770735433311
2018-01-30,-0.01590109363692882
2018-01-31,-0.023083719829594784
2018-02-01,0.010295736096956665
2018-02-02,-0.021717350979322814
2018-02-05,-0.03688537638001688
2018-02-06,-0.016666999305734786
2018-02-07,0.007573451140761023
2018-02-08,-0.02057986318041194
2018-02-09,0.0025582466635687418
2018-02-12,0.010205684356000555
2018-02-13,-0.009561709283930298
2018-02-14,0.0
2018-02-15,0.019854220837737246
2018-02-16,0.0053582971347680974
2018-02-20,-0.023272445881515558
2018-02-21,-0.007820908176649932
2018-02-22,0.00036645916614963525
2018-02-23,0.005497912739893085
2018-02-26,0.02168750283338583
2018-02-27,-0.02390280716106241
2018-02-28,-0.009137698311315168
2018-03-01,-0.009590377369245173
2018-03-02,0.012290371154498159
2018-03-05,0.0007357573544535256
2018-03-06,-0.0018380872216634536
2018-03-07,0.003130539431544399
2018-03-08,0.005324045905861441
2018-03-09,0.006939418861410029
2018-03-12,0.003989923665596917
2018-03-13,0.00018054865550265475
2018-03-14,-0.0016397102667263797
2018-03-15,0.00821183484914978
2018-03-16,0.007601790909769646
2018-03-19,-0.018681456843118838
2018-03-20,0.00018292538358699595
2018-03-21,0.0009154625369680591
2018-03-22,-0.0104227743777775
2018-03-23,-0.013118930382186145
2018-03-26,0.01179565465860044
2018-03-27,-0.0053663484880693835
2018-03-28,0.024930180276828473
2018-03-29,-0.011254540487598774
2018-04-02,-0.022030345433094678
2018-04-03,0.015393308169720177
2018-04-04,0.008319624322447039
2018-04-05,-0.0001831358799724292
2018-04-06,-0.02145631112308899
2018-04-09,0.05247353118943887
2018-04-10,0.005876073161958484
2018-04-11,-0.005133608028792591
2018-04-12,0.009608669156020433
2018-04-13,0.007578376884387783
2018-04-16,0.025887737025415358
2018-04-17,0.010571060665002907
2018-04-18,-0.00590503911071405
2018-04-19,-0.0047521940406238805
2018-04-20,0.0032402038437460146
2018-04-23,0.02413713446860677
2018-04-24,-0.0026557013324478573
2018-04-25,-0.007655212904935205
2018-04-26,-0.003689337729583131
2018-04-27,0.0010098326828913429
2018-04-30,-0.010089060940219996
2018-05-01,-0.015117953786554339
2018-05-02,-0.011728299912893925
2018-05-03,0.004014107233895725
2018-05-04,0.003823921242462669
2018-05-07,-0.006406720198334881
2018-05-08,-0.01080503149568357
2018-05-09,0.02096545574387454
2018-05-10,0.0018981031519342828
2018-05-11,0.028074228301500526
2018-05-14,-0.00016758549363937725
2018-05-15,-0.008042697390036158
2018-05-16,0.009290462432001823
2018-05-17,-0.0113806174076031
2018-05-18,0.0011849894033222341
2018-05-21,-0.009638260104564367
2018-05-22,-0.002048801066927952
2018-05-23,0.012318043622483899
2018-05-24,-0.0006758122038532655
2018-05-25,-0.0006766904814199393
2018-05-29,-0.011676684089138467
2018-05-30,0.022602494686086327
2018-05-31,-0.0031814401891496757
2018-06-01,0.01730200635523782
2018-06-04,0.02410841729880686
2018-06-05,-0.010158189058978362
2018-06-06,0.008796339650256169
2018-06-07,0.0009689023763890248
2018-06-08,0.009517554271508022
2018-06-11,-0.003994643876793935
2018-06-12,0.0017646414730307924
2018-06-13,0.002402431344771916
2018-06-14,-0.00885524376991842
2018-06-15,0.007634654407277841
2018-06-18,-0.016766157449822683
2018-06-19,0.0006558856742313601
2018-06-20,0.0040964365627031984
2018-06-21,-0.0016316315484583566
2018-06-22,0.0047399170407456115
2018-06-25,-0.00634438570519591
2018-06-26,-0.005894028404320406
2018-06-27,-0.013834028296735412
2018-06-28,0.007014046668453622
2018-06-29,0.006633497131482757
2018-07-02,-0.003953707410014995
2018-07-03,0.0041348100145965905
2018-07-05,0.015318774439417204
2018-07-06,0.009085086654060381
2018-07-09,-0.002894147709860073
2018-07-10,0.004514632022817322
2018-07-11,-0.006420465505570183
2018-07-12,0.012277824900797318
2018-07-13,0.003670513849059809
2018-07-16,-0.004769899249025045
2018-07-17,-0.0009586784170195761
2018-07-18,0.006556702080679377
2018-07-19,-0.006831695750652456
2018-07-20,0.00015990513876751322
2018-07-23,0.0027187434446014347
2018-07-24,0.01164484718291825
2018-07-25,0.01687167493590347
2018-07-26,-0.00744293598325374
2018-07-27,-0.008124075611655401
2018-07-30,0.02079110454509392
2018-07-31,0.01635520826516146
2018-08-01,-0.005768769363974968
2018-08-02,-0.004122492076427453
2018-08-03,0.010885836777406066
2018-08-06,0.004398950664165291
2018-08-07,0.005436085367569676
2018-08-08,0.0016522496076714077
2018-08-09,-0.010346422315994808
2018-08-10,0.0010606713605549878
2018-08-13,0.009838131874273737
2018-08-14,-0.0038969736660871
2018-08-15,0.013692321893634452
2018-08-16,0.021968268382903444
2018-08-17,0.0030500814324354586
2018-08-20,0.016073183227144794
2018-08-21,-0.014251134540029131
2018-08-22,-0.0018796144803499004
2018-08-23,-0.0010139674898866913
2018-08-24,0.001014996663505796
2018-08-27,-0.0007240476843255461
2018-08-28,-0.005218110094434403
2018-08-29,0.002622632751605014
2018-08-30,-0.003923946179887228
2018-08-31,0.0007296902577731412
2018-09-04,-0.00933094744295171
2018-09-05,0.009860216895234641
2018-09-06,0.011075449981128749
2018-09-07,0.004179922789991686
2018-09-10,-0.0015789690658155608
2018-09-11,-0.006900516803211132
2018-09-12,0.011291165850461748
2018-09-13,0.013885133569278674
2018-09-14,-0.005259272613040156
2018-09-17,0.006287592950992016
2018-09-18,0.0
2018-09-19,-0.0062483061453170174
2018-09-20,0.01143182134549936
2018-09-21,0.004521003140624202
2018-09-24,-0.004500655662240227
2018-09-25,-0.0018366900427218003
2018-09-26,-0.004529391598337873
2018-09-27,0.005545325994112726
2018-09-28,0.0031107963085901247
2018-10-01,0.008316680730710013
2018-10-02,0.0030755707251191033
2018-10-03,-0.005295980150493151
2018-10-04,-0.0021017121351963874
2018-10-05,-0.002667522818340262
2018-10-08,0.006053561584416389
2018-10-09,0.012314606352478386
2018-10-10,-0.026126753312405215
2018-10-11,-0.029524560694706325
2018-10-12,0.02106197426843104
2018-10-15,-0.005013347122382328
2018-10-16,0.025338087871107806
2018-10-17,0.008424830292105945
2018-10-18,0.005430006736662163
2018-10-19,0.0019388245571843044
2018-10-22,0.003040915924500842
2018-10-23,-0.006476785249860395
2018-10-24,-0.02163650186551158
2018-10-25,-0.008222194565720042
2018-10-26,0.006289460899942645
2018-10-29,0.014914340098425072
2018-10-30,0.019874163511844012
2018-10-31,0.01015492677883545
2018-11-01,-0.00665669200087704
2018-11-02,-0.011624352747723221
2018-11-05,0.011761067545562609
2018-11-06,0.0025986786088594283
2018-11-07,0.02414398236567905
2018-11-08,0.005327774644203087
2018-11-09,-0.008214290081913322
2018-11-12,-0.002270806273963144
2018-11-13,-0.0010710004539196127
2018-11-14,-0.006969756416522532
2018-11-15,0.010123035229957278
2018-11-16,0.016301594154815913
2018-11-19,0.0038128009252356154
2018-11-20,-0.0205635510344091
2018-11-21,0.00013407506654172785
2018-11-23,-0.0016045491703297055
2018-11-26,0.010311894331062055
2018-11-27,0.011930075809500229
2018-11-28,0.011658542041326436
2018-11-29,0.008804606648523894
2018-11-30,0.0183544541521814
2018-12-03,-0.0015123460610185768
2018-12-04,-0.012749586880635544
2018-12-06,0.002045847243363985
2018-12-07,-0.021053926146141766
2018-12-10,0.009124316257066223
2018-12-11,-0.00400406875689252
2018-12-12,0.011671317572784057
2018-12-13,0.012819137014376869
2018-12-14,-0.025236093951742977
2018-12-17,-0.016344059643118247
2018-12-18,-0.01196299437739723
2018-12-19,-0.0075341347021106175
2018-12-20,-0.003795598303596881
2018-12-21,-0.008028214624719365
2018-12-24,-0.02400554541087685
2018-12-26,0.04005620952727629
2018-12-27,0.018648663714053715
2018-12-28,-0.00013292283140764471
2018-12-31,0.013798706602123012
2019-01-02,-0.010731370583148436
2019-01-03,-0.020505420536923724
2019-01-04,0.03011866104455163
2019-01-07,-0.011013365399552333
2019-01-08,0.007424006900424773
2019-01-09,-0.0076326880289793175
2019-01-10,-0.01233233893135166
2019-01-11,0.005638763532116009
2019-01-14,-0.020426781060650545
2019-01-15,0.015401128851694423
2019-01-16,0.0014766081756525384
2019-01-17,0.01326883356574049
2019-01-18,0.0035711853353090905
2019-01-22,-0.0005269723740516374
2019-01-23,-0.005142875807882419
2019-01-24,-0.030090023502488683
2019-01-25,-0.0030068290863918268
2019-01-28,-0.00041138329319978517
2019-01-29,0.004251328318610081
2019-01-30,0.001911960084004738
2019-01-31,0.014446973117369977
2019-02-01,0.027139410847667467
2019-02-04,0.005494164881325592
2019-02-05,0.003642593505263747
2019-02-06,0.003110575298749696
2019-02-07,-0.007365204002410031
2019-02-08,0.009112284688571615
2019-02-11,-0.010449020636641215
2019-02-12,0.023595118323271214
2019-02-13,0.006368319306670589
2019-02-14,-0.001012670849641406
2019-02-15,0.011021087030479437
2019-02-19,-0.007141875302025147
2019-02-20,0.0023978315711761233
2019-02-21,0.005035561315338999
2019-02-22,0.011774978319183615
2019-02-25,-0.004828632998658988
2019-02-26,0.004479129595102327
2019-02-27,-0.0014863452260678311
2019-02-28,0.008310594922937398
2019-03-01,0.004428566792970656
2019-03-04,-0.0034289887552553244
2019-03-05,0.004055217737257255
2019-03-06,-0.01150546430330468
2019-03-07,-0.003838437625841351
2019-03-08,-0.00807991208691039
2019-03-11,0.013409004452600959
2019-03-12,0.004451384938955361
2019-03-13,0.004555128015435894
2019-03-14,0.005428664181016174
2019-03-15,0.0009816573071068646
2019-03-18,-0.0026969992098871964
2019-03-19,0.006883783995202286
2019-03-20,0.0020753995212072773
2019-03-21,0.01059965759745185
2019-03-22,-0.00795662337722991
2019-03-25,0.0007288205078226362
2019-03-26,0.0069218103598036596
2019-03-27,-0.007597511541052482
2019-03-28,0.004131513024076661
2019-03-29,0.006535091935079285
2019-04-01,0.0015632185835630086
2019-04-02,-0.0010803244670992695
2019-04-03,-0.0003607304144861434
2019-04-04,-0.015989535858061066
2019-04-05,-0.008552049473113277
2019-04-08,-0.002464724010589392
2019-04-09,-0.0018527514576605064
2019-04-10,0.0002473602074684056
2019-04-11,-0.012125262863834307
2019-04-12,-0.005135585772804818
2019-04-15,-0.011331064770969457
2019-04-16,-0.01235193200751461
2019-04-17,-0.04693132070532979
2019-04-18,-0.009875562902040724
2019-04-22,0.003689124694902679
2019-04-23,0.015518488514922213
2019-04-24,0.0017428652205653261
2019-04-25,0.021544260333494325
2019-04-26,0.0037987755941244483
2019-04-29,0.001957452380750846
2019-04-30,0.025136855843706174
2019-05-01,0.0001268103781220109
2019-05-02,0.010162799942957879
2019-05-03,0.0060358588775415445
2019-05-06,-0.006500040105393956
2019-05-07,-0.019878864956563325
2019-05-08,0.0035946357920435545
2019-05-09,0.001918085769728961
2019-05-10,-0.001787111798573271
2019-05-13,-0.01304496180514414
2019-05-14,0.003239675014589327
2019-05-15,0.0016788807078285117
2019-05-16,0.020373900469522255
2019-05-17,-0.005181361737265466
2019-05-20,0.002032584596898035
2019-05-21,0.007859912561082094
2019-05-22,0.018616591778143565
2019-05-23,0.000493740393262776
2019-05-24,0.001851628915800374
2019-05-28,-0.0112111335586359
2019-05-29,-0.011213404047363262
2019-05-30,0.004032323518337488
2019-05-31,-0.005898775213401541
2019-06-03,0.013255864642967241
2019-06-04,0.01021676295171825
2019-06-05,0.007523540368719717
2019-06-06,-0.003060123984286456
2019-06-07,0.012524257676736372
2019-06-10,0.00024232190191808556
2019-06-11,0.006062099232320373
2019-06-12,0.008797554006849895
2019-06-13,-0.00967633992106931
2019-06-14,0.005221584652973954
2019-06-17,0.006281798510318959
2019-06-18,0.01428554432834006
2019-06-19,0.010296866800769688
2019-06-20,-0.00890310933648586
2019-06-21,-0.00035461049369556186
2019-06-24,0.011115032399551028
2019-06-25,-0.0031574180082307723
2019-06-26,-0.019943981802551525
2019-06-27,0.0034715507784268684
2019-06-28,0.0002385019506543351
2019-07-01,0.01073381531062978
2019-07-02,0.008967298938800994
2019-07-03,0.016255397433986074
2019-07-05,-0.01495971120681261
2019-07-08,-0.018224440827864008
2019-07-09,0.009757466390338587
2019-07-10,-0.00047144091869077975
2019-07-11,-0.04503646996220678
2019-07-12,-0.01567893756992711
2019-07-15,0.01542690798419244
2019-07-16,0.0077817520356995296
2019-07-17,0.004044737277810073
2019-07-18,0.00939934864162928
2019-07-19,-0.01572146910108929
2019-07-22,-0.0022116955177731157
2019-07-23,0.010097374393572167
2019-07-24,-0.0034133515872947218
2019-07-25,0.0
2019-07-26,-0.003914418309483025
2019-07-29,0.013016942135186893
2019-07-30,0.009455943259208288
2019-07-31,-0.003362522725135153
2019-08-01,0.00843472654584776
2019-08-02,0.009319895711348725
2019-08-05,-0.015981694070734243
2019-08-06,0.014797905989460514
2019-08-07,-0.0011857284153797831
2019-08-08,0.005697453556086307
2019-08-09,0.009323825093907612
2019-08-12,-0.005846969605771135
2019-08-13,0.012468093606046393
2019-08-14,-0.031133838137708203
2019-08-15,0.0007193101728917295
2019-08-16,0.019170737522108405
2019-08-19,0.013284800929896479
2019-08-20,-0.006265461739837219
2019-08-21,0.014711173704679892
2019-08-22,-0.0021860258634337493
2019-08-23,-0.02052582667597458
2019-08-26,0.011066615481526432
2019-08-27,-0.0041917905213886275
2019-08-28,0.011225124080750604
2019-08-29,0.002775435802164994
2019-08-30,-0.002882809036285461
2019-09-03,0.0020816501338973836
2019-09-04,-0.0069243085213110955
2019-09-05,0.0005810956621885577
2019-09-06,0.005458590555644793
2019-09-09,-0.03580885966692504
2019-09-10,-0.021325246930828046
2019-09-11,0.015056827785022042
2019-09-12,0.004703336149873616
2019-09-13,-0.0018124026409592764
2019-09-16,-0.007021074562370222
2019-09-17,0.0058516974944700095
2019-09-18,0.006181047775521309
2019-09-19,0.01144283103314292
2019-09-20,0.014171910104941565
2019-09-23,-0.009394069656119108
2019-09-24,-0.009009218258044793
2019-09-25,-0.0059805260471123
2019-09-26,0.009386207843670391
2019-09-27,-0.011564119358439484
2019-09-30,0.015317428925937682
2019-10-01,-0.0067709097383106265
2019-10-02,-0.02380114872611383
2019-10-03,0.013722275569712172
2019-10-04,0.027314366643639953
2019-10-07,-0.007176295050876358
2019-10-08,-0.013034914788525809
2019-10-09,0.010685413860398008
2019-10-10,-0.0049890794342288824
2019-10-11,0.006924449430899093
2019-10-14,0.004150056148151782
2019-10-15,0.004132565785352815
2019-10-16,-0.0069376773448407425
2019-10-17,-0.007697141346352354
2019-10-18,0.010501307103067292
2019-10-21,-0.0018894864863339134
2019-10-22,-0.03809750520479349
2019-10-23,0.019311136324920097
2019-10-24,-0.003499581323571088
2019-10-25,-0.0038748411717904885
2019-10-28,-0.0007293443453445514
2019-10-29,0.0352797757882104
2019-10-30,0.013160903609505059
2019-10-31,0.0051035011811761954
2019-11-01,-0.0198479999408826
2019-11-04,-0.012243844797721892
2019-11-05,-0.011680640897303585
2019-11-06,0.003979753812240139
2019-11-07,-0.004444234212026998
2019-11-08,0.00856649138968546
2019-11-11,-0.003708645922307574
2019-11-12,0.010086793688015572
2019-11-13,0.008321021233699044
2019-11-14,-0.003183048920713527
2019-11-15,0.004139408897790409
2019-11-18,-0.009069451327465505
2019-11-19,0.006180863771281242
2019-11-20,0.007324525400246751
2019-11-21,0.0022281558507473154
2019-11-22,-0.00011698709686003284
2019-11-25,0.00292557888822631
2019-11-26,0.019136505653523983
2019-11-27,0.0030915371877999753
2019-11-29,-0.00490830395787778
2019-12-02,-0.001605945066548431
2019-12-03,0.003906347372486518
2019-12-04,0.014763235402537322
2019-12-05,0.0009021235313140252
2019-12-06,0.0011266111233705356
2019-12-09,-0.0014630215914017697
2019-12-10,0.004282807040980385
2019-12-11,-0.0013466017534464747
2019-12-12,0.0066309100953645395
2019-12-13,0.00258559211606757
2019-12-16,0.0011211880378367844
2019-12-17,-0.0030241576453139407
2019-12-18,0.006739977051404056
2019-12-19,0.004128832190548826
2019-12-20,0.01766856058068722
2019-12-23,0.0017471472159409362
2019-12-24,-0.0032703815496879507
2019-12-26,-0.0010936001964203523
2019-12-27,0.0017515304455859582
2019-12-30,-0.005136364522938974
2019-12-31,-0.0008784868335429685
2020-01-02,0.011984395444551987
2020-01-03,-0.008583470543169436
2020-01-06,0.004273963083062604
2020-01-07,-0.026625443506186786
2020-01-08,-0.006726692914181931
2020-01-09,0.008803804210285815
2020-01-10,0.0016779945548817121
2020-01-13,-0.00022351332623982145
2020-01-14,0.004692177840571521
2020-01-15,0.01790318937143609
2020-01-16,-0.0039328242425574755
2020-01-17,-0.002303274985713144
2020-01-21,-0.010992605993010884
2020-01-22,-0.003556613493670091
2020-01-23,-0.012158604433129883
2020-01-24,-0.029132525453094082
2020-01-27,0.0013957886752538062
2020-01-28,0.0017420283185447527
2020-01-29,0.011478053338179084
2020-01-30,-0.008481961807722427
2020-01-31,-0.01225468677431052
2020-02-03,0.02223800183970437
2020-02-04,0.011678375620305381
2020-02-05,-0.028633031784851548
2020-02-06,-0.0017476196548757983
2020-02-07,-0.007002716704854195
2020-02-10,0.0068171198098374575
2020-02-11,-0.004786262233843153
2020-02-12,-0.023460568608444365
2020-02-13,-0.015375166725372869
2020-02-14,0.008295708564364901
2020-02-18,-0.002299097979913345
2020-02-19,-0.005578349061485577
2020-02-20,0.005975351890516123
2020-02-21,-0.0018183805928926322
2020-02-24,-0.012265790341694616
2020-02-25,-0.013033346841891946
2020-02-26,-0.004111050639411307
2020-02-27,-0.023267530255371538
2020-02-28,-0.01946730162138255
2020-03-02,0.06282634354251604
2020-03-03,-0.027528463409304593
2020-03-04,0.04852761729416488
2020-03-05,-0.01675265855964958
2020-03-06,0.007599714396891555
2020-03-09,-0.039415968534207035
2020-03-10,0.03875351372108016
2020-03-11,-0.03377198226268685
2020-03-12,-0.06056803434664171
2020-03-13,0.03940972563128464
2020-03-16,-0.08899044191205918
2020-03-17,0.06521779966453045
2020-03-18,-0.03826550734985157
2020-03-19,-0.012564650457223436
2020-03-20,0.008907144184957971
2020-03-23,-0.0695066427381903
2020-03-24,0.03990956044963401
2020-03-25,-0.012019993985469268
2020-03-26,0.07783608933896713
2020-03-27,-0.02447983817116406
2020-03-30,0.07277288387609615
2020-03-31,-0.00012987925083840501
2020-04-01,-0.04081075493386521
2020-04-02,0.041598537969263605
2020-04-03,-0.008065548334437511
2020-04-06,0.05324556208780051
2020-04-07,-0.021790433682022825
2020-04-08,0.0389514589868738
2020-04-09,0.010658917970212123
2020-04-13,-0.02363929364152051
2020-04-14,0.028557537436841418
2020-04-15,-0.009295154220069768
2020-04-16,0.011331823371912852
2020-04-17,0.005542475142804371
2020-04-20,-0.004313876966063002
2020-04-21,-0.05463305966253107
2020-04-22,0.018075557513055784
2020-04-23,0.011252888091381141
2020-04-24,0.0068001585027357425
2020-04-27,0.03131519687577611
2020-04-28,-0.03334124471125133
2020-04-29,-0.005050537266892419
2020-04-30,-0.017705005324813672
2020-05-01,-0.021048455063346516
2020-05-04,-0.01042839662030659
2020-05-05,0.014962298880199398
2020-05-06,-0.011408882789657682
2020-05-07,-0.019709420027328672
2020-05-08,0.010581982247665822
2020-05-11,0.019764223844025652
2020-05-12,-0.009241457852438573
2020-05-13,0.009068586180110527
2020-05-14,0.027731431199658152
2020-05-15,-0.003373114259879073
2020-05-18,-0.0007516327566488012
2020-05-19,-0.027220502117350942
2020-05-20,-0.008510626157092194
2020-05-21,-0.004421911753154206
2020-05-22,-0.0023511493739338807
2020-05-26,0.011653757121711461
2020-05-27,0.003753334413449938
2020-05-28,0.019213391571846206
2020-05-29,0.021255258215705286
2020-06-01,-0.01437085308678765
2020-06-02,0.016088517793923618
2020-06-03,0.015091532992885348
2020-06-04,-0.00621474974462799
2020-06-05,0.008706177450204855
2020-06-08,0.007780166098963592
2020-06-09,-0.007720102419836117
2020-06-10,-0.00595676299307768
2020-06-11,-0.05405406338990493
2020-06-12,-0.005733518788537895
2020-06-15,-0.029882323343462858
2020-06-16,0.039854280546796295
2020-06-17,-0.008834557997224324
2020-06-18,-0.0009176242317445737
2020-06-19,0.022041554490604742
2020-06-22,-0.014762436273527912
2020-06-23,0.004820828931132004
2020-06-24,-0.01620883890886826
2020-06-25,0.009226488339970862
2020-06-26,-0.018022909236212636
2020-06-29,0.01236905590554871
2020-06-30,0.015895459712792492
2020-07-01,0.010216314394854153
2020-07-02,0.008448382517765252
2020-07-06,0.010155143781241716
2020-07-07,-0.010806853593890109
2020-07-08,-0.010162704368305797
2020-07-09,-0.01578522778064384
2020-07-10,0.000521673919209098
2020-07-13,0.008079903656904586
2020-07-14,0.011635641349035053
2020-07-15,0.015207739751962324
2020-07-16,-0.0005037325476485721
2020-07-17,0.005919487580863914
2020-07-20,-0.005759281337121669
2020-07-21,-0.006548409472855954
2020-07-22,-0.001394448798437864
2020-07-23,-0.009139475262436414
2020-07-24,-0.012298228036109138
2020-07-27,0.023735705338969293
2020-07-28,0.009628737049868219
2020-07-29,-0.004266770879291726
2020-07-30,-0.004536735384570112
2020-07-31,0.01582493883875946
2020-08-03,0.028664086116237497
2020-08-04,-0.010540508302828822
2020-08-05,-0.0003672549073879816
2020-08-06,-0.007226858931343005
2020-08-07,-0.0003706404796567364
2020-08-10,-0.0013573284437381483
2020-08-11,0.0
2020-08-12,0.02187642109689092
2020-08-13,0.010401435980447848
2020-08-14,-0.0007185153902172781
2020-08-17,0.015333195703487235
2020-08-18,-0.002359476167637653
2020-08-19,0.005558158848282702
2020-08-20,0.0
2020-08-21,-0.0005880508678831609
2020-08-24,0.005177738614828176
2020-08-25,0.003043728251077793
2020-08-26,-0.0016340075922263164
2020-08-27,0.00327325468640538
2020-08-28,-0.0019809465593951803
2020-08-31,-0.004436530619968071
2020-09-01,-0.009851076506737555
2020-09-02,0.029610387311477693
2020-09-03,-0.016565123206065513
2020-09-04,-0.002924105999006388
2020-09-08,-0.022407365258233614
2020-09-09,0.01860057661955672
2020-09-10,-0.015433764778838066
2020-09-11,0.010889327290102946
2020-09-14,0.0034576235729188998
2020-09-15,0.0005939168807265194
2020-09-16,0.016150456560009463
2020-09-17,0.0008179992786694346
2020-09-18,0.0019852863147999944
2020-09-21,-0.031232188736656896
2020-09-22,-0.0022857400387359395
2020-09-23,-0.003737008854417745
2020-09-24,0.006292786566111097
2020-09-25,-0.0026459800286222634
2020-09-28,-0.002049826747091199
2020-09-29,-0.01039131475410715
2020-09-30,0.012820382171374822
2020-10-01,-0.01579263633380712
2020-10-02,-0.010289197535281569
2020-10-05,0.005445528645636077
2020-10-06,-0.019817550822347707
2020-10-07,0.005148683056988457
2020-10-08,0.0054971187224013285
2020-10-09,-0.0014910388450187773
2020-10-12,0.0
2020-10-13,0.004355395771289405
2020-10-14,-0.0024780213056748712
2020-10-15,-0.01800996757795781
2020-10-16,0.009739261195089055
2020-10-19,-0.01453088783645684
2020-10-20,-0.005084558156564167
2020-10-21,-0.002555389985473111
2020-10-22,0.014602374186491796
2020-10-23,0.007827373046361608
2020-10-26,-0.012401228982643842
2020-10-27,-0.010781298630174407
2020-10-28,-0.02320818520127277
2020-10-29,-0.003806653969298912
2020-10-30,-0.008960409015397297
2020-11-02,0.01994420131520358
2020-11-03,0.0027373135255783776
2020-11-04,0.04810213171860034
2020-11-05,-0.00198456084589016
2020-11-06,-0.0012430330790869082
2020-11-09,0.0017421813883513604
2020-11-10,0.0075777560948635525
2020-11-11,-0.000616364353537735
2020-11-12,-0.014803812673041095
2020-11-13,0.015402028273765689
2020-11-16,-0.011222517081136862
2020-11-17,0.0164631428372497
2020-11-18,-0.015337420869647289
2020-11-19,0.0017445692669226798
2020-11-20,0.000746238612478356
2020-11-23,-0.002113015859549372
2020-11-24,-0.0017439173417602705
2020-11-25,-0.0009979344700498105
2020-11-27,-0.0024982549976103607
2020-11-30,0.006636468842585286
2020-12-01,0.014429663867320253
2020-12-02,0.003433631301344553
2020-12-03,-0.004643877239720484
2020-12-04,0.006015861800268141
2020-12-07,0.006956579211838232
2020-12-08,0.008119769551173217
2020-12-09,0.0034867522923096583
2020-12-10,-0.005750621601743777
2020-12-11,-0.00036170915790156855
2020-12-14,-0.024176771993379753
2020-12-15,0.0019919451598218174
2020-12-16,-0.00807643996882601
2020-12-17,-0.00012551285659656575
2020-12-18,-0.0036329524940483804
2020-12-21,-0.0030177713587872246
2020-12-22,0.0016395304971354996
2020-12-23,0.004280894919275635
2020-12-24,0.004764562351940116
2020-12-28,0.0038680404748743236
2020-12-29,0.012057477161494967
2020-12-30,-0.010194125715571989
2020-12-31,0.015014378347127044
2021-01-04,-0.010269033908609337
2021-01-05,0.001729244576052169
2021-01-06,0.015782975968734902
2021-01-07,0.019907629955128403
2021-01-08,-0.011782457689593628
2021-01-11,0.0237260894343998
2021-01-12,-0.0224708848263373
2021-01-13,-0.009026304334417756
2021-01-14,-0.002064764873475289
2021-01-15,0.014725680165943889
2021-01-19,-0.0022785767221246145
2021-01-20,-0.008775229392804618
2021-01-21,-0.015522338431944283
2021-01-22,-0.002463978202746686
2021-01-25,0.0020995547294233585
2021-01-26,-0.011090754295783767
2021-01-27,-0.03962623465813653
2021-01-28,0.011029164221312504
2021-01-29,-0.010908848737125276
2021-02-01,0.003762940480118715
2021-02-02,0.005299985204475499
2021-02-03,-0.005786565174131675
2021-02-04,-0.01668368516869978
2021-02-05,-0.003025209006079388
2021-02-08,-0.010026464491425635
2021-02-09,0.0
2021-02-10,-0.0019988240264239288
2021-02-11,-0.0020028887546872376
2021-02-12,0.0034786206553558685
2021-02-16,-0.010000001840163697
2021-02-17,0.017373748038088
2021-02-18,-0.0017209818250336628
2021-02-19,-0.014586854737052235
2021-02-22,0.00834332585624975
2021-02-23,-0.0052045472406138105
2021-02-24,0.00040221170147836105
2021-02-25,0.0006705357320773153
2021-02-26,-0.02680259349151215
2021-03-01,-0.003304731225709623
2021-03-02,0.00649358119611021
2021-03-03,0.006176861945234702
2021-03-04,-0.015416080083030859
2021-03-05,0.01330185820985097
2021-03-08,0.014221576709557482
2021-03-09,-0.00040440426011356667
2021-03-10,0.008362268933264305
2021-03-11,-0.0017388760515144597
2021-03-12,0.008380721824772897
2021-03-15,0.021850025292777353
2021-03-16,0.007608165109332932
2021-03-17,0.00637961070434212
2021-03-18,-0.0003881894595824109
2021-03-19,0.0031060134540406015
2021-03-22,0.0
2021-03-23,-0.01599814409220135
2021-03-24,-0.00039313297443333006
2021-03-25,-0.002229925674328226
2021-03-26,0.01735256042798028
2021-03-29,0.01175871615099866
2021-03-30,-0.01711391790500605
2021-03-31,0.0016896258018670451
2021-04-01,0.0
2021-04-05,-0.0011676222341585607
2021-04-06,-0.015714639204174263
2021-04-07,0.004354378160657868
2021-04-08,-0.008276313087221876
2021-04-09,0.010862178140736312
2021-04-12,-0.0011792586728072152
2021-04-13,0.0027550516909491396
2021-04-14,-0.00039230993761940613
2021-04-15,0.003403124657340273
2021-04-16,0.01056623779472221
2021-04-19,0.002452235332179642
2021-04-20,0.011718071028121724
2021-04-21,0.008399918834410158
2021-04-22,-0.016029287489629396
2021-04-23,-0.001026369374813152
2021-04-26,-0.004493705930740832
2021-04-27,-0.002192822248111015
2021-04-28,-0.003489934531747396
2021-04-29,-0.04423423668574644
2021-04-30,0.011129201318216042
2021-05-03,0.0198658880092768
2021-05-04,0.00013132437450624757
2021-05-05,0.0225031496007706
2021-05-06,0.0010298037386347048
2021-05-07,0.008099675980127286
2021-05-10,-0.0030608547571259193
2021-05-11,-0.009082878495177305
2021-05-12,0.006971211445950809
2021-05-13,0.008846362074792058
2021-05-14,-0.005083311272463309
2021-05-17,0.020181535259437444
2021-05-18,-0.006135191408128349
2021-05-19,-0.0002520884331739248
2021-05-20,0.0037806709748571254
2021-05-21,-0.006025992452252993
2021-05-24,-0.001894402332536127
2021-05-25,-0.01935932472544466
2021-05-26,-0.0034838645747238273
2021-05-27,-0.016962304415552465
2021-05-28,-0.0003953055647142323
2021-06-01,-0.009355699374447912
2021-06-02,0.009177822912092681
2021-06-03,0.020926180346820367
2021-06-04,0.0027060254960566965
2021-06-07,-0.0176760405424925
2021-06-08,-0.005494687112279073
2021-06-09,0.022652109594794467
2021-06-10,0.028362838775805255
2021-06-11,0.0017073264961025014
2021-06-14,-0.002248136432738579
2021-06-15,0.0033135860803310546
2021-06-16,0.012021007696932928
2021-06-17,0.008092980350703716
2021-06-18,-0.008028009824935234
2021-06-21,0.0018275743416491519
2021-06-22,-0.007296399491785066
2021-06-23,-0.008006331314479365
2021-06-24,0.010320161916770099
2021-06-25,0.011000328494508604
2021-06-28,-0.004403916032641786
2021-06-29,0.0045535126993718755
2021-06-30,0.007252930804744651
2021-07-01,0.0028290661751619872
2021-07-02,0.007821214586795966
2021-07-06,-0.006234015222431943
2021-07-07,0.0057613166905852164
2021-07-08,-0.005600793636148738
2021-07-09,-0.001664120302665384
2021-07-12,-0.005641727719368772
2021-07-13,0.0007734183533476546
2021-07-14,0.00012897021177238344
2021-07-15,0.0036073652504562403
2021-07-16,0.0015405516322393176
2021-07-19,-0.012432863521297577
2021-07-20,-0.011421225572480709
2021-07-21,0.0028884924987329086
2021-07-22,0.0018326115392175435
2021-07-23,0.013197297964047117
2021-07-26,-0.003868592921178249
2021-07-27,0.007897045495092403
2021-07-28,0.0061658327365605725
2021-07-29,-0.017873226105800444
2021-07-30,-0.0007797639150339819
2021-08-02,-0.008976078868801252
2021-08-03,0.003019163960594984
2021-08-04,-0.012170961026770732
2021-08-05,0.001457105194055286
2021-08-06,-0.0019846517675854436
2021-08-09,-0.0015904441130749625
2021-08-10,-0.001725868994800761
2021-08-11,0.00026589790002629066
2021-08-12,0.011035787663139063
2021-08-13,0.008942648624468807
2021-08-16,0.015771690249577475
2021-08-17,0.011548359044149636
2021-08-18,-0.01319273343913796
2021-08-19,0.00861324436345523
2021-08-20,0.00280407564812557
2021-08-23,-0.003813087326378639
2021-08-24,-0.008420703591673906
2021-08-25,-0.008363315323045017
2021-08-26,-0.0064875340708898666
2021-08-27,-0.0035262232639906577
2021-08-30,0.002621088652553283
2021-08-31,-0.0027448524569897437
2021-09-01,-0.001441861091138641
2021-09-02,0.012339211537770955
2021-09-03,0.0018150406247088302
2021-09-07,-0.016567000935807652
2021-09-08,-0.008160309336538663
2021-09-09,-0.02043516907345233
2021-09-10,-0.00501221552199449
2021-09-13,-0.0036758922673394423
2021-09-14,-0.005790875032676279
2021-09-15,0.009707397587020772
2021-09-16,-0.011536743034846975
2021-09-17,-0.00402943491540797
2021-09-20,0.00348760552731453
2021-09-21,0.0005561916447602844
2021-09-22,0.0009726160746283963
2021-09-23,0.014019841557674662
2021-09-24,0.007666244699113145
2021-09-27,-0.0033963370725997866
2021-09-28,-0.0005453497740318669
2021-09-29,0.02414075415274608
2021-09-30,0.0002662788577434405
2021-10-01,0.08374392705947109
2021-10-04,0.020884531855474897
2021-10-05,-0.01805065371820047
2021-10-06,-0.011519489320422127
2021-10-07,0.015869151781638946
2021-10-08,-0.015987492224388444
2021-10-11,-0.00868163757973539
2021-10-12,-0.004253810288214144
2021-10-13,-0.008040873149079752
2021-10-14,-0.007853334517668675
2021-10-15,0.0
2021-10-18,-0.015064109317913799
2021-10-19,0.030330178634712324
2021-10-20,0.01987679079395277
2021-10-21,0.00123350257555499
2021-10-22,-0.0002464387285784353
2021-10-25,0.0062847354541071265
2021-10-26,0.007225114648909736
2021-10-27,-0.008632191690803204
2021-10-28,0.06144212765725365
2021-10-29,0.01733113076053394
2021-11-01,-0.0023852718061805334
2021-11-02,0.013433778036366917
2021-11-03,-0.0038195410479134884
2021-11-04,0.020974418251642923
2021-11-05,-0.09863040301838977
2021-11-08,0.013111133769613037
2021-11-09,0.00048387590600018626
2021-11-10,0.015594607610112332
2021-11-11,0.00011900297293654383
2021-11-12,-0.00023787583899070874
2021-11-15,-0.003690548961140294
2021-11-16,0.00501866620504865
2021-11-17,-0.017952859889177164
2021-11-18,0.005448203550624697
2021-11-19,-0.028296677779111934
2021-11-22,0.011648172726351769
2021-11-23,0.014208856148321125
2021-11-24,-0.006280134508059865
2021-11-26,-0.03791925492953119
2021-11-29,-0.053941503914954114
2021-11-30,0.00026721836982401825
2021-12-01,-0.0062746433102570665
2021-12-02,-0.007387989929531047
2021-12-03,-0.007443788769733173
2021-12-06,0.0010909971627777182
2021-12-07,-0.015527320510420717
2021-12-08,0.012866768145324725
2021-12-09,-0.004780711647916269
2021-12-10,-0.003294201219881554
2021-12-13,0.011016491763303993
2021-12-14,0.013611769462470447
2021-12-15,0.021296725962076657
2021-12-16,0.008235125335103621
2021-12-17,-0.0028983204026801213
2021-12-20,0.009512454792670821
2021-12-21,-0.011386037621211265
2021-12-22,0.008207870974470843
2021-12-23,-0.00564613155782423
2021-12-27,0.011091927007531144
2021-12-28,0.0031345614302566993
2021-12-29,0.001822734593806219
2021-12-30,0.0024689746026780313
2021-12-31,-0.00648154218927377
2022-01-03,0.003001039846102227
2022-01-04,0.0018212015411607219
2022-01-05,0.024282510680452285
2022-01-06,-0.0006338781334382926
2022-01-07,0.01864775160461507
2022-01-10,0.025778299094988633
2022-01-11,-0.008498394768224893
2022-01-12,-0.005754820458273691
2022-01-13,0.0014779669618150137
2022-01-14,0.0007378928995804834
2022-01-18,0.001965951203394267
2022-01-19,-0.0030658949755645315
2022-01-20,-0.006642965758743236
2022-01-21,-0.00953557880879441
2022-01-24,-0.014378577365580236
2022-01-25,0.007991908897504452
2022-01-26,-0.00402712284078699
2022-01-27,0.018195327602926747
2022-01-28,0.003971465167333044
2022-01-31,0.0071691580331201266
2022-02-01,0.0054001735732944756
2022-02-02,0.0010987843876855141
2022-02-03,-0.03658091885027093
2022-02-04,-0.0056955160276054295
2022-02-07,-0.012474488216861479
2022-02-08,-0.008636429553606884
2022-02-09,-0.0049408486076841784
2022-02-10,0.0003919834350745166
2022-02-11,0.0010451377800322348
2022-02-14,-0.0022183088744183177
2022-02-15,0.017523253571193997
2022-02-16,-0.00758266304728894
2022-02-17,-0.01113692694409385
2022-02-18,0.0001310259889659715
2022-02-22,-0.005499819183419019
2022-02-23,-0.0014482858548628963
2022-02-24,-0.030722410626247698
2022-02-25,0.0382260503462748
2022-02-28,0.003406574292102782
2022-03-01,-0.00313393099532866
2022-03-02,0.004322993475725623
2022-03-03,0.006260392182515284
2022-03-04,0.008814031909810893
2022-03-07,-0.0012847507498642274
2022-03-08,-0.010034666300752448
2022-03-09,0.010916069285861196
2022-03-10,0.0012856291060765468
2022-03-11,0.004750121817517439
2022-03-14,0.002707368339465166
2022-03-15,0.011056744083811632
2022-03-16,-0.006612473717800826
2022-03-17,0.010496759627708574
2022-03-18,0.0021536222147100492
2022-03-21,-0.0006321944492563292
2022-03-22,0.0030357307484623064
2022-03-23,0.005422512049732653
2022-03-24,0.008528816311175635
2022-03-25,0.01156561926689803
2022-03-28,-0.0015982706220475373
2022-03-29,0.004433144960345414
2022-03-30,0.010175196662340236
2022-03-31,-0.004247752078757161
2022-04-01,0.017915988829294793
2022-04-04,-0.00035922783208364173
2022-04-05,0.002754768016650422
2022-04-06,0.014931168043492926
2022-04-07,0.02153667693215655
2022-04-08,0.010138196510052655
2022-04-11,-0.01197529723240709
2022-04-12,-0.011543417654207744
2022-04-13,0.0058391121372336485
2022-04-14,0.009056213139761793
2022-04-18,-0.009665269185225034
2022-04-19,-0.003253069362260219
2022-04-20,0.007809982667539073
2022-04-21,-0.0026604289241156653
2022-04-22,-0.0190190598620108
2022-04-25,0.010048781194785361
2022-04-26,-0.01123627860789611
2022-04-27,-0.0008283751591222632
2022-04-28,0.049401606096102224
2022-04-29,0.0012417377844911037
2022-05-02,-0.011726160466387858
2022-05-03,-0.006274948690733528
2022-05-04,0.016302932107959744
2022-05-05,-0.005761266670454734
2022-05-06,0.004317699237051276
2022-05-09,-0.008485033533628505
2022-05-10,0.001939736799418057
2022-05-11,0.015715732697039853
2022-05-12,0.018387675420142635
2022-05-13,-0.00462388543384562
2022-05-16,0.021125934476167174
2022-05-17,0.007365529894933998
2022-05-18,-0.009677390228707172
2022-05-19,-0.0001086786067256984
2022-05-20,0.015854303046395568
2022-05-23,0.002992783014434952
2022-05-24,0.008632787319797108
2022-05-25,-0.009403930063394128
2022-05-26,-0.015360130068030053
2022-05-27,0.008341483120956728
2022-05-31,-0.011280734351493793
2022-06-01,-0.009670720670290622
2022-06-02,-0.012508068607161693
2022-06-03,-0.0010001834291625267
2022-06-06,-0.0007784398589599784
2022-06-07,0.007123576931967079
2022-06-08,-0.01105205159183209
2022-06-09,-0.016540000634378105
2022-06-10,-0.009318068744087471
2022-06-13,-0.025005870623592164
2022-06-14,0.0022538707006292125
2022-06-15,0.0015380367912514181
2022-06-16,0.003072235472770579
2022-06-17,-0.003180366361721698
2022-06-21,0.04029771431681728
2022-06-22,0.012836514771566998
2022-06-23,0.03185299511550599
2022-06-24,0.012282589733239035
2022-06-27,0.013744157675442237
2022-06-28,-0.026691998893361824
2022-06-29,0.006747050941059429
2022-06-30,-0.014484956032667418
2022-07-01,0.013710755416662446
2022-07-05,0.002380432044721159
2022-07-06,0.005289354158816817
2022-07-07,-0.0012885511142416428
2022-07-08,-0.0024729691381224495
2022-07-11,0.016383011594657493
2022-07-12,-0.007423229729378811
2022-07-13,0.001816162691159695
2022-07-14,0.0011731695206862458
2022-07-15,0.011504047607091783
2022-07-18,-0.027590530070035202
2022-07-19,0.00021656579505169304
2022-07-20,-0.029341693253582934
2022-07-21,0.00546567137333831
2022-07-22,-0.00033273091881502737
2022-07-25,0.00466089248151258
2022-07-26,0.00839513996377339
2022-07-27,-0.0006570787784720977
2022-07-28,-0.014140316934454833
2022-07-29,-0.006671175297935927
2022-08-01,-0.009066510741426725
2022-08-02,-0.010391696276766726
2022-08-03,0.00011398638627979629
2022-08-04,-0.009130419118861144
2022-08-05,0.006795602471885154
2022-08-08,0.012355566346101021
2022-08-09,0.01163984630549919
2022-08-10,-0.0036863190958046355
2022-08-11,-0.002915067741987021
2022-08-12,0.023501671726786633
2022-08-15,-0.004614476451190508
2022-08-16,-0.00011050039672588774
2022-08-17,0.004967459001615104
2022-08-18,0.003954488932737199
2022-08-19,0.00743951001294807
2022-08-22,-0.009991152804658565
2022-08-23,-0.010530812906394682
2022-08-24,-0.0021066017689767014
2022-08-25,0.0028886966257823943
2022-08-26,-0.011188514516475512
2022-08-29,-0.018709506149396704
2022-08-30,-0.008106008169908363
2022-08-31,-0.017495384737504005
2022-09-01,0.020969973227703775
2022-09-02,-0.010556437345272673
2022-09-06,0.0022033958878056037
2022-09-07,0.005207151711433378
2022-09-08,0.006331189858897801
2022-09-09,-0.000915016551567116
2022-09-12,0.00938855835964758
2022-09-13,-0.02132475779258869
2022-09-14,0.015889582834979876
2022-09-15,-0.0023001380881050304
2022-09-16,0.011181569425620763
2022-09-19,-0.01231205573824623
2022-09-20,-0.0073867594489707145
2022-09-21,-0.017093141760920805
2022-09-22,0.03525377931657081
2022-09-23,-0.00834178901879079
2022-09-26,-0.006914217375545095
2022-09-27,-0.0039450573892768626
2022-09-28,0.010950614815853577
2022-09-29,-0.0016134221182025899
2022-09-30,-0.0060018910577192
2022-10-03,0.016605076838738908
2022-10-04,0.00959435321847546
2022-10-05,0.0
2022-10-06,-0.010747894793812884
2022-10-07,0.0018299122717417848
2022-10-10,0.032876747472055046
2022-10-11,0.006299722243503947
2022-10-12,-0.006919452516423119
2022-10-13,0.02289318187321565
2022-10-14,-0.0033517264383770007
2022-10-17,0.021045897845700212
2022-10-18,0.005206156091279945
2022-10-19,-0.014269196441826892
2022-10-20,-0.0034311631367506257
2022-10-21,0.02937380213903884
2022-10-24,0.017769494280823306
2022-10-25,0.0034915958760339816
2022-10-26,0.00716420414413399
2022-10-27,0.013514776284699659
2022-10-28,0.010326869958461549
2022-10-31,0.004267169548328953
2022-11-01,-0.014229183374605325
2022-11-02,-0.0036087060156860806
2022-11-03,-0.0065392622555787705
2022-11-04,0.004557103139578578
2022-11-07,0.008770020748175344
2022-11-08,0.014289956953027039
2022-11-09,0.0008867107191954382
2022-11-10,0.0029530025364314927
2022-11-11,-0.03857092928681882
2022-11-14,0.02439762704579418
2022-11-15,-0.007473689315280363
2022-11-16,0.003313211559674123
2022-11-17,0.02381669538308029
2022-11-18,0.01876632561467484
2022-11-21,0.013240197654501573
2022-11-22,0.012214748183231094
2022-11-23,-0.0007484753408909528
2022-11-25,0.00636572292568327
2022-11-28,0.008837347218697333
2022-11-29,0.00359617245293653
2022-11-30,0.011760402996924935
2022-12-01,-0.0029060571919738987
2022-12-02,0.0021858199819824176
2022-12-05,-0.00027255648977275726
2022-12-06,-0.009817262261063164
2022-12-07,0.010648971677479357
2022-12-08,0.006903429439782283
2022-12-09,-0.018673820709854905
2022-12-12,0.0017466411754478717
2022-12-13,0.01780308604920955
2022-12-14,0.012434109707509355
2022-12-15,-0.017211886200337756
2022-12-16,-0.003922546037245511
2022-12-19,0.0021979460831995645
2022-12-20,0.0024670976768932373
2022-12-21,0.012760826120707724
2022-12-22,0.001170205205872854
2022-12-23,0.005573467825759515
2022-12-27,0.0023243512277633105
2022-12-28,-0.009275771383827625
2022-12-29,-0.0023406726923513865
2022-12-30,0.0011728969844488901
2023-01-03,0.0017126013726851408
2023-01-04,0.008457824388553581
2023-01-05,0.013918586739832817
2023-01-06,0.010559630057589642
2023-01-09,-0.03883654952741622
2023-01-10,0.0038956707704971283
2023-01-11,0.002346375965027292
2023-01-12,0.00630206566311986
2023-01-13,0.004294741319365247
2023-01-17,-0.016035658227498195
2023-01-18,-0.015029577083487955
2023-01-19,0.0102033402475743
2023-01-20,0.00036386652999276237
2023-01-23,-0.0005456759270312528
2023-01-24,-0.012377150280927451
2023-01-25,0.000644939557810531
2023-01-26,-0.015839323605938427
2023-01-27,-0.013942232661933951
2023-01-30,0.006737527197755888
2023-01-31,0.012442460881290751
2023-02-01,-0.004003313424258859
2023-02-02,-0.0329034449889104
2023-02-03,-0.005026213582065897
2023-02-06,0.010588713797269778
2023-02-07,0.015860919210121782
2023-02-08,0.009084076463099722
2023-02-09,0.0007501338480158104
2023-02-10,0.017335053876706308
2023-02-13,0.009026507380162752
2023-02-14,-0.00739401046716226
2023-02-15,-0.009748118932712102
2023-02-16,-0.010865419239134089
2023-02-17,0.028260376366276763
2023-02-21,-0.0041089004767886905
2023-02-22,0.0008252308422613819
2023-02-23,0.013099794433856227
2023-02-24,-0.006329494415296066
2023-02-27,-0.004823014590268904
2023-02-28,-0.028529612754982003
2023-03-01,0.003859277632970226
2023-03-02,0.0033754395540501747
2023-03-03,-0.0012149637512803846
2023-03-06,0.039483592858811534
2023-03-07,0.00153009905269208
2023-03-08,-0.02687151696802903
2023-03-09,-0.006279944882389921
2023-03-10,0.0008363523078411816
2023-03-13,-0.01820030865213773
2023-03-14,0.018761898381389308
2023-03-15,0.006169779230002614
2023-03-16,-0.002694460603112958
2023-03-17,-0.03018426707452737
2023-03-20,0.016810656213036568
2023-03-21,-0.002928670460156546
2023-03-22,-0.01080158869608372
2023-03-23,-0.001628295854681161
2023-03-24,0.005468751344137157
2023-03-27,0.020324271485064438
2023-03-28,-0.013092675235441109
2023-03-29,-0.005780404863152899
2023-03-30,0.009531247790689257
2023-03-31,0.004437160934237072
2023-04-03,0.0233104451477677
2023-04-04,-0.00036731864353256594
2023-04-05,0.02830119362506167
2023-04-06,0.0037528759861096272
2023-04-10,0.0024926839859258365
2023-04-11,-0.0010657195662797658
2023-04-12,0.011200942932196867
2023-04-13,0.016088074374846606
2023-04-14,-0.002336199290225882
2023-04-17,-0.002601596246089577
2023-04-18,-0.0015650434968976779
2023-04-19,-0.006096072881994763
2023-04-20,0.0003505325695323247
2023-04-21,0.010510721481373553
2023-04-24,0.004940553261138181
2023-04-25,0.005088864602187604
2023-04-26,-0.026602570357681543
2023-04-27,0.015251791199235143
2023-04-28,0.002691762889869942
2023-05-01,0.00753440734098576
2023-05-02,0.013323008710979689
2023-05-03,0.0027991751546307952
2023-05-04,-0.007189941941553202
2023-05-05,0.0026412181147101865
2023-05-08,0.005948368051714725
2023-05-09,-0.008024955818192847
2023-05-10,0.004002318414038308
2023-05-11,-0.0029685996164700024
2023-05-12,-0.0034878703257534838
2023-05-15,-0.006573319188004745
2023-05-16,-0.0024921622167222157
2023-05-17,-0.01137135826628588
2023-05-18,-0.006622490684958349
2023-05-19,0.013070081701864078
2023-05-22,-0.00865884766929892
2023-05-23,-0.010655846950059389
2023-05-24,0.002913346507823489
2023-05-25,-0.011443593818289521
2023-05-26,-0.010952855136518003
2023-05-30,-0.01710630054023332
2023-05-31,0.011358423350130042
2023-06-01,0.004709793446820099
2023-06-02,0.014333335170356287
2023-06-05,0.005243538538762138
2023-06-06,-0.027406926815916943
2023-06-07,-0.012726260583698634
2023-06-08,0.015744553169331876
2023-06-09,0.0035351341126956815
2023-06-12,-0.007677817344077464
2023-06-13,0.0011834359039613052
2023-06-14,-0.005491469879732369
2023-06-15,0.006810210919810711
2023-06-16,-0.0007314070185320265
2023-06-20,0.008324307500824135
2023-06-21,0.008437023678788291
2023-06-22,0.023029933698306637
2023-06-23,0.007738064002277278
2023-06-26,-0.013263482196820386
2023-06-27,0.002122384236614039
2023-06-28,-0.007765593960042727
2023-06-29,0.009783034981167837
2023-06-30,0.016293762543023727
2023-07-03,-0.009186207678605784
2023-07-05,-0.0055103463915429085
2023-07-06,-0.017150552019061127
2023-07-07,-0.024608350205696294
2023-07-10,0.008807235722199769
2023-07-11,-0.011458601495246246
2023-07-12,-0.011315583938166784
2023-07-13,-0.010700549832440398
2023-07-14,0.009593570421379427
2023-07-17,-0.016489679730765205
2023-07-18,0.0035994188651611303
2023-07-19,0.0
2023-07-20,0.023690573240064294
2023-07-21,0.01779459352116919
2023-07-24,-0.014494090937197446
2023-07-25,-0.011582056936752405
2023-07-26,-0.00362688307633785
2023-07-27,-0.017453817623000578
2023-07-28,0.010164383399378751
2023-07-31,0.0029153204747143224
2023-08-01,-0.0128458651069141
2023-08-02,0.003989425419218096
2023-08-03,0.00028374457656399343
2023-08-04,-0.006904432925313508
2023-08-07,0.010380995874160304
2023-08-08,0.0030162970100040543
2023-08-09,-0.0029132504996698394
2023-08-10,-0.004995271072156693
2023-08-11,0.017713383818821704
2023-08-14,0.013682085094722352
2023-08-15,-0.002295465646823147
2023-08-16,0.0006442836591824541
2023-08-17,0.001747367350250384
2023-08-18,0.0025705368071535784
2023-08-21,0.00402943948140333
2023-08-22,-0.021980955771113253
2023-08-23,0.03795566697752384
2023-08-24,-0.016621688620972797
2023-08-25,0.006943786842167565
2023-08-28,-0.01161422616152552
2023-08-29,0.009731062427510873
2023-08-30,0.0020001752085754276
2023-08-31,-0.011160474851921065
2023-09-01,0.00789125552833303
2023-09-05,-0.02121260417400772
2023-09-06,-0.009487533410772464
2023-09-07,0.01361633351729119
2023-09-08,0.010283456885846531
2023-09-11,-0.004126459721947029
2023-09-12,0.003867315779839897
2023-09-13,-0.011098770396406277
2023-09-14,0.010832936525222658
2023-09-15,-0.006651922427648893
2023-09-18,0.0027902007354316805
2023-09-19,-0.004266408644344466
2023-09-20,-0.0004657140241721702
2023-09-21,-0.0054047847825147155
2023-09-22,-0.0036541919032843095
2023-09-25,-0.004701886509916986
2023-09-26,-0.004251696415776052
2023-09-27,-0.013758390286040423
2023-09-28,0.003463517583833786
2023-09-29,-0.01294349631776992
2023-10-02,-0.003885229985929217
2023-10-03,-0.007606121065688254
2023-10-04,0.003930515118116595
2023-10-05,0.013996235376425803
2023-10-06,0.0027027912411461408
2023-10-09,0.005968172174207309
2023-10-10,-0.008516617266084547
2023-10-11,-0.0014477869514591957
2023-10-12,0.0012564850181417953
2023-10-13,0.0040545399085121225
2023-10-16,0.0012498407156722458
2023-10-17,0.00028813009054284855
2023-10-18,-0.020927459149000294
2023-10-19,-0.015295534698689273
2023-10-20,0.022304023590569377
2023-10-23,0.006623256297788149
2023-10-24,-0.0030963096253597833
2023-10-25,0.005823592739734762
2023-10-26,0.01852742883954628
2023-10-27,-0.025864548565698753
2023-10-30,-0.0013616083999223871
2023-10-31,0.00019471356584932487
2023-11-01,0.001460693919275169
2023-11-02,0.0
2023-11-03,0.005153022482269565
2023-11-06,0.009286234225479362
2023-11-07,-0.0032585469220813845
2023-11-08,0.0038460809775739957
2023-11-09,-0.019348694406841283
2023-11-10,-0.009669785216519955
2023-11-13,0.010651879409578902
2023-11-14,-0.0029275524747750525
2023-11-15,-0.008025938796411447
2023-11-16,0.006314663345314608
2023-11-17,-0.0023530803304768755
2023-11-20,0.009140018751431667
2023-11-21,-0.004577256954234943
2023-11-22,-0.005185446067017541
2023-11-24,0.001868682834076596
2023-11-27,-0.004319180064730088
2023-11-28,-0.012323852926004242
2023-11-29,0.009482751215679208
2023-11-30,0.013349301854352458
2023-12-01,0.00956280207718918
2023-12-04,0.01546493327080456
2023-12-05,0.011136528166044268
2023-12-06,-0.005648166598126947
2023-12-07,-0.016567102792524158
2023-12-08,-0.001251714352405453
2023-12-11,0.0059761170811991615
2023-12-12,-9.585738886319639e-05
2023-12-13,0.02635113307514092
2023-12-14,-0.004325774065928822
2023-12-15,-0.007272543270346654
2023-12-18,0.0088478964140708
2023-12-19,0.004243665730849999
2023-12-20,-0.010611232101985668
2023-12-21,0.009775855853452642
2023-12-22,0.012313343868758597
2023-12-26,-0.0006500285165909059
2023-12-27,0.003251959903770585
2023-12-28,0.0073161153225220765
2023-12-29,0.0022984518134800958
2024-01-02,0.03870848008258987
2024-01-03,0.013511174312706764
2024-01-04,0.019517249943561632
2024-01-05,0.001794720692028795
2024-01-08,0.0013649662566090903
2024-01-09,0.008945317144670728
2024-01-10,0.0036308798527664443
2024-01-11,-0.003617744258027522
2024-01-12,0.0016887248825938617
2024-01-16,-0.0011800741455130215
2024-01-17,-0.0030383406801397506
2024-01-18,0.0034709213345474055
2024-01-19,0.002952593280831195
2024-01-22,0.004541874987323835
2024-01-23,0.003432939545993996
2024-01-24,-0.00801054881163965
2024-01-25,0.01051471191232789
2024-01-26,0.00574387994208192
2024-01-29,0.003807273994199223
2024-01-30,0.0031332304328632876
2024-01-31,-0.0072333008269920285
2024-02-01,0.046365351379699105
2024-02-02,0.00023742474889543175
2024-02-05,-0.0018194874649213322
2024-02-06,0.005547573660272809
2024-02-07,0.0046501137702748
2024-02-08,-0.006746765110599129
2024-02-09,-0.009161960116234047
2024-02-12,-0.0008769262798283828
2024-02-13,0.0007181206630000325
2024-02-14,0.0031092623987281076
2024-02-15,0.005722540550104016
2024-02-16,0.009878212128914043
2024-02-20,-0.0032865839196378754
2024-02-21,0.0058882923901919515
2024-02-22,0.008897991000177408
2024-02-23,0.0014698985821866017
2024-02-26,-0.004712241069760981
2024-02-27,0.0014746282753077544
2024-02-28,-0.0065099985674562655
2024-02-29,-0.008112993552171655
2024-03-01,-0.0014943537078773161
2024-03-04,-0.02292058902900118
2024-03-05,-0.009834737963346218
2024-03-06,0.007490073332175884
2024-03-07,0.0019393778286491692
2024-03-08,-0.003951936406337508
2024-03-11,-0.005910984560245636
2024-03-12,-0.0008958740107827268
2024-03-13,-0.004076285335677277
2024-03-14,-0.0072495122437441495
2024-03-15,0.008381145631943587
2024-03-18,-0.0006583296955334772
2024-03-19,0.006258154099670232
2024-03-20,0.0135024371924779
2024-03-21,-0.0018569864800083158
2024-03-22,0.0018604412943388215
2024-03-25,0.011788504057637539
2024-03-26,0.0016757932934583497
2024-03-27,0.04963356613935077
2024-03-28,0.0015180008085324825
2024-04-01,-0.007275504191069482
2024-04-02,-0.00488576225086923
2024-04-03,-0.0034523221276209215
2024-04-04,-0.017244022559183114
2024-04-05,0.0025849755073072966
2024-04-08,-0.011172741419532617
2024-04-09,0.0011852355237140788
2024-04-10,0.00031565107087794253
2024-04-11,-0.004733710179780415
2024-04-12,-0.003250147723981467
2024-04-15,0.003578831756290368
2024-04-16,-0.00895481603905679
2024-04-17,0.0024789047571587286
2024-04-18,-0.001116681969228317
2024-04-19,0.004391828470901249
2024-04-22,0.009222510636821557
2024-04-23,-0.00047271249467317755
2024-04-24,0.0009458721149133709
2024-04-25,0.02929132813430768
2024-04-26,0.0036719810992940083
2024-04-29,-0.008231760950740852
2024-04-30,-0.006916605609577409
2024-05-01,-0.0032503567367369035
2024-05-02,-0.004192543322074971
2024-05-03,-0.005847444589327511
2024-05-06,0.00047053710921218794
2024-05-07,0.022027099693890495
2024-05-08,-0.006365956899897607
2024-05-09,0.005248800351197902
2024-05-10,-0.0013053638048192706
2024-05-13,-0.00592030850414782
2024-05-14,-0.004872681093325948
2024-05-15,0.023861214574129708
2024-05-16,-0.006452438256010051
2024-05-17,0.0023684293801393697
2024-05-20,-0.0015244806850226444
2024-05-21,-0.0017557659166143047
2024-05-22,0.002600084693431093
2024-05-23,-7.62551783923815e-05
2024-05-24,-0.012205329941373466
2024-05-28,-0.02625689858839919
2024-05-29,-0.0015067937862155434
2024-05-30,-0.01088159648340481
2024-05-31,0.008110462386254902
2024-06-03,0.022940833813287043
2024-06-04,0.0022582912596429416
2024-06-05,0.0057492673176289255
2024-06-06,0.008265756007459713
2024-06-07,0.0011492752714878929
2024-06-10,0.006275322535487682
2024-06-11,0.002661739182747258
2024-06-12,-0.012439206619110244
2024-06-13,-0.006374757495961614
2024-06-14,0.0008501464481822651
2024-06-17,-0.009400961610580016
2024-06-18,0.0038431582189415447
2024-06-20,0.013125955948111612
2024-06-21,0.008097557527954269
2024-06-24,0.01713591276144122
2024-06-25,-0.00030086334492651634
2024-06-26,-0.01068315109166984
2024-06-27,-0.012775657654670702
2024-06-28,-0.04637179513739553
2024-07-01,0.033117883158713335
2024-07-02,-0.0014073859798753308
2024-07-03,-0.014641436710892353
2024-07-05,0.004767537278777434
2024-07-08,-0.005298532877100248
2024-07-09,0.0020671829764500327
2024-07-10,0.00999683556917863
2024-07-11,0.01311854133022039
2024-07-12,-0.009381948201147017
2024-07-15,0.002817671242838493
2024-07-16,-0.02091775046552735
2024-07-17,0.00358730821607689
2024-07-18,-0.013027278107183515
2024-07-19,0.012233365918064232
2024-07-22,-0.000636000753016841
2024-07-23,-0.010422504985448389
2024-07-24,0.01238138846335235
2024-07-25,-0.0005558847019340174
2024-07-26,-0.004688072057157822
2024-07-29,0.020118109591697797
2024-07-30,-0.09805909659631928
2024-07-31,-0.01839491329482934
2024-08-01,0.006099185701611276
2024-08-02,0.012124422300089588
2024-08-05,-0.025086845849131234
2024-08-06,-0.010328363663457796
2024-08-07,0.012055627120669321
2024-08-08,0.012712217347358834
2024-08-09,0.0055303060146509875
2024-08-12,-0.009340999854929088
2024-08-13,0.008019038300603354
2024-08-14,-0.0070810504867089286
2024-08-15,-0.0023772062625364576
2024-08-16,0.003177207520945746
2024-08-19,0.006598021835439782
2024-08-20,0.006292631995865827
2024-08-21,0.0077296433875460036
2024-08-22,0.00448170882575738
2024-08-23,0.00042896268917846925
2024-08-26,-0.0028302509603724824
2024-08-27,0.001978156839713696
2024-08-28,0.007725387728309663
2024-08-29,0.0005111089269997926
2024-08-30,0.008428317702495525
2024-09-03,-0.015787222762780995
2024-09-04,-0.006690610414014642
2024-09-05,0.024093173766497333
2024-09-06,-0.00632428674285368
2024-09-09,-0.02062114832613382
2024-09-10,-0.0006932291995190853
2024-09-11,-0.005375842954537524
2024-09-12,0.004707576821104009
2024-09-13,0.005292731703374631
2024-09-16,0.02493699464847632
2024-09-17,0.0027976241514624522
2024-09-18,0.0029588430456095605
2024-09-19,-0.01188471904412447
2024-09-20,-0.000511789914049654
2024-09-23,-0.01314324690834745
2024-09-24,-0.005794450539804652
2024-09-25,-0.0020006230309220774
2024-09-26,-0.014294520383775766
2024-09-27,0.005305601907841462
2024-09-30,-0.0011435204276273314
2024-10-01,0.010391015109349366
2024-10-02,-0.023182786562477964
2024-10-03,-0.016952250722415352
2024-10-04,-0.003721242640336575
2024-10-07,-0.010749783384174427
2024-10-08,-0.0006444996217631616
2024-10-09,0.016126058302130764
2024-10-10,-0.007889774072116551
2024-10-11,0.00301652406652253
2024-10-14,-0.0003645612741395299
2024-10-15,0.016774577398243062
2024-10-16,-0.00995249454063385
2024-10-17,-0.006067782147896494
2024-10-18,-0.009567169135608955
2024-10-21,-0.02171119817949696
2024-10-22,0.002821226010682576
2024-10-23,-0.002438164283504962
2024-10-24,-0.004700078794940388
2024-10-25,-0.017944773836387484
2024-10-28,0.0024041681893014477
2024-10-29,-0.004797029553382237
2024-10-30,0.010604500485232649
2024-10-31,-0.023943601867292386
2024-11-01,-0.004300284217531147
2024-11-04,-9.80474711250734e-05
2024-11-05,-0.002159640011289987
2024-11-06,-0.009050642145634558
2024-11-07,0.004368007425612719
2024-11-08,0.0172976952952546
2024-11-11,-0.02127863486667947
2024-11-12,-0.02134428072972172
2024-11-13,-0.000811352416950406
2024-11-14,-0.0014214372559253619
2024-11-15,-0.020841897581088675
2024-11-18,0.0025958774917629324
2024-11-19,-0.00020706110834167735
2024-11-20,0.009322519994624301
2024-11-21,0.02483576069090221
2024-11-22,-0.006809469331497731
2024-11-25,0.01996369461770331
2024-11-26,0.004547240761815008
2024-11-27,0.014760861386260649
2024-11-29,-0.014352258847110333
2024-12-02,-0.010133758083542888
2024-12-03,0.012324826013541346
2024-12-04,-0.004712818239461236
2024-12-05,0.02150537800616914
2024-12-06,-0.004442363296417451
2024-12-09,0.0067902135746664705
2024-12-10,-0.026881200558859453
2024-12-11,-0.012376292345168127
2024-12-12,0.01503766130672135
2024-12-13,0.007407440078313288
2024-12-16,-0.01116717948528878
2024-12-17,0.0
2024-12-18,-0.01718967191982812
2024-12-19,0.011999173604536839
2024-12-20,-0.014770830368847854
2024-12-23,0.013462540150882774
2024-12-24,0.0008050020883749731
2024-12-26,0.004223252318498183
2024-12-27,-0.0017022597959903685
2024-12-30,-0.013339916057020229
2024-12-31,0.011283936291831553
