Date,MSI
2015-01-05,-0.021801660050956073
2015-01-06,-0.008453762625806993
2015-01-07,-0.001239844727519701
2015-01-08,0.015520639158292715
2015-01-09,-0.004890545398077761
2015-01-12,-0.011672798320680577
2015-01-13,-0.0037294157988042587
2015-01-14,-0.005459832820453481
2015-01-15,-0.005488953326838408
2015-01-16,0.010093321792554288
2015-01-20,-0.0004688202018630072
2015-01-21,0.004530208136012348
2015-01-22,0.016327077390923206
2015-01-23,0.0018360310555500803
2015-01-26,0.003512033516198443
2015-01-27,-0.011717671039947919
2015-01-28,-0.016938831466341675
2015-01-29,-0.0001567401679618552
2015-01-30,-0.022246535272066326
2015-02-02,0.006409341288528436
2015-02-03,0.019105064688138107
2015-02-04,-0.001093488564106182
2015-02-05,0.0009385449392356193
2015-02-06,0.010312402016779743
2015-02-09,0.04825226831799467
2015-02-10,0.00649159704881086
2015-02-11,0.005130699479051426
2015-02-12,0.020854501611223375
2015-02-13,-0.0012857463045151674
2015-02-17,-0.001716665082803992
2015-02-18,-0.009599972467425166
2015-02-19,-0.0013020501241107763
2015-02-20,0.011588838990346906
2015-02-23,-0.01718463373381096
2015-02-24,-0.0014568833064403375
2015-02-25,-0.007442314326848498
2015-02-26,0.006616268360950972
2015-02-27,-0.007740984267777806
2015-03-02,0.01398312147968106
2015-03-03,-0.01088706080539703
2015-03-04,-0.007337796000891239
2015-03-05,0.004287421811769443
2015-03-06,-0.01634029179869234
2015-03-09,-0.0037415106935233533
2015-03-10,-0.018626817737837253
2015-03-11,0.004923765910933131
2015-03-12,-0.005359232817518045
2015-03-13,-0.0024629511122005177
2015-03-16,0.016358199393779582
2015-03-17,-0.008199523916276319
2015-03-18,0.020361391649797556
2015-03-19,-0.004651513263725704
2015-03-20,0.007386764658512401
2015-03-23,-0.004638983870410618
2015-03-24,-0.0043595572751188305
2015-03-25,-0.013287053253993153
2015-03-26,0.001071149374253455
2015-03-27,-0.0006113221324454132
2015-03-30,0.015448308199389027
2015-03-31,0.004217478128979213
2015-04-01,0.0
2015-04-02,-0.06239696346687995
2015-04-06,-0.016477434588541895
2015-04-07,0.008295459653467452
2015-04-08,0.006936479998394196
2015-04-09,-0.0016019385044842016
2015-04-10,0.0033698302425317905
2015-04-13,-0.00895579334235419
2015-04-14,-0.0009681425238489139
2015-04-15,-0.0014539123758192662
2015-04-16,0.0006469944947127271
2015-04-17,-0.019075235753971076
2015-04-20,0.007910538124471289
2015-04-21,0.004414413690572161
2015-04-22,0.0026046284021403743
2015-04-23,-0.01217718046448224
2015-04-24,-0.004437928905254851
2015-04-27,0.006768999554013
2015-04-28,-0.00475569393933839
2015-04-29,-0.015653337899277142
2015-04-30,0.00016745577401700018
2015-05-01,0.008870123836918653
2015-05-04,0.006635834358122761
2015-05-05,-0.034442869627683725
2015-05-06,0.0027306498050887473
2015-05-07,0.02144676557756031
2015-05-08,0.00966483058675105
2015-05-11,-0.013038067012758114
2015-05-12,-0.006354597246650329
2015-05-13,-0.002860940955802249
2015-05-14,0.009113970166111374
2015-05-15,-0.008195454320621298
2015-05-18,0.013828165405813664
2015-05-19,-0.005322764292021831
2015-05-20,0.0
2015-05-21,-0.00016721235592254136
2015-05-22,-0.0021741995688245863
2015-05-26,-0.009218940059547265
2015-05-27,-0.0008458212084977434
2015-05-28,0.009651211395536041
2015-05-29,-0.010565316961398952
2015-06-01,0.01101709413922114
2015-06-02,-0.007711941208493611
2015-06-03,0.0048996668509877495
2015-06-04,-0.011432522265169887
2015-06-05,-0.0032309129828649308
2015-06-08,-0.009043112044024415
2015-06-09,-0.0030992668116478495
2015-06-10,0.010190203797068254
2015-06-11,0.006878684149128178
2015-06-12,-0.01537168773712061
2015-06-15,0.005204147613441457
2015-06-16,0.0039688705660931856
2015-06-17,-0.0036095164770182375
2015-06-18,0.007245107250503979
2015-06-19,-0.00582304915763443
2015-06-22,0.020155224662377735
2015-06-23,-0.0016886753775130492
2015-06-24,-0.014039365414769911
2015-06-25,0.00102950921421896
2015-06-26,0.0005138795486310244
2015-06-29,-0.021239886513214068
2015-06-30,0.003499978703625839
2015-07-01,0.004534493881118262
2015-07-02,-0.001562412460081819
2015-07-06,-0.00504286387533015
2015-07-07,0.004718757967633325
2015-07-08,-0.012175894773549967
2015-07-09,0.002641161874455511
2015-07-10,0.009483608541387412
2015-07-13,0.01652749950193
2015-07-14,0.0029094550346557835
2015-07-15,0.004948528768949911
2015-07-16,0.0067927078663743146
2015-07-17,-0.007421414931881087
2015-07-20,0.009346263455750403
2015-07-21,0.00286194289017061
2015-07-22,-0.0036932275178931384
2015-07-23,-0.008424957830277191
2015-07-24,0.011045251747369145
2015-07-27,-0.01327747174749172
2015-07-28,0.006813303557877903
2015-07-29,0.007951438936338429
2015-07-30,0.00469960078368814
2015-07-31,0.005011562263861569
2015-08-03,-0.0066491596763869065
2015-08-04,0.007697701977019689
2015-08-05,0.06343386920128147
2015-08-06,-0.0037474484050458168
2015-08-07,0.006112861231291955
2015-08-10,-0.00311557541926899
2015-08-11,-0.010001700640724143
2015-08-12,0.01973125002387821
2015-08-13,-0.004024474187062088
2015-08-14,0.009947086246534065
2015-08-17,0.0044629379158245275
2015-08-18,0.007660264492102664
2015-08-19,-0.006385670540043131
2015-08-20,-0.02234122367416369
2015-08-21,-0.02253873944494067
2015-08-24,-0.026581068836516675
2015-08-25,-0.005757644817953822
2015-08-26,0.04467212263773157
2015-08-27,0.018213897320427108
2015-08-28,0.0040440870181446265
2015-08-31,0.004182847098159748
2015-09-01,-0.014964714108285704
2015-09-02,0.013625695050278885
2015-09-03,0.0060260362995712136
2015-09-04,0.018430073130075275
2015-09-08,0.04976658353265173
2015-09-09,-0.018819238751847767
2015-09-10,0.011566692257410027
2015-09-11,-0.024291132903526802
2015-09-14,-0.003577631151939542
2015-09-15,0.004637879597693573
2015-09-16,0.004765777263906923
2015-09-17,-0.006521746315570343
2015-09-18,0.0008951247538955265
2015-09-21,-0.0005961053519650816
2015-09-22,-0.0070095963222833735
2015-09-23,0.01832359165439912
2015-09-24,0.0016227645134443414
2015-09-25,0.018995166651835094
2015-09-28,-0.01835220825826167
2015-09-29,-0.00706625250221804
2015-09-30,0.01378794039235065
2015-10-01,-0.009066858789211873
2015-10-02,0.0094450231881813
2015-10-05,0.01973713981525993
2015-10-06,-0.008028998158585265
2015-10-07,0.00867167529485302
2015-10-08,-0.004155093320408976
2015-10-09,-0.010359426824287143
2015-10-12,0.00945000815091901
2015-10-13,-0.005617091921095163
2015-10-14,-0.0049244615505368294
2015-10-15,0.008296937703340834
2015-10-16,-0.000144674305109449
2015-10-19,-0.00332052068906874
2015-10-20,0.006518699960833763
2015-10-21,-0.00014391611013109262
2015-10-22,0.014538261322762702
2015-10-23,0.0
2015-10-26,-0.006100781320695803
2015-10-27,-0.0012843873495262947
2015-10-28,0.0058602022625311445
2015-10-29,-0.003410556118643604
2015-10-30,-0.0022813156231199505
2015-11-02,0.010861982760752786
2015-11-03,0.008906666616221415
2015-11-04,-0.08576226415377353
2015-11-05,0.033108570203510546
2015-11-06,0.009050465416868825
2015-11-09,0.0027934431828398054
2015-11-10,0.002052967919474291
2015-11-11,0.024582662578584102
2015-11-12,-0.00828282724053131
2015-11-13,-0.005904343823850078
2015-11-16,0.01434102361692946
2015-11-17,0.014710383219537437
2015-11-18,0.013089576761312172
2015-11-19,0.0065296235927465585
2015-11-20,-0.003588734708310115
2015-11-23,0.0006924439769391277
2015-11-24,-0.0038757562577346194
2015-11-25,-0.0018067407774779998
2015-11-27,0.0026451332212427126
2015-11-30,-0.0033326669981003088
2015-12-01,0.003761911425051334
2015-12-02,-0.0022208938209345996
2015-12-03,-0.011266788465872812
2015-12-04,0.01449024742065319
2015-12-07,-0.023990973395564108
2015-12-08,-0.008951215485875963
2015-12-09,-0.006308754322989496
2015-12-10,0.0008659365824519316
2015-12-11,-0.005075333087820821
2015-12-14,-0.0068505061255587085
2015-12-15,0.014529012608836656
2015-12-16,0.0056417314838015375
2015-12-17,-0.013809101255688239
2015-12-18,-0.014293920634582902
2015-12-21,0.0066586404774355845
2015-12-22,0.012347550484564263
2015-12-23,0.0049365380423467276
2015-12-24,-0.0021670390717887233
2015-12-28,0.0017375631820730764
2015-12-29,0.006649607648346656
2015-12-30,-0.004882463710669915
2015-12-31,-0.012265535991581644
2016-01-04,-0.019284042757911624
2016-01-05,-0.011023370554749556
2016-01-06,-0.014460273598626117
2016-01-07,-0.0201740559669763
2016-01-08,0.002183618264108178
2016-01-11,0.0018677819856025568
2016-01-12,0.008389108389128985
2016-01-13,-0.02372540066398532
2016-01-14,-0.004102767249729133
2016-01-15,-0.024084901395528213
2016-01-19,-0.007468707080507397
2016-01-20,-0.012596054964207903
2016-01-21,0.007620901714151973
2016-01-22,0.02005913592098607
2016-01-25,0.0061249656794104546
2016-01-26,0.01185530122848144
2016-01-27,0.0259657792229262
2016-01-28,-0.0009259985906813206
2016-01-29,0.03135610033639824
2016-02-01,0.001198214968463951
2016-02-02,-0.037845868538999405
2016-02-03,0.00870643894053691
2016-02-04,-0.00971024523262054
2016-02-05,-0.022256671487877022
2016-02-08,-0.011620590801586617
2016-02-09,0.0024159661990377224
2016-02-10,-0.0204051539769895
2016-02-11,-0.007380605099668314
2016-02-12,0.020819807912281663
2016-02-16,0.026545495229545635
2016-02-17,0.025701968350384963
2016-02-18,-0.00415084226635809
2016-02-19,0.018832923906073606
2016-02-22,0.011363924915845036
2016-02-23,0.06037436677188701
2016-02-24,0.02910408662898778
2016-02-25,0.016749788057496495
2016-02-26,0.010801497063666732
2016-02-29,-0.018300882058415846
2016-03-01,-0.03129679885359149
2016-03-02,0.0012644463446396248
2016-03-03,-0.00042121938034600515
2016-03-04,-0.004210359680159037
2016-03-07,0.0008457948249853686
2016-03-08,0.0012671518160884965
2016-03-09,0.005344735135639489
2016-03-10,-0.00363770791155571
2016-03-11,0.005507983519501769
2016-03-14,0.008848525297376675
2016-03-15,0.0019488196127988022
2016-03-16,0.0037516350469792847
2016-03-17,0.008167317549426345
2016-03-18,-0.003295273421626166
2016-03-21,0.007300969515409816
2016-03-22,0.00806902493002326
2016-03-23,-0.007597176230136671
2016-03-24,-0.007655455682746726
2016-03-28,0.010745350116551533
2016-03-29,0.009813059686920811
2016-03-30,0.01079756268591936
2016-03-31,0.010816070761339391
2016-04-01,0.005416318249895857
2016-04-04,0.0027588429331422137
2016-04-05,-0.007992806566503252
2016-04-06,0.0050192184258404104
2016-04-07,-0.014456425583339483
2016-04-08,0.0033335582745488423
2016-04-11,-0.0047845858368150695
2016-04-12,0.0021363526332298655
2016-04-13,0.004398236616811824
2016-04-14,-0.0007962307766180565
2016-04-15,0.004381763901710745
2016-04-18,0.0006613321845687636
2016-04-19,0.0036991023986741034
2016-04-20,-0.005528668398729786
2016-04-21,-0.007412033664265016
2016-04-22,0.007600936100313982
2016-04-25,-0.0006614488939428176
2016-04-26,0.005164677737419243
2016-04-27,0.0018445501847164092
2016-04-28,-0.009205770418056813
2016-04-29,-0.0019910773056388553
2016-05-02,0.010772798849988385
2016-05-03,-0.013684377692350758
2016-05-04,-0.009871778029128087
2016-05-05,0.00040422465245359973
2016-05-06,-0.04996592847604053
2016-05-09,0.0039687913396235786
2016-05-10,0.0032480047912770704
2016-05-11,-0.013792987921301902
2016-05-12,0.014841911308377309
2016-05-13,-0.006890614798781947
2016-05-16,0.0029734412076529715
2016-05-17,-0.013270802932836445
2016-05-18,-0.006152989733012371
2016-05-19,-0.010653258142126698
2016-05-20,0.0004363842470098689
2016-05-23,0.00043619389886373483
2016-05-24,0.013085366874407756
2016-05-25,-0.0047360546584637175
2016-05-26,0.000721060365541426
2016-05-27,0.0014412086589390416
2016-05-31,-0.0033097557974479663
2016-06-01,-0.0030315184886163804
2016-06-02,-0.003764569451225497
2016-06-03,-0.004796310725382225
2016-06-06,0.004380998047868179
2016-06-07,-0.008869987592311723
2016-06-08,0.01305764836993295
2016-06-09,-0.0070966944974044655
2016-06-10,-0.016335769492650032
2016-06-13,-0.003133060729008985
2016-06-14,0.006285487455252703
2016-06-15,0.00446210258991564
2016-06-16,0.0038490467876335366
2016-06-17,-0.0069321556798002115
2016-06-20,0.015149633975868326
2016-06-21,-0.007900769590277301
2016-06-22,-0.0056038835122080854
2016-06-23,0.008601730222336013
2016-06-24,-0.0482284869665065
2016-06-27,-0.025490492303577028
2016-06-28,0.009670335257366158
2016-06-29,0.013503004279150188
2016-06-30,0.02199842463087265
2016-07-01,0.00060628967257359
2016-07-05,-0.018785184512601916
2016-07-06,0.008182901409127252
2016-07-07,-0.003828509145219483
2016-07-08,0.020445911120863913
2016-07-11,0.003615599451327167
2016-07-12,0.011708447664094512
2016-07-13,0.0008898466218785206
2016-07-14,0.0017788254114909918
2016-07-15,-0.002663143642751109
2016-07-18,0.0022251040884582185
2016-07-19,-0.0007401195243413872
2016-07-20,0.006370482233678754
2016-07-21,-0.005594176922012695
2016-07-22,0.01036258138331192
2016-07-25,-0.0023440787985374856
2016-07-26,0.004846395989249963
2016-07-27,0.0122772599053389
2016-07-28,0.00462023306187076
2016-07-29,-0.0028744834902639793
2016-08-01,0.003603494030866461
2016-08-02,-0.011345772764771778
2016-08-03,0.006536761782903522
2016-08-04,0.013710533236302558
2016-08-05,0.04641245697912488
2016-08-08,0.005850263697910529
2016-08-09,0.0047338006093171625
2016-08-10,0.0
2016-08-11,0.016694265124267416
2016-08-12,-0.012976711908038063
2016-08-15,0.012074036630381091
2016-08-16,0.0018556657682979871
2016-08-17,0.001322738900801479
2016-08-18,0.0040967064480923465
2016-08-19,0.004605702256299304
2016-08-22,0.0019652165508858843
2016-08-23,0.006536384234044679
2016-08-24,0.0016886718312079108
2016-08-25,0.0007778633233010979
2016-08-26,0.0002593133101980172
2016-08-29,0.0011658128420339864
2016-08-30,0.0028463455252141223
2016-08-31,-0.006708918472916103
2016-09-01,-0.0024679625253024584
2016-09-02,0.01497413831758565
2016-09-06,0.00474664761337773
2016-09-07,-0.0030644518328923898
2016-09-08,-0.009093115863186063
2016-09-09,-0.009306124131638671
2016-09-12,0.007566825910302555
2016-09-13,-0.009502491778882627
2016-09-14,-0.008148495870252681
2016-09-15,0.007552868520517508
2016-09-16,-0.005391734042327623
2016-09-19,0.0017187855283191666
2016-09-20,-0.007259918377546359
2016-09-21,0.006914232550550015
2016-09-22,0.006073754708794343
2016-09-23,-0.0010495004062324176
2016-09-26,-0.0021026947841350507
2016-09-27,0.004871945738278205
2016-09-28,0.006158136730232799
2016-09-29,0.005469832381816309
2016-09-30,-0.012045495698287167
2016-10-03,-0.013503086111168572
2016-10-04,-0.011029188198699136
2016-10-05,-0.0009410610038257383
2016-10-06,0.003900494712902436
2016-10-07,-0.002143523094371047
2016-10-10,0.0025508138216028264
2016-10-11,-0.015669121420983312
2016-10-12,0.0035376666270983126
2016-10-13,-0.009490211472744092
2016-10-14,0.007117584194503701
2016-10-17,-0.006116069931990098
2016-10-18,0.009161967946520688
2016-10-19,0.0
2016-10-20,-0.0031164156696408263
2016-10-21,0.0006796819983907465
2016-10-24,0.011817392137216443
2016-10-25,-0.004430122916867507
2016-10-26,-0.00782097415931049
2016-10-27,-0.0013590608419307149
2016-10-28,-0.008846154849849075
2016-10-31,-0.0034326416848062813
2016-11-01,-0.003582448064020194
2016-11-02,-0.010370306806597451
2016-11-03,-0.003912498097122796
2016-11-04,0.06466591438556946
2016-11-07,0.023846944097829725
2016-11-08,0.01093835207892968
2016-11-09,0.005091300919527475
2016-11-10,0.0029129805965399935
2016-11-11,0.015027359543976493
2016-11-14,0.0027366003956179608
2016-11-15,0.014888621638640576
2016-11-16,-0.01576994295755907
2016-11-17,-0.0019878873332754843
2016-11-18,-0.004604939155488208
2016-11-21,-0.0018750826192613923
2016-11-22,0.0060128248703477105
2016-11-23,-0.0006227483977089276
2016-11-25,0.008971079865720544
2016-11-28,-0.0014816705959747045
2016-11-29,0.003091268411738346
2016-11-30,-0.010602662260514317
2016-12-01,-0.013208813623384552
2016-12-02,0.003914591334869488
2016-12-05,0.01786162815926784
2016-12-06,0.016065203945980988
2016-12-07,0.01277095071443446
2016-12-08,0.0003601784751858794
2016-12-09,-0.006122503646004085
2016-12-12,-0.0022948826265131173
2016-12-13,0.0135148981288582
2016-12-14,-0.004084622653413805
2016-12-15,0.006755476828777196
2016-12-16,-0.0007191964604651435
2016-12-19,0.006355015022966315
2016-12-20,-0.002025520986177587
2016-12-21,0.0028653446328876786
2016-12-22,-0.0033330929412528354
2016-12-23,-0.0037031351236977983
2016-12-27,0.0013190405240004477
2016-12-28,-0.007902157440271229
2016-12-29,0.00012048998003444389
2016-12-30,0.0002409509278964439
2017-01-03,0.00856581221835051
2017-01-04,-0.0013161463037187904
2017-01-05,-0.010180567112271444
2017-01-06,0.0030249889571385413
2017-01-09,0.001568313050340553
2017-01-10,-0.0046972587162663615
2017-01-11,0.003025354452604434
2017-01-12,-0.00844586027889016
2017-01-13,0.0010953868153897872
2017-01-17,-0.01871907814718443
2017-01-18,0.01139633956774233
2017-01-19,0.002571607890722083
2017-01-20,0.006108365497437873
2017-01-23,0.0009711396121838689
2017-01-24,0.023168259606284325
2017-01-25,0.011144177702705926
2017-01-26,-0.022628704395230348
2017-01-27,-0.004558434533400879
2017-01-30,-0.0154254806389309
2017-01-31,-0.012117922447290597
2017-02-01,-0.008424896546436633
2017-02-02,0.012120097712751354
2017-02-03,0.007407394726660854
2017-02-06,0.001593424847019298
2017-02-07,-0.05371360864575436
2017-02-08,0.011766668859250817
2017-02-09,-0.005623086518624865
2017-02-10,0.007197054750945009
2017-02-13,0.0014035362434041687
2017-02-14,0.0025482672809482576
2017-02-15,0.009151149384583057
2017-02-16,-0.00931986468481194
2017-02-17,0.008262916694899536
2017-02-21,0.010591463625186037
2017-02-22,-0.0062380396394651205
2017-02-23,-0.003640907030001528
2017-02-24,0.011466833677237442
2017-02-27,-0.012333369466216548
2017-02-28,-0.003910416353524737
2017-03-01,0.012789693005006653
2017-03-02,0.0004999651086334822
2017-03-03,0.006623555845618023
2017-03-06,-0.007200775949858018
2017-03-07,-0.0038762445423933256
2017-03-08,0.006778818327799474
2017-03-09,0.01458834849123547
2017-03-10,0.008971640307891215
2017-03-13,0.0002452164063815321
2017-03-14,0.0209428691918645
2017-03-15,0.022552432625314367
2017-03-16,-0.001055477306530328
2017-03-17,-0.0050501094642394495
2017-03-20,-0.004957351923775999
2017-03-21,-0.006405828323514773
2017-03-22,-0.0020296379191381275
2017-03-23,0.0017947114050456126
2017-03-24,-0.0008361687542073337
2017-03-27,0.003944280993383398
2017-03-28,0.0
2017-03-29,0.001547448187669831
2017-03-30,0.008796020891100209
2017-03-31,0.015906557957436673
2017-04-03,-0.016121425485404184
2017-04-04,-0.003654581599773832
2017-04-05,-0.008163507907458456
2017-04-06,0.004413286299395525
2017-04-07,0.0005941761526593314
2017-04-10,-0.0064093234556426015
2017-04-11,-0.003106132560782182
2017-04-12,-0.007309738325596893
2017-04-13,-0.006035561590469918
2017-04-17,0.00898713150516084
2017-04-18,-0.005296559958620772
2017-04-19,0.008833974212327789
2017-04-20,0.008756101685175155
2017-04-21,-0.004518585360340777
2017-04-24,0.011944446846027912
2017-04-25,0.007908268037122523
2017-04-26,-0.00011695711690107302
2017-04-27,0.008081178338986472
2017-04-28,-0.0011616326249472841
2017-05-01,0.0022103002678681705
2017-05-02,-0.002785484955110884
2017-05-03,0.005237523348669226
2017-05-04,-0.0031262006341393755
2017-05-05,-0.019280097085532466
2017-05-08,-0.01006626244327824
2017-05-09,0.01411678138662631
2017-05-10,0.011796089459015002
2017-05-11,-0.004779623443030734
2017-05-12,-0.013472556106123301
2017-05-15,0.0032062862611748066
2017-05-16,-0.009233261774186041
2017-05-17,-0.022102359111371706
2017-05-18,-0.01246178858228042
2017-05-19,0.0
2017-05-22,0.025980592563769722
2017-05-23,-0.009888266310506433
2017-05-24,0.001339599419370563
2017-05-25,0.0006084848528040698
2017-05-26,-0.004983692656296057
2017-05-30,0.0118495273189132
2017-05-31,0.008933967103551543
2017-06-01,0.02476953684652261
2017-06-02,0.011443428319597437
2017-06-05,0.007965690053740593
2017-06-06,0.001717849488513945
2017-06-07,-0.01463510466468343
2017-06-08,0.005453792097785737
2017-06-09,-0.005539565404909408
2017-06-12,-0.0006962903911925666
2017-06-13,0.004670687744385615
2017-06-14,-0.013598410334815791
2017-06-15,-0.004948641486434258
2017-06-16,0.0031969748077897986
2017-06-19,0.017469264057002887
2017-06-20,-0.0053361737782842145
2017-06-21,0.005831575184980453
2017-06-22,0.012987037507398158
2017-06-23,0.014651929849275325
2017-06-26,-0.0024819111305461883
2017-06-27,-0.007916885064387258
2017-06-28,0.004673948564291264
2017-06-29,-0.015091415787291895
2017-06-30,-0.0006916106590383331
2017-07-03,-0.0006914965193983713
2017-07-05,0.0017308767874166797
2017-07-06,-0.010019903209957604
2017-07-07,0.015705280049512993
2017-07-10,-0.0009162700907062726
2017-07-11,0.00481475597740344
2017-07-12,0.011408997726472192
2017-07-13,-0.003609777459409269
2017-07-14,0.003170252944970642
2017-07-17,-0.0037239814540791505
2017-07-18,0.0019254002068684883
2017-07-19,0.015036523832947957
2017-07-20,0.0020049135846353927
2017-07-21,0.00622485892993474
2017-07-24,0.001657260847460984
2017-07-25,0.007941218030238728
2017-07-26,0.004923512776564776
2017-07-27,0.004029061723549665
2017-07-28,-0.013013883042806373
2017-07-31,-0.0036259662385037528
2017-08-01,0.014004917929139493
2017-08-02,-0.016530355218751236
2017-08-03,-0.00033178195339300665
2017-08-04,-0.0003318920691920413
2017-08-07,-0.012946760436520877
2017-08-08,-0.0069508974515649635
2017-08-09,-0.0007901329642756583
2017-08-10,-0.017173008543320933
2017-08-11,0.005632614250203671
2017-08-14,0.012803247373915694
2017-08-15,-0.00767514046667761
2017-08-16,0.0030708953299873887
2017-08-17,-0.01201965497484725
2017-08-18,0.0027547848994746715
2017-08-21,-0.0019459453097068202
2017-08-22,-0.00905976743861503
2017-08-23,-0.002314385738163227
2017-08-24,0.003480128850953168
2017-08-25,0.004276801258165985
2017-08-28,0.004834251623147212
2017-08-29,-0.004123639082285857
2017-08-30,0.008281329211840882
2017-08-31,0.0052477875881253855
2017-09-01,-0.002837036415344385
2017-09-05,-0.013770081287269975
2017-09-06,-0.01084729444110033
2017-09-07,0.007349555996400525
2017-09-08,-0.014244310478449651
2017-09-11,0.022203882870541092
2017-09-12,0.008389804942107393
2017-09-13,-0.02017343055466969
2017-09-14,-0.010759813985276034
2017-09-15,0.010640544794603635
2017-09-18,0.0
2017-09-19,0.004211246728845541
2017-09-20,-0.002213259700324821
2017-09-21,-0.007705428419292559
2017-09-22,-0.008236389554791557
2017-09-25,-0.009372668347403024
2017-09-26,-0.005748482701882773
2017-09-27,0.01300912398305587
2017-09-28,-0.004875235877260686
2017-09-29,0.01409966113722394
2017-10-02,0.011428972551365213
2017-10-03,-0.00174719532307277
2017-10-04,-0.0005832520139052999
2017-10-05,0.004203377968929223
2017-10-06,0.04000021803020615
2017-10-09,-0.0038016150431662288
2017-10-10,-0.00022412330052978824
2017-10-11,0.0020204322272574515
2017-10-12,0.0060497433313462246
2017-10-13,0.0014476757699812826
2017-10-16,-0.006338464127970234
2017-10-17,-0.005371320832171289
2017-10-18,0.0023625235130400046
2017-10-19,0.006285819629072931
2017-10-20,0.003904227540590499
2017-10-23,-0.0006667825163013674
2017-10-24,0.003224316530182403
2017-10-25,-0.0019948710871589004
2017-10-26,0.0025540602317157823
2017-10-27,0.010079947963255176
2017-10-30,-0.008992187984115163
2017-10-31,0.0018810577344670065
2017-11-01,0.0002209352479924931
2017-11-02,-0.005962898794385385
2017-11-03,0.046989252330829734
2017-11-06,-0.019310090002886526
2017-11-07,-0.0034622202858057838
2017-11-08,0.005971096381051755
2017-11-09,-0.011331285029405058
2017-11-10,-0.005894645686755684
2017-11-13,0.0032942734203889046
2017-11-14,-0.00383082399188317
2017-11-15,-0.006921494500456538
2017-11-16,0.006416905160981701
2017-11-17,-0.00022026559664989342
2017-11-20,0.015173092776423758
2017-11-21,0.0012997273803356801
2017-11-22,-0.006706203424853507
2017-11-24,0.005771655681655163
2017-11-27,0.005630105631268423
2017-11-28,0.017764686180182343
2017-11-29,-0.003808165542904529
2017-11-30,-0.0006375277968092563
2017-12-01,-0.01147593807796965
2017-12-04,0.00644992244738285
2017-12-05,-0.03172069692866242
2017-12-06,0.006948885138076122
2017-12-07,0.016540818062298124
2017-12-08,-0.0030173985806819514
2017-12-11,-0.002053552848171547
2017-12-12,0.011264242422787785
2017-12-13,0.0061047549960213665
2017-12-14,-0.013059310312290573
2017-12-15,0.010303450834647343
2017-12-18,0.014385418422984353
2017-12-19,-0.012805493701933846
2017-12-20,-0.012650032811087897
2017-12-21,-0.005211846231164219
2017-12-22,-0.009386678882997601
2017-12-26,-0.000991585068062406
2017-12-27,0.001434168202073538
2017-12-28,-0.002533410399789715
2017-12-29,-0.0025392833706979756
2018-01-02,0.002324141783532019
2018-01-03,-0.007067646510966141
2018-01-04,0.008341578819557993
2018-01-05,0.01345688372906162
2018-01-08,0.01023066905566461
2018-01-09,-0.007541398384389164
2018-01-10,0.0028222677050742107
2018-01-11,0.012665012667398168
2018-01-12,0.032282325406680856
2018-01-16,-0.007351942807826917
2018-01-17,0.014813053644876062
2018-01-18,0.00226167091633922
2018-01-19,0.0030768527292963643
2018-01-22,-0.0048057377659386225
2018-01-23,-0.005856527613468443
2018-01-24,-0.009507968769804975
2018-01-25,0.019198741361897476
2018-01-26,0.013513500615078389
2018-01-29,0.0018181917805779602
2018-01-30,0.006251237552581834
2018-01-31,-0.003406804028171617
2018-02-01,-0.0034186204542173693
2018-02-02,0.04792182474375428
2018-02-05,-0.027053183222559563
2018-02-06,0.016821981245504602
2018-02-07,-0.0012649392909972468
2018-02-08,-0.037903579994526204
2018-02-09,0.003949918314847922
2018-02-12,0.021890411481286565
2018-02-13,0.0063178750707537645
2018-02-14,0.030213714732512775
2018-02-15,0.01056967739660064
2018-02-16,-0.002072834227648257
2018-02-20,-0.0015108581072235117
2018-02-21,-0.007186693820281698
2018-02-22,-0.0024763859345153794
2018-02-23,0.01909653094349717
2018-02-26,0.0008433731399630773
2018-02-27,-0.0018725039000909716
2018-02-28,-0.004407872227034315
2018-03-01,0.0016012629967876446
2018-03-02,-0.00028220847744697686
2018-03-05,0.009220216487892063
2018-03-06,0.010347579721654565
2018-03-07,0.004244401445785195
2018-03-08,-0.003399517258269924
2018-03-09,0.005716002110086382
2018-03-12,-0.002200185661545895
2018-03-13,0.003399283031990663
2018-03-14,0.0022997703954557025
2018-03-15,-0.0013767735773443368
2018-03-16,0.0002757808583429
2018-03-19,-0.0007350320067954774
2018-03-20,0.00588504681509372
2018-03-21,-0.0027423941610748015
2018-03-22,-0.01732545239622052
2018-03-23,-0.02723861556021312
2018-03-26,0.01448031845747777
2018-03-27,0.0013233292111527462
2018-03-28,-0.018597046447942356
2018-03-29,0.012889482014875275
2018-04-02,-0.007407348660887769
2018-04-03,0.003922507673796094
2018-04-04,0.010864492696242456
2018-04-05,0.005845260448104739
2018-04-06,-0.025400564051110908
2018-04-09,0.0070203866798188574
2018-04-10,0.027122710859669885
2018-04-11,0.0007436228905650655
2018-04-12,0.006504001066522713
2018-04-13,-0.0059077842449067886
2018-04-16,0.011421362739829855
2018-04-17,0.015883181025869497
2018-04-18,0.006958936086759238
2018-04-19,-0.006372327794255783
2018-04-20,-0.0012645961536527084
2018-04-23,-0.006783009533824713
2018-04-24,-0.0016389323750094498
2018-04-25,-0.0020065391016613754
2018-04-26,0.0037467744482024834
2018-04-27,0.0029138960946695214
2018-04-30,-0.0029054299736160916
2018-05-01,-0.012291297443745353
2018-05-02,-0.007835852463982884
2018-05-03,0.000557792586586281
2018-05-04,0.003156817067381912
2018-05-07,-0.006664667183221562
2018-05-08,0.00493888630310968
2018-05-09,-0.019102686630395604
2018-05-10,0.028077480957394707
2018-05-11,-0.0034941835228617935
2018-05-14,-0.009135320767600152
2018-05-15,0.005587533547825707
2018-05-16,-0.006297304486507227
2018-05-17,-0.009785768277856155
2018-05-18,0.0015059192359507811
2018-05-21,0.01851307655726142
2018-05-22,0.008581169620611062
2018-05-23,0.013996729839152788
2018-05-24,0.00018052081472719195
2018-05-25,-0.0026160140999964554
2018-05-29,-0.008049130625078282
2018-05-30,-0.0019146693513312218
2018-05-31,-0.019457362250382415
2018-06-01,0.016489552525001283
2018-06-04,0.00733215345545668
2018-06-05,0.022108964795378716
2018-06-06,0.011037816179816362
2018-06-07,-0.011973565898134031
2018-06-08,0.0007127523742502806
2018-06-11,0.0018697738423958388
2018-06-12,0.00684374224943185
2018-06-13,0.0030898773491303544
2018-06-14,0.006984518621646396
2018-06-15,0.0054431423697183234
2018-06-18,0.008557366411444223
2018-06-19,0.002597502866929613
2018-06-20,0.0014681459746210823
2018-06-21,0.009312719976888095
2018-06-22,0.005638631855755527
2018-06-25,-0.014102393081058873
2018-06-26,-0.004911712469424345
2018-06-27,-0.0006064239492378221
2018-06-28,0.014730274078598393
2018-06-29,-0.006318620215540749
2018-07-02,0.0012028502716947553
2018-07-03,-0.005235589642374028
2018-07-05,0.013632478053504204
2018-07-06,0.007916409327493934
2018-07-09,-0.0009291080357207715
2018-07-10,0.0028740268280833536
2018-07-11,0.014160293171122218
2018-07-12,0.0037400662341779967
2018-07-13,0.0
2018-07-16,0.0048025586205697746
2018-07-17,0.009064738125789562
2018-07-18,0.006043478815423109
2018-07-19,-0.008198851649554917
2018-07-20,-0.00409225085961662
2018-07-23,0.002793985588560588
2018-07-24,-0.004507344847768158
2018-07-25,0.02123990986938029
2018-07-26,0.008867303510538438
2018-07-27,-0.013583796703987905
2018-07-30,-0.024058223155524527
2018-07-31,0.006806142785008351
2018-08-01,-0.003297689699707229
2018-08-02,0.005128129264195147
2018-08-03,-0.031681993777116446
2018-08-06,0.01317259384032532
2018-08-07,0.014930314914045173
2018-08-08,-0.009752158601063154
2018-08-09,0.01360366255202572
2018-08-10,-0.003622785599180056
2018-08-13,0.0028096637556012105
2018-08-14,-0.0028841342103252954
2018-08-15,-0.005950600212641932
2018-08-16,0.008563503628844504
2018-08-17,0.013848837490199495
2018-08-20,0.016261472549992106
2018-08-21,-0.004000317090932515
2018-08-22,-0.0006426645920812879
2018-08-23,0.005465959460986269
2018-08-24,0.012470773931074763
2018-08-27,0.004737581905893906
2018-08-28,0.00455799570133375
2018-08-29,0.006962243083771247
2018-08-30,-0.009167207452908555
2018-08-31,0.006429520094241914
2018-09-04,-0.001480179353751665
2018-09-05,-0.005851729627960767
2018-09-06,0.0014912967381985887
2018-09-07,-0.006425991701312528
2018-09-10,0.0026816453455817957
2018-09-11,0.002438544806972809
2018-09-12,-0.011377933474365998
2018-09-13,0.005339829022301679
2018-09-14,0.004915299339044887
2018-09-17,-0.002130000905751772
2018-09-18,0.0009485408647706972
2018-09-19,-0.0164283922997418
2018-09-20,0.012526993518198193
2018-09-21,0.01839964352017076
2018-09-24,0.004283213726393287
2018-09-25,0.007444024244694258
2018-09-26,-0.00908231587340469
2018-09-27,-0.0016311304282080608
2018-09-28,0.012526198174068526
2018-10-01,-0.014983796698785357
2018-10-02,-0.010297405289488304
2018-10-03,-0.0006306424056529147
2018-10-04,-0.006703946501917302
2018-10-05,-0.0027789035986309774
2018-10-08,-0.016641449322993607
2018-10-09,0.007692010809251748
2018-10-10,-0.030292965558317397
2018-10-11,-0.022704760574348004
2018-10-12,0.019501227069073535
2018-10-15,-0.0019126534523283834
2018-10-16,0.031247380495732946
2018-10-17,-0.001615954571649425
2018-10-18,0.002347048474875324
2018-10-19,-0.003956670471352286
2018-10-22,-0.0027558818130374307
2018-10-23,-0.005934161800325466
2018-10-24,-0.022160362507743225
2018-10-25,0.017059657051620825
2018-10-26,-0.01595124369783374
2018-10-29,-0.021891680918098677
2018-10-30,0.01862294621971272
2018-10-31,0.027842836249364122
2018-11-01,0.009954274636154281
2018-11-02,0.04087915731536795
2018-11-05,-0.03733312339115635
2018-11-06,0.0149963491617231
2018-11-07,0.02208269490885839
2018-11-08,0.007150086767566011
2018-11-09,0.0004631187566968009
2018-11-12,-0.020516977180884632
2018-11-13,-0.0007086047505953097
2018-11-14,0.014420622295791441
2018-11-15,0.005127171109697404
2018-11-16,0.004869132333944259
2018-11-19,-0.028688115769665457
2018-11-20,-0.021537535149049436
2018-11-21,0.004369839728105562
2018-11-23,0.0019338657269767356
2018-11-26,0.02428630904038931
2018-11-27,0.015152617323981099
2018-11-28,0.021423159691962956
2018-11-29,0.0038616714952861564
2018-11-30,-0.010031745222811028
2018-12-03,0.01935221541756338
2018-12-04,-0.02773010227156525
2018-12-06,-0.00245999858572743
2018-12-07,-0.01718551000026869
2018-12-10,0.016231652223450244
2018-12-11,-0.0010803763483008266
2018-12-12,0.006102163225292667
2018-12-13,-0.004857913088251675
2018-12-14,-0.018597628971656954
2018-12-17,-0.026924565870061423
2018-12-18,-0.010954152787830518
2018-12-19,-0.02329976062755268
2018-12-20,-0.029819330359190932
2018-12-21,-0.03264057994122915
2018-12-24,-0.024702467266108696
2018-12-26,0.02936579270029438
2018-12-27,0.0021393342464266496
2018-12-28,-0.0014230053594708192
2018-12-31,0.02485489886773906
2019-01-02,-0.00226001637476958
2019-01-03,-0.035023357488348505
2019-01-04,0.04333700704610188
2019-01-07,0.004672962172140416
2019-01-08,0.029371049906195212
2019-01-09,-0.02803093301967552
2019-01-10,0.012052282486780364
2019-01-11,-0.01326984641385398
2019-01-14,-0.007586211351397476
2019-01-15,0.00564618521796012
2019-01-16,-0.010537937271754894
2019-01-17,-0.006984064686108793
2019-01-18,0.0162636728519443
2019-01-22,-0.009775105451166444
2019-01-23,-8.71327414949663e-05
2019-01-24,0.0028830503248522543
2019-01-25,0.012108945916885272
2019-01-28,-0.008176772442607838
2019-01-29,0.004252326066576773
2019-01-30,0.009419121668109653
2019-01-31,0.0008561532773807556
2019-02-01,0.012488133990304906
2019-02-04,0.01419293070525196
2019-02-05,-0.005581176973180502
2019-02-06,0.008795803689868986
2019-02-07,-0.015029652599497845
2019-02-08,0.1412070003925574
2019-02-11,-0.008790512256801608
2019-02-12,0.022656485734245724
2019-02-13,0.0030604288629123566
2019-02-14,-0.0032693935525986983
2019-02-15,0.010496376152835385
2019-02-19,0.0020201155147898664
2019-02-20,0.0021590484435858315
2019-02-21,-0.005890128444475451
2019-02-22,0.011489272690180963
2019-02-25,0.008787035978564006
2019-02-26,0.0030453543900577085
2019-02-27,0.009531071382051115
2019-02-28,0.000908777763777957
2019-03-01,0.0034241355776656324
2019-03-04,-0.011210963810118324
2019-03-05,-0.002817105213321458
2019-03-06,-0.009321863587193557
2019-03-07,-0.005631776057921756
2019-03-08,-0.004587950226338622
2019-03-11,0.018724979320885682
2019-03-12,-0.00883698043642811
2019-03-13,0.0057774524599809585
2019-03-14,-0.0024923108678971406
2019-03-15,0.00392620635608365
2019-03-18,-0.0009954594690457785
2019-03-19,-0.0002844643288814064
2019-03-20,-0.012530500065291883
2019-03-21,0.01398704493619607
2019-03-22,-0.01422079059905157
2019-03-25,0.0
2019-03-26,0.012694819015021341
2019-03-27,-0.00733625685887862
2019-03-28,-0.0012914203779781364
2019-03-29,0.00883705036725524
2019-04-01,0.006408934573973513
2019-04-02,0.002477261066937908
2019-04-03,0.004375590714696509
2019-04-04,-0.011314572720713123
2019-04-05,-0.00014216806056599474
2019-04-08,-0.0002132824127959454
2019-04-09,0.0010666395594383093
2019-04-10,0.013638556862405116
2019-04-11,0.002452605981016154
2019-04-12,0.0012580819768164275
2019-04-15,0.0023739443427399642
2019-04-16,0.008636873144893364
2019-04-17,-0.008217747342949
2019-04-18,-0.0018104666890987886
2019-04-22,0.005301393865870363
2019-04-23,0.013530644978848372
2019-04-24,0.006298299498872284
2019-04-25,-0.009864715694008486
2019-04-26,0.004947029805128178
2019-04-29,-0.00683709572591662
2019-04-30,-0.0024093829849199944
2019-05-01,-0.015043742922424386
2019-05-02,-0.002662163730738021
2019-05-03,0.008921293239764427
2019-05-06,-0.009330271663534728
2019-05-07,-0.0037248542904418924
2019-05-08,0.009171168112460437
2019-05-09,0.015239114988252034
2019-05-10,0.022033898885715608
2019-05-13,-0.035033154433022795
2019-05-14,0.009774703963246978
2019-05-15,0.00380238644152997
2019-05-16,0.022110827604790995
2019-05-17,-0.00970436732851454
2019-05-20,-0.00034002957230305775
2019-05-21,0.012457692108393648
2019-05-22,0.026221601321360755
2019-05-23,-0.01408638783418692
2019-05-24,0.0009970408374568862
2019-05-28,-0.0014606571603027474
2019-05-29,-0.007579139658493328
2019-05-30,0.013532326966297026
2019-05-31,-0.00885681356844814
2019-06-03,0.014271121897442729
2019-06-04,0.03188933646234937
2019-06-05,0.023511872966439418
2019-06-06,0.0021789425464318057
2019-06-07,0.016151134707380166
2019-06-10,-0.012654485731882548
2019-06-11,-0.005881843163033751
2019-06-12,0.004670887907676224
2019-06-13,-0.004914827376018227
2019-06-14,0.002501372288522763
2019-06-17,0.0217645588128903
2019-06-18,0.007628938101279292
2019-06-19,0.008783475438690846
2019-06-20,0.0019214375734715183
2019-06-21,-0.010608052600538653
2019-06-24,0.003150211463862851
2019-06-25,-0.008574284689641165
2019-06-26,0.004202335303944427
2019-06-27,-0.0016982347839656908
2019-06-28,0.012940447117230747
2019-07-01,0.0009596240319511562
2019-07-02,0.008508820136547524
2019-07-03,0.012239001722241794
2019-07-05,0.0016437051360207455
2019-07-08,-0.009317217382984744
2019-07-09,0.007630225546182867
2019-07-10,0.002230699429767391
2019-07-11,0.0019914975877954877
2019-07-12,0.007073128699045084
2019-07-15,0.003018258516825023
2019-07-16,-0.007349462539889551
2019-07-17,-0.007986834468997173
2019-07-18,0.007992187962819974
2019-07-19,-0.015216646714952264
2019-07-22,0.006334720242693548
2019-07-23,0.004824015313186214
2019-07-24,-0.018793483568582015
2019-07-25,0.007995236167264164
2019-07-26,0.006925998608754869
2019-07-29,-0.007818679688473051
2019-07-30,-0.016412805946409703
2019-07-31,-0.0002413093541122624
2019-08-01,-0.00723037352332867
2019-08-02,0.03228935142465117
2019-08-05,-0.007937843528379562
2019-08-06,0.016891318483039708
2019-08-07,0.01410420635547438
2019-08-08,0.02908008527060968
2019-08-09,-0.015413601316783376
2019-08-12,-0.004311110457055678
2019-08-13,0.0029056281353294633
2019-08-14,-0.02851477839887595
2019-08-15,0.006022179654720183
2019-08-16,0.007322965583041352
2019-08-19,0.020482548491878694
2019-08-20,-0.008367862683374305
2019-08-21,0.021723082240007408
2019-08-22,-0.0026228408847057683
2019-08-23,-0.019358560957512427
2019-08-26,0.017573008570874737
2019-08-27,0.0008970089878799214
2019-08-28,-0.001512652729093067
2019-08-29,0.016382444632447424
2019-08-30,-0.0013798766603536627
2019-09-03,-0.012768913153907047
2019-09-04,0.0017916921886884651
2019-09-05,-0.02990166088114332
2019-09-06,0.007086739968227063
2019-09-09,-0.017906329837681367
2019-09-10,-0.04217396795473061
2019-09-11,0.005351657677221677
2019-09-12,0.008498578188818717
2019-09-13,0.005416886018104083
2019-09-16,-0.006046375758261724
2019-09-17,0.016924604127131593
2019-09-18,-0.0021913889057413316
2019-09-19,-0.006232688672997422
2019-09-20,-0.007227005240417417
2019-09-23,0.013597049908528058
2019-09-24,0.004511172358377724
2019-09-25,0.01412279230103608
2019-09-26,0.004370029548389276
2019-09-27,-0.012646998801538412
2019-09-30,0.0012925788767761404
2019-10-01,-0.02916492755855704
2019-10-02,-0.006104950195830239
2019-10-03,0.0015205391975015026
2019-10-04,0.02143553299776646
2019-10-07,-0.002497026428731397
2019-10-08,0.017641209173664407
2019-10-09,0.002049596156932454
2019-10-10,-0.006370676159460853
2019-10-11,-0.014587086521303028
2019-10-14,-0.001133899749106826
2019-10-15,0.014162527277454595
2019-10-16,0.017971647799874813
2019-10-17,0.017133704859112697
2019-10-18,-0.003812590122710291
2019-10-21,0.005483892787736977
2019-10-22,-0.039372708131077516
2019-10-23,5.931638884559831e-05
2019-10-24,-0.03453791378031801
2019-10-25,0.0009801305663845739
2019-10-28,-0.003610818487463252
2019-10-29,0.011853520210477475
2019-10-30,0.0037027018868165396
2019-10-31,0.00580564576269027
2019-11-01,0.0074554059391549465
2019-11-04,-0.04159728691168407
2019-11-05,-0.02179462949006805
2019-11-06,0.009612628696570091
2019-11-07,0.02269857633020722
2019-11-08,0.017016195723411176
2019-11-11,-0.023096994739138732
2019-11-12,-0.0001860927502209675
2019-11-13,0.002979673581011255
2019-11-14,0.0008660140343597078
2019-11-15,0.002101866234841987
2019-11-18,0.005429939193744238
2019-11-19,0.018654811408503225
2019-11-20,0.002168264293322064
2019-11-21,-0.007814145744999279
2019-11-22,0.00478625335994054
2019-11-25,-0.0007839462893026727
2019-11-26,0.0038616914248190692
2019-11-27,0.006251752161593238
2019-11-29,-0.0005974444370770993
2019-12-02,-0.0135088590888236
2019-12-03,-0.0010904387639006918
2019-12-04,0.0016985781051244153
2019-12-05,-0.02846077826187976
2019-12-06,0.0016830670846501583
2019-12-09,0.004915598648594699
2019-12-10,-0.003591422190951099
2019-12-11,0.005344430935743549
2019-12-12,0.005150603596220327
2019-12-13,-0.009075781667988503
2019-12-16,0.0056072326914184956
2019-12-17,-0.0026019485242667617
2019-12-18,-0.009877065771804139
2019-12-19,0.010791072236800314
2019-12-20,-0.000620757491113455
2019-12-23,0.007390960712828187
2019-12-24,-0.0032059028822079005
2019-12-26,-0.0018557069405428228
2019-12-27,0.00043411839204421376
2019-12-30,-0.003034970126290837
2019-12-31,0.0011184452357748675
2020-01-02,0.0030402992598310696
2020-01-03,0.017014339268474288
2020-01-06,0.01545200620722631
2020-01-07,-0.007189120437544161
2020-01-08,0.001026040605710321
2020-01-09,0.016878500348057157
2020-01-10,-0.008240002870484875
2020-01-13,0.021338851131707193
2020-01-14,-0.014806357030038853
2020-01-15,0.013128102210727244
2020-01-16,0.013544482883652398
2020-01-17,0.018859393120094436
2020-01-21,0.004655422806179255
2020-01-22,0.004521399331004927
2020-01-23,-0.003938278826154051
2020-01-24,0.014798818199607489
2020-01-27,-0.00923950774727944
2020-01-28,0.0060112149877207255
2020-01-29,0.00195442227887499
2020-01-30,0.0036231099009089718
2020-01-31,-0.017049217840418462
2020-02-03,-0.005480147739904795
2020-02-04,0.013009144802506256
2020-02-05,-0.009140968615934164
2020-02-06,0.012677866770345991
2020-02-07,0.0029618871884833364
2020-02-10,0.025688363033070427
2020-02-11,0.0021185032226236356
2020-02-12,0.0011383346486888435
2020-02-13,-0.0029781023142647634
2020-02-14,0.0015748378033770827
2020-02-18,0.002494501804564342
2020-02-19,0.006761712948351484
2020-02-20,-0.002793794356993673
2020-02-21,-0.001778190057054041
2020-02-24,-0.01872957680537768
2020-02-25,-0.020296646910055838
2020-02-26,-0.0020215028966893422
2020-02-27,-0.05029535889899028
2020-02-28,-0.018541500911644526
2020-03-02,0.04713926353569864
2020-03-03,0.008645969098779904
2020-03-04,0.04240240718781774
2020-03-05,-0.010744936266237182
2020-03-06,-0.02510418907957912
2020-03-09,-0.05815131811071672
2020-03-10,0.030418214437536673
2020-03-11,-0.05576046062279072
2020-03-12,-0.11957424774131864
2020-03-13,0.09605992143349718
2020-03-16,-0.06266501504009281
2020-03-17,0.028160100431174673
2020-03-18,-0.007567173931214866
2020-03-19,0.01025660247562521
2020-03-20,-0.08756354843736425
2020-03-23,-0.08820744046385709
2020-03-24,0.05017666783142305
2020-03-25,0.021787296736651696
2020-03-26,0.1146942568070346
2020-03-27,-0.09342908008875783
2020-03-30,-0.012586309483129554
2020-03-31,-0.0033740065943959063
2020-04-01,-0.051384280030448926
2020-04-02,0.034181857242685076
2020-04-03,-0.028987668078351847
2020-04-06,0.11277840892485336
2020-04-07,0.01092980765027396
2020-04-08,0.037419149856221745
2020-04-09,0.03464871163436967
2020-04-13,-0.04349564678065665
2020-04-14,0.04478936917221721
2020-04-15,-0.02729245711350292
2020-04-16,0.027789341997428663
2020-04-17,0.03286427308389528
2020-04-20,-0.01514872070278217
2020-04-21,-0.06886371479529685
2020-04-22,0.04776062400858416
2020-04-23,0.013325673908989977
2020-04-24,-0.005273256562188577
2020-04-27,0.01073308419205321
2020-04-28,-0.05834014174256419
2020-04-29,0.023997968834871708
2020-04-30,-0.0343134565922113
2020-05-01,-0.0346290631009899
2020-05-04,0.0167830286534576
2020-05-05,-0.002408695888689083
2020-05-06,-0.03919883366472776
2020-05-07,0.006726138997453779
2020-05-08,-0.03626813082682867
2020-05-11,-0.008608197897881364
2020-05-12,0.008375866006230748
2020-05-13,-0.021793819534901115
2020-05-14,-0.008179469527667349
2020-05-15,0.01374485361185207
2020-05-18,0.049972939720989595
2020-05-19,0.011142122064231152
2020-05-20,0.011384484653655935
2020-05-21,-0.010101685276430294
2020-05-22,-0.021867688942003416
2020-05-26,0.023846957136645974
2020-05-27,-0.024528861023099036
2020-05-28,0.013803851502780518
2020-05-29,-0.003974069762967547
2020-06-01,0.02667524315441394
2020-06-02,0.0051822275582324995
2020-06-03,0.05878557135562312
2020-06-04,0.00919746908561847
2020-06-05,0.04469598642855699
2020-06-08,0.015522734801537652
2020-06-09,-0.041371984818146634
2020-06-10,-0.023324995467927323
2020-06-11,-0.08196684902378282
2020-06-12,0.038097960077034365
2020-06-15,-0.021621764784936603
2020-06-16,0.03169556652167982
2020-06-17,-0.013106143676718807
2020-06-18,0.009353166318477157
2020-06-19,-0.017613587608294123
2020-06-22,0.016201398526723976
2020-06-23,-0.000708958525753367
2020-06-24,-0.012266662054532751
2020-06-25,0.008542689340864662
2020-06-26,-0.012171671989655963
2020-06-29,-0.004611331701742549
2020-06-30,0.014405319988473275
2020-07-01,-0.029686635110467985
2020-07-02,-0.006472140673907445
2020-07-06,0.0068101797293766975
2020-07-07,-0.03624708582208014
2020-07-08,0.008010403314521408
2020-07-09,-0.009082251123274432
2020-07-10,-0.019170380390840847
2020-07-13,0.0205576897203954
2020-07-14,0.01457374830684599
2020-07-15,0.01195720132601652
2020-07-16,0.001114575672110929
2020-07-17,0.022047239532112073
2020-07-20,-0.014744241689533477
2020-07-21,0.01732417461816671
2020-07-22,0.023188628829695856
2020-07-23,0.021387771121654797
2020-07-24,-0.01726518184569359
2020-07-27,0.0016230249715918355
2020-07-28,-0.036348349421590265
2020-07-29,0.023683975917219824
2020-07-30,-0.0060693958762850775
2020-07-31,0.004382200811110293
2020-08-03,-0.016166081355465378
2020-08-04,0.00021836916187623068
2020-08-05,0.005524231025504589
2020-08-06,0.04120605129864141
2020-08-07,0.0015968812042994607
2020-08-10,-0.014141158411251298
2020-08-11,0.0045701116527328
2020-08-12,0.014978954411981826
2020-08-13,0.006551701362182083
2020-08-14,-0.0040428005663128985
2020-08-17,0.013689434551708235
2020-08-18,0.016558069054375846
2020-08-19,0.004405837237710264
2020-08-20,0.007643187641553473
2020-08-21,0.002044746747003501
2020-08-24,0.013494078866526538
2020-08-25,0.005260580938806214
2020-08-26,-0.009368224269216574
2020-08-27,-0.0099130613321885
2020-08-28,0.011659431361576988
2020-08-31,0.007618041849095425
2020-09-01,-0.006332999246992266
2020-09-02,0.02159083626737668
2020-09-03,-0.022725865859412497
2020-09-04,-0.0031267275304657227
2020-09-08,-0.0035935363947032783
2020-09-09,0.0070825746929732425
2020-09-10,-0.021033172704736813
2020-09-11,0.023413835111731895
2020-09-14,0.018143537821830646
2020-09-15,0.005128489394391922
2020-09-16,0.0018493529691581134
2020-09-17,0.006938842788801969
2020-09-18,-0.00550006577556561
2020-09-21,-0.030131537500231564
2020-09-22,0.030805278745762887
2020-09-23,-0.03223736154568824
2020-09-24,-0.0033509657580135244
2020-09-25,0.015228313680544447
2020-09-28,0.017078138065282467
2020-09-29,0.006512069251437103
2020-09-30,-0.005328322035143107
2020-10-01,-0.00012753703169388064
2020-10-02,0.0007655263608259411
2020-10-05,0.003823878268323533
2020-10-06,-0.0034921434226706793
2020-10-07,0.021343329284935875
2020-10-08,0.015345268025502845
2020-10-09,0.024635997513209773
2020-10-12,0.009293494408270986
2020-10-13,-0.012416046207474718
2020-10-14,0.004090673179429238
2020-10-15,0.027977200923651413
2020-10-16,-0.003962847327180219
2020-10-19,-0.0043882147903892
2020-10-20,-0.007404930250334396
2020-10-21,0.00941414109648897
2020-10-22,-0.008387723536802505
2020-10-23,0.03383411545817916
2020-10-26,-0.014189446985044762
2020-10-27,0.00034830784511252766
2020-10-28,-0.04566007426539542
2020-10-29,-0.009727177126061526
2020-10-30,-0.029651891057886903
2020-11-02,0.034227419597088415
2020-11-03,0.01547687824624644
2020-11-04,-0.03415676427140413
2020-11-05,0.0032437681241099803
2020-11-06,0.0225675220053021
2020-11-09,0.03514080630620375
2020-11-10,-0.020321878235555202
2020-11-11,0.017565965815024454
2020-11-12,-0.012961453574167114
2020-11-13,0.017727783096269434
2020-11-16,0.019941478933422685
2020-11-17,-0.024899292929697392
2020-11-18,-0.012502399385757257
2020-11-19,0.010211970161632333
2020-11-20,-0.010995194478633175
2020-11-23,0.01243276226347012
2020-11-24,0.014700424429080039
2020-11-25,0.0015127017956444444
2020-11-27,0.007726975313549156
2020-11-30,-0.011126764889327512
2020-12-01,-0.006004741295768556
2020-12-02,0.003284591738249354
2020-12-03,0.00035054865171302296
2020-12-04,-0.004207380915789538
2020-12-07,0.0003519064147512463
2020-12-08,0.011850599830692143
2020-12-09,0.002434858795746564
2020-12-10,-0.006014948864692671
2020-12-11,-0.020132682637442167
2020-12-14,-0.010555065025331767
2020-12-15,0.012716661998438461
2020-12-16,-0.006605688667491116
2020-12-17,0.01635513476981143
2020-12-18,0.0035955690134341634
2020-12-21,-0.029601967314656252
2020-12-22,0.013497168309860585
2020-12-23,0.006927578025774039
2020-12-24,-0.0008303183049418461
2020-12-28,0.005579681894767763
2020-12-29,-0.014579981825351807
2020-12-30,0.00023945518198797977
2020-12-31,0.01844531999400867
2021-01-04,-0.015053074813740075
2021-01-05,-0.0053138422814026365
2021-01-06,0.024428287406692117
2021-01-07,0.002343687999546429
2021-01-08,0.020282943240842677
2021-01-11,-0.00492683468955013
2021-01-12,0.003166201633122867
2021-01-13,-0.0008606831603175102
2021-01-14,-0.0035613885423121383
2021-01-15,0.0004612543981610262
2021-01-19,-0.010256645639805995
2021-01-20,0.006695052052652084
2021-01-21,-0.0036431161731342865
2021-01-22,0.008242262466604533
2021-01-25,5.7275422095326434e-05
2021-01-26,-0.006792921571696087
2021-01-27,-0.005795543808870041
2021-01-28,-0.009968383895630817
2021-01-29,-0.013425130722026113
2021-02-01,0.04207671278123537
2021-02-02,0.02394045787765009
2021-02-03,0.0035797150442917758
2021-02-04,0.015550297287474146
2021-02-05,-0.0006586943674065093
2021-02-08,0.0024714441839988055
2021-02-09,0.003177447955144519
2021-02-10,0.0010921921863744632
2021-02-11,-0.008346159019033572
2021-02-12,-0.003960498794526646
2021-02-16,0.012591759625203869
2021-02-17,-0.008508377466497685
2021-02-18,0.00643610991362098
2021-02-19,-0.0011478795692420052
2021-02-22,-0.012038438861552092
2021-02-23,-0.011077211184278624
2021-02-24,0.014169594224618054
2021-02-25,-0.003092466410936523
2021-02-26,-0.027919160118772823
2021-03-01,0.0397194666444165
2021-03-02,-0.0143053489992363
2021-03-03,-0.008396210013206673
2021-03-04,-0.01917775468348848
2021-03-05,0.022639966869870243
2021-03-08,0.0019009243905205864
2021-03-09,-0.012164662632684453
2021-03-10,0.004123372905920464
2021-03-11,0.0043320461926479314
2021-03-12,0.007254357934767919
2021-03-15,0.015297895483481039
2021-03-16,0.0034643935416815985
2021-03-17,-0.006247209338371307
2021-03-18,0.00038607422562630944
2021-03-19,0.009977570475400821
2021-03-22,0.013589851704516986
2021-03-23,-0.009854049129534026
2021-03-24,-0.015444784695999636
2021-03-25,0.016847032655375793
2021-03-26,0.0299310910665469
2021-03-29,-0.0037975043833649025
2021-03-30,-0.012018167642273703
2021-03-31,0.007716787470537723
2021-04-01,0.0016484810759906932
2021-04-05,0.015820724603512026
2021-04-06,-0.013797642026341372
2021-04-07,0.006518271067369241
2021-04-08,0.002790687133453318
2021-04-09,0.0031502552957378693
2021-04-12,-0.017115256434624082
2021-04-13,0.003727881977687364
2021-04-14,-0.006048186613398121
2021-04-15,0.004376854783836759
2021-04-16,0.0022851999142357027
2021-04-19,-0.004984076350401878
2021-04-20,-0.012735886319074963
2021-04-21,0.006531189923351555
2021-04-22,0.005094481311608057
2021-04-23,0.013604915202575452
2021-04-26,0.0011579640697199078
2021-04-27,-0.0023658578766001526
2021-04-28,-0.0060606732627408455
2021-04-29,0.0033404024680401267
2021-04-30,-0.004914859518332593
2021-05-03,0.00244312565869631
2021-05-04,-0.01165499360607336
2021-05-05,-0.004288118814182673
2021-05-06,0.012219847975587284
2021-05-07,0.058714083565998276
2021-05-10,0.006731546096576224
2021-05-11,0.006486662191558912
2021-05-12,-0.03653781412504897
2021-05-13,0.01646606163531361
2021-05-14,0.021970258596928582
2021-05-17,-0.006092716180162383
2021-05-18,-0.007276400354666812
2021-05-19,-0.002309314261063733
2021-05-20,0.022241340433562184
2021-05-21,-0.005070320936641615
2021-05-24,0.0035622740799960972
2021-05-25,0.004979489605284826
2021-05-26,-0.005837571470678649
2021-05-27,0.0045887613585733344
2021-05-28,0.008448392197384358
2021-06-01,-0.0008281315003355605
2021-06-02,0.011943166864071264
2021-06-03,0.010886849783801944
2021-06-04,0.00047643965713795033
2021-06-07,-0.0107643976141778
2021-06-08,0.013096564991724957
2021-06-09,-0.006131049191822835
2021-06-10,0.01654558439951548
2021-06-11,-0.0012702069971994856
2021-06-14,-0.000945091492996375
2021-06-15,-0.002176001468386368
2021-06-16,-0.005878310429307421
2021-06-17,0.005627118012685894
2021-06-18,-0.01825692565195447
2021-06-21,0.020673243160155952
2021-06-22,0.012493418914588661
2021-06-23,-0.0029443426244265547
2021-06-24,0.005812725367673854
2021-06-25,0.0049403371790008865
2021-06-28,-0.002365337387787325
2021-06-29,0.008832573714481429
2021-06-30,-0.0007370475256978093
2021-07-01,0.008715711459532871
2021-07-02,0.010423297111498364
2021-07-06,0.00900356861872309
2021-07-07,0.006457254283027236
2021-07-08,-0.009534447549341407
2021-07-09,0.009941034959234374
2021-07-12,-0.0057457783608240165
2021-07-13,-0.004613936104912342
2021-07-14,0.0031952990187966712
2021-07-15,-0.0012560527112707165
2021-07-16,-0.01185824151488224
2021-07-19,-0.015409711316130892
2021-07-20,0.009141182196795494
2021-07-21,0.00384287719116827
2021-07-22,0.0031901869851256315
2021-07-23,0.007178129187854099
2021-07-26,0.004375231005424363
2021-07-27,-0.004580824145769102
2021-07-28,-0.0007668998541019434
2021-07-29,0.010384619470933831
2021-07-30,0.0006256204970040979
2021-08-02,4.4679663611546516e-05
2021-08-03,0.004733688219364041
2021-08-04,-0.00986723026852765
2021-08-05,-0.0022444378575984247
2021-08-06,0.02811883569708873
2021-08-09,-0.0015313994680939969
2021-08-10,0.006793195635545368
2021-08-11,-0.011187600077180337
2021-08-12,0.014924122538238827
2021-08-13,0.010800703373310405
2021-08-16,0.008024755768078817
2021-08-17,-0.0020860140225172907
2021-08-18,-0.002133191366413656
2021-08-19,0.014963166248407545
2021-08-20,0.010909367475953946
2021-08-23,-0.004041553263730124
2021-08-24,0.0003763627327764141
2021-08-25,0.00924238769748853
2021-08-26,0.007126982427667183
2021-08-27,-0.0009873854787287861
2021-08-30,0.007207219204536486
2021-08-31,-0.0013901812452317142
2021-09-01,-0.0031119595585524795
2021-09-02,0.010556279060226048
2021-09-03,-0.004796125155085984
2021-09-07,8.152466686683901e-05
2021-09-08,0.006411617893460564
2021-09-09,-0.009901131584805323
2021-09-10,-0.005409673237603441
2021-09-13,-0.0038322154773934303
2021-09-14,-0.0009543564920443393
2021-09-15,0.013122559718343974
2021-09-16,-0.006763159936521879
2021-09-17,-0.02022127945681751
2021-09-20,-0.013351810233611427
2021-09-21,0.005464506936616598
2021-09-22,0.015369349719030145
2021-09-23,0.0044324226561767155
2021-09-24,0.0023312461130393647
2021-09-27,-0.007932965145253656
2021-09-28,-0.021728102343660516
2021-09-29,0.00851627434666602
2021-09-30,-0.014172949440713456
2021-10-01,0.00856562457212573
2021-10-04,-0.012120577189544846
2021-10-05,0.003456249160502134
2021-10-06,0.006414898644189204
2021-10-07,0.01321858590449021
2021-10-08,-0.0003799243089427362
2021-10-11,-0.004646033209834588
2021-10-12,0.015530936171711307
2021-10-13,0.008273201517510653
2021-10-14,0.01578967803325315
2021-10-15,-0.02154144122327517
2021-10-18,0.013509524167621079
2021-10-19,0.008475058719876083
2021-10-20,0.005303223956482528
2021-10-21,0.007588326241810828
2021-10-22,0.004953656173001919
2021-10-25,-0.014507113575755182
2021-10-26,-0.00044751069498638607
2021-10-27,0.017290477396987747
2021-10-28,-0.007678318813601259
2021-10-29,0.001853723650256489
2021-11-01,-0.014320755885977587
2021-11-02,0.026445785306371317
2021-11-03,0.0046121039060134095
2021-11-04,-0.004986609497809935
2021-11-05,-0.01579089304797965
2021-11-08,0.00743602255388609
2021-11-09,0.0006017185409343817
2021-11-10,-0.009541658444243262
2021-11-11,0.003197582977423563
2021-11-12,0.014525538861956733
2021-11-15,-0.0007554939300232766
2021-11-16,0.011144306039310159
2021-11-17,-0.007912001560047455
2021-11-18,0.020671214464720755
2021-11-19,-0.016093170628656006
2021-11-22,0.009916659551689522
2021-11-23,0.005828920511768754
2021-11-24,0.016257681564896043
2021-11-26,-0.029507516393387
2021-11-29,0.023345839407356905
2021-11-30,-0.024354674710491464
2021-12-01,-0.028556792490880167
2021-12-02,0.026712925072595928
2021-12-03,-0.017899705598693805
2021-12-06,0.010524314634989151
2021-12-07,0.017397479163389518
2021-12-08,-0.005020311604857164
2021-12-09,0.02164077241359874
2021-12-10,0.022146475354645645
2021-12-13,-0.00615241748117723
2021-12-14,-0.011314350802099526
2021-12-15,0.011944573763826849
2021-12-16,-0.0033125992680084204
2021-12-17,-0.01008572155106946
2021-12-20,-0.012426507524573194
2021-12-21,0.02231322738675634
2021-12-22,0.011391043802910561
2021-12-23,-0.006387340572082789
2021-12-27,0.02289867032266457
2021-12-28,0.0033094972215135243
2021-12-29,0.010822269553187214
2021-12-30,-0.006012972075019718
2021-12-31,0.0022500296427259148
2022-01-03,-0.015715902824273265
2022-01-04,-0.009834221992941927
2022-01-05,-0.021487976576314738
2022-01-06,-0.005480320577689324
2022-01-07,-0.019946442275700638
2022-01-10,0.013779447311185189
2022-01-11,7.793759473395667e-05
2022-01-12,0.003124594106661771
2022-01-13,-0.02316538019672232
2022-01-14,0.0009167010836530487
2022-01-18,-0.02245837658446137
2022-01-19,-0.005051263571041353
2022-01-20,-0.022108408880315844
2022-01-21,-0.006949899088256717
2022-01-24,0.009781141294609164
2022-01-25,-0.02283840088208433
2022-01-26,-0.0277301237677684
2022-01-27,-0.01960025641927554
2022-01-28,0.018064466705606907
2022-01-31,0.02122238981147051
2022-02-01,-0.0006035991330620716
2022-02-02,0.02528025308535997
2022-02-03,-0.008625636835962625
2022-02-04,-0.00016972236716572553
2022-02-07,0.004414746507046985
2022-02-08,-0.000929897735459928
2022-02-09,0.008926024280487832
2022-02-10,-0.06976924638669568
2022-02-11,-0.026413240897091295
2022-02-14,-0.010138959468178332
2022-02-15,0.04246768477553675
2022-02-16,-0.008479374662895722
2022-02-17,-0.023031750325613665
2022-02-18,0.008799781317327282
2022-02-22,-0.021716011031333582
2022-02-23,-0.025530384136061235
2022-02-24,0.046522811326065616
2022-02-25,0.024390390359603664
2022-02-28,-0.009748700080392081
2022-03-01,-0.019144176011263725
2022-03-02,0.02997076991783243
2022-03-03,-0.005029441364366671
2022-03-04,0.006273389565843335
2022-03-07,-0.028928892515417415
2022-03-08,-0.010992542824519114
2022-03-09,0.035352465326269344
2022-03-10,0.0027062132874182687
2022-03-11,-0.0023840223758091472
2022-03-14,-0.01009142569640542
2022-03-15,0.027336994260713565
2022-03-16,0.009389072469790927
2022-03-17,0.017369059451115332
2022-03-18,0.010009586497199185
2022-03-21,-0.004375963187734366
2022-03-22,8.622453113882322e-05
2022-03-23,-0.022878956934355044
2022-03-24,0.01878451563067851
2022-03-25,0.005886525139066734
2022-03-28,0.011703880577626391
2022-03-29,0.012376721871161678
2022-03-30,0.011553153284698858
2022-03-31,0.005897456716851934
2022-04-01,-0.016762983642971574
2022-04-04,0.007348610885563822
2022-04-05,-0.01008790964452122
2022-04-06,0.006779764453947124
2022-04-07,0.009243805988110143
2022-04-08,-0.007584263423880078
2022-04-11,-0.025515619198930195
2022-04-12,-0.0041998554726239146
2022-04-13,0.01669763876475705
2022-04-14,-0.01295236080514195
2022-04-18,-0.01380853703214635
2022-04-19,0.01848058200616065
2022-04-20,0.011783870376816497
2022-04-21,-0.01709013813915561
2022-04-22,-0.03434504770584201
2022-04-25,0.0005334169844704029
2022-04-26,-0.025416552559004768
2022-04-27,-0.01454421321970134
2022-04-28,0.0324789612788936
2022-04-29,-0.042436090823893546
2022-05-02,0.0050542356826397405
2022-05-03,0.001955536931394386
2022-05-04,0.019471150711075857
2022-05-05,-0.04097905791554013
2022-05-06,-0.018442008454210734
2022-05-09,-0.021451705311948066
2022-05-10,0.003810261365522205
2022-05-11,-0.004436677913129294
2022-05-12,-0.0020302912960417085
2022-05-13,0.06822476147527867
2022-05-16,-0.026894022974351617
2022-05-17,0.018568037152573602
2022-05-18,-0.037115062504393226
2022-05-19,0.02331224771572482
2022-05-20,9.516850178981073e-05
2022-05-23,0.011936553532994276
2022-05-24,0.008740892683551271
2022-05-25,-0.005637057611346363
2022-05-26,0.020802307542532983
2022-05-27,0.023544909088474508
2022-05-31,-0.01466290797123515
2022-06-01,-0.00964788739508482
2022-06-02,0.029822646069121772
2022-06-03,0.0064254858999996944
2022-06-06,-0.01906467084752106
2022-06-07,0.0032543804529918674
2022-06-08,-0.018516032930122717
2022-06-09,-0.016570294822951026
2022-06-10,-0.023337272697468325
2022-06-13,-0.03173245842688999
2022-06-14,0.007382875500881569
2022-06-15,-0.0009837204863462068
2022-06-16,-0.030082125080949318
2022-06-17,0.029644570294514283
2022-06-21,0.01153611272182764
2022-06-22,0.022565620069406656
2022-06-23,0.006053098341732621
2022-06-24,0.029609751673760565
2022-06-27,-0.0009663351704142231
2022-06-28,-0.03168756331864131
2022-06-29,-0.0024257527345873386
2022-06-30,-0.0006198489318732792
2022-07-01,0.0022900635085527643
2022-07-05,0.010234112676433371
2022-07-06,0.022098664258251244
2022-07-07,0.011478945921790551
2022-07-08,-0.0216945377640112
2022-07-11,-0.005590428232085665
2022-07-12,-0.024736628768320723
2022-07-13,0.013738869821245725
2022-07-14,-0.005970578873348953
2022-07-15,0.025027225684662646
2022-07-18,-0.014556730924402128
2022-07-19,0.03015697458862321
2022-07-20,-0.005726325075529726
2022-07-21,0.023913704452625195
2022-07-22,-0.004770059316924979
2022-07-25,0.010625783597086658
2022-07-26,0.003400340966858595
2022-07-27,0.026664193364875022
2022-07-28,0.026362672537690424
2022-07-29,0.009605491991825588
2022-08-01,-0.008214779665899896
2022-08-02,0.0035074255380413977
2022-08-03,0.004169270909025968
2022-08-04,0.005200283200199385
2022-08-05,0.04388994750776187
2022-08-08,-0.008233035791498922
2022-08-09,0.00443277521922969
2022-08-10,0.015045071213632744
2022-08-11,-0.002845802880862003
2022-08-12,0.01462647307108722
2022-08-15,-0.0023439656705408485
2022-08-16,0.004777430317055131
2022-08-17,-0.004559836006189588
2022-08-18,0.0032103834428856004
2022-08-19,-0.011668708315145104
2022-08-22,-0.018124286577691495
2022-08-23,-0.010013660534913482
2022-08-24,0.009993045788660115
2022-08-25,0.023126741321762845
2022-08-26,-0.023822656995934555
2022-08-29,-0.005033721071861619
2022-08-30,-0.007852154252355747
2022-08-31,-0.007016769552826929
2022-09-01,0.0031224112248220415
2022-09-02,-0.0016382045392094868
2022-09-06,-0.0008204463285043095
2022-09-07,0.024551378165937
2022-09-08,0.003246026437191629
2022-09-09,-0.0005593782151867011
2022-09-12,0.013148421647826591
2022-09-13,-0.029308325828074633
2022-09-14,-0.012148936291750068
2022-09-15,-0.01712680461254168
2022-09-16,0.004366705709961227
2022-09-19,0.00572750208655437
2022-09-20,-0.004406202818438509
2022-09-21,-0.006889123608849856
2022-09-22,-0.024552251519896595
2022-09-23,-0.01405054973508657
2022-09-26,-0.012895362962999646
2022-09-27,-0.0006642871410449391
2022-09-28,0.01754847520875158
2022-09-29,-0.01881386482092362
2022-09-30,-0.0059031652814305335
2022-10-03,0.022324399046893317
2022-10-04,0.028169656142033928
2022-10-05,0.006116784249206919
2022-10-06,-0.011230251596585417
2022-10-07,-0.018573865747358642
2022-10-10,-0.012312557492186516
2022-10-11,-0.012201553545345134
2022-10-12,-0.004102399716036875
2022-10-13,0.009134290266365364
2022-10-14,-0.053645055134586284
2022-10-17,0.03497766824550519
2022-10-18,0.020657572122808165
2022-10-19,-0.006435700261837263
2022-10-20,-0.011972405066371428
2022-10-21,0.023556523791033346
2022-10-24,0.038298473969494484
2022-10-25,0.019697916431543394
2022-10-26,0.0025867370756254005
2022-10-27,0.007823656049236183
2022-10-28,0.03278548386897562
2022-10-31,-0.0016391042525946142
2022-11-01,-0.027311893511847596
2022-11-02,-0.012310140987612628
2022-11-03,-0.0071695612288377175
2022-11-04,0.07007307858062561
2022-11-07,0.0025895898771082226
2022-11-08,0.004969880733582732
2022-11-09,-0.012383059728087398
2022-11-10,0.023617954231286653
2022-11-11,-0.0388273517343225
2022-11-14,0.0056906496334983014
2022-11-15,-0.00215181176276924
2022-11-16,0.021364907144306722
2022-11-17,-0.0009774350329483372
2022-11-18,0.02907903053303129
2022-11-21,-0.002129670333091749
2022-11-22,0.010214101374906637
2022-11-23,0.003546502421611919
2022-11-25,0.009135171273512155
2022-11-28,-0.009126960573979548
2022-11-29,-0.005714794410049184
2022-11-30,0.02926719035782166
2022-12-01,-0.0015429878092511062
2022-12-02,0.003385128812498639
2022-12-05,-0.016391680395196895
2022-12-06,-0.007679926975896145
2022-12-07,0.0023292383769053515
2022-12-08,0.011245002860229336
2022-12-09,-0.01564205216460479
2022-12-12,0.0198442085045083
2022-12-13,-0.013624130886335184
2022-12-14,-0.0016524187780775357
2022-12-15,-0.03269011365546737
2022-12-16,-0.01827808499550254
2022-12-19,0.008517007379491792
2022-12-20,0.004831210563244426
2022-12-21,0.006567218486156268
2022-12-22,-0.008077799105347117
2022-12-23,0.004737306256049401
2022-12-27,0.0
2022-12-28,-0.01102752190698253
2022-12-29,0.01973981667904745
2022-12-30,-0.004250182676429737
2023-01-03,-0.0012029073142134639
2023-01-04,0.002408773047345658
2023-01-05,-0.01123953221068763
2023-01-06,0.03417999893594015
2023-01-09,-0.012242211939907932
2023-01-10,0.006676698965466521
2023-01-11,0.007585389915310881
2023-01-12,0.0013994957161516108
2023-01-13,0.004911188404449929
2023-01-17,-0.010225280126924141
2023-01-18,-0.02442167809453999
2023-01-19,-0.016857454850902953
2023-01-20,0.01100859238885632
2023-01-23,0.0059144118577101334
2023-01-24,-0.002297268877911929
2023-01-25,0.009132520479995687
2023-01-26,-0.005105303600104749
2023-01-27,-0.011078594922468765
2023-01-30,-0.008490493999667614
2023-01-31,0.018910542111206796
2023-02-01,0.010738915564412421
2023-02-02,-0.014820934099764371
2023-02-03,0.00203194843437271
2023-02-06,0.00701919748554225
2023-02-07,-0.0017038617646213394
2023-02-08,0.0007758708841774098
2023-02-09,-0.0032947275904606776
2023-02-10,0.0558818100355416
2023-02-13,0.0001843542959001354
2023-02-14,-0.004234975929731322
2023-02-15,0.0058798154806785075
2023-02-16,-0.01709502883899172
2023-02-17,0.007705127509871179
2023-02-21,-0.0037116314870847544
2023-02-22,-0.016056980909711638
2023-02-23,-0.00041660210482685756
2023-02-24,-0.008333196627088424
2023-02-27,0.004354360519042144
2023-02-28,-0.0004942458138298411
2023-03-01,0.0020546241522108044
2023-03-02,0.0007972365326907038
2023-03-03,0.011382708413980813
2023-03-06,0.005402311882437116
2023-03-07,-0.007612015330358157
2023-03-08,0.006128864509260756
2023-03-09,-0.009006528164297256
2023-03-10,-0.013952404542688424
2023-03-13,-0.0012622566537320301
2023-03-14,0.02297622054787518
2023-03-15,-0.028281848746208538
2023-03-16,0.0381103766839459
2023-03-17,-0.016158711160068395
2023-03-20,0.014645760722700407
2023-03-21,0.013240711349342904
2023-03-22,-0.01516588419819731
2023-03-23,0.0023174433232953096
2023-03-24,0.013126504173370357
2023-03-27,0.009275530301669832
2023-03-28,-0.004813980814113994
2023-03-29,0.014401882319715176
2023-03-30,0.017485020684268937
2023-03-31,0.015906140511607436
2023-04-03,-0.002446387173672959
2023-04-04,0.0016466494349429706
2023-04-05,0.000839639196917652
2023-04-06,-0.009366228759100093
2023-04-10,0.0005645042673807499
2023-04-11,-0.0004231393365744518
2023-04-12,0.007830784706873262
2023-04-13,0.012879584923038978
2023-04-14,0.007118329254718558
2023-04-17,-0.0018527467171292056
2023-04-18,-0.0014437717092562474
2023-04-19,-0.005611062044898585
2023-04-20,-0.003980927236528209
2023-04-21,0.017482077712400068
2023-04-24,0.002220551015888139
2023-04-25,-0.013974231775437551
2023-04-26,-0.005565144024521906
2023-04-27,0.02071654014905966
2023-04-28,-0.007662047631529778
2023-05-01,0.010878771476138915
2023-05-02,-0.004786775494792894
2023-05-03,-0.015486374672475045
2023-05-04,0.006201914303263667
2023-05-05,-0.030474228074320986
2023-05-08,0.011862380127597216
2023-05-09,0.00586187642841729
2023-05-10,0.010398752359272345
2023-05-11,-0.0039025532623230275
2023-05-12,0.015740883624950186
2023-05-15,-0.003686521211536231
2023-05-16,-0.0017130260273655606
2023-05-17,0.00435850519287273
2023-05-18,0.013258175315460363
2023-05-19,0.0031026209684650308
2023-05-22,-0.012405325743374718
2023-05-23,-0.028356604404984442
2023-05-24,-0.006481620687886824
2023-05-25,-0.005571404842403815
2023-05-26,0.00911354526438135
2023-05-30,0.0016163443118935028
2023-05-31,-0.010910878562144344
2023-06-01,0.001063949700807143
2023-06-02,0.0018071246326403223
2023-06-05,0.0018390438388049546
2023-06-06,-0.017652182439600983
2023-06-07,0.009380025997488328
2023-06-08,-0.005874923758512396
2023-06-09,-0.004369248306473783
2023-06-12,0.011906706756982466
2023-06-13,-0.004656674106641501
2023-06-14,-0.0028664379548557495
2023-06-15,0.014228648037572844
2023-06-16,-0.007156123922690494
2023-06-20,-0.004067780846040092
2023-06-21,0.0073448291732369775
2023-06-22,0.00896278022619268
2023-06-23,-0.017872386821094488
2023-06-26,0.006388992280298655
2023-06-27,0.012446779019382959
2023-06-28,-0.001197492065228456
2023-06-29,0.017810504753760226
2023-06-30,0.016251316588819176
2023-07-03,-0.0017729516279857416
2023-07-05,-6.837300263240476e-05
2023-07-06,0.009837971530389344
2023-07-07,-0.012685049187894037
2023-07-10,0.010621051356428657
2023-07-11,0.0045089339933794825
2023-07-12,-0.004859832595477287
2023-07-13,-0.009156791819498356
2023-07-14,-0.0037651428515325103
2023-07-17,0.0014773200679110143
2023-07-18,-0.0026758119478383913
2023-07-19,0.004299800019777145
2023-07-20,0.012159209945564964
2023-07-21,0.0023010439474178135
2023-07-24,-0.0021271240581657302
2023-07-25,0.00812038727043296
2023-07-26,-0.008591892534163592
2023-07-27,-0.012559287752195614
2023-07-28,-0.0021940382360813304
2023-07-31,-0.015186464107633024
2023-08-01,0.00523329384341209
2023-08-02,-0.0016659140565813413
2023-08-03,0.00020865448962670285
2023-08-04,-0.0307948792890278
2023-08-07,0.005594430928166361
2023-08-08,-0.009307982335381548
2023-08-09,0.012311193701269652
2023-08-10,0.002738052341857422
2023-08-11,0.01407834329141422
2023-08-14,-0.003217223128767266
2023-08-15,-0.013155777571964844
2023-08-16,0.001244209024455989
2023-08-17,-0.014841767776251125
2023-08-18,0.0007929020879418047
2023-08-21,-0.001872667797064298
2023-08-22,-0.004582121065776268
2023-08-23,0.006886851379104941
2023-08-24,-0.007883684230611254
2023-08-25,0.01153847024085608
2023-08-28,0.007532692143372488
2023-08-29,0.0040942898842488695
2023-08-30,0.0041130821771819814
2023-08-31,0.0013417767537591274
2023-09-01,0.0003880188061027301
2023-09-05,-0.009200469222831242
2023-09-06,-0.0005336815630491154
2023-09-07,0.005303926957018978
2023-09-08,0.0003187337735031104
2023-09-11,0.0035752587327797514
2023-09-12,-0.0077952296696017775
2023-09-13,-0.004337120508882908
2023-09-14,0.020164789321144294
2023-09-15,-0.005687504262545495
2023-09-18,0.014794659879429295
2023-09-19,-0.005567215428710415
2023-09-20,-0.00020999780975872184
2023-09-21,-0.022992900452639797
2023-09-22,-0.0051222330834266305
2023-09-25,-0.0038885355122620924
2023-09-26,-0.011421973328731738
2023-09-27,-0.001901224079201791
2023-09-28,0.0044326087708974615
2023-09-29,-0.007112044657578198
2023-10-02,0.002497872487142949
2023-10-03,-0.005239648224169335
2023-10-04,0.010092474759940684
2023-10-05,-0.0036464586463617055
2023-10-06,0.010650435654655954
2023-10-09,0.036829051829949444
2023-10-10,-0.004401012446720198
2023-10-11,0.008945827499402315
2023-10-12,0.002364467305368656
2023-10-13,-0.0004508833626626352
2023-10-16,0.017941970094954796
2023-10-17,-0.011830099828520568
2023-10-18,-0.005623528854162174
2023-10-19,-0.021788928002815844
2023-10-20,-0.0024474313766192912
2023-10-23,-0.006471032746148686
2023-10-24,0.007193239533875406
2023-10-25,-0.003304452230886268
2023-10-26,-0.020213217886848045
2023-10-27,-0.008914125504780435
2023-10-30,0.014060549879608253
2023-10-31,0.008109500650774315
2023-11-01,0.00732600773486225
2023-11-02,0.0023886370153749503
2023-11-03,0.06490736780690676
2023-11-06,0.017233116158174466
2023-11-07,0.0013134261830709537
2023-11-08,0.01380432496245576
2023-11-09,-0.0012616750935826593
2023-11-10,0.007189390191674416
2023-11-13,-0.004436998814002169
2023-11-14,0.008461445496269704
2023-11-15,0.00595630786749024
2023-11-16,0.009996338000659133
2023-11-17,0.0031205397506095522
2023-11-20,0.003707743299351529
2023-11-21,0.0017530788831008337
2023-11-22,-0.0014689135809088372
2023-11-24,0.004131420654438056
2023-11-27,-0.0005298994556953707
2023-11-28,-0.006891763623285807
2023-11-29,0.0018211738099589425
2023-11-30,0.012004618892196506
2023-12-01,0.007588257401022647
2023-12-04,-0.005102585295233442
2023-12-05,0.002780732558866461
2023-12-06,-0.006439515820118036
2023-12-07,0.0027599585008648564
2023-12-08,0.0035873461894804226
2023-12-11,0.005823900191483489
2023-12-12,0.0078123802302454415
2023-12-13,-0.006140609295230193
2023-12-14,-0.031108071946940874
2023-12-15,-0.016845096950484195
2023-12-18,0.014363974376221833
2023-12-19,-0.006318381077678459
2023-12-20,-0.011438669530888568
2023-12-21,0.003749205748895701
2023-12-22,-0.002254013074253658
2023-12-26,0.0004839439421100433
2023-12-27,0.0013550673230353638
2023-12-28,0.002093838504606982
2023-12-29,0.006493823456222625
2024-01-02,-0.004631296610630775
2024-01-03,0.0011552316991283451
2024-01-04,-0.0008013130091697462
2024-01-05,-0.008308013781152201
2024-01-08,0.011967935690963882
2024-01-09,-0.002716856504910159
2024-01-10,0.009711189926661534
2024-01-11,-0.0024124147193298473
2024-01-12,0.006459245767941768
2024-01-16,-0.002086492551942598
2024-01-17,0.004371966441471198
2024-01-18,0.012427673034661968
2024-01-19,0.016543730405132573
2024-01-22,-0.00395372874229738
2024-01-23,0.01378513875959686
2024-01-24,-0.00339947019655773
2024-01-25,0.0007309292351969088
2024-01-26,-0.007577816577117424
2024-01-29,0.0019931596850171207
2024-01-30,0.002356591376311279
2024-01-31,-0.02448701505376505
2024-02-01,0.017683808891999053
2024-02-02,0.007596517775845912
2024-02-05,-0.007081267014000359
2024-02-06,0.000245959200874557
2024-02-07,0.007836759820568195
2024-02-08,0.001280882691178542
2024-02-09,0.007735675603696146
2024-02-12,-0.032639234678105145
2024-02-13,-0.0027180287224655153
2024-02-14,0.0005326424804072971
2024-02-15,0.014120463888659174
2024-02-16,-0.01052791701885536
2024-02-20,0.007956720514632254
2024-02-21,0.005510255215859461
2024-02-22,0.019148961948494136
2024-02-23,-0.002326145216986708
2024-02-26,-0.0052078896159338806
2024-02-27,0.0003957537023626667
2024-02-28,0.007819171753836063
2024-02-29,-0.0025961473517557287
2024-03-01,0.01564800532436239
2024-03-04,0.0006257403886609225
2024-03-05,-0.011793589027523144
2024-03-06,0.0172388094687983
2024-03-07,-0.009865734170973472
2024-03-08,0.003620529693127983
2024-03-11,0.007811301123168413
2024-03-12,0.007070369644465613
2024-03-13,0.009576437683154415
2024-03-14,-2.9213370490777102e-05
2024-03-15,0.004377174385834071
2024-03-18,-0.012086417196178534
2024-03-19,0.01696911835827164
2024-03-20,0.000665169231687468
2024-03-21,0.009074363975221544
2024-03-22,-0.0017470485701980287
2024-03-25,-0.0018360954993055234
2024-03-26,-0.0008909614043726144
2024-03-27,0.016685400474589773
2024-03-28,0.004442347623647036
2024-04-01,-0.0039158338577831575
2024-04-02,-0.004298518846578836
2024-04-03,-0.004885617982360091
2024-04-04,-0.006907331095037494
2024-04-05,0.012559957442538128
2024-04-08,-0.000766302948314812
2024-04-09,0.002641765703987886
2024-04-10,-0.015610719420782293
2024-04-11,0.0037127362380504625
2024-04-12,-0.014136626888298531
2024-04-15,-0.0152119197590308
2024-04-16,0.004518741359780254
2024-04-17,0.0011761616936147856
2024-04-18,-0.0030835932259497545
2024-04-19,0.0005598056791602524
2024-04-22,0.01642860944286828
2024-04-23,0.000926813506863633
2024-04-24,-0.001273266807027995
2024-04-25,0.011329680182465385
2024-04-26,-0.007277334158451998
2024-04-29,0.0034922405801405265
2024-04-30,-0.024562169667652012
2024-05-01,-0.009287966032560546
2024-05-02,0.0007143659188599827
2024-05-03,0.05192723190495063
2024-05-06,-0.011478747870803385
2024-05-07,0.02439663923829194
2024-05-08,0.0023730383094671126
2024-05-09,0.0030359818283469675
2024-05-10,0.007608897388601044
2024-05-13,-0.013366429000197355
2024-05-14,0.00851961761324005
2024-05-15,0.01102341408925911
2024-05-16,0.0037804274253163683
2024-05-17,0.0037935126245358664
2024-05-20,0.0017129118131435916
2024-05-21,0.003555747668975373
2024-05-22,0.003597135829797704
2024-05-23,-0.020804812942877948
2024-05-24,0.0034402269287772125
2024-05-28,-0.01291827611906271
2024-05-29,-0.007724562579010885
2024-05-30,0.007224610399628295
2024-05-31,0.014512580430369182
2024-06-03,0.004083035870408702
2024-06-04,0.007696612545954995
2024-06-05,0.003873018163157216
2024-06-06,-0.00048552114909783395
2024-06-07,0.0015924722345339593
2024-06-10,0.0073841913817458416
2024-06-11,0.008293254834280894
2024-06-12,0.006500444717648879
2024-06-13,-0.006959320487382903
2024-06-14,-0.0008515784550486849
2024-06-17,0.019738371653913678
2024-06-18,0.0020375105129954996
2024-06-20,0.0026068463963544453
2024-06-21,0.0037441241635038924
2024-06-24,0.005491692447020746
2024-06-25,0.005667735891002668
2024-06-26,-0.015703466805787714
2024-06-27,0.0056476628705168785
2024-06-28,-0.0009057488411742254
2024-07-01,0.0008288936206086728
2024-07-02,0.001009434765188555
2024-07-03,-0.0024821955262469553
2024-07-05,0.0027734764931510725
2024-07-08,0.009563892706276222
2024-07-09,0.0003841237882307169
2024-07-10,0.0008444638869034016
2024-07-11,-0.006034958070931906
2024-07-12,0.003781954594502368
2024-07-15,0.01084173038923919
2024-07-16,0.00425968754424888
2024-07-17,-0.00595846743937789
2024-07-18,0.0019049096649330632
2024-07-19,-0.010824957366539323
2024-07-22,0.01527462847931882
2024-07-23,0.0010097202789314252
2024-07-24,-0.015004390289168446
2024-07-25,-0.012672822695205532
2024-07-26,0.020899827280561167
2024-07-29,0.004343287970364429
2024-07-30,-0.00022766297680132386
2024-07-31,0.009081073647696725
2024-08-01,-0.00085236830994595
2024-08-02,0.029404382713176025
2024-08-05,-0.02598093348954933
2024-08-06,0.00803220594083709
2024-08-07,0.0036985941807694545
2024-08-08,0.0193896263197324
2024-08-09,-0.0034449944508776476
2024-08-12,0.004869031347498387
2024-08-13,-0.0018413339258813721
2024-08-14,0.01599509647677455
2024-08-15,0.008003136463784255
2024-08-16,-0.0013509728194874837
2024-08-19,0.0025394263865856637
2024-08-20,0.009326772937147343
2024-08-21,-0.001547964566819271
2024-08-22,-0.0029597077531109406
2024-08-23,0.01399419225447085
2024-08-26,-0.0003949051436412665
2024-08-27,0.004950764563322441
2024-08-28,0.0065917141778559785
2024-08-29,0.004457686394974569
2024-08-30,0.011186091762781736
2024-09-03,-0.0037779922677630973
2024-09-04,-0.006630750625661319
2024-09-05,-0.00031999134290261466
2024-09-06,-0.013285794263852013
2024-09-09,0.01707990645287727
2024-09-10,-0.0017544686317455538
2024-09-11,-0.0050444505802756945
2024-09-12,0.008970046134918253
2024-09-13,0.006699819241036575
2024-09-16,0.0032143964420421334
2024-09-17,-0.009634841993281795
2024-09-18,-0.005308718445395266
2024-09-19,0.005107927147942615
2024-09-20,0.008568709591970869
2024-09-23,0.010258167958280051
2024-09-24,0.006754482040030929
2024-09-25,0.0007997576202241063
2024-09-26,-0.005283110619518583
2024-09-27,-0.0039052337983302987
2024-09-30,0.0073258496074495305
2024-10-01,-0.0012231631608012883
2024-10-02,0.0009351521907636773
2024-10-03,-0.0008675785248524193
2024-10-04,0.002649774752028655
2024-10-07,-0.002465084850394872
2024-10-08,0.019412748841922678
2024-10-09,0.01886820201285455
2024-10-10,-0.0041151685643199265
2024-10-11,0.007123954936307575
2024-10-14,0.010791880802498932
2024-10-15,0.0008880096270931226
2024-10-16,0.006632695580305326
2024-10-17,0.0022453500308858843
2024-10-18,-0.005066778228756119
2024-10-21,0.003998392592985622
2024-10-22,-0.014504375662936497
2024-10-23,-0.006593238418569736
2024-10-24,-0.0036396439147884374
2024-10-25,-0.00657527754845777
2024-10-28,-0.010663467469011367
2024-10-29,0.0018363911616037232
2024-10-30,-0.011413541783474646
2024-10-31,-0.008057350780642625
2024-11-01,0.010103593967488722
2024-11-04,0.009451601176169167
2024-11-05,0.008533640197444736
2024-11-06,0.0152351185253492
2024-11-07,0.001748026342051734
2024-11-08,0.07373119372447245
2024-11-11,-0.015140700123007722
2024-11-12,0.0009860100427614427
2024-11-13,-0.0015076935021686166
2024-11-14,-0.006039880296952127
2024-11-15,-0.009519916377858761
2024-11-18,0.002760744008625249
2024-11-19,-0.005893841248197029
2024-11-20,0.010544561360213978
2024-11-21,0.004547200450056854
2024-11-22,0.012246467998371813
2024-11-25,-0.025015006855453215
2024-11-26,0.01681099692621979
2024-11-27,0.00821624727881165
2024-11-29,-0.0019174620980471069
2024-12-02,-0.006003619155901974
2024-12-03,0.0021340786563779357
2024-12-04,0.00022097831058043305
2024-12-05,-0.005824830399403735
2024-12-06,-0.010121842317569851
2024-12-09,-0.02255280132937909
2024-12-10,-0.00394648579896284
2024-12-11,0.002285038928884209
2024-12-12,-0.017130010735078582
2024-12-13,0.0020477361433772767
2024-12-16,-0.005385407620051019
2024-12-17,-0.011792197014164896
2024-12-18,0.0020140883868144943
2024-12-19,0.002442231076754009
2024-12-20,0.013216719217278516
2024-12-23,-0.00036186337375998523
2024-12-24,0.00570498680382614
2024-12-26,-0.0024129612493709596
2024-12-27,-0.00844453907547238
2024-12-30,-0.008002961492263316
2024-12-31,-0.00293350128214942
