Date,NOC
2015-01-05,-0.021098078139083265
2015-01-06,0.005510204519981077
2015-01-07,0.03163135349231094
2015-01-08,0.023197867192073396
2015-01-09,0.003745739676449311
2015-01-12,-0.005041068233027635
2015-01-13,0.00019774866895128085
2015-01-14,0.0007232666626624251
2015-01-15,0.001315086698903789
2015-01-16,0.006696908544603142
2015-01-20,0.0026086544571888304
2015-01-21,0.0033174659622148273
2015-01-22,0.014652452590515841
2015-01-23,-0.0019805512208209697
2015-01-26,-0.004161832844045921
2015-01-27,-0.01671620556784481
2015-01-28,-0.0050997372492948
2015-01-29,0.037920686691681915
2015-01-30,-0.00620534043978882
2015-02-02,0.014271572604868332
2015-02-03,0.008103426361209642
2015-02-04,0.008475234399762277
2015-02-05,0.007352444084085752
2015-02-06,-0.004845001615000566
2015-02-09,0.004499356437279722
2015-02-10,0.011781110608457102
2015-02-11,0.008490355753431267
2015-02-12,0.006013529897605174
2015-02-13,-0.0008963559956124412
2015-02-17,0.0027522810497835337
2015-02-18,0.00047707123654938677
2015-02-19,0.014611252972306144
2015-02-20,0.01216690500900075
2015-02-23,-0.009755818924527815
2015-02-24,-0.0019349904812065999
2015-02-25,-0.009049129838552772
2015-02-26,-0.009764507909509224
2015-02-27,-0.0036078508448382784
2015-03-02,0.008388020261532736
2015-03-03,-0.02076565912385986
2015-03-04,0.0018329194583703856
2015-03-05,-0.003964829988244212
2015-03-06,-0.01757722669858519
2015-03-09,0.005361396349392367
2015-03-10,-0.018168338339328183
2015-03-11,-0.0019582971234256563
2015-03-12,0.012466304085403168
2015-03-13,-0.015249712950293759
2015-03-16,0.023990398299299942
2015-03-17,-0.0011149592036964195
2015-03-18,0.010423945860761341
2015-03-19,-0.001965220036515003
2015-03-20,0.0006152572930966382
2015-03-23,0.0006148789843170022
2015-03-24,-0.0038715899926000663
2015-03-25,-0.017891464399700796
2015-03-26,0.0007540250933748549
2015-03-27,0.007343884146536084
2015-03-30,0.013709526030923458
2015-03-31,-0.010572944758281966
2015-04-01,-0.0025475289943788226
2015-04-02,0.006727278426945205
2015-04-06,0.006991144773170532
2015-04-07,0.0009219127284028072
2015-04-08,0.00797930297699101
2015-04-09,0.002192152763222044
2015-04-10,0.004739841446981918
2015-04-13,-0.010704092898631057
2015-04-14,-0.002078957830305539
2015-04-15,0.0
2015-04-16,0.0008576493291692078
2015-04-17,-0.01970881030779359
2015-04-20,0.015797079951112902
2015-04-21,-0.0012295610015937708
2015-04-22,-0.00252332008929812
2015-04-23,0.004627234651048084
2015-04-24,-0.006448401542892501
2015-04-27,-0.010198459738429588
2015-04-28,0.002372939210330882
2015-04-29,-0.008535574841430194
2015-04-30,-0.03204728339373808
2015-05-01,0.012788971834914786
2015-05-04,-0.0011537446228250259
2015-05-05,-0.016364057949271316
2015-05-06,0.00013028090776256995
2015-05-07,0.001043994261797021
2015-05-08,0.018571757879949136
2015-05-11,0.0002558571022504008
2015-05-12,-0.005820442795317016
2015-05-13,-0.0014150325359998384
2015-05-14,0.015783473200868814
2015-05-15,0.0021564279813921505
2015-05-18,6.347591363065064e-05
2015-05-19,0.005758817797333782
2015-05-20,0.004341543864348596
2015-05-21,0.009773090971556764
2015-05-22,-0.007321020123543964
2015-05-26,-0.009562611110559893
2015-05-27,0.0053640818474971486
2015-05-28,0.012364227200416744
2015-05-29,-0.0081006154870642
2015-06-01,0.004774361200010624
2015-06-02,0.0025635837563235953
2015-06-03,-0.0005615747015801364
2015-06-04,-0.0133530971161826
2015-06-05,-0.005249068540630231
2015-06-08,-0.004005559079714227
2015-06-09,0.003574841557023367
2015-06-10,0.00852293776038393
2015-06-11,0.013938185053175234
2015-06-12,0.0018036870417657003
2015-06-15,-0.006830102958043427
2015-06-16,0.009565112501858541
2015-06-17,0.008545433529095314
2015-06-18,0.01406051394469121
2015-06-19,-0.0006662831182702167
2015-06-22,0.0025448953490356807
2015-06-23,-0.006647854202134429
2015-06-24,-0.007056952024825258
2015-06-25,-0.00661728738285694
2015-06-26,-0.0022207510699679966
2015-06-29,-0.019101245767187525
2015-06-30,-0.00031501809459411056
2015-07-01,0.009266939708034938
2015-07-02,-0.003747360670179556
2015-07-06,-0.001567779806834091
2015-07-07,0.013437783177721707
2015-07-08,-0.004522702874091067
2015-07-09,0.012635123359415745
2015-07-10,0.016473198121219612
2015-07-13,0.011670599666098402
2015-07-14,0.007113061970357215
2015-07-15,0.0005935665144969349
2015-07-16,0.007533035079497319
2015-07-17,-0.005121701973160198
2015-07-20,0.004970483307755957
2015-07-21,-0.01801811227862582
2015-07-22,-0.002938279449629877
2015-07-23,-0.004690641632928316
2015-07-24,-0.004230031095131648
2015-07-27,-0.013591771138604325
2015-07-28,0.004797980244091393
2015-07-29,0.06183437612735543
2015-07-30,0.01135845734105434
2015-07-31,-0.013682373215799792
2015-08-03,-0.004913088809697985
2015-08-04,-0.00023217767858185745
2015-08-05,0.009063706226507762
2015-08-06,-0.004664091763928235
2015-08-07,-0.0012724072949275023
2015-08-10,0.015059316910790432
2015-08-11,-0.01129778188176267
2015-08-12,-0.009869436826996147
2015-08-13,0.007577655802012195
2015-08-14,0.0076357143932561655
2015-08-17,0.0030435888793181043
2015-08-18,0.004521429248739661
2015-08-19,0.0006834814908753817
2015-08-20,-0.01725299331201613
2015-08-21,-0.041949301926526794
2015-08-24,-0.03223413807686526
2015-08-25,-0.0020624932770997306
2015-08-26,0.029995610897338265
2015-08-27,0.020772144457598785
2015-08-28,-0.0092171898988066
2015-08-31,-0.010873279477291886
2015-09-01,-0.026689088470969624
2015-09-02,0.032879762302494564
2015-09-03,0.00024327325576223302
2015-09-04,-0.014272935240397966
2015-09-08,0.035181631944463554
2015-09-09,-0.010415860471801541
2015-09-10,-0.003368265041087337
2015-09-11,0.017018756063382545
2015-09-14,-0.0040948043552845315
2015-09-15,0.014896369817360089
2015-09-16,0.0036986356961810074
2015-09-17,-0.0014037521848739853
2015-09-18,-0.010192137437181281
2015-09-21,0.007279213862660727
2015-09-22,-0.015158188207716639
2015-09-23,-0.0012526301130105777
2015-09-24,-0.003822454361576244
2015-09-25,-0.0072553930037564385
2015-09-28,-0.017636021623520293
2015-09-29,0.0055333485609867505
2015-09-30,0.014674506816264588
2015-10-01,-0.001386072990874898
2015-10-02,0.010922149198560716
2015-10-05,0.01701196743179989
2015-10-06,-0.011562300064608344
2015-10-07,0.016566713254791754
2015-10-08,0.014894737352775467
2015-10-09,0.01151053888002651
2015-10-12,0.008193673260217693
2015-10-13,-0.0010726503101522455
2015-10-14,-0.01807894872541882
2015-10-15,0.0014961218298232826
2015-10-16,0.004711418074963003
2015-10-19,-0.001716072434966076
2015-10-20,-0.0007444117960009322
2015-10-21,-0.0018343619111274023
2015-10-22,0.030839264217504825
2015-10-23,0.001838079632670686
2015-10-26,0.0025579824417558683
2015-10-27,0.001719661833523345
2015-10-28,0.05481731501187337
2015-10-29,-0.0022570965448129865
2015-10-30,-0.012206477738500365
2015-11-02,0.009534029618023299
2015-11-03,-0.01530015580883104
2015-11-04,-0.0025180487113040106
2015-11-05,0.0013427932651952634
2015-11-06,-0.012927797091992987
2015-11-09,-0.012771161500107264
2015-11-10,-0.0009355445680552243
2015-11-11,0.0011568706800648698
2015-11-12,-0.007649722735765474
2015-11-13,-0.008263622034265006
2015-11-16,0.04356339734508552
2015-11-17,-0.0025188357534550176
2015-11-18,0.010744750593204344
2015-11-19,0.0006378791614400914
2015-11-20,0.0064800377834590694
2015-11-23,-0.00870784763943766
2015-11-24,0.0009050031066986097
2015-11-25,0.0030449851185259114
2015-11-27,0.003408554993756585
2015-11-30,-0.010880783088635493
2015-12-01,0.005097691193959086
2015-12-02,-0.008648661069336705
2015-12-03,-0.014163166629360346
2015-12-04,0.02671215248897507
2015-12-07,0.00021262961227419552
2015-12-08,5.33589708682225e-05
2015-12-09,-0.0077131763988457225
2015-12-10,0.004878848228006882
2015-12-11,-0.007681787455082412
2015-12-14,0.005644813855952835
2015-12-15,0.004115819078515104
2015-12-16,0.010167884471592892
2015-12-17,-0.0075888961884179595
2015-12-18,-0.018320514941945087
2015-12-21,0.02244924348196875
2015-12-22,0.001904722114951074
2015-12-23,0.003327161626648145
2015-12-24,0.0005786796518560955
2015-12-28,-0.0006836857133822871
2015-12-29,0.007895100963188462
2015-12-30,-0.007311342924135933
2015-12-31,-0.006681305043035102
2016-01-04,-0.006885532600849675
2016-01-05,0.02602559250606795
2016-01-06,-0.009979462557994978
2016-01-07,-0.012390650612804754
2016-01-08,-0.010844624143953041
2016-01-11,0.010963519391043786
2016-01-12,0.004305987074002315
2016-01-13,-0.021490439091217506
2016-01-14,0.003732464775615396
2016-01-15,-0.007221694875483742
2016-01-19,0.013788610237580157
2016-01-20,-0.022436423372005243
2016-01-21,-0.007340070003592936
2016-01-22,0.015947261399316792
2016-01-25,-0.012383976296213905
2016-01-26,0.003684917046573144
2016-01-27,-0.023616344260893984
2016-01-28,0.010999302518797549
2016-01-29,0.0272550132494378
2016-02-01,0.019345176026781985
2016-02-02,-0.006361024235400525
2016-02-03,0.012430686023341853
2016-02-04,-0.018022106264785065
2016-02-05,0.0007515954582064666
2016-02-08,-0.004665738281103171
2016-02-09,0.009159153649015872
2016-02-10,0.005391628420658989
2016-02-11,-0.023469549647560095
2016-02-12,-0.014463682677466894
2016-02-16,0.016386388796813867
2016-02-17,0.0317011540216785
2016-02-18,0.01378520742894418
2016-02-19,-0.010380091683086956
2016-02-22,0.008338829469062503
2016-02-23,-0.004993075758903065
2016-02-24,-0.006743120242627021
2016-02-25,0.019606872293865818
2016-02-26,-0.003679887008274041
2016-02-29,0.0
2016-03-01,0.008635868360431509
2016-03-02,-0.002888597002534854
2016-03-03,-0.00620710195289087
2016-03-04,-0.0054653442857159895
2016-03-07,-0.022975996707611412
2016-03-08,0.000963982937283836
2016-03-09,-0.0006421311589145384
2016-03-10,5.3774510673232356e-05
2016-03-11,0.016813636103270246
2016-03-14,-0.006951293750569465
2016-03-15,0.016439665126315894
2016-03-16,-0.0005217882877517344
2016-03-17,-0.0034451198372893455
2016-03-18,0.016133516582656826
2016-03-21,0.0009788744970053997
2016-03-22,0.0008239604863793382
2016-03-23,0.003190332185319278
2016-03-24,-0.003898108312379134
2016-03-28,0.0035012428810325957
2016-03-29,0.00923676081398872
2016-03-30,0.010422790818672922
2016-03-31,-0.004176088338438189
2016-04-01,0.012177552026920724
2016-04-04,0.004343408774401869
2016-04-05,0.005417819973403404
2016-04-06,-0.0008402133315308369
2016-04-07,-0.0076694942992099335
2016-04-08,9.978987607861534e-05
2016-04-11,-0.005285156880523001
2016-04-12,0.0034589221371903456
2016-04-13,0.004644978540848443
2016-04-14,-0.004971407669693839
2016-04-15,0.00874382880693636
2016-04-18,0.00450771961129548
2016-04-19,-0.005917500831639555
2016-04-20,-4.937396969173502e-05
2016-04-21,-0.007838197202343244
2016-04-22,0.003749842819368965
2016-04-25,-9.960224386473815e-05
2016-04-26,0.014148280251989664
2016-04-27,0.016849549860004753
2016-04-28,-0.0067152709872110306
2016-04-29,0.003161290594882793
2016-05-02,0.00993912177362577
2016-05-03,0.006192594036041443
2016-05-04,0.004532737801008713
2016-05-05,0.006554017122860856
2016-05-06,0.010239211602601328
2016-05-09,0.002475664199412364
2016-05-10,0.01304567570812476
2016-05-11,-0.014303688804904624
2016-05-12,0.017077258984945276
2016-05-13,-0.01835032708520623
2016-05-16,0.008178462353398919
2016-05-17,-0.009873315735856592
2016-05-18,0.0025279738309229582
2016-05-19,-0.014336535458702948
2016-05-20,0.007817136581770967
2016-05-23,-0.0026322638484836958
2016-05-24,0.011877701422232212
2016-05-25,-0.0016298969816340714
2016-05-26,-0.0017731973278836133
2016-05-27,0.0021966143695961726
2016-05-31,-0.008161679102366426
2016-06-01,0.00705363665222869
2016-06-02,0.000515181182110025
2016-06-03,0.008435942518854489
2016-06-06,0.001208330703795557
2016-06-07,0.0011602936605512593
2016-06-08,0.00913348902093336
2016-06-09,0.0042270342536512295
2016-06-10,-0.005581688891140857
2016-06-13,-0.010627648128885503
2016-06-14,0.008649344086486321
2016-06-15,0.0012908130390330008
2016-06-16,-0.002071602985635246
2016-06-17,-0.011166036553378667
2016-06-20,0.003919649207318798
2016-06-21,-0.0014407381772911787
2016-06-22,0.00018608783690665653
2016-06-23,-0.0008843067437273033
2016-06-24,-0.009268426555771647
2016-06-27,0.006769709971198301
2016-06-28,0.009245698330720975
2016-06-29,0.00513594618880342
2016-06-30,0.023199907581927137
2016-07-01,-0.0021592845028511887
2016-07-05,-0.0011272614305875006
2016-07-06,0.0008125887574905732
2016-07-07,-0.0055472535038298965
2016-07-08,0.006666834629244667
2016-07-11,-4.5367368022852794e-05
2016-07-12,-0.006712688692318003
2016-07-13,0.005941804251391014
2016-07-14,-0.0029309688371644826
2016-07-15,0.0014925223148594124
2016-07-18,-0.002935044540113174
2016-07-19,0.003351020785018699
2016-07-20,0.004513736316221761
2016-07-21,-0.019501034271829143
2016-07-22,0.006369707310445838
2016-07-25,-0.0021399399971939737
2016-07-26,-0.00355956750466091
2016-07-27,-0.0024732496736701304
2016-07-28,-0.0026626978420528635
2016-07-29,-0.0027621153897207096
2016-08-01,0.00027687888702021546
2016-08-02,0.00918346999816877
2016-08-03,-9.129337796387471e-05
2016-08-04,-0.0014633277232247721
2016-08-05,0.0027937103352015935
2016-08-08,-0.013153552542562341
2016-08-09,0.0031009834881117193
2016-08-10,0.00202976682133138
2016-08-11,0.0037299015943275116
2016-08-12,0.0010091043493021257
2016-08-15,0.007332453510034975
2016-08-16,-0.012329040026194504
2016-08-17,0.0066788800453094765
2016-08-18,-0.0018760165152073016
2016-08-19,-0.0033003564485215575
2016-08-22,0.0038633549491833286
2016-08-23,-0.01722712593387099
2016-08-24,-0.0023312499475851567
2016-08-25,0.0015955702138250594
2016-08-26,-0.007074622697623045
2016-08-29,0.005520733660440591
2016-08-30,-0.0022522253385692803
2016-08-31,-0.0025870388535720323
2016-09-01,-0.001131706318483805
2016-09-02,0.006656245427235641
2016-09-06,0.007128037507560414
2016-09-07,-0.008846862579977577
2016-09-08,-0.0006110280749497266
2016-09-09,-0.016405394137775864
2016-09-12,0.00492243480573018
2016-09-13,-0.009083629880606292
2016-09-14,0.002159921876672577
2016-09-15,0.012355482919011118
2016-09-16,-0.0018449178979550451
2016-09-19,0.0007585743496498765
2016-09-20,0.004498926583429874
2016-09-21,0.01763227580800586
2016-09-22,0.0029650606457132245
2016-09-23,0.0025866263484146668
2016-09-26,-0.00023051765737747143
2016-09-27,0.004838911611906749
2016-09-28,-0.0006881397851592475
2016-09-29,-0.01968762860125839
2016-09-30,0.001591431509784913
2016-10-03,0.00537519843843115
2016-10-04,-0.010553306862841838
2016-10-05,-0.0016442159591762984
2016-10-06,0.008141883738383315
2016-10-07,0.005695053088241142
2016-10-10,0.0055241372040988335
2016-10-11,-0.006463090137001748
2016-10-12,0.007573682345327404
2016-10-13,0.007009211069350929
2016-10-14,0.0025189998632813015
2016-10-17,0.0010047633403291734
2016-10-18,0.0013692738192618847
2016-10-19,-0.005833264573777863
2016-10-20,-0.0036669405011694467
2016-10-21,-0.00690114151541521
2016-10-24,0.002779671833404551
2016-10-25,0.014182577727800183
2016-10-26,0.038810343995885566
2016-10-27,-0.011839362932305364
2016-10-28,0.01344554868406167
2016-10-31,0.0027147972599188552
2016-11-01,-0.002532748345615121
2016-11-02,0.0010946011567698477
2016-11-03,-0.013687944389903506
2016-11-04,-0.0013744130557015177
2016-11-07,0.021444574867589772
2016-11-08,-0.0008258048677601826
2016-11-09,0.054073880699013754
2016-11-10,0.011845044422631235
2016-11-11,0.009503497552422413
2016-11-14,0.01462633309032868
2016-11-15,-0.014614590323120957
2016-11-16,-0.008324746370853564
2016-11-17,-0.002974981074027605
2016-11-18,0.0032699046671402776
2016-11-21,0.0033813777885669527
2016-11-22,0.007227411540184914
2016-11-23,-0.0019350866017446844
2016-11-25,0.003998614851953519
2016-11-28,0.0015287005797801623
2016-11-29,0.011407475220869268
2016-11-30,-0.008538653998292789
2016-12-01,0.0012867003469680949
2016-12-02,0.007226570815419997
2016-12-05,-0.013473015152913326
2016-12-06,0.0014140845365189225
2016-12-07,-0.002824175450205302
2016-12-08,-0.03811617662739908
2016-12-09,0.0029868764259652902
2016-12-12,-0.02667457428888642
2016-12-13,-0.002197747841932607
2016-12-14,0.002332112603383063
2016-12-15,-0.0004739169629024431
2016-12-16,-0.0012501469907052476
2016-12-19,0.007941353970945197
2016-12-20,0.006851078946029654
2016-12-21,-0.008463009356915352
2016-12-22,0.002444773810013512
2016-12-23,-0.003123271909584724
2016-12-27,0.0010729421943567186
2016-12-28,-0.005531066069395907
2016-12-29,0.002932023231069225
2016-12-30,-0.000214980694237199
2017-01-03,0.009931941496727381
2017-01-04,0.001532625791083042
2017-01-05,0.0031455062172618398
2017-01-06,0.003135865481744382
2017-01-09,-0.003886308332323174
2017-01-10,-0.011449810120908732
2017-01-11,-0.006692115471908289
2017-01-12,-0.01036501274098156
2017-01-13,0.004451124682348873
2017-01-17,-0.00734230723060425
2017-01-18,0.007703039881970408
2017-01-19,0.009338306467303603
2017-01-20,-0.001205150227001961
2017-01-23,-0.0018092657414751079
2017-01-24,0.003884068408907204
2017-01-25,-0.007523590450593143
2017-01-26,-0.016808089071478793
2017-01-27,0.012645149173208026
2017-01-30,-0.0015226659010320054
2017-01-31,-0.0017433008886091894
2017-02-01,-0.001134795979632286
2017-02-02,0.004501209958273078
2017-02-03,0.006569603354126041
2017-02-06,0.006310564545784825
2017-02-07,0.000687181446717311
2017-02-08,-0.0024038214188637497
2017-02-09,0.010412271690890096
2017-02-10,0.006004168246959374
2017-02-13,0.0119786633507859
2017-02-14,0.002258685509441971
2017-02-15,0.008221460507968903
2017-02-16,0.00803005536041046
2017-02-17,0.0002054304191219103
2017-02-21,0.0022168853690882617
2017-02-22,-0.004669826667772492
2017-02-23,0.0036217859089620053
2017-02-24,0.004879670481778842
2017-02-27,0.014487019230597475
2017-02-28,-0.0060741778215469555
2017-03-01,-0.0046947126623677615
2017-03-02,-0.007998634436755636
2017-03-03,-0.0005761785426176003
2017-03-06,-4.1194715651005076e-05
2017-03-07,0.003540235976497108
2017-03-08,-0.0008612860331416172
2017-03-09,0.002257966337154027
2017-03-10,-0.002171034434095942
2017-03-13,0.003407249034153459
2017-03-14,-0.0026592650539217777
2017-03-15,0.00028729783122671826
2017-03-16,-0.014599861590389174
2017-03-17,0.01652219019696144
2017-03-20,-0.005158272562222788
2017-03-21,-0.013457585309031073
2017-03-22,0.005923398518717704
2017-03-23,-0.006800951446347292
2017-03-24,-0.010939363568173932
2017-03-27,-0.00443253322173498
2017-03-28,0.0057668640630685886
2017-03-29,-0.0028249279011980377
2017-03-30,0.010739293048447118
2017-03-31,-0.005103540338162849
2017-04-03,-0.0001260823750400819
2017-04-04,-0.0007148012614226484
2017-04-05,-0.0064802916714507
2017-04-06,0.0024139578008570695
2017-04-07,0.00904236581315665
2017-04-10,0.0022194538366597794
2017-04-11,0.007144275004616452
2017-04-12,-0.007010709033442919
2017-04-13,0.0035091984805077914
2017-04-17,0.01207353664983235
2017-04-18,0.00032889690659776427
2017-04-19,0.0023028118752539406
2017-04-20,0.004553912885180811
2017-04-21,0.006044738125669857
2017-04-24,0.011407516624504677
2017-04-25,-0.004054158927872531
2017-04-26,-0.00028203882734523233
2017-04-27,0.001370389755630308
2017-04-28,-0.009822659546012358
2017-05-01,-0.0065861579183672525
2017-05-02,0.004051459385189915
2017-05-03,0.0007336824412891296
2017-05-04,0.000977786444594786
2017-05-05,0.01285857349852182
2017-05-08,0.0009240149683140686
2017-05-09,0.0014047569012689554
2017-05-10,-0.00553092220028506
2017-05-11,-0.0023783385261257894
2017-05-12,-0.0002828747313623481
2017-05-15,0.0032328428196808368
2017-05-16,-0.003504397967127537
2017-05-17,-0.0042849895828238616
2017-05-18,0.0022733858493320103
2017-05-19,0.012151717626321501
2017-05-22,-0.0017205701911005011
2017-05-23,0.004810383820067932
2017-05-24,0.01089163909412938
2017-05-25,0.012392583083336906
2017-05-26,0.0018320143124801458
2017-05-30,-0.0030349516033222335
2017-05-31,0.011748060566980412
2017-06-01,-0.0023623610589490474
2017-06-02,0.0035327861049769815
2017-06-05,-0.011256223693278056
2017-06-06,-0.009467858865734868
2017-06-07,0.005845298912724672
2017-06-08,0.005772254050101289
2017-06-09,0.002147417633844295
2017-06-12,-0.002727183602419525
2017-06-13,0.006250231092401304
2017-06-14,0.008035988910930048
2017-06-15,-0.003928007661782029
2017-06-16,-0.00019345486005140078
2017-06-19,0.01036389311595931
2017-06-20,-0.00424852904469919
2017-06-21,0.0004998037033805414
2017-06-22,-0.013062467005547584
2017-06-23,0.0019855193449036523
2017-06-26,-0.005633506320269932
2017-06-27,-0.0024223287699768337
2017-06-28,0.008733845144653252
2017-06-29,-0.01040540654442712
2017-06-30,0.007179817252289222
2017-07-03,0.003856580010149324
2017-07-05,0.010011702199641537
2017-07-06,-0.00514860018074581
2017-07-07,0.011779164755988836
2017-07-10,-0.0008017100673279876
2017-07-11,0.003285177096242542
2017-07-12,0.0050258955457491705
2017-07-13,-0.000378980205061219
2017-07-14,0.0036763827474146638
2017-07-17,-7.561261630273375e-05
2017-07-18,-0.002152597535681755
2017-07-19,0.0025736120277075614
2017-07-20,-0.0005664102960805106
2017-07-21,0.0020021226186135443
2017-07-24,-0.00011325070570578077
2017-07-25,-0.00459921960771148
2017-07-26,-0.0007196196966771096
2017-07-27,-0.011748430502807161
2017-07-28,0.012808811256904251
2017-07-31,-0.003672909136977154
2017-08-01,0.00573860525986114
2017-08-02,0.008275451656891697
2017-08-03,0.007307696288041843
2017-08-04,0.0017117235520263119
2017-08-07,0.0012631989062554805
2017-08-08,0.0008896884273761341
2017-08-09,0.012156398601502083
2017-08-10,-0.009337256861877141
2017-08-11,-0.004694079836139564
2017-08-14,0.007872875654111322
2017-08-15,-0.0009581446357498358
2017-08-16,-0.00424138860463652
2017-08-17,-0.006888960404768163
2017-08-18,-0.001939659527766202
2017-08-21,0.0003366897170624661
2017-08-22,0.0191258174206701
2017-08-23,-0.007514304047911868
2017-08-24,-0.004559484090584487
2017-08-25,0.002942000280546475
2017-08-28,-0.005309542232591724
2017-08-29,0.010526311030350177
2017-08-30,0.0010713484718456456
2017-08-31,0.0044275916977307705
2017-09-01,-0.01241700574606408
2017-09-05,-0.0028267038780366294
2017-09-06,-0.010445082873042244
2017-09-07,0.0022617967622158286
2017-09-08,0.0059425695655181965
2017-09-11,0.006917639754936422
2017-09-12,-0.0012628792966890012
2017-09-13,-0.008402542308002636
2017-09-14,-0.003787294633745719
2017-09-15,0.0050436333385042165
2017-09-18,0.03347965491149907
2017-09-19,0.008551318191850177
2017-09-20,0.006143791808600918
2017-09-21,0.0013571150171660662
2017-09-22,0.0040296684695873
2017-09-25,-0.0006394576268520247
2017-09-26,0.011976978078551026
2017-09-27,0.007375383880743103
2017-09-28,-0.007739788672793235
2017-09-29,0.01089171203562822
2017-10-02,0.0075773179973586124
2017-10-03,0.0040699106897288395
2017-10-04,0.0037792548062804965
2017-10-05,0.0017116014862068596
2017-10-06,0.002220180359946644
2017-10-09,0.001807060193733001
2017-10-10,-0.001803800617439899
2017-10-11,0.006341168528625651
2017-10-12,0.01182281671855634
2017-10-13,-0.007633479882212524
2017-10-16,-0.0020916735630208683
2017-10-17,-0.004936119668697669
2017-10-18,-0.007882482473443253
2017-10-19,0.0022258253336870926
2017-10-20,0.0066635921268130005
2017-10-23,-0.0018672835499907725
2017-10-24,-6.731783728497476e-05
2017-10-25,0.03645835846642931
2017-10-26,-0.022182555720123953
2017-10-27,-0.0011068587265724572
2017-10-30,-0.004333867669675029
2017-10-31,-0.0028344076112613026
2017-11-01,-0.004602112960145455
2017-11-02,0.024441701590217635
2017-11-03,0.0009956089854228356
2017-11-06,0.000663079156049351
2017-11-07,0.004803450495993955
2017-11-08,-3.320179262300549e-05
2017-11-09,-0.01371530582718794
2017-11-10,-0.0033764105444979986
2017-11-13,0.0011737796296069636
2017-11-14,0.006633494171663701
2017-11-15,-0.001730545985242693
2017-11-16,0.0020338734304918837
2017-11-17,-0.012310655563479989
2017-11-20,0.01377758565656606
2017-11-21,0.011198466991126255
2017-11-22,-0.007525458623680925
2017-11-24,0.0023178966162422654
2017-11-27,0.003005874338585235
2017-11-28,0.014063410377586516
2017-11-29,-0.00392999073193856
2017-11-30,0.002314873323451705
2017-12-01,-0.02209456936354659
2017-12-04,0.0031036630361329642
2017-12-05,-0.009349317780402044
2017-12-06,0.008228447504374792
2017-12-07,0.008260913178198992
2017-12-08,0.009878713534743566
2017-12-11,-0.003631505912072619
2017-12-12,0.008930472537757916
2017-12-13,0.0038406952271274886
2017-12-14,-0.005025330173440423
2017-12-15,0.011599699602969693
2017-12-18,-0.006667431786646638
2017-12-19,-0.00415032063846954
2017-12-20,-0.0016279843947110129
2017-12-21,-0.006946668597109351
2017-12-22,-0.0023318296445737907
2017-12-26,0.0001973470784399911
2017-12-27,0.007635643386311841
2017-12-28,0.006957219482693233
2017-12-29,-0.00447649791044924
2018-01-02,-0.005441155876702353
2018-01-03,0.00461909031889518
2018-01-04,0.006196498995502786
2018-01-05,-0.0010696350529960652
2018-01-08,0.00012970678097867783
2018-01-09,0.006909599048776194
2018-01-10,-0.008956434371397592
2018-01-11,0.006306674936220613
2018-01-12,0.01809062640856829
2018-01-16,-0.008281451357103786
2018-01-17,0.01590183360613917
2018-01-18,-0.010109874542388542
2018-01-19,0.006585854258027046
2018-01-22,-0.0038874547240452806
2018-01-23,-0.005267751557657241
2018-01-24,-6.393025374373806e-05
2018-01-25,0.03681495619012076
2018-01-26,0.03249224527865735
2018-01-29,0.008285033609699788
2018-01-30,0.003310210422498683
2018-01-31,0.0031519494907690238
2018-02-01,0.006842223084348786
2018-02-02,-0.017704117737840863
2018-02-05,-0.04281610352031884
2018-02-06,0.015913642076001322
2018-02-07,0.031022868024367822
2018-02-08,-0.040425370205370736
2018-02-09,0.0267890915025506
2018-02-12,0.014278161842184778
2018-02-13,0.017543915243424246
2018-02-14,0.018231057865880196
2018-02-15,0.020851236129053596
2018-02-16,-0.0025494107187745696
2018-02-20,-0.015842793107998854
2018-02-21,0.0013128606490226957
2018-02-22,-0.00624243894918497
2018-02-23,0.008260863327645973
2018-02-26,0.010184535708972708
2018-02-27,-0.004027263929847202
2018-02-28,-0.010235664607667116
2018-03-01,-0.029996163750029448
2018-03-02,0.013621025461186154
2018-03-05,0.005072156050180743
2018-03-06,-0.008469200762368678
2018-03-07,0.014479415662102868
2018-03-08,-0.0013263263436923411
2018-03-09,0.009470132765104777
2018-03-12,-0.014071985212723459
2018-03-13,-0.0011312383049937313
2018-03-14,-0.012284770628863795
2018-03-15,0.002117004078829199
2018-03-16,-0.0064253612771431046
2018-03-19,0.018604420707484914
2018-03-20,0.007682291575814126
2018-03-21,-0.0010356734607637197
2018-03-22,-0.024163339074556034
2018-03-23,0.020481952528855984
2018-03-26,0.027359820569692772
2018-03-27,-0.016721951925827927
2018-03-28,-0.013112087991267729
2018-03-29,0.012793475134182497
2018-04-02,-0.010312130262302377
2018-04-03,0.0015052569559299567
2018-04-04,0.021385008446457743
2018-04-05,0.018645295314454025
2018-04-06,-0.02308165755063163
2018-04-09,-0.011742192595419532
2018-04-10,-0.002445582718145878
2018-04-11,-0.00025939689033105395
2018-04-12,0.015577670844674874
2018-04-13,-0.004118708417261807
2018-04-16,0.0032802135330849413
2018-04-17,0.009353168239244924
2018-04-18,0.007492199559572921
2018-04-19,0.0008944888586346345
2018-04-20,-0.005865545351763202
2018-04-23,0.0005619239301637435
2018-04-24,-0.040997699114634134
2018-04-25,-0.026059617996703532
2018-04-26,0.004028630628404972
2018-04-27,-0.036261782770693474
2018-04-30,0.0005902140901461461
2018-05-01,-0.04601893870038387
2018-05-02,-0.00019551234810999407
2018-05-03,0.027738183853365017
2018-05-04,-0.005797383362907138
2018-05-07,0.010450874514026598
2018-05-08,0.03828084225398709
2018-05-09,-0.005102007785884655
2018-05-10,-0.00360213632366313
2018-05-11,-0.0034008044968228957
2018-05-14,-0.02022724029868883
2018-05-15,0.0039218021454863194
2018-05-16,0.0037191897814046193
2018-05-17,0.01046200917680662
2018-05-18,0.01386626180715167
2018-05-21,0.007112355614854904
2018-05-22,-0.020702340394492147
2018-05-23,0.011494492791705113
2018-05-24,0.013953596532199963
2018-05-25,-0.002643861740659448
2018-05-29,-0.016419091900841343
2018-05-30,0.01559025556371707
2018-05-31,-0.013028692780738593
2018-06-01,0.012083857336623982
2018-06-04,0.008545652820461935
2018-06-05,-0.0108769515139151
2018-06-06,0.018317264206743733
2018-06-07,0.008502153538265222
2018-06-08,0.0016567101930538009
2018-06-11,-0.012609827151531805
2018-06-12,-0.014983832026009725
2018-06-13,-0.004645738757335094
2018-06-14,-0.01604527021435076
2018-06-15,-0.0032239164324158187
2018-06-18,0.002799006587590025
2018-06-19,-0.026611486638318027
2018-06-20,-0.0056078442801287265
2018-06-21,0.004389998346917556
2018-06-22,-0.004434524616163449
2018-06-25,0.005319621312339429
2018-06-26,-0.013961582335959122
2018-06-27,-0.008889768400033304
2018-06-28,0.003686036814334548
2018-06-29,-6.556842705462973e-05
2018-07-02,0.0038026614956616633
2018-07-03,-9.726558384304251e-05
2018-07-05,-0.001910561751740536
2018-07-06,-0.0028871645421522096
2018-07-09,0.020627434948778944
2018-07-10,0.00452621209588111
2018-07-11,-0.010630507938040212
2018-07-12,0.033229552215387814
2018-07-13,-0.001241541169983762
2018-07-16,-0.0043518072904910055
2018-07-17,0.002716261466045422
2018-07-18,0.007814226392653723
2018-07-19,0.0013900885080866399
2018-07-20,-0.0007095081060826125
2018-07-23,-0.0224124329274612
2018-07-24,-0.0015786039399219298
2018-07-25,-0.06537603642867973
2018-07-26,-0.0006432688677227016
2018-07-27,0.021468896275756544
2018-07-30,-0.022609011057622252
2018-07-31,0.019197389565862144
2018-08-01,0.0013649239955189074
2018-08-02,-0.007344923490617439
2018-08-03,-0.004821103535770255
2018-08-06,-0.006122731677095317
2018-08-07,-0.0005754732000287088
2018-08-08,-0.0010499760767881394
2018-08-09,-0.01193422587226256
2018-08-10,-0.000377316884354606
2018-08-13,0.002402804816616033
2018-08-14,0.006300894979765825
2018-08-15,-0.007997085695134576
2018-08-16,0.0016465774116418697
2018-08-17,0.00821958789434496
2018-08-20,0.010564186213694482
2018-08-21,0.002285991557042122
2018-08-22,-0.0031523971487349423
2018-08-23,0.001143476576766167
2018-08-24,0.005601032995513178
2018-08-27,0.007012434714173343
2018-08-28,0.0009329440894008112
2018-08-29,-0.010985009806827595
2018-08-30,0.005318104452660899
2018-08-31,-0.0006695848779361135
2018-09-04,-0.0028144379765215888
2018-09-05,-0.0030234315082208196
2018-09-06,0.01664705254744403
2018-09-07,-0.003878154060639849
2018-09-10,0.011380041315502298
2018-09-11,-0.0031912021646608446
2018-09-12,0.001847946752106866
2018-09-13,-0.0003949851942374183
2018-09-14,0.012952739799811486
2018-09-17,0.011973409592648254
2018-09-18,0.021252908325627207
2018-09-19,-0.016906354617434283
2018-09-20,-0.0347468832826473
2018-09-21,0.01751754505116354
2018-09-24,-0.001890833589846097
2018-09-25,0.02711420661245456
2018-09-26,0.0005407233713272674
2018-09-27,0.006961291117450585
2018-09-28,0.0018946423336185791
2018-10-01,0.0035603432437920635
2018-10-02,0.0008478559688203102
2018-10-03,-0.00357628044357694
2018-10-04,0.0014481493881777219
2018-10-05,0.0070737866816399375
2018-10-08,-0.004183403012339881
2018-10-09,-0.015046684121986731
2018-10-10,-0.016391181895741957
2018-10-11,-0.036984411033821885
2018-10-12,0.015960105982669726
2018-10-15,0.010682380148891779
2018-10-16,0.021236855981175307
2018-10-17,-0.008299048673103271
2018-10-18,-0.004200178602943971
2018-10-19,-0.001719504369166125
2018-10-22,-0.002990280203205131
2018-10-23,-0.008573651767261103
2018-10-24,-0.06004201559531119
2018-10-25,-0.055551991593850936
2018-10-26,-0.0005183757374880305
2018-10-29,-0.05017810548563384
2018-10-30,0.01872816597555893
2018-10-31,0.003255561336222179
2018-11-01,0.04275634786389215
2018-11-02,0.0023790626003727944
2018-11-05,0.02059932525800323
2018-11-06,0.011809296529838198
2018-11-07,0.011211899346912801
2018-11-08,-0.0065755837420649055
2018-11-09,0.005985173432972335
2018-11-12,-0.02862857269085939
2018-11-13,-0.01408748753542688
2018-11-14,-0.010670780648500688
2018-11-15,0.006021082389640053
2018-11-16,0.0010648099054380022
2018-11-19,-0.012397346538115195
2018-11-20,-0.009099189547896569
2018-11-21,0.0033734150952684505
2018-11-23,-0.004183762081276465
2018-11-26,-0.0025883634983796533
2018-11-27,-0.02090986922911353
2018-11-28,0.010755010448351587
2018-11-29,-0.009386664612910378
2018-11-30,0.00158004256507982
2018-12-03,0.006118429284512672
2018-12-04,-0.04447940193212463
2018-12-06,0.02869865888241896
2018-12-07,0.0020618758313109
2018-12-10,0.04927414494947557
2018-12-11,-0.008252337932012965
2018-12-12,0.007873053880681935
2018-12-13,-0.008366647371430558
2018-12-14,-0.0191901696183584
2018-12-17,-0.02082143773579781
2018-12-18,-0.0011661285660374832
2018-12-19,-0.013972078444807634
2018-12-20,-0.03840541676857001
2018-12-21,-0.03439779173190316
2018-12-24,-0.03830135863013817
2018-12-26,0.028333835971143584
2018-12-27,0.029788609046695225
2018-12-28,0.011186676210687363
2018-12-31,0.01093906222750829
2019-01-02,0.0060026139621633945
2019-01-03,-0.0261801488622021
2019-01-04,0.033261161650791404
2019-01-07,0.0077853431702004094
2019-01-08,0.004523109263116831
2019-01-09,0.004741655906219888
2019-01-10,0.021852296186104292
2019-01-11,-0.0062487103772363994
2019-01-14,0.01527037952229926
2019-01-15,-0.0039237182661855385
2019-01-16,-0.012357938561206483
2019-01-17,0.032611118418462315
2019-01-18,0.013897359525481212
2019-01-22,-0.011278949360435275
2019-01-23,0.020775831242032305
2019-01-24,-0.0015173167139596044
2019-01-25,0.011192607537344967
2019-01-28,0.005351200583172178
2019-01-29,0.021254099457681086
2019-01-30,0.002463190349162536
2019-01-31,-0.01876678715728808
2019-02-01,-0.009399308929442074
2019-02-04,0.021138537191304207
2019-02-05,-0.0009686959692780661
2019-02-06,0.007002826400470674
2019-02-07,-0.006704336600158789
2019-02-08,0.0075037759688350025
2019-02-11,0.0030288947946770506
2019-02-12,0.009272622895358129
2019-02-13,-0.002745440340094829
2019-02-14,-0.00953039410836376
2019-02-15,0.022736904148475734
2019-02-19,0.001289176455997909
2019-02-20,0.003027448663022625
2019-02-21,-0.0024978596339332304
2019-02-22,0.008417529298045956
2019-02-25,-0.005749961315119623
2019-02-26,-0.0017413146336405783
2019-02-27,0.0007672552773141383
2019-02-28,0.011124278721504677
2019-03-01,-0.010208668410721433
2019-03-04,-0.013588626080292099
2019-03-05,-0.0008124434658329793
2019-03-06,-0.008519778777350218
2019-03-07,-0.014333325113531248
2019-03-08,-0.0017366404964549442
2019-03-11,0.01181378003705924
2019-03-12,-0.014504768135486956
2019-03-13,0.014500163367495489
2019-03-14,-0.01579772113423572
2019-03-15,-0.012884560609600415
2019-03-18,0.013569170316327872
2019-03-19,-0.014114849709658817
2019-03-20,-0.002029374232706216
2019-03-21,0.007468466042534594
2019-03-22,-0.015120418606434982
2019-03-25,0.0008946851768643072
2019-03-26,-0.010238416034261122
2019-03-27,-0.007259721486255533
2019-03-28,0.011670114511857399
2019-03-29,0.009738022785490186
2019-04-01,0.01672852590774898
2019-04-02,-0.0028458822120733807
2019-04-03,-0.024036664487791848
2019-04-04,0.015931900629889917
2019-04-05,0.019519304418488925
2019-04-08,0.002171916602417223
2019-04-09,-0.012387335054000137
2019-04-10,-0.010750846478674081
2019-04-11,0.025358094317307067
2019-04-12,0.02040462887582395
2019-04-15,-0.009998601481402192
2019-04-16,0.004960362418674258
2019-04-17,-0.01008497971205069
2019-04-18,0.008573627837404008
2019-04-22,0.006153169789681057
2019-04-23,0.034359302594981544
2019-04-24,-0.04309498525701061
2019-04-25,-0.002892306120283572
2019-04-26,0.014111918781243737
2019-04-29,0.010136607638880912
2019-04-30,0.013671371521791542
2019-05-01,-0.0020695458874351313
2019-05-02,0.0021431566450655914
2019-05-03,0.007277378235519549
2019-05-06,-0.0023969954352980327
2019-05-07,-0.010159848955766826
2019-05-08,0.007559482505979931
2019-05-09,0.01528091519748509
2019-05-10,0.01966107679538509
2019-05-13,-0.01768614081949338
2019-05-14,0.0005411397859751421
2019-05-15,-0.003889454876901177
2019-05-16,0.034703665351721424
2019-05-17,0.006497865990531704
2019-05-20,0.025726626911090067
2019-05-21,0.005276672416397288
2019-05-22,0.0012335621296104549
2019-05-23,-0.017496816823449834
2019-05-24,0.0031500140943998556
2019-05-28,-0.012305063090174984
2019-05-29,-0.007201903683933031
2019-05-30,0.012417335554406383
2019-05-31,-0.01698556583858002
2019-06-03,0.012167700232142753
2019-06-04,0.01736514910681608
2019-06-05,0.014410625672915067
2019-06-06,-0.0061557063626541675
2019-06-07,0.01102214676642399
2019-06-10,-0.021929656581806456
2019-06-11,-0.03398552795572585
2019-06-12,0.0136999462510079
2019-06-13,0.009119332410298497
2019-06-14,0.005851476596118621
2019-06-17,0.00012896196177147878
2019-06-18,0.012020425375962596
2019-06-19,0.0063859564010524394
2019-06-20,0.027380179063655197
2019-06-21,-0.005126312996999949
2019-06-24,-0.0021105329296864372
2019-06-25,-0.0010265448793375098
2019-06-26,-0.0076286699073807585
2019-06-27,-0.0013177256125664893
2019-06-28,0.015174950428833878
2019-07-01,-0.014143735428593485
2019-07-02,0.016167613585007068
2019-07-03,0.00481918059469133
2019-07-05,-0.00015323230078923
2019-07-08,-0.003721216130212701
2019-07-09,0.0056176400216108036
2019-07-10,-0.005371171772692418
2019-07-11,0.0026845531576129567
2019-07-12,0.01415685316576143
2019-07-15,-0.012927415966891065
2019-07-16,-0.0044270014268359414
2019-07-17,-0.005651195102353013
2019-07-18,-0.002670667491177836
2019-07-19,0.003175800912956328
2019-07-22,0.00322856869888688
2019-07-23,0.002444031959856874
2019-07-24,0.05858235661079858
2019-07-25,0.034259456540415734
2019-07-26,-0.006202489273922862
2019-07-29,0.008255177827160454
2019-07-30,-0.007090167968812566
2019-07-31,-0.0207981509786046
2019-08-01,-0.0015918013315001645
2019-08-02,-0.011187605557260394
2019-08-05,0.004836442601914959
2019-08-06,0.033371126399042605
2019-08-07,0.020240090131710797
2019-08-08,0.020861976498597334
2019-08-09,0.004282556354469502
2019-08-12,0.00720555039859283
2019-08-13,-0.006832781905715124
2019-08-14,-0.024928268518042418
2019-08-15,0.010513912891483512
2019-08-16,0.007365281640882904
2019-08-19,0.005898571012501463
2019-08-20,-0.002891407870678653
2019-08-21,0.0003523444824824473
2019-08-22,0.0078018501741534685
2019-08-23,-0.02827812129720908
2019-08-26,0.014246377041101876
2019-08-27,-0.006736900305796878
2019-08-28,-0.0007689609059757796
2019-08-29,0.011074673444455119
2019-08-30,-0.0001630063608175636
2019-09-03,-0.004458277985894266
2019-09-04,0.015919220042903914
2019-09-05,-0.009756531122181222
2019-09-06,0.0017977656667431674
2019-09-09,-0.03246593759830785
2019-09-10,-0.002079563360532166
2019-09-11,0.010588725222599349
2019-09-12,0.017751053261949146
2019-09-13,-0.0042165565373210034
2019-09-16,0.02130989680473805
2019-09-17,0.008184616029489167
2019-09-18,0.007877852515934425
2019-09-19,-0.004874971395082528
2019-09-20,-0.01970306699619917
2019-09-23,0.002580497345637367
2019-09-24,0.0010289968026560015
2019-09-25,0.014884866285288068
2019-09-26,0.019039314016346953
2019-09-27,-0.028706041804610116
2019-09-30,0.00972573283347633
2019-10-01,-0.018676983162639105
2019-10-02,-0.014383269951431688
2019-10-03,0.005048312514601916
2019-10-04,0.012763181561604053
2019-10-07,-0.0028728145498222446
2019-10-08,0.0014135049688361878
2019-10-09,-0.0021989098616348457
2019-10-10,0.0030468326156942727
2019-10-11,-0.017708435133404254
2019-10-14,0.011595387819696823
2019-10-15,-0.012226561666542013
2019-10-16,0.007597858256130463
2019-10-17,-0.02308799228609182
2019-10-18,-0.0186656412134254
2019-10-21,0.002202204949788067
2019-10-22,0.005679577013288917
2019-10-23,0.0023269317713934257
2019-10-24,0.01050402664804917
2019-10-25,-0.03336994516310654
2019-10-28,0.004435089463810327
2019-10-29,0.001846725644659486
2019-10-30,0.019903948566380558
2019-10-31,-0.004518749484125895
2019-11-01,-0.00099307049648667
2019-11-04,-0.03254471615756305
2019-11-05,-0.008277893098718847
2019-11-06,0.018262290142173176
2019-11-07,-0.0017149695786263797
2019-11-08,0.019451148242460636
2019-11-11,-0.0003144478985900312
2019-11-12,0.004828643412636335
2019-11-13,0.005772309344489246
2019-11-14,0.005569379954823539
2019-11-15,0.0027268630537602423
2019-11-18,0.00011233032264867937
2019-11-19,-0.008858894438194653
2019-11-20,-0.0015277537341084058
2019-11-21,-0.013540885338964581
2019-11-22,0.002699503836687267
2019-11-25,0.0016896268329116282
2019-11-26,0.011722724669326778
2019-11-27,-0.002741137767040991
2019-11-29,0.0005971446974786243
2019-12-02,-0.028541211750191975
2019-12-03,0.004155378421750511
2019-12-04,0.0001745715155787586
2019-12-05,0.0034965675217684122
2019-12-06,0.0010162261321531307
2019-12-09,-0.004960005507454235
2019-12-10,0.0041683309554994
2019-12-11,0.012279574886435274
2019-12-12,-0.008058318219592908
2019-12-13,-0.0036136624505660464
2019-12-16,0.00011590683030715532
2019-12-17,0.0033363721002406255
2019-12-18,-0.02064519783382346
2019-12-19,0.010362894251538357
2019-12-20,0.010812139323466585
2019-12-23,0.0063887651898548725
2019-12-24,-0.002987284666843726
2019-12-26,0.0025355649438256744
2019-12-27,-0.004368614073445132
2019-12-30,0.007591607855571558
2019-12-31,-0.014610296177299364
2020-01-02,0.03410190092754273
2020-01-03,0.05428747251788857
2020-01-06,0.002186534800079798
2020-01-07,-0.002288321988526687
2020-01-08,-0.01248077807551018
2020-01-09,0.005590135679188535
2020-01-10,0.005451598869335328
2020-01-13,0.00651734128690884
2020-01-14,-0.005732192010557191
2020-01-15,0.01491974417636488
2020-01-16,0.009257023249149121
2020-01-17,-0.009927742175553145
2020-01-21,-0.004842177682293225
2020-01-22,-0.0074317018344362
2020-01-23,0.01646603239534583
2020-01-24,0.0003671461501921769
2020-01-27,-0.006734177494597926
2020-01-28,0.007307363237939013
2020-01-29,0.0021213355615630203
2020-01-30,0.005801645741953632
2020-01-31,-0.026762413314430855
2020-02-03,-0.028886281729243013
2020-02-04,-0.005333151983619722
2020-02-05,0.016555243862845348
2020-02-06,-0.011011203705041828
2020-02-07,-0.006405259631829474
2020-02-10,0.00517376035824979
2020-02-11,0.013075093150664463
2020-02-12,-0.0008424386341358003
2020-02-13,0.0007340622806619734
2020-02-14,0.007989368946043962
2020-02-18,0.003989742670069019
2020-02-19,-0.016835795365957695
2020-02-20,-0.007920451113486493
2020-02-21,0.008510078305530522
2020-02-24,-0.015396640752835755
2020-02-25,-0.05403611477648973
2020-02-26,-0.016619124577646804
2020-02-27,-0.00822558449281452
2020-02-28,-0.008233835421132873
2020-03-02,0.02174328760696409
2020-03-03,-0.01967325832244371
2020-03-04,0.053403398028505134
2020-03-05,-0.055307441688121406
2020-03-06,0.003600001138083231
2020-03-09,-0.04766539604573916
2020-03-10,0.06897970149590149
2020-03-11,-0.05088221539768867
2020-03-12,-0.08604675166811193
2020-03-13,0.08261600514479017
2020-03-16,-0.10146259487528375
2020-03-17,0.13001190663369933
2020-03-18,0.011492882542233573
2020-03-19,-0.08077442674212454
2020-03-20,-0.04341359667706235
2020-03-23,-0.04985581568800368
2020-03-24,0.042318235336553656
2020-03-25,0.02517059178350678
2020-03-26,0.1138510992679247
2020-03-27,-0.02814547577555504
2020-03-30,0.0050295347520299405
2020-03-31,-0.035604822052331175
2020-04-01,0.014674992866277048
2020-04-02,0.02377974936958327
2020-04-03,-0.002163607102684595
2020-04-06,0.0596916122237825
2020-04-07,-0.020491665676961146
2020-04-08,0.012748874351482753
2020-04-09,0.021172672497763
2020-04-13,0.006535002958718339
2020-04-14,0.0293346350197754
2020-04-15,-0.012901951736761563
2020-04-16,0.005663843999630158
2020-04-17,0.029054936335908943
2020-04-20,-0.034773754839737325
2020-04-21,-0.02974628561245629
2020-04-22,0.02496404560957166
2020-04-23,-0.018069710169429487
2020-04-24,0.01036250056779875
2020-04-27,0.016209035561107976
2020-04-28,-0.0008118884815869754
2020-04-29,-0.03686165180555845
2020-04-30,-0.0034958377268020646
2020-05-01,-0.007893127604219896
2020-05-04,-0.016765292504250184
2020-05-05,0.01915950264265609
2020-05-06,-0.017369520137573424
2020-05-07,0.0034362025373622096
2020-05-08,0.010828598095135922
2020-05-11,-0.0005492413749637048
2020-05-12,-0.00598527106221225
2020-05-13,-0.015514343868937908
2020-05-14,-0.0266177198902231
2020-05-15,0.03109681047046653
2020-05-18,0.02966105819665299
2020-05-19,-0.012500795795024167
2020-05-20,-0.020273678723621624
2020-05-21,0.024063743628329526
2020-05-22,-0.00670489216543757
2020-05-26,-0.0052775860437328515
2020-05-27,0.057959844143702144
2020-05-28,-0.0007288200098141129
2020-05-29,-0.017815420503982438
2020-06-01,-0.013514281004511686
2020-06-02,-0.010917288545362558
2020-06-03,0.027212070889460538
2020-06-04,-0.0006549151808825648
2020-06-05,0.018943443404977334
2020-06-08,0.019555614155934098
2020-06-09,-0.017947785338987332
2020-06-10,-0.0037369589148508187
2020-06-11,-0.05936998101380542
2020-06-12,-0.010311531262960805
2020-06-15,-0.012780531022048902
2020-06-16,0.03545713929174976
2020-06-17,-0.007544379876669671
2020-06-18,-0.013838794005758492
2020-06-19,-0.016266447498861525
2020-06-22,0.009275237731138475
2020-06-23,-0.02680936434321013
2020-06-24,-0.01690023659208051
2020-06-25,-0.0005297206574907953
2020-06-26,0.0003646919699291651
2020-06-29,0.023719409537448444
2020-06-30,-0.005112861716076833
2020-07-01,0.002276677358549417
2020-07-02,0.005939238724783635
2020-07-06,0.007839024739423994
2020-07-07,-0.025383695168887055
2020-07-08,-0.011068613398848903
2020-07-09,-0.05031563064830924
2020-07-10,0.02115777385460249
2020-07-13,0.0011986437708630948
2020-07-14,0.010945503348395391
2020-07-15,0.017628138048608966
2020-07-16,0.009608812649160692
2020-07-17,0.010505961908924943
2020-07-20,-0.017435980249382865
2020-07-21,0.022222933607209283
2020-07-22,0.02534162568184417
2020-07-23,-0.009303883333532714
2020-07-24,-0.0011818927170681448
2020-07-27,-0.014935074370957535
2020-07-28,0.015745869500752407
2020-07-29,0.007638947192561529
2020-07-30,0.03409882920592011
2020-07-31,-0.0030675860845350567
2020-08-03,-0.004368736861440459
2020-08-04,0.00438790647018128
2020-08-05,0.014461293548584608
2020-08-06,-0.010221089954524198
2020-08-07,0.008978299005549362
2020-08-10,0.019619363517460187
2020-08-11,0.018228872101628157
2020-08-12,-0.007167065726335298
2020-08-13,-0.0022978958349111345
2020-08-14,0.010158612935073918
2020-08-17,-0.0067235327135553025
2020-08-18,-0.0063577848552156535
2020-08-19,0.0009183609712699603
2020-08-20,-0.003669484525073319
2020-08-21,0.003534244918168339
2020-08-24,0.019416517896321484
2020-08-25,-0.004122725545962824
2020-08-26,-0.004635740201291427
2020-08-27,0.022201929690262467
2020-08-28,-0.008027808041188966
2020-08-31,-0.006207347954847897
2020-09-01,-0.006508720582734662
2020-09-02,0.02344443491352899
2020-09-03,-0.017596997284790916
2020-09-04,-0.009350437681088342
2020-09-08,-0.013184808463279407
2020-09-09,0.01449706592543376
2020-09-10,-0.02766595603309996
2020-09-11,0.02684705012713695
2020-09-14,-0.0012687827210077218
2020-09-15,-0.0012705897507712116
2020-09-16,0.016123308244228474
2020-09-17,0.0010771983496036253
2020-09-18,-0.006805597594175317
2020-09-21,-0.04570991083559517
2020-09-22,0.021203551418009114
2020-09-23,-0.014242846421637756
2020-09-24,-0.0101809862500708
2020-09-25,0.010100789207434957
2020-09-28,0.004634161445963958
2020-09-29,-0.012867005130684728
2020-09-30,-0.030097282175169604
2020-10-01,-0.011664404674513906
2020-10-02,0.006863205041441667
2020-10-05,-0.005637832539015064
2020-10-06,-0.01028265831104136
2020-10-07,0.01592406596679341
2020-10-08,0.01844583268884148
2020-10-09,-0.013763633763794969
2020-10-12,0.004154857241929433
2020-10-13,-0.01260287046198394
2020-10-14,0.007325649716368066
2020-10-15,-0.0002223647081195379
2020-10-16,0.004510391410113224
2020-10-19,-0.015526030472411856
2020-10-20,-0.00732370680093497
2020-10-21,-0.00219983462766693
2020-10-22,-0.017447040818260984
2020-10-23,0.017954477794895674
2020-10-26,0.0045714978407196405
2020-10-27,-0.024916144209148117
2020-10-28,-0.02800208324951947
2020-10-29,-0.004324658821973304
2020-10-30,-0.008789453559412408
2020-11-02,0.02349728114855587
2020-11-03,0.027610196157901612
2020-11-04,0.03549626947584117
2020-11-05,-0.026105642460655165
2020-11-06,-0.01964895232806907
2020-11-09,-0.00026522765684411365
2020-11-10,0.043912632757267644
2020-11-11,-0.014467076508183907
2020-11-12,-0.012033626511635642
2020-11-13,0.01789512330440801
2020-11-16,0.0032721221886142793
2020-11-17,-0.0003199032749371389
2020-11-18,-0.006493293826880908
2020-11-19,-0.0036057012359427265
2020-11-20,-0.009887633926170203
2020-11-23,0.0002286191018212591
2020-11-24,0.011386961085766867
2020-11-25,0.007355496036483666
2020-11-27,-0.015379627807993401
2020-11-30,-0.012318913052375868
2020-12-01,-0.0038375355197449723
2020-12-02,-0.0077388122742700904
2020-12-03,0.015597346836824677
2020-12-04,0.01252371538225927
2020-12-07,-0.020277977520395174
2020-12-08,0.003189434520315171
2020-12-09,0.005861476961982914
2020-12-10,-0.017449597597981148
2020-12-11,0.007170885071956734
2020-12-14,-0.008550358069623232
2020-12-15,0.0017113825528558557
2020-12-16,0.011724852793698393
2020-12-17,-0.004403707713983129
2020-12-18,0.00814815284554471
2020-12-21,-0.018210003941155573
2020-12-22,-0.004334379278401745
2020-12-23,0.014646252842957841
2020-12-24,-0.0035258816508290103
2020-12-28,0.011415443943928683
2020-12-29,-0.006699141831121858
2020-12-30,0.00538198024542913
2020-12-31,0.006972754621026533
2021-01-04,-0.03268558346576389
2021-01-05,0.0062083100835852445
2021-01-06,0.008597703916696009
2021-01-07,-0.02192943461332153
2021-01-08,-0.014526050494761966
2021-01-11,0.022231566724516094
2021-01-12,0.009499926272425352
2021-01-13,0.0064529359295049105
2021-01-14,0.011888007173555204
2021-01-15,-0.00749113080837116
2021-01-19,-0.009077471849266994
2021-01-20,0.0025502997228195046
2021-01-21,-0.00639281504804845
2021-01-22,0.004345294493117935
2021-01-25,0.003991414269438387
2021-01-26,-0.02084558989473262
2021-01-27,-0.0029677471165409086
2021-01-28,0.0027031088958369143
2021-01-29,-0.021908979300096054
2021-02-01,0.01988761592353594
2021-02-02,0.026307981918056278
2021-02-03,0.0024662920363291985
2021-02-04,0.003690883177491333
2021-02-05,-0.010137436272763978
2021-02-08,0.0044847238269438705
2021-02-09,0.012161380753656026
2021-02-10,-0.0004935924428518534
2021-02-11,-0.013174198471695542
2021-02-12,-0.007575886412613531
2021-02-16,-0.021791719369963936
2021-02-17,0.021658395139976916
2021-02-18,0.002288139661920763
2021-02-19,-0.002081378385054289
2021-02-22,0.0023551443546214745
2021-02-23,0.002483454852364231
2021-02-24,0.010211567386163356
2021-02-25,0.000530613223273857
2021-02-26,-0.029224005845628787
2021-03-01,0.0061712468848742486
2021-03-02,0.018128826962059197
2021-03-03,0.0010709369822572423
2021-03-04,-0.005315812674948628
2021-03-05,0.011427992671146248
2021-03-08,0.01565254207434097
2021-03-09,-0.023951390675319484
2021-03-10,0.005699358717949243
2021-03-11,-0.001966959743959329
2021-03-12,0.007948908614978212
2021-03-15,0.013088847160438677
2021-03-16,0.00032691548127261605
2021-03-17,0.015465590526635875
2021-03-18,0.014070929307720359
2021-03-19,-0.01997211960500389
2021-03-22,0.01801393172363608
2021-03-23,-0.0002226200737499573
2021-03-24,0.00601624634386444
2021-03-25,0.016327664747230575
2021-03-26,-0.006756237808325238
2021-03-29,0.01294588159378951
2021-03-30,-0.001454178249065352
2021-03-31,0.0029748467279677726
2021-04-01,-0.004325703321046315
2021-04-05,0.026098655500732315
2021-04-06,0.0015422071095292367
2021-04-07,0.0084855769397012
2021-04-08,0.0064375464535793014
2021-04-09,0.011394771238267376
2021-04-12,0.002176882297256988
2021-04-13,-0.006105539265816029
2021-04-14,0.009480183222734695
2021-04-15,0.008103789301095343
2021-04-16,0.0053394435118170325
2021-04-19,-0.005166968122722104
2021-04-20,0.0014507451515806125
2021-04-21,0.0011010335496250967
2021-04-22,-0.006048976999267319
2021-04-23,-0.004047285525495492
2021-04-26,-0.012396182746679196
2021-04-27,0.006127847297869193
2021-04-28,-0.004413414500550772
2021-04-29,0.040931498981604975
2021-04-30,0.006302865828210491
2021-05-03,0.018508260493234285
2021-05-04,0.01972278082690493
2021-05-05,0.01322936435219968
2021-05-06,-0.007882258992043423
2021-05-07,0.0015675628888460746
2021-05-10,0.008552842218514822
2021-05-11,-0.01471374167736672
2021-05-12,-0.013983309856220982
2021-05-13,0.01902807403331197
2021-05-14,0.004188542035320486
2021-05-17,0.0033906682491897655
2021-05-18,-0.011398166757262684
2021-05-19,0.006185317395476231
2021-05-20,0.0028579286857743913
2021-05-21,-0.004032745031173124
2021-05-24,0.004642905116919227
2021-05-25,-0.0058843205072587335
2021-05-26,-0.008837961017151619
2021-05-27,0.010198441916602574
2021-05-28,-0.008186639628094183
2021-06-01,-0.0006834137921362116
2021-06-02,0.004348771375184857
2021-06-03,-0.0019060436862302632
2021-06-04,0.030012806186934027
2021-06-07,-0.015019663994747523
2021-06-08,-0.0019631785952816116
2021-06-09,0.004015019981167933
2021-06-10,-0.0002414976984272954
2021-06-11,0.006845428626401473
2021-06-14,-0.007545468948806144
2021-06-15,0.00744153154253091
2021-06-16,-0.007439906194526835
2021-06-17,-0.009430029310307564
2021-06-18,-0.004095428457771555
2021-06-21,0.016612598244116095
2021-06-22,-0.0019289338595267491
2021-06-23,-0.006146707588753797
2021-06-24,-0.0016203070506496386
2021-06-25,0.009819313457940071
2021-06-28,-0.00830386968775143
2021-06-29,-0.026741784867157392
2021-06-30,0.008659261596067669
2021-07-01,0.011529123602660896
2021-07-02,0.004297816901851492
2021-07-06,-0.004198242980118061
2021-07-07,0.009819299405823045
2021-07-08,-0.0035554227194644072
2021-07-09,0.005081761272144325
2021-07-12,-0.004007353005602399
2021-07-13,-0.007938923669013609
2021-07-14,-0.009390584763377618
2021-07-15,0.0004947569371152039
2021-07-16,-0.0035977624460382662
2021-07-19,-0.02152650331011885
2021-07-20,0.014000164636561951
2021-07-21,0.00413909135296997
2021-07-22,-0.006086334777795299
2021-07-23,0.005706012364915969
2021-07-26,-0.008441344029176956
2021-07-27,0.010997475992098105
2021-07-28,-0.005770241109406049
2021-07-29,0.01541183802787538
2021-07-30,-0.007219659198015815
2021-08-02,-0.0032504991517471327
2021-08-03,0.007185583023699982
2021-08-04,-0.019728883728697078
2021-08-05,0.004114703949873233
2021-08-06,0.00945007663304298
2021-08-09,-0.0030928558511629234
2021-08-10,0.004681608646757374
2021-08-11,0.009429714956288304
2021-08-12,-0.0061184732044048395
2021-08-13,-0.0020613880520254924
2021-08-16,0.015174599272452571
2021-08-17,2.7132614675462463e-05
2021-08-18,-0.01483875135736723
2021-08-19,-0.005699995900316113
2021-08-20,0.0052895875027585415
2021-08-23,-0.00022042147529821587
2021-08-24,-0.0004134711522630896
2021-08-25,-0.000302912522312071
2021-08-26,0.011305213731224395
2021-08-27,-0.0009584548464283138
2021-08-30,0.0076196908431673815
2021-08-31,0.00021777858606464306
2021-09-01,-0.007397301774429654
2021-09-02,0.009096249921119792
2021-09-03,-0.006434890017892214
2021-09-07,-0.019265964364215682
2021-09-08,0.004235398757229447
2021-09-09,-0.010044336466054737
2021-09-10,-0.007511604590792809
2021-09-13,-0.001129643518731016
2021-09-14,-0.005569770152745401
2021-09-15,0.011400682408520657
2021-09-16,-0.01709086137485394
2021-09-17,0.0016586940375149517
2021-09-20,-0.004083138762532523
2021-09-21,-0.010521488630449771
2021-09-22,0.009793018003178888
2021-09-23,0.0068578991726868654
2021-09-24,0.01365020275026696
2021-09-27,0.004244992045712825
2021-09-28,0.003051389962115847
2021-09-29,0.013061931115703196
2021-09-30,-0.007796809477248368
2021-10-01,0.0021381089778058637
2021-10-04,0.01316097900498936
2021-10-05,0.011512972009230849
2021-10-06,0.02011474545183156
2021-10-07,0.014258441374884745
2021-10-08,0.018343146865624327
2021-10-11,0.008826784468108917
2021-10-12,-0.007859202510377084
2021-10-13,-0.0035121935479525135
2021-10-14,0.0031901666821616548
2021-10-15,0.013899389318666966
2021-10-18,-0.0037179949181769256
2021-10-19,0.013734638793296616
2021-10-20,0.003957037047868983
2021-10-21,0.0047146291147099895
2021-10-22,0.008540870981181836
2021-10-25,0.0010092454807955065
2021-10-26,-0.024715864488039085
2021-10-27,-0.021232053453506206
2021-10-28,-0.07602738575458379
2021-10-29,-0.003959374756349332
2021-11-01,-0.006634482417926857
2021-11-02,-0.004649805150456321
2021-11-03,0.002576209654421513
2021-11-04,0.007201355717438185
2021-11-05,0.021617135451010627
2021-11-08,-0.0030189384749953474
2021-11-09,0.0034409919529510002
2021-11-10,-0.00663857566163506
2021-11-11,-0.005965535705375058
2021-11-12,-0.0008056157156258736
2021-11-15,0.0009731285202512208
2021-11-16,-0.014999759860389261
2021-11-17,-0.001805008906576866
2021-11-18,-0.007175904138718714
2021-11-19,0.004865775327864252
2021-11-22,0.02837488651634601
2021-11-23,0.002918940338099363
2021-11-24,-0.007797733652561645
2021-11-26,-0.016175664796878708
2021-11-29,0.006808368221605132
2021-11-30,-0.021296919098025224
2021-12-01,-0.008085010159853745
2021-12-02,0.019047512358739693
2021-12-03,0.014947289291141086
2021-12-06,0.01710267807621424
2021-12-07,-0.0035443169176617717
2021-12-08,0.0039152878614676645
2021-12-09,0.010354688395964429
2021-12-10,0.008698893910475736
2021-12-13,0.016897664374243337
2021-12-14,-0.0029417857173427153
2021-12-15,0.006910946562992848
2021-12-16,-0.0002640501403677886
2021-12-17,-0.0033269553399462026
2021-12-20,-0.01989624980479987
2021-12-21,0.023084102839804777
2021-12-22,0.003487699440198222
2021-12-23,0.003580684322543437
2021-12-27,0.0079753653554
2021-12-28,0.0029150837785008044
2021-12-29,-0.0008824522920038991
2021-12-30,-0.0011944769159240032
2021-12-31,0.006605281671922425
2022-01-03,-0.0039787174247830626
2022-01-04,0.029725427262176085
2022-01-05,-0.005037911867173506
2022-01-06,0.0057724454165217765
2022-01-07,0.007928896031755173
2022-01-10,0.004520472068825665
2022-01-11,-0.004052469149185445
2022-01-12,-0.01265611528145938
2022-01-13,0.005258693351193555
2022-01-14,0.014687996041134355
2022-01-18,-0.0045111782772407905
2022-01-19,4.977859382138128e-05
2022-01-20,-0.010556557287605406
2022-01-21,0.003522722147068391
2022-01-24,0.010656759328622645
2022-01-25,0.0002978523618681894
2022-01-26,0.00012400811532176093
2022-01-27,-0.07251460639273888
2022-01-28,0.01660490983640961
2022-01-31,-0.02709097410122141
2022-02-01,0.001838263543408658
2022-02-02,0.001079424273354057
2022-02-03,0.007628354774042334
2022-02-04,-0.010860904287076756
2022-02-07,0.009222124398356346
2022-02-08,0.016507945410551228
2022-02-09,0.013286684943879967
2022-02-10,-0.00608805265253809
2022-02-11,0.045285780485085025
2022-02-14,-0.021837267844662334
2022-02-15,-0.014925633541893468
2022-02-16,0.023104656715621008
2022-02-17,0.011304119524462086
2022-02-18,-0.01723135290884903
2022-02-22,-0.0013289930073290268
2022-02-23,-0.011900971301377239
2022-02-24,0.02437330443495278
2022-02-25,0.03998273575413891
2022-02-28,0.07925904235148695
2022-03-01,0.031573555492901306
2022-03-02,-0.005941605400774597
2022-03-03,-0.008160808549765863
2022-03-04,0.04198457008888745
2022-03-07,0.02001833379927631
2022-03-08,-0.06013189451669465
2022-03-09,0.001580747946649641
2022-03-10,-0.011802184457342046
2022-03-11,-0.018690504805344288
2022-03-14,0.011734922715027185
2022-03-15,0.014498714862785977
2022-03-16,-0.05223083529854955
2022-03-17,0.010296088335344455
2022-03-18,-0.0019821894787384053
2022-03-21,0.04357984147522864
2022-03-22,-0.0006717084055104516
2022-03-23,0.0013892986521411022
2022-03-24,0.017117125612229556
2022-03-25,0.007941396690506863
2022-03-28,-0.024837328121504743
2022-03-29,-0.0010966446245729289
2022-03-30,0.015728765737379247
2022-03-31,-0.013477852334610074
2022-04-01,0.01692681910992011
2022-04-04,-0.005497097070417123
2022-04-05,0.00380286904441407
2022-04-06,0.01640929958092796
2022-04-07,0.020175213617714904
2022-04-08,-0.015103012983267883
2022-04-11,-0.0032781926090800217
2022-04-12,0.0024669397083527667
2022-04-13,0.0026764093159847846
2022-04-14,0.00576949952886352
2022-04-18,-0.003467566966651181
2022-04-19,-0.002513041281591577
2022-04-20,-0.0021749590298898447
2022-04-21,-0.04305118816478137
2022-04-22,0.008907479690190456
2022-04-25,-0.007554837247933266
2022-04-26,-0.0034007343551765157
2022-04-27,-0.006191979498923139
2022-04-28,0.012279116285187408
2022-04-29,-0.01296135440950541
2022-05-02,-0.0017751323332381164
2022-05-03,0.028794919107138384
2022-05-04,0.025085875105519184
2022-05-05,0.008842029919038596
2022-05-06,0.0043713403699705555
2022-05-09,-0.03140590801818155
2022-05-10,-0.008833099960884105
2022-05-11,-0.007756053576724153
2022-05-12,0.009631032463799816
2022-05-13,0.004547527701974197
2022-05-16,0.011593706839736484
2022-05-17,0.0026195688768726466
2022-05-18,-0.009601890973572447
2022-05-19,-0.014003877341794535
2022-05-20,-0.011527463719127828
2022-05-23,0.030315951162423582
2022-05-24,0.03137264375386839
2022-05-25,-0.007387005805002733
2022-05-26,-0.0004062351209077608
2022-05-27,0.010865372994874223
2022-05-31,-0.00592658466984286
2022-06-01,-0.007949338794755345
2022-06-02,-0.0029725704999112867
2022-06-03,0.03348674772861093
2022-06-06,0.0010242327148921593
2022-06-07,0.02756554854602289
2022-06-08,-0.03985278703362827
2022-06-09,-0.02017134428728684
2022-06-10,0.0019440187946280219
2022-06-13,-0.006769788093083706
2022-06-14,-0.013501898578386462
2022-06-15,0.008779688839759325
2022-06-16,-0.02056934768699359
2022-06-17,-0.011335879399165805
2022-06-21,0.04469178877112823
2022-06-22,-0.011126074851243506
2022-06-23,-0.005167938250032256
2022-06-24,0.01635120388308864
2022-06-27,0.006728477839223146
2022-06-28,-0.004605712506100312
2022-06-29,-0.00615504038730097
2022-06-30,0.036292116139491126
2022-07-01,0.01629863298266443
2022-07-05,-0.04525367278634629
2022-07-06,0.037707784582241555
2022-07-07,-0.0051673748147595955
2022-07-08,0.0021902366885071523
2022-07-11,-0.010240773763658617
2022-07-12,-0.013942829257179379
2022-07-13,-0.007848534454449663
2022-07-14,-0.013349078605330855
2022-07-15,0.004815072717339275
2022-07-18,-0.025889164064268333
2022-07-19,0.018096498870377786
2022-07-20,-0.002885905814528411
2022-07-21,-0.004977458179990513
2022-07-22,-0.004296997081305043
2022-07-25,0.003253183012912997
2022-07-26,-0.019125482156497675
2022-07-27,0.0026088350509563263
2022-07-28,0.019402872941999494
2022-07-29,0.05377811542134814
2022-08-01,-0.006828000940980905
2022-08-02,0.011395209864909495
2022-08-03,0.001455133225641836
2022-08-04,-0.0077009335845955595
2022-08-05,-0.0009413327125722404
2022-08-08,-0.015787816428767365
2022-08-09,0.007829068174581177
2022-08-10,-0.0012453529297186128
2022-08-11,-0.005981381292769039
2022-08-12,0.019710377185419237
2022-08-15,0.01520089024505733
2022-08-16,-0.0028138596676361427
2022-08-17,0.014438684377425792
2022-08-18,0.0007511147794099227
2022-08-19,-0.004321423380815537
2022-08-22,-0.013367268433434054
2022-08-23,-0.002705583790618693
2022-08-24,0.01244614292295787
2022-08-25,0.011434061861152589
2022-08-26,-0.015464263998143157
2022-08-29,0.0014017034933959671
2022-08-30,-0.010045056541245434
2022-08-31,-0.00611328000221012
2022-09-01,0.004874640689608745
2022-09-02,-0.007016130437228485
2022-09-06,0.0058496269401322465
2022-09-07,0.01675910185828622
2022-09-08,0.003997814088287477
2022-09-09,0.003430484637394926
2022-09-12,-0.018538602910710522
2022-09-13,-0.027721305300498655
2022-09-14,0.03401360358884653
2022-09-15,0.00041240853699497926
2022-09-16,0.00024750113726090817
2022-09-19,0.005915057616172392
2022-09-20,0.012149847000545222
2022-09-21,-0.0022875014530848725
2022-09-22,0.007283896479930663
2022-09-23,-0.03553145125782642
2022-09-26,-0.009293807132440546
2022-09-27,-0.00048470019821600374
2022-09-28,0.020141686775750456
2022-09-29,-0.02731095350128665
2022-09-30,-0.000340038497870232
2022-10-03,0.03272236873879342
2022-10-04,0.009408822665869288
2022-10-05,-0.011890985510682905
2022-10-06,0.0016100251541295574
2022-10-07,0.022381164609632798
2022-10-10,0.015601833905648288
2022-10-11,0.006907188896465577
2022-10-12,-0.02942974266469378
2022-10-13,0.018400503049615047
2022-10-14,-0.07428604804280448
2022-10-17,0.023481625213374047
2022-10-18,0.06674537578866269
2022-10-19,0.008109725179107352
2022-10-20,0.0029946464693064723
2022-10-21,0.01994371885605295
2022-10-24,0.006313874795318419
2022-10-25,0.0015020258676363696
2022-10-26,0.008049237428856992
2022-10-27,0.008512595843694681
2022-10-28,0.023528920597109648
2022-10-31,0.0016419526895263825
2022-11-01,-0.023915829312068815
2022-11-02,-0.010412762826766286
2022-11-03,-0.009032535811568598
2022-11-04,-0.005214034315748406
2022-11-07,0.022954713744235633
2022-11-08,0.011518789268735619
2022-11-09,-0.0144010562770297
2022-11-10,-0.002907222815333954
2022-11-11,-0.07315792553656164
2022-11-14,-0.022244801133330494
2022-11-15,0.039398845101786595
2022-11-16,0.008807337600341247
2022-11-17,0.027161266936076123
2022-11-18,0.0030260735146454554
2022-11-21,0.01431531008107556
2022-11-22,-0.006099992612340066
2022-11-23,-0.004403063954917852
2022-11-25,0.013868304063459291
2022-11-28,-0.005588670992483502
2022-11-29,0.006610888182082109
2022-11-30,0.009349808044073926
2022-12-01,-0.00560666360090023
2022-12-02,0.028851688568281908
2022-12-05,-0.0076429514782619945
2022-12-06,-0.01776786793580798
2022-12-07,0.0157954040200039
2022-12-08,0.0006291052268649899
2022-12-09,-0.021478009588470792
2022-12-12,0.011797115279064352
2022-12-13,-0.017919217554861366
2022-12-14,0.011777340705128703
2022-12-15,-0.006186894324392123
2022-12-16,0.002611258262429139
2022-12-19,0.005001348728260302
2022-12-20,-0.005539688146480537
2022-12-21,0.017410191749307247
2022-12-22,-0.013771392102411961
2022-12-23,0.0063984677129769185
2022-12-27,0.01200506689588332
2022-12-28,-0.0014414517429531815
2022-12-29,0.0029424360038430297
2022-12-30,0.0066606125254473625
2023-01-03,-0.00967749388439798
2023-01-04,-0.02568791211070076
2023-01-05,0.0039320048030357935
2023-01-06,-0.013433796900915063
2023-01-09,-0.04988296298729278
2023-01-10,0.0007670220979085762
2023-01-11,-0.005768449671204379
2023-01-12,-0.010042118505277364
2023-01-13,-0.054408009613435726
2023-01-17,-0.012699531394162689
2023-01-18,-0.02087510989603003
2023-01-19,-0.008406848026102365
2023-01-20,0.019104257276729264
2023-01-23,0.0002439239352798328
2023-01-24,0.018719526651616913
2023-01-25,0.008665135186421757
2023-01-26,-0.04278101432007064
2023-01-27,-0.013123688908821873
2023-01-30,0.00372431067193979
2023-01-31,0.019941854495073352
2023-02-01,-0.012164160859618578
2023-02-02,-0.003908871866796115
2023-02-03,-0.0004989474807592931
2023-02-06,0.01888162200302368
2023-02-07,0.007105345462334656
2023-02-08,0.008647534064432527
2023-02-09,-0.004845795729160884
2023-02-10,0.022055629069954952
2023-02-13,0.0009055925901169104
2023-02-14,0.0069568669449915355
2023-02-15,-0.014053267884737708
2023-02-16,0.009567509377108152
2023-02-17,0.011346459320910274
2023-02-21,0.007054216590801632
2023-02-22,0.01008540672046565
2023-02-23,-0.005159388060176906
2023-02-24,-0.007628595231080282
2023-02-27,-0.001783650988494312
2023-02-28,-0.012679114796553703
2023-03-01,-0.00336124323355369
2023-03-02,0.012366238358330728
2023-03-03,-0.0019007250146303445
2023-03-06,0.0060765709146812785
2023-03-07,0.004210836311739907
2023-03-08,-0.014718411407823373
2023-03-09,-0.01334760506506949
2023-03-10,0.0016120548064086915
2023-03-13,-0.004437035894461427
2023-03-14,-0.00891327539294351
2023-03-15,-0.010492400691341386
2023-03-16,0.00278461293449217
2023-03-17,-0.01455080818838339
2023-03-20,0.012759230066111682
2023-03-21,0.0016026705669385244
2023-03-22,-0.014178430335435088
2023-03-23,0.001893603561038626
2023-03-24,0.02432275545662188
2023-03-27,0.006589895215322272
2023-03-28,0.0016364978613538916
2023-03-29,0.005599116059971321
2023-03-30,-0.0012781910144153974
2023-03-31,0.0016054083401833008
2023-04-03,0.016178516252636888
2023-04-04,-0.0023231499875007167
2023-04-05,0.0060029894677500195
2023-04-06,-0.0011041232027183545
2023-04-10,0.01307411216827381
2023-04-11,-0.017354228870291255
2023-04-12,0.00960983050480091
2023-04-13,0.0029402139501095714
2023-04-14,-0.003353279538158449
2023-04-17,0.0046976344170315265
2023-04-18,0.009856904141687384
2023-04-19,-0.0050055705651891325
2023-04-20,-0.0060577255047755685
2023-04-21,-0.004618408094675508
2023-04-24,-0.002267099796944172
2023-04-25,-0.01157301047524173
2023-04-26,-0.03519027313504408
2023-04-27,0.019127666372580787
2023-04-28,0.007843752804495896
2023-05-01,0.0031435439664335707
2023-05-02,-0.030061299524698937
2023-05-03,-0.011363507069851564
2023-05-04,-0.00333550162621965
2023-05-05,0.010356643317522618
2023-05-08,-0.010228051075161004
2023-05-09,0.00015821384458636345
2023-05-10,0.0016278532787967759
2023-05-11,-0.01620647275237419
2023-05-12,0.00667647235186819
2023-05-15,0.0013903272318356308
2023-05-16,-0.008512223675051112
2023-05-17,0.02688064944756907
2023-05-18,-0.008360566249920542
2023-05-19,-0.0006537951579118628
2023-05-22,-0.0005413222170772558
2023-05-23,-9.026923425492495e-05
2023-05-24,-0.0035889018525907534
2023-05-25,-0.01796387695843582
2023-05-26,0.01547588362259611
2023-05-30,-0.0003651445728982683
2023-05-31,-0.006093611772963192
2023-06-01,0.006934680297880691
2023-06-02,0.012131908734100083
2023-06-05,0.0038754350569869533
2023-06-06,0.005723268830965633
2023-06-07,0.011716232941063165
2023-06-08,0.004676232431649163
2023-06-09,-0.002656545621216977
2023-06-12,-0.001650981026023346
2023-06-13,-0.005204023529383872
2023-06-14,-0.007203779725102666
2023-06-15,0.011096269956589522
2023-06-16,0.012100562336821996
2023-06-20,-0.008748778049735728
2023-06-21,0.017894087924359647
2023-06-22,-0.009535757091708508
2023-06-23,-0.008754317022005798
2023-06-26,-0.013280520345505975
2023-06-27,0.0009375760181291604
2023-06-28,-0.01288918979901521
2023-06-29,0.019337713249451882
2023-06-30,0.010150117795370006
2023-07-03,0.005177740331022029
2023-07-05,0.001942559062046323
2023-07-06,-0.006687603868201997
2023-07-07,-0.007741657645156219
2023-07-10,0.0003095584098677939
2023-07-11,0.018029354639619077
2023-07-12,-0.01606060009956356
2023-07-13,0.00811738611919166
2023-07-14,-0.013981589686155704
2023-07-17,0.007988480083601868
2023-07-18,-0.025449089723392104
2023-07-19,-0.000903585320398248
2023-07-20,0.027312941981571193
2023-07-21,-0.002068624364797378
2023-07-24,-0.002668765070875101
2023-07-25,0.011012650095046705
2023-07-26,-6.555246811945636e-05
2023-07-27,-0.025920965481910585
2023-07-28,0.009813363410173581
2023-07-31,-0.010407434489760226
2023-08-01,0.007078725324152879
2023-08-02,-0.001517331666701982
2023-08-03,-0.010861187413319762
2023-08-04,-0.009195324387141879
2023-08-07,-0.004287072243346013
2023-08-08,-0.008610699111324394
2023-08-09,0.006121401312200847
2023-08-10,-0.012122635900380763
2023-08-11,0.0018129068397818582
2023-08-14,-0.0037118582823878477
2023-08-15,-0.014623382292424436
2023-08-16,0.009735959151942586
2023-08-17,0.0044000938347690255
2023-08-18,0.0023299263412732696
2023-08-21,0.008182808137482178
2023-08-22,0.009315345481744952
2023-08-23,-0.007333225114081077
2023-08-24,-0.005385233604566997
2023-08-25,-0.001743002014613082
2023-08-28,0.003701516643136449
2023-08-29,-0.0025281284833329476
2023-08-30,0.01102166774304325
2023-08-31,-0.003932801183239354
2023-09-01,0.005841758558022825
2023-09-05,-0.010421988580529229
2023-09-06,-0.017258911833162083
2023-09-07,0.017349512198054695
2023-09-08,-0.019188226664548003
2023-09-11,0.005393633325766034
2023-09-12,-0.0021648195660624037
2023-09-13,0.005258444541427654
2023-09-14,0.014097790806442134
2023-09-15,0.0027062463683544813
2023-09-18,0.01621730112872055
2023-09-19,-0.010328761148959864
2023-09-20,0.009656681148202395
2023-09-21,-0.006974475569583971
2023-09-22,-0.027933425061183237
2023-09-25,0.0015767829350747942
2023-09-26,0.002373309697520254
2023-09-27,0.02498941317086323
2023-09-28,0.005168854893145447
2023-09-29,0.001569905323469234
2023-10-02,0.004611685837617063
2023-10-03,-0.01788701315627894
2023-10-04,-0.02767607234752989
2023-10-05,-0.005257055274657696
2023-10-06,0.007546250378948072
2023-10-09,0.11428516876058636
2023-10-10,-0.013761412838384723
2023-10-11,0.01773742129223388
2023-10-12,0.008323196230638485
2023-10-13,0.02690086664232716
2023-10-16,-0.002203478272695736
2023-10-17,-0.00014311675897249465
2023-10-18,0.0035992651002076936
2023-10-19,-0.0016709934376345492
2023-10-20,-0.008654035111859693
2023-10-23,-0.010500331465387758
2023-10-24,-0.0044943964309673845
2023-10-25,0.010074415379090818
2023-10-26,-0.011339608448482585
2023-10-27,-0.009858119448757141
2023-10-30,-0.009279893800500538
2023-10-31,0.005867586358844656
2023-11-01,-0.006724190082730064
2023-11-02,0.016038092063475284
2023-11-03,-0.010908705901666926
2023-11-06,0.0008926410535234908
2023-11-07,-0.007006313680143261
2023-11-08,-0.015437357508309879
2023-11-09,0.0013247297824383608
2023-11-10,0.004727938605129323
2023-11-13,0.002395945056432369
2023-11-14,0.005275814255261579
2023-11-15,-0.003941550440166086
2023-11-16,-0.002386947620233948
2023-11-17,0.0006251090483821997
2023-11-20,0.0035547717331867457
2023-11-21,0.01127044415056977
2023-11-22,0.000806606268206389
2023-11-24,0.004131359118639821
2023-11-27,-0.006638054842296848
2023-11-28,0.0036080002268079614
2023-11-29,-0.005679731980131053
2023-11-30,0.0165806468818257
2023-12-01,0.009849430548796834
2023-12-04,0.0010210190374393413
2023-12-05,-0.00774467057943895
2023-12-06,0.007721335375323379
2023-12-07,-0.005850670634148458
2023-12-08,-0.002576150753915152
2023-12-11,0.0052704336000926055
2023-12-12,0.00102351862099348
2023-12-13,0.012018785098465656
2023-12-14,-0.04401970497045016
2023-12-15,-0.005629223462750965
2023-12-18,0.009478559017741528
2023-12-19,-0.0027073025839962073
2023-12-20,-0.015081122426809257
2023-12-21,0.004506190359824469
2023-12-22,0.008514324043134236
2023-12-26,0.0029581887369587445
2023-12-27,-0.0006028519258526321
2023-12-28,0.0031451407784119922
2023-12-29,0.005282520878550967
2024-01-02,0.004165408643500568
2024-01-03,0.010189508020004512
2024-01-04,-0.006633230879461549
2024-01-05,-0.0039004067117429653
2024-01-08,0.01142810791060156
2024-01-09,-0.006375335837935814
2024-01-10,-0.0005931163485627389
2024-01-11,-0.00976790629637192
2024-01-12,0.029400375958745117
2024-01-16,-0.006610111429545706
2024-01-17,-0.008411744316788816
2024-01-18,0.0015826135369567673
2024-01-19,-0.008743607722374147
2024-01-22,-0.008204374512551738
2024-01-23,0.002785984780984352
2024-01-24,-0.008548383242743207
2024-01-25,-0.06330844312629214
2024-01-26,0.007847199043855335
2024-01-29,0.0007991409467233979
2024-01-30,0.01184099311315423
2024-01-31,0.007350648681152094
2024-02-01,-0.001208714211154871
2024-02-02,0.0008067378543454851
2024-02-05,-0.009628727742912124
2024-02-06,0.013317375860032676
2024-02-07,0.01278539514799859
2024-02-08,-0.005904412290832051
2024-02-09,0.008199956271712328
2024-02-12,-0.00758380832104677
2024-02-13,-0.011739262029599296
2024-02-14,0.000448128683689486
2024-02-15,0.00813223585371392
2024-02-16,0.002133322940007343
2024-02-20,0.006541565446177788
2024-02-21,0.013416855734456723
2024-02-22,-0.006413145228568395
2024-02-23,0.013005972057306359
2024-02-26,-0.003816994762125603
2024-02-27,-0.0021334763482495633
2024-02-28,0.0012871506098910412
2024-02-29,0.004510347681978555
2024-03-01,-0.013274962854852745
2024-03-04,0.011387092439002933
2024-03-05,-0.003955826804072249
2024-03-06,0.006131958639108204
2024-03-07,-0.010128645836927186
2024-03-08,0.006792250436377101
2024-03-11,-0.0005440612204973272
2024-03-12,-0.0008927053597570511
2024-03-13,-0.001329445988036304
2024-03-14,0.005739400270177608
2024-03-15,0.0019311829121377855
2024-03-18,0.0013861180413259344
2024-03-19,0.011007960225718927
2024-03-20,0.006994963383497144
2024-03-21,-0.006925171139877007
2024-03-22,0.00269529657836709
2024-03-25,0.0012159678389349615
2024-03-26,0.0012571584125935509
2024-03-27,0.01585411961118166
2024-03-28,0.002723269303159137
2024-04-01,-0.01527172058370363
2024-04-02,-0.010586686515283938
2024-04-03,-0.02004884651163852
2024-04-04,0.005404734708675418
2024-04-05,-0.010838387586366238
2024-04-08,0.004092373219606316
2024-04-09,-0.0037251399892065384
2024-04-10,0.007148225326507385
2024-04-11,-0.0001747177371947961
2024-04-12,-0.0037568493316338936
2024-04-15,-0.010567585711742766
2024-04-16,-0.002082857877848676
2024-04-17,0.0037747137053392166
2024-04-18,0.0009955187167938195
2024-04-19,0.02227618711172763
2024-04-22,0.01815914507249361
2024-04-23,0.00785590377231471
2024-04-24,-0.00023175775079198324
2024-04-25,0.02842572601290172
2024-04-26,-0.015592384853093555
2024-04-29,0.012009635494351523
2024-04-30,-0.00244751644726815
2024-05-01,0.002762775925509331
2024-05-02,-0.0233772736740685
2024-05-03,-0.012442135709752944
2024-05-06,-0.000490250250378077
2024-05-07,0.010429497032474533
2024-05-08,-0.00451712000927007
2024-05-09,0.0038591139672743413
2024-05-10,0.0028937171972198694
2024-05-13,0.003896382963362477
2024-05-14,-0.005412640728560736
2024-05-15,-0.009323622380825625
2024-05-16,0.002214420571351461
2024-05-17,-0.0009984390898810647
2024-05-20,-0.0027221009363013193
2024-05-21,0.00631196975533066
2024-05-22,0.005912283860481038
2024-05-23,-0.015757618686943475
2024-05-24,0.0027517218289490053
2024-05-28,-0.02343330512909847
2024-05-29,-0.019999890920717744
2024-05-30,0.0002911331283970142
2024-05-31,0.009518012731298375
2024-06-03,-0.003194494427907757
2024-06-04,-0.0020919806647633488
2024-06-05,-0.013425816303329952
2024-06-06,0.005447929480733915
2024-06-07,-0.010656970387529996
2024-06-10,-0.009703691785259094
2024-06-11,-0.013654008889839031
2024-06-12,-0.006211857726928227
2024-06-13,-0.008732204119287879
2024-06-14,0.0015822311351170182
2024-06-17,0.01341702820949342
2024-06-18,-0.009190834988742402
2024-06-20,0.020313383527864826
2024-06-21,-0.005500904667067208
2024-06-24,-0.003286242927275862
2024-06-25,-0.005085140263172083
2024-06-26,0.007024797581119735
2024-06-27,0.007926060570207394
2024-06-28,0.0023913291523094404
2024-07-01,-0.002179123340218858
2024-07-02,0.005448140969487536
2024-07-03,-0.0006401409105208922
2024-07-05,-0.005399355740444145
2024-07-08,-0.01030530984039657
2024-07-09,-0.015153968024954279
2024-07-10,0.005923640160387933
2024-07-11,0.013560410159241032
2024-07-12,0.0005091964443080244
2024-07-15,-0.0007402724294499619
2024-07-16,0.007501386163215162
2024-07-17,0.01151304709720069
2024-07-18,-0.0012722787228703902
2024-07-19,-0.003798740835768144
2024-07-22,0.0003653186653729268
2024-07-23,0.009586892684585235
2024-07-24,-0.0004070726164048244
2024-07-25,0.064349144479795
2024-07-26,0.020676907937513977
2024-07-29,-0.0062668218630929085
2024-07-30,0.01977830337861808
2024-07-31,-0.004951347825437824
2024-08-01,0.018665251972790786
2024-08-02,0.002412097725646545
2024-08-05,-0.0038823318580275545
2024-08-06,-0.012382635326513736
2024-08-07,0.006618489568706476
2024-08-08,0.0032056600503944654
2024-08-09,0.006146675292781012
2024-08-12,0.01480767448909237
2024-08-13,0.00143518622260852
2024-08-14,0.0052151446514974165
2024-08-15,-0.0025742435565354604
2024-08-16,0.005876554139573775
2024-08-19,-0.0035330365641458306
2024-08-20,0.00627885260153338
2024-08-21,-0.0023226562498089853
2024-08-22,0.00546502792003678
2024-08-23,-0.000568996456720483
2024-08-26,0.005222469048309364
2024-08-27,0.0008593694039624733
2024-08-28,0.002185635056454416
2024-08-29,0.011274280354823585
2024-08-30,0.0074323920317429515
2024-09-03,0.002954893391534652
2024-09-04,0.0018940200898922566
2024-09-05,-0.008191865380573926
2024-09-06,-0.00845229940729264
2024-09-09,0.01788348267517148
2024-09-10,-0.008088465675650691
2024-09-11,-0.007769544172068543
2024-09-12,0.005058723373641438
2024-09-13,0.0023914538764238102
2024-09-16,0.0028665162692800283
2024-09-17,-0.0009974757514297217
2024-09-18,0.001689739619250341
2024-09-19,0.0012078857327051384
2024-09-20,0.00549532033667699
2024-09-23,0.015253396086805981
2024-09-24,-0.006152365914347313
2024-09-25,-0.003302811890916746
2024-09-26,-0.007195405042874747
2024-09-27,0.004730036100904167
2024-09-30,0.002429804474194164
2024-10-01,0.02993923167839152
2024-10-02,-0.009211582029441612
2024-10-03,-0.0023938176776984177
2024-10-04,-0.001562615075857976
2024-10-07,-0.0051609313188589745
2024-10-08,-0.0024717423715727715
2024-10-09,-0.0007887131444138662
2024-10-10,-0.009657419470846307
2024-10-11,0.00305445198847476
2024-10-14,0.010157054891693829
2024-10-15,-0.013369116204096754
2024-10-16,0.008540153089490854
2024-10-17,-0.006510792262993559
2024-10-18,0.005341214998989319
2024-10-21,-0.0021476289486442868
2024-10-22,-0.017842065385594297
2024-10-23,-0.007304933990757934
2024-10-24,0.014097554646891997
2024-10-25,-0.008268295699571881
2024-10-28,-0.013863520659459838
2024-10-29,-0.01581572988459201
2024-10-30,0.002559306462681432
2024-10-31,0.007282252693446178
2024-11-01,-0.004066660342924688
2024-11-04,0.0009665898658282046
2024-11-05,0.010759858632086283
2024-11-06,0.019965094554678098
2024-11-07,-0.004893632117306201
2024-11-08,0.016154974434698932
2024-11-11,0.008903805292979294
2024-11-12,-0.004328287277448051
2024-11-13,-0.020643994272781407
2024-11-14,-0.03858423090318841
2024-11-15,-0.012691366737558218
2024-11-18,-0.010749262519141434
2024-11-19,0.004788431000818383
2024-11-20,0.00195514031125521
2024-11-21,0.009004500993077924
2024-11-22,0.0009266100074754036
2024-11-25,-0.02334618674882627
2024-11-26,0.006511897632099917
2024-11-27,0.001330708941157166
2024-11-29,0.001165455464903431
2024-12-02,-0.005824473515047668
2024-12-03,0.000948845757379857
2024-12-04,0.0029059857924222943
2024-12-05,-0.014487637653033958
2024-12-06,-0.01234446505187925
2024-12-09,0.011654220389784031
2024-12-10,0.0021078098691347247
2024-12-11,-0.009496464235321578
2024-12-12,0.012383844990658366
2024-12-13,-0.00313595507723885
2024-12-16,0.005416696371558505
2024-12-17,-0.004786553917325631
2024-12-18,-0.02629666685029286
2024-12-19,-0.0011332248539143164
2024-12-20,0.00515910181265844
2024-12-23,-0.004983582339707637
2024-12-24,0.008326189040236853
2024-12-26,0.002419942544344744
2024-12-27,-0.001863472738313554
2024-12-30,-0.010247258384292746
2024-12-31,0.005937658579316718
