Date,REGN
2015-01-05,0.005631917396853758
2015-01-06,-0.03777236407633522
2015-01-07,0.02728714367874452
2015-01-08,-0.010963467118605408
2015-01-09,0.019318037802974475
2015-01-12,0.005571244243803175
2015-01-13,-0.01654857555098188
2015-01-14,-0.005362886575430714
2015-01-15,-0.017783425544332765
2015-01-16,0.029134798638448034
2015-01-20,0.03038965747530309
2015-01-21,-0.007124029459718129
2015-01-22,0.006457726014738263
2015-01-23,-0.0014258506052974296
2015-01-26,0.00847199097140483
2015-01-27,-0.01894898083567831
2015-01-28,-0.018617393625251277
2015-01-29,0.016274530584649227
2015-01-30,0.0048717038283936365
2015-02-02,-0.008568189820438166
2015-02-03,-0.009416750414739994
2015-02-04,-0.01915941447398284
2015-02-05,0.031169053370326605
2015-02-06,-0.01693772553373718
2015-02-09,-0.017548992736947322
2015-02-10,0.002476741930243387
2015-02-11,-0.004292412199566109
2015-02-12,0.006892434865516384
2015-02-13,0.0016428336324538773
2015-02-17,0.004423440171918314
2015-02-18,0.004008052902633841
2015-02-19,0.05125689288348023
2015-02-20,-0.0066104775121672565
2015-02-23,0.0031384715725764067
2015-02-24,-0.010514912460792836
2015-02-25,0.005705561842445528
2015-02-26,-0.007493366047546024
2015-02-27,-0.014361562910862546
2015-03-02,0.011115386028896612
2015-03-03,-0.014171642906601889
2015-03-04,0.001284805056667393
2015-03-05,0.03851921715528084
2015-03-06,-0.01589923897163792
2015-03-09,0.01122875696169956
2015-03-10,-0.009440812633516482
2015-03-11,0.004044023829040233
2015-03-12,0.0014368603182053352
2015-03-13,0.009925691908538425
2015-03-16,0.0521448794816215
2015-03-17,0.035482723794079574
2015-03-18,0.00921328948320399
2015-03-19,0.029463513551879705
2015-03-20,0.005863933644129515
2015-03-23,-0.021580353764839022
2015-03-24,-0.009575261207610875
2015-03-25,-0.04168947460964023
2015-03-26,-0.012357119000009131
2015-03-27,0.01364911428893767
2015-03-30,0.011617223269593246
2015-03-31,-0.018052134577972723
2015-04-01,-0.022813857279794902
2015-04-02,-0.0065959460721131125
2015-04-06,0.004472182728768148
2015-04-07,0.0032255662936178098
2015-04-08,0.026129266212461255
2015-04-09,0.004082194080393231
2015-04-10,0.013954803365540558
2015-04-13,-0.009558039815217079
2015-04-14,-0.004179657433495465
2015-04-15,-0.0025929639684997285
2015-04-16,0.007777202747452305
2015-04-17,-0.021643199963605753
2015-04-20,0.010949328873057995
2015-04-21,0.023871566295311064
2015-04-22,0.020314330165588146
2015-04-23,0.015762817535648788
2015-04-24,2.0844096674466073e-05
2015-04-27,-0.013768226890211066
2015-04-28,-0.01507986279670348
2015-04-29,0.007205111338715708
2015-04-30,-0.026059271982738386
2015-05-01,0.02994803704342419
2015-05-04,0.006388501839811989
2015-05-05,-0.01828462001794029
2015-05-06,0.009688553790548005
2015-05-07,-0.0029574514520375184
2015-05-08,0.027036827658687868
2015-05-11,-0.007749960498962483
2015-05-12,0.0038529246137335438
2015-05-13,-0.00404674551208295
2015-05-14,0.02925899291641998
2015-05-15,-0.0049244068060682045
2015-05-18,0.015807486332509058
2015-05-19,0.014917165805031107
2015-05-20,0.01709817738332453
2015-05-21,0.0062991279191035865
2015-05-22,-0.0041086065099807945
2015-05-26,-0.014108287082251536
2015-05-27,0.01725119791092844
2015-05-28,-0.0063061238910308015
2015-05-29,0.0008591632044385733
2015-06-01,0.0024387934372764875
2015-06-02,-0.009556099499979598
2015-06-03,0.010453847960626428
2015-06-04,0.00855678367198287
2015-06-05,0.04006787160239278
2015-06-08,-0.024675576364821317
2015-06-09,0.0
2015-06-10,-0.026174256005736862
2015-06-11,-0.021900407038254355
2015-06-12,-0.017581304909134676
2015-06-15,0.013752005515049737
2015-06-16,0.005410250613237633
2015-06-17,0.022181890747866584
2015-06-18,0.02940206025638359
2015-06-19,-0.010777130476565255
2015-06-22,-0.003006053708425216
2015-06-23,0.0006529306359639442
2015-06-24,-0.008559497730035726
2015-06-25,0.005129684567702242
2015-06-26,0.0026769916276676575
2015-06-29,-0.030078982066394477
2015-06-30,0.010218381730394466
2015-07-01,-0.007096220789869934
2015-07-02,0.009022469535511002
2015-07-06,0.002269757645425363
2015-07-07,0.010483362346747516
2015-07-08,-0.01605453330344142
2015-07-09,-0.0005301411660834088
2015-07-10,0.03335763308623574
2015-07-13,0.019391251805974452
2015-07-14,0.012476476841181139
2015-07-15,0.000884068437404073
2015-07-16,0.01499876776768616
2015-07-17,0.0008157483034187951
2015-07-20,0.01664916785761683
2015-07-21,-0.00208488228038739
2015-07-22,-0.006196346194053182
2015-07-23,0.00014362614444518584
2015-07-24,-0.026517649734043913
2015-07-27,-0.003358786662038593
2015-07-28,0.022998798317349634
2015-07-29,-0.011186642722062712
2015-07-30,0.0015193691273738263
2015-07-31,0.011990523299312938
2015-08-03,0.0011017935899644282
2015-08-04,0.0481172633861322
2015-08-05,0.019726751765350548
2015-08-06,-0.01676246388361924
2015-08-07,-0.005888694614201273
2015-08-10,0.0033850066981382376
2015-08-11,-0.024113694677780573
2015-08-12,0.02162305408435161
2015-08-13,-0.00889080721492519
2015-08-14,0.0038320384856278533
2015-08-17,0.0007982098688730233
2015-08-18,-0.012292772623924697
2015-08-19,-0.0013341578797182452
2015-08-20,-0.03912740661274283
2015-08-21,-0.035616927000061804
2015-08-24,-0.04286964647500724
2015-08-25,-0.011019075236567977
2015-08-26,0.07304310285089488
2015-08-27,0.0047249071460533365
2015-08-28,-0.0024163017091693995
2015-08-31,-0.043227244720724145
2015-09-01,-0.03326183544177819
2015-09-02,0.04504264587840767
2015-09-03,-0.019796580143464193
2015-09-04,-0.016754847859308697
2015-09-08,0.08554171531451948
2015-09-09,-0.028391872590934675
2015-09-10,0.0073384294971672315
2015-09-11,0.0039156565775853025
2015-09-14,-0.0035626322875271788
2015-09-15,0.018912271156393823
2015-09-16,-0.0008496989203725658
2015-09-17,0.018447709767436704
2015-09-18,-0.001107283901904954
2015-09-21,-0.03812042383210412
2015-09-22,0.0015111940039669314
2015-09-23,0.011920430110257785
2015-09-24,-0.027026903697376037
2015-09-25,-0.06001919128344291
2015-09-28,-0.07477526438896664
2015-09-29,-0.004757934423902266
2015-09-30,0.029480795899603285
2015-10-01,0.016833630576198466
2015-10-02,0.01289723735629611
2015-10-05,-0.012378175461063567
2015-10-06,-0.028152371695362444
2015-10-07,0.056413395957871426
2015-10-08,0.011219513270698478
2015-10-09,0.025874931580020855
2015-10-12,0.04546359941244682
2015-10-13,-0.03566624367767379
2015-10-14,0.0024407340441379155
2015-10-15,0.01977306566732051
2015-10-16,-0.009165202024046915
2015-10-19,0.017431190696450827
2015-10-20,-0.016979879266245557
2015-10-21,0.0075000820538873025
2015-10-22,0.012689654618877722
2015-10-23,0.022071553667581734
2015-10-26,0.017085881451509133
2015-10-27,0.04015593886227875
2015-10-28,0.005900166712909938
2015-10-29,-0.019469742155875824
2015-10-30,-0.0046963549479102085
2015-11-02,0.038769957910874675
2015-11-03,-0.0017271332431659792
2015-11-04,-0.024221381839559908
2015-11-05,0.00028366476207586366
2015-11-06,-0.0038287137693638895
2015-11-09,-0.006192155122421328
2015-11-10,0.011351405490903188
2015-11-11,0.0027439134724591696
2015-11-12,-0.024505001794806747
2015-11-13,-0.0065697818613097425
2015-11-16,0.01727088717291081
2015-11-17,0.022439848655291694
2015-11-18,0.028340789733795058
2015-11-19,-0.009777148851790152
2015-11-20,-0.00306182576113212
2015-11-23,-0.015045676127710239
2015-11-24,-0.005920967494129736
2015-11-25,-0.010185403090101852
2015-11-27,0.0025100897741736627
2015-11-30,-0.033031292019246594
2015-12-01,0.0022771886819259457
2015-12-02,0.0020889886511403777
2015-12-03,-0.020388384066847953
2015-12-04,0.042801355937780006
2015-12-07,-0.021569475319113907
2015-12-08,0.017782390938498205
2015-12-09,-0.016069578771068738
2015-12-10,0.0014247994261893382
2015-12-11,-0.02491922588148132
2015-12-14,0.010158852297020404
2015-12-15,0.03057756809971446
2015-12-16,0.005786567925079256
2015-12-17,-0.014615683664949586
2015-12-18,-0.013164343207811458
2015-12-21,-0.0214615606420272
2015-12-22,-0.007905189670536883
2015-12-23,0.014214138934424358
2015-12-24,0.003321925208939591
2015-12-28,0.004929050272715507
2015-12-29,0.018379400118673894
2015-12-30,-0.0036713867986475357
2015-12-31,-0.00970470880961094
2016-01-04,-0.048483048723525934
2016-01-05,-0.014654865474106438
2016-01-06,0.020629461467131405
2016-01-07,-0.033726105712055254
2016-01-08,-0.02047969375137859
2016-01-11,-0.022087506805893997
2016-01-12,-0.012145943531208458
2016-01-13,-0.03244347954438431
2016-01-14,0.04245270706332982
2016-01-15,-0.03366858472801748
2016-01-19,-0.03440987543204288
2016-01-20,0.03339898193888624
2016-01-21,-0.0008225657944986864
2016-01-22,0.04640678346369609
2016-01-25,-0.020435231936768328
2016-01-26,-0.020206257796502536
2016-01-27,-0.06342218079410833
2016-01-28,-0.04387793142574958
2016-01-29,0.011996910244185921
2016-02-01,-0.004332378903114775
2016-02-02,-0.02003484173976333
2016-02-03,0.02712917653999458
2016-02-04,-0.019999598767985072
2016-02-05,-0.038730933680668045
2016-02-08,-0.015329826724556295
2016-02-09,-0.06288892523052148
2016-02-10,0.004126081283901684
2016-02-11,-0.0006532099096373534
2016-02-12,0.03204987239331669
2016-02-16,0.033640332388035654
2016-02-17,0.014039193226204727
2016-02-18,-0.025071773121367547
2016-02-19,0.019829629455799802
2016-02-22,0.002050743525270571
2016-02-23,-0.022638351041230576
2016-02-24,0.017578849655659923
2016-02-25,0.0009144897294244281
2016-02-26,0.0006092581450993784
2016-02-29,-0.025898663599771443
2016-03-01,0.06819956333944766
2016-03-02,-0.005850631860183975
2016-03-03,-0.014393964407171445
2016-03-04,0.004677389907557616
2016-03-07,0.011044493602822225
2016-03-08,-0.03299204842823289
2016-03-09,-0.0508093224408287
2016-03-10,0.007498393755456911
2016-03-11,-0.0011653635284983865
2016-03-14,-0.010209030736071822
2016-03-15,-0.01620811581432502
2016-03-16,0.003376696775546195
2016-03-17,-0.008114754867627916
2016-03-18,-0.0026267911766745256
2016-03-21,0.017914529661951395
2016-03-22,0.019593519785977787
2016-03-23,-0.03417829820998364
2016-03-24,0.01483379030763321
2016-03-28,-0.018743192863442837
2016-03-29,0.009674283018090257
2016-03-30,-0.020932552367616486
2016-03-31,0.002112986901608327
2016-04-01,0.12432024583432355
2016-04-04,0.00012338943374134992
2016-04-05,-0.004071046934373657
2016-04-06,0.0583426918227512
2016-04-07,-0.020411964239574476
2016-04-08,-0.032355287243421404
2016-04-11,-0.021731578209551516
2016-04-12,0.030115646802934215
2016-04-13,0.006003774941268247
2016-04-14,-0.008988555655842556
2016-04-15,-0.00024574523012044214
2016-04-18,0.03847757303839461
2016-04-19,-0.020360815667195165
2016-04-20,-0.03390692922593763
2016-04-21,0.0245653759219433
2016-04-22,-0.012671818818476899
2016-04-25,0.006281199401007909
2016-04-26,-0.0006389316485271301
2016-04-27,-0.04027933204306422
2016-04-28,0.0026134123331891246
2016-04-29,-0.037285879288836865
2016-05-02,0.020732079312721696
2016-05-03,-0.034328495878742094
2016-05-04,-0.028762212095199247
2016-05-05,0.04738794429300275
2016-05-06,-0.020596700924288225
2016-05-09,0.014920956921207651
2016-05-10,0.02769855458480941
2016-05-11,-0.03630755380221573
2016-05-12,-0.016726634483033354
2016-05-13,0.010447291757195831
2016-05-16,0.06087272927869103
2016-05-17,-0.014211025550957879
2016-05-18,0.010093697147742331
2016-05-19,-0.01788466344102746
2016-05-20,0.007044194373809987
2016-05-23,0.017202093521260897
2016-05-24,0.012887121615337005
2016-05-25,-0.008071539430482333
2016-05-26,-0.0024081117597197776
2016-05-27,0.006810046990778362
2016-05-31,0.006839596720521701
2016-06-01,0.01348608552724695
2016-06-02,0.0069748436808034775
2016-06-03,-0.01567070503289969
2016-06-06,0.007835394181974209
2016-06-07,-0.023323282708948234
2016-06-08,-0.013942744810850893
2016-06-09,-0.020284434300006926
2016-06-10,-0.02374822379375574
2016-06-13,-0.012902118791258355
2016-06-14,-0.0020151295546974035
2016-06-15,0.003874569880742751
2016-06-16,-0.003778101302389425
2016-06-17,-0.03358615361635475
2016-06-20,-0.004375901800789395
2016-06-21,-0.021323561122783774
2016-06-22,0.019644147222666497
2016-06-23,0.014832965012122612
2016-06-24,-0.049448507108176276
2016-06-27,-0.024832118874124842
2016-06-28,0.026370727445201636
2016-06-29,0.023779950661155125
2016-06-30,0.0039385065151624765
2016-07-01,0.026544110540260846
2016-07-05,0.00309613062630687
2016-07-06,0.033258345349111096
2016-07-07,-0.000322927560290065
2016-07-08,0.0185757746194819
2016-07-11,-0.0068983166386219485
2016-07-12,-0.018603377598933046
2016-07-13,-0.01152533342628026
2016-07-14,0.0021124151425937487
2016-07-15,0.023380025019746675
2016-07-18,0.020678922395303
2016-07-19,-0.011506084695678598
2016-07-20,0.020018610263784486
2016-07-21,0.01252921482839331
2016-07-22,0.004672468035578081
2016-07-25,0.009096909707861478
2016-07-26,0.008533826146733814
2016-07-27,0.04223262682838835
2016-07-28,-0.009756879391025208
2016-07-29,0.03425460523656154
2016-08-01,0.020888168822606357
2016-08-02,0.002073739672550756
2016-08-03,0.014877017360144018
2016-08-04,-0.018057479669717935
2016-08-05,-0.023996256028507967
2016-08-08,-0.004633553006535451
2016-08-09,-0.0042751424090492485
2016-08-10,-0.008968534253016802
2016-08-11,0.01412816854840182
2016-08-12,0.0004509491648325703
2016-08-15,0.0031550761182712606
2016-08-16,-0.021826974833421442
2016-08-17,-0.0047385503897670045
2016-08-18,-0.0019675542725787754
2016-08-19,-0.015990439044402005
2016-08-22,0.03549348106029093
2016-08-23,0.004681698176953297
2016-08-24,-0.03651839121153
2016-08-25,-0.012338037209390085
2016-08-26,0.0067957328091845515
2016-08-29,-0.008908788802046153
2016-08-30,-0.010416136686709376
2016-08-31,-0.006755778939763202
2016-09-01,0.002165327797777561
2016-09-02,-0.012099589316392101
2016-09-06,0.0248816324602259
2016-09-07,0.0039667810990038355
2016-09-08,0.004851205366852129
2016-09-09,-0.043301862702592286
2016-09-12,0.03922704771014418
2016-09-13,-0.02132629524329155
2016-09-14,0.01680355580156001
2016-09-15,0.013054625491115912
2016-09-16,0.014599727025390585
2016-09-19,-0.014193882054301055
2016-09-20,0.008465120907779733
2016-09-21,0.0006892667828553023
2016-09-22,0.003665352165434177
2016-09-23,0.005833200890704493
2016-09-26,-0.015278224149720465
2016-09-27,0.042883300393012025
2016-09-28,-0.005575949585840956
2016-09-29,-0.03039858017531971
2016-09-30,-0.010680179234766274
2016-10-03,0.001990092772546914
2016-10-04,-0.013951677477091473
2016-10-05,-0.011581045321143457
2016-10-06,-0.010188511350698981
2016-10-07,0.0037569664488279475
2016-10-10,0.00974215869434869
2016-10-11,-0.01982941203116262
2016-10-12,-0.03258644680938427
2016-10-13,0.006212077895931811
2016-10-14,-0.010937022340985036
2016-10-17,-0.01331786989170436
2016-10-18,0.013088580144564155
2016-10-19,-0.008532268312607783
2016-10-20,0.007818464609468112
2016-10-21,-0.02076825008585259
2016-10-24,-0.0035209948588778017
2016-10-25,0.012919212745003517
2016-10-26,-0.010492545838897804
2016-10-27,0.006252208775225254
2016-10-28,-0.02605725355515598
2016-10-31,-0.030379709822110024
2016-11-01,0.00443454043740843
2016-11-02,-0.008339304192010788
2016-11-03,-0.022260358140439473
2016-11-04,0.016011440412152078
2016-11-07,0.07030082028858464
2016-11-08,0.006513516560254784
2016-11-09,0.13772195496271977
2016-11-10,0.010945959881488943
2016-11-11,-0.007588629506316225
2016-11-14,0.058910351173249165
2016-11-15,-0.03570139000901629
2016-11-16,-0.01999302791269375
2016-11-17,-0.0369453863068564
2016-11-18,-0.017500351926845847
2016-11-21,0.020126769987591553
2016-11-22,-0.016055073221102112
2016-11-23,0.008622187995928732
2016-11-25,-0.010561360493044014
2016-11-28,-0.01953986264329377
2016-11-29,-0.007992186699563364
2016-11-30,-0.02070968580584931
2016-12-01,-0.009703632281607533
2016-12-02,-0.007588638757213828
2016-12-05,-0.007753979828387436
2016-12-06,-0.0023524483866419477
2016-12-07,-0.018810216326943352
2016-12-08,0.019723164934055903
2016-12-09,0.009968862537149903
2016-12-12,0.03827487243720151
2016-12-13,-0.013174881019257123
2016-12-14,-0.0013089137353829994
2016-12-15,-0.009148094205196244
2016-12-16,0.002222143785469477
2016-12-19,-0.018740970772463617
2016-12-20,-0.0019636278563833764
2016-12-21,-0.016063831375423554
2016-12-22,0.020051536928791247
2016-12-23,0.025243022749455557
2016-12-27,0.010922530000566644
2016-12-28,-0.018655327365394103
2016-12-29,-0.013280473652559244
2016-12-30,-0.01774055810457964
2017-01-03,0.03435121376539452
2017-01-04,0.00898070562733122
2017-01-05,-0.005716286764403389
2017-01-06,-0.058385012730990726
2017-01-09,-0.01009254808492166
2017-01-10,0.050526725500371406
2017-01-11,-0.02286867150100691
2017-01-12,-8.228358786666057e-05
2017-01-13,0.010207447277490678
2017-01-17,-0.013363743537215145
2017-01-18,-0.000798326042724895
2017-01-19,0.0012673307330191008
2017-01-20,-0.00233895436883258
2017-01-23,-0.022617039579945875
2017-01-24,-0.018060723382331334
2017-01-25,0.002787735056291707
2017-01-26,-0.023443068406246215
2017-01-27,0.016874577230757692
2017-01-30,-0.005771975568262033
2017-01-31,0.04293171691157993
2017-02-01,0.013582425669207199
2017-02-02,-0.009913087379502361
2017-02-03,-0.006378912025367001
2017-02-06,0.010439389696954793
2017-02-07,-0.011906097368089785
2017-02-08,-0.012412995500867718
2017-02-09,0.01910825652817505
2017-02-10,-0.0003611028632277691
2017-02-13,0.043876921145949765
2017-02-14,0.002289320855449972
2017-02-15,0.019866145374972
2017-02-16,-0.028593765253651426
2017-02-17,-0.00493271872403489
2017-02-21,0.001158434821078247
2017-02-22,-0.0037404840905489456
2017-02-23,-0.025012138444225895
2017-02-24,0.00013861416860616593
2017-02-27,0.03335086326433423
2017-02-28,0.0012062765757168137
2017-03-01,0.014859431828144087
2017-03-02,-0.008415794942724153
2017-03-03,0.007449543564120198
2017-03-06,0.008635717325565562
2017-03-07,-0.024638033707081952
2017-03-08,0.023757083763072284
2017-03-09,0.0229961093802884
2017-03-10,-0.004895651111243904
2017-03-13,0.0016742269627474382
2017-03-14,0.005708747111591972
2017-03-15,0.0171310594631382
2017-03-16,-0.013096983993446942
2017-03-17,-0.03133029218502004
2017-03-20,0.004549049359652058
2017-03-21,-0.0288988933652784
2017-03-22,-0.004959842900500444
2017-03-23,-0.011161159136361287
2017-03-24,0.021861832194374875
2017-03-27,0.028632665262149803
2017-03-28,-0.002945181311378553
2017-03-29,0.030296759210299617
2017-03-30,-0.02019592724202046
2017-03-31,0.0034440453959130313
2017-04-03,-0.011148136086104654
2017-04-04,-0.0007046136340621567
2017-04-05,-0.01452001700960115
2017-04-06,0.005618086413821111
2017-04-07,0.002819558497653585
2017-04-10,-0.01915646729396281
2017-04-11,-0.016583551052871126
2017-04-12,-0.0020160912140591014
2017-04-13,0.011028326403977662
2017-04-17,0.00831607290461367
2017-04-18,-0.019788542215349092
2017-04-19,0.013385819596694049
2017-04-20,0.014664693632493675
2017-04-21,-0.016684397199158485
2017-04-24,0.0048903404387010685
2017-04-25,0.0010485604262566728
2017-04-26,-0.0024978321709934193
2017-04-27,-0.012843683669299
2017-04-28,0.059652994957466454
2017-05-01,0.019768967920858582
2017-05-02,0.0148167997112294
2017-05-03,0.012411733229408695
2017-05-04,0.06702202395165635
2017-05-05,-0.012226260579902948
2017-05-08,-0.01310019745026647
2017-05-09,0.008975377938040374
2017-05-10,0.010276700455260857
2017-05-11,0.020529682893391632
2017-05-12,0.003678166254476478
2017-05-15,0.018911936126992712
2017-05-16,0.009635659543064223
2017-05-17,-0.01765807524409213
2017-05-18,0.023750959735762356
2017-05-19,-0.016005977859783527
2017-05-22,0.02439947072064874
2017-05-23,0.0008242787361909532
2017-05-24,-0.006784136048588518
2017-05-25,-0.005542928293736926
2017-05-26,-0.0011630347935366325
2017-05-30,-0.014280388559956836
2017-05-31,0.023157332576702716
2017-06-01,0.015161444785288136
2017-06-02,0.030921338799594134
2017-06-05,-0.00035377301403649586
2017-06-06,-0.005267947590440025
2017-06-07,0.008938061010931753
2017-06-08,0.008091291799817268
2017-06-09,-0.020806797799230115
2017-06-12,0.0009248308496661028
2017-06-13,-0.0053755643442938705
2017-06-14,0.006692409153588708
2017-06-15,-0.015393062003514313
2017-06-16,-0.02042593076009802
2017-06-19,0.025570194054916007
2017-06-20,0.050162212915838555
2017-06-21,0.05388320813432168
2017-06-22,0.008639616526665117
2017-06-23,-0.01747285533333176
2017-06-26,-0.0027449639577075136
2017-06-27,-0.026729406047997895
2017-06-28,0.022046534055837785
2017-06-29,-0.006352470331584259
2017-06-30,-0.0368481702690292
2017-07-03,-0.006943039486243419
2017-07-05,0.01900641741561615
2017-07-06,-0.013702217415125229
2017-07-07,0.012872553566499967
2017-07-10,0.006868023921654531
2017-07-11,-0.015822765244605796
2017-07-12,0.010142240536942015
2017-07-13,0.016217629102597053
2017-07-14,-0.00029702147807020296
2017-07-17,-0.013448245661619174
2017-07-18,-0.0009635639036575938
2017-07-19,0.018407283658240958
2017-07-20,0.028295695168270685
2017-07-21,-0.009997466721207937
2017-07-24,0.01027281229847632
2017-07-25,-0.014907363405923801
2017-07-26,0.004245948409223654
2017-07-27,-0.014002300827770986
2017-07-28,0.0005899966021924996
2017-07-31,-0.033594757095350314
2017-08-01,-0.0399088801516041
2017-08-02,0.010211905450386638
2017-08-03,-0.020364131080411574
2017-08-04,0.003532413971480519
2017-08-07,0.0028585352446812706
2017-08-08,-0.0008933865181699474
2017-08-09,0.009389337328108427
2017-08-10,-0.029551341982355428
2017-08-11,0.014149737979886279
2017-08-14,0.017038547855149133
2017-08-15,-0.004151387946832785
2017-08-16,-0.008527836222235408
2017-08-17,-0.009647049049572587
2017-08-18,0.008534143300060526
2017-08-21,0.0037607987603853754
2017-08-22,0.018967937997165896
2017-08-23,-0.0031337817142277347
2017-08-24,0.016996822118822585
2017-08-25,-0.015373300918127386
2017-08-28,0.0029720003151141317
2017-08-29,-0.0003964931081783529
2017-08-30,0.016888336881828447
2017-08-31,0.020077149396212857
2017-09-01,0.014288622890643365
2017-09-05,-0.01912699961492559
2017-09-06,0.011853638851708093
2017-09-07,-0.05657504580777839
2017-09-08,-0.0009112104171089541
2017-09-11,-0.05595029179226274
2017-09-12,-0.0014153164520671613
2017-09-13,-0.01516382136174621
2017-09-14,0.00804127535431065
2017-09-15,-0.01769927461352616
2017-09-18,0.0027453845402218846
2017-09-19,-0.0075004460318374155
2017-09-20,0.015740227019585662
2017-09-21,-0.010772102281159657
2017-09-22,-0.0016841832075037422
2017-09-25,0.012548548363360057
2017-09-26,-0.007257858984680565
2017-09-27,0.0010575634040286275
2017-09-28,-0.0007348457221064697
2017-09-29,0.02760215807974209
2017-10-02,0.033816401645381244
2017-10-03,-0.014299839290827343
2017-10-04,0.0009217588346024375
2017-10-05,0.016116662733361986
2017-10-06,0.014134740450135075
2017-10-09,-0.0008299867316730047
2017-10-10,-0.017952928697274828
2017-10-11,-0.017695674743079204
2017-10-12,-0.012848530509787737
2017-10-13,-0.009370495940957402
2017-10-16,0.006140560556549657
2017-10-17,-0.007000515800014595
2017-10-18,-0.007208078092468262
2017-10-19,0.003573302145179369
2017-10-20,-0.018052324911589368
2017-10-23,-0.0005081710943517503
2017-10-24,-0.01444215458688236
2017-10-25,-0.010738337473406911
2017-10-26,-0.013959627316804113
2017-10-27,-0.01639267571877112
2017-10-30,-0.006597939809559361
2017-10-31,-0.009593630774053175
2017-11-01,-0.013958533469264234
2017-11-02,0.0011335049970959687
2017-11-03,0.027575775308098294
2017-11-06,-0.0043583465078042005
2017-11-07,-0.005508619574417617
2017-11-08,0.02665741119392573
2017-11-09,-0.021581599006220253
2017-11-10,-0.00411119605580712
2017-11-13,-0.02699361182453941
2017-11-14,-0.02240739496822719
2017-11-15,0.003898088866024052
2017-11-16,0.021718979769527635
2017-11-17,-0.007854359936577127
2017-11-20,-0.016266955751404577
2017-11-21,-0.0020248501520325757
2017-11-22,0.008063695079753685
2017-11-24,-0.006941224443899774
2017-11-27,-0.02681567852928768
2017-11-28,-0.022775170080450047
2017-11-29,-0.020136576614751767
2017-11-30,0.009006422199890451
2017-12-01,0.032084254530395206
2017-12-04,0.013120149746040921
2017-12-05,-0.015936754428028777
2017-12-06,0.007493176533670098
2017-12-07,-0.004052005592258823
2017-12-08,0.01919122776596338
2017-12-11,0.001418146407262011
2017-12-12,0.0010489822801365012
2017-12-13,0.012967663215143421
2017-12-14,-0.009180976575870692
2017-12-15,0.015217178939458176
2017-12-18,-0.01429490841055614
2017-12-19,0.006077364735751711
2017-12-20,-0.007336943651006567
2017-12-21,0.003264638222346239
2017-12-22,-0.00817411254859468
2017-12-26,0.016876607204129757
2017-12-27,-0.008620879632558753
2017-12-28,-0.0033065453839109527
2017-12-29,-0.017919664515396727
2018-01-02,0.017661557986751175
2018-01-03,0.029221089548894907
2018-01-04,-0.027502653325782722
2018-01-05,0.005614310598586414
2018-01-08,-0.0326669114715622
2018-01-09,-0.010388738762606153
2018-01-10,-0.005940586498024092
2018-01-11,0.0049119595078370715
2018-01-12,-0.0035302000294336056
2018-01-16,0.008856599443751278
2018-01-17,0.010426530882158502
2018-01-18,-0.007458521682732644
2018-01-19,0.0006733118676882643
2018-01-22,0.011654567178557729
2018-01-23,0.015564275832994134
2018-01-24,0.004217857963747296
2018-01-25,0.022226880974970165
2018-01-26,-0.044610071305076104
2018-01-29,0.022758863330415657
2018-01-30,-0.008122685252899942
2018-01-31,-0.034547225551527116
2018-02-01,-0.0568934821334004
2018-02-02,0.005986223773543964
2018-02-05,-0.045650431111192824
2018-02-06,0.020543340622010797
2018-02-07,-0.012367139443135056
2018-02-08,-0.03583282842255198
2018-02-09,0.042650919817739164
2018-02-12,0.018699040175616854
2018-02-13,-0.05282051414862954
2018-02-14,0.0188556853256745
2018-02-15,0.007529766768602286
2018-02-16,-0.0030914220706851347
2018-02-20,-0.02742731452544933
2018-02-21,-0.01711866823225605
2018-02-22,-0.005322641722745214
2018-02-23,0.025457396333542714
2018-02-26,0.003180575922359985
2018-02-27,-0.012065671569249425
2018-02-28,-0.0016512288826904253
2018-03-01,0.004181742493935436
2018-03-02,0.027006032608018593
2018-03-05,0.010409306796283824
2018-03-06,-0.0012877357625968866
2018-03-07,0.0027887516495983533
2018-03-08,0.01904849667438069
2018-03-09,0.002699737856747264
2018-03-12,0.00834052781847694
2018-03-13,-0.0197357868175847
2018-03-14,0.010866020777786645
2018-03-15,-0.01900892817929134
2018-03-16,0.02499038121631303
2018-03-19,-0.012292476433923172
2018-03-20,-0.01539464839719773
2018-03-21,0.0030252711194722615
2018-03-22,-0.021441187063130585
2018-03-23,-0.019530553611293078
2018-03-26,0.029319243368588488
2018-03-27,-0.004445058459315421
2018-03-28,0.028064760040506398
2018-03-29,0.017371625654635237
2018-04-02,-0.04007427075786196
2018-04-03,0.0049613356131728015
2018-04-04,0.015502709128128567
2018-04-05,-0.02596706112186964
2018-04-06,-0.02732893779552814
2018-04-09,0.0002815941233862418
2018-04-10,0.026086978995316423
2018-04-11,-0.016034672244246817
2018-04-12,0.007125535827817497
2018-04-13,-0.010828067329539226
2018-04-16,-0.01044896896419445
2018-04-17,0.013922053541847168
2018-04-18,-0.003843382358590386
2018-04-19,-0.01730005788268585
2018-04-20,-0.005002525534642532
2018-04-23,0.005600665617679912
2018-04-24,-0.012689523846045714
2018-04-25,0.013365396055273093
2018-04-26,0.024670288981512245
2018-04-27,-0.03370690359544648
2018-04-30,-0.029931247546370665
2018-05-01,-0.008100625229567449
2018-05-02,-0.01686479393626117
2018-05-03,-0.012595321047021546
2018-05-04,-0.00396702220490075
2018-05-07,-0.009304774469254706
2018-05-08,-0.009288229751034494
2018-05-09,-0.004407659884053894
2018-05-10,0.015108819131909312
2018-05-11,0.06244384612891296
2018-05-14,0.008470716695892166
2018-05-15,-0.029366154143045886
2018-05-16,0.00918608116556463
2018-05-17,0.01579773107008897
2018-05-18,-0.02009742544304749
2018-05-21,-0.017262450180974387
2018-05-22,-0.0064733517075643565
2018-05-23,0.0021378154695343987
2018-05-24,-0.0023703523777409696
2018-05-25,-0.0029531010573410343
2018-05-29,0.009396131033058808
2018-05-30,0.014806177235894724
2018-05-31,-0.0018944538888581164
2018-06-01,0.021843314253316537
2018-06-04,0.0169773545856986
2018-06-05,-0.0007689461084678939
2018-06-06,0.010517802210914917
2018-06-07,-0.02034082515789426
2018-06-08,-0.002008276955864474
2018-06-11,0.012495940103238068
2018-06-12,-0.007757657375822347
2018-06-13,-0.0040383721979819764
2018-06-14,0.02397171613854132
2018-06-15,-0.001172135533805907
2018-06-18,0.0009831831043138894
2018-06-19,0.036310628532843614
2018-06-20,0.030146469577470247
2018-06-21,-0.023417253651129233
2018-06-22,0.008904638754583694
2018-06-25,-0.014639925531014675
2018-06-26,0.0003669126721645988
2018-06-27,0.02866480241396463
2018-06-28,0.015477884256106744
2018-06-29,0.009273867823659021
2018-07-02,0.017826722191722988
2018-07-03,0.007746000283412657
2018-07-05,0.020036288889029086
2018-07-06,0.023936827496046087
2018-07-09,0.0046538393387947075
2018-07-10,-0.013573690658938431
2018-07-11,-0.0028939290653595684
2018-07-12,0.0033405640858399366
2018-07-13,0.003302132882203379
2018-07-16,-0.007860995092319856
2018-07-17,0.0018643061015941598
2018-07-18,0.001505099778493335
2018-07-19,0.004808947357946902
2018-07-20,-0.0017131726139367753
2018-07-23,-0.002451589444377844
2018-07-24,0.017913176933453734
2018-07-25,0.004614139069754275
2018-07-26,-0.0024032764969200704
2018-07-27,-0.0160335188666495
2018-07-30,0.010636503613958848
2018-07-31,-0.00942102445609716
2018-08-01,0.008206252122016311
2018-08-02,0.06999442034014902
2018-08-03,-0.005340076551092365
2018-08-06,-0.012231553009596108
2018-08-07,0.00351241671357716
2018-08-08,-0.043814901677735385
2018-08-09,-0.0056909613858924235
2018-08-10,-0.009028944049048637
2018-08-13,-0.006318049541813253
2018-08-14,-0.0006004309240130734
2018-08-15,-0.011905117031958845
2018-08-16,0.02738555076385185
2018-08-17,0.006670642882683042
2018-08-20,0.0014427701841668306
2018-08-21,0.010032014461620609
2018-08-22,0.0042530357404713115
2018-08-23,-0.002577784718270082
2018-08-24,-0.007542462516885173
2018-08-27,0.032179239715888874
2018-08-28,0.004144780472617349
2018-08-29,0.04248173435823599
2018-08-30,0.004648089760866503
2018-08-31,-0.004308362589242498
2018-09-04,-0.006933003461874754
2018-09-05,0.007451802497535631
2018-09-06,-0.02214087073166937
2018-09-07,-0.0063076458702227
2018-09-10,-0.0009609636847512926
2018-09-11,-0.003214892074800302
2018-09-12,-0.012418432007619828
2018-09-13,0.022706247523153644
2018-09-14,-0.01392972549898297
2018-09-17,-0.014483579736004115
2018-09-18,0.004760803040984918
2018-09-19,-0.011922801442648123
2018-09-20,0.009251961690235122
2018-09-21,0.007824455425757382
2018-09-24,-0.00023060443060030078
2018-09-25,-0.0003588094584525692
2018-09-26,0.0037943891871323743
2018-09-27,0.036957586072784876
2018-09-28,-0.004827568636903812
2018-10-01,-0.024279778227605298
2018-10-02,0.016081949196577794
2018-10-03,0.006166225123368063
2018-10-04,-0.0272677961077592
2018-10-05,-0.0007141362923923644
2018-10-08,0.0060750042317172515
2018-10-09,-0.004110123802165022
2018-10-10,-0.026978866241635036
2018-10-11,-0.026888987012083865
2018-10-12,0.033605070599268316
2018-10-15,-0.017206419842698217
2018-10-16,0.05554225369350929
2018-10-17,0.0013550181283394913
2018-10-18,-0.009622517800519148
2018-10-19,-0.013638078713767876
2018-10-22,-0.00520734594133565
2018-10-23,-0.018334175057605484
2018-10-24,-0.07696545242298636
2018-10-25,-0.04112245590221797
2018-10-26,-0.003324034863720793
2018-10-29,0.0010720064079812186
2018-10-30,0.010470636094829455
2018-10-31,-0.001354250511571231
2018-11-01,0.04678107724166147
2018-11-02,-0.007096330137268847
2018-11-05,0.006636538324674479
2018-11-06,0.0075507715149265575
2018-11-07,0.018567737541974827
2018-11-08,-0.0024983111174886607
2018-11-09,-0.018384914340849656
2018-11-12,-0.02831833152606933
2018-11-13,-0.012869308726982887
2018-11-14,-0.01406025262833599
2018-11-15,0.012926503905741349
2018-11-16,0.010771273677539828
2018-11-19,-0.018359213932571117
2018-11-20,-0.0050148938338706595
2018-11-21,0.01743309721751829
2018-11-23,-0.006731409570682967
2018-11-26,0.03614388279940495
2018-11-27,0.0011608946427026368
2018-11-28,0.02842278638351803
2018-11-29,-0.011192378161978489
2018-11-30,0.016908980579425803
2018-12-03,0.04638313360682167
2018-12-04,-0.02563961262443415
2018-12-06,0.023846609427580434
2018-12-07,-0.023212622086245638
2018-12-10,0.012767237547724575
2018-12-11,-0.0049524421455282575
2018-12-12,0.005961806709978923
2018-12-13,0.001455284336277618
2018-12-14,0.007027587503259269
2018-12-17,-0.014875300945394798
2018-12-18,-0.01731026493290999
2018-12-19,-0.022493170543188556
2018-12-20,-0.012392553862631162
2018-12-21,-0.03264750509996461
2018-12-24,-0.011491533626831307
2018-12-26,0.06649237170571465
2018-12-27,0.004129058996063639
2018-12-28,-0.005948665859988322
2018-12-31,0.03000385583384113
2019-01-02,-0.0028380735609920826
2019-01-03,-0.0009666840338389271
2019-01-04,0.06845309032063107
2019-01-07,-0.002314139311910157
2019-01-08,0.0015883873890667477
2019-01-09,0.00583998913533379
2019-01-10,0.021222234875808876
2019-01-11,0.0013969831074385208
2019-01-14,-0.019332922291993127
2019-01-15,0.010705370317946938
2019-01-16,-0.0011851054645639625
2019-01-17,0.031739809540869635
2019-01-18,0.0034979821843321712
2019-01-22,-0.033640577742723554
2019-01-23,-0.008746143853232913
2019-01-24,0.016749415187260253
2019-01-25,0.02539653937727282
2019-01-28,-0.01037557001400935
2019-01-29,0.007730361718652601
2019-01-30,0.006616297998237819
2019-01-31,0.0222904921263285
2019-02-01,0.002049966982813789
2019-02-04,-0.01104266492908268
2019-02-05,-0.010249131722139593
2019-02-06,-0.03439105676839649
2019-02-07,-0.00024590843219030045
2019-02-08,0.0009840262499354324
2019-02-11,0.004055512816771412
2019-02-12,0.01916720571451891
2019-02-13,-0.010208069506103645
2019-02-14,0.006988788175379179
2019-02-15,0.021688313757000977
2019-02-19,-0.007948622061040633
2019-02-20,0.0045411790316634
2019-02-21,-0.009206944801860906
2019-02-22,0.009316258472698458
2019-02-25,-0.005064761503032367
2019-02-26,0.013725665334429094
2019-02-27,0.016848479443131614
2019-02-28,-0.005976957692870988
2019-03-01,0.020499618523685648
2019-03-04,-0.013058228476601097
2019-03-05,0.007606715116149854
2019-03-06,-0.030746010155141335
2019-03-07,-0.03330265603925464
2019-03-08,-0.01694418460085534
2019-03-11,0.023370686636665194
2019-03-12,0.013517805976501984
2019-03-13,-0.02061677539018536
2019-03-14,-0.0036918949647503085
2019-03-15,0.017104268125546884
2019-03-18,-0.01657534273883776
2019-03-19,-0.001496611939050152
2019-03-20,-0.003660969102259881
2019-03-21,-0.007176324137532886
2019-03-22,-0.02680153238485239
2019-03-25,0.008167546791365554
2019-03-26,0.026886008949710494
2019-03-27,-0.006779775590816106
2019-03-28,0.004865075581556022
2019-03-29,0.014302322944462542
2019-04-01,-0.001388124581535477
2019-04-02,0.011632766589862786
2019-04-03,-0.018851595949083144
2019-04-04,-0.001154753251756735
2019-04-05,0.005928283234544862
2019-04-08,-0.018780297274449187
2019-04-09,-0.013781624835783268
2019-04-10,0.03158720380737501
2019-04-11,-0.0361315456778315
2019-04-12,-0.02678672671743143
2019-04-15,-0.019428563482921657
2019-04-16,-0.02079888577979727
2019-04-17,-0.06723054437555331
2019-04-18,-0.028078348878483705
2019-04-22,0.0020699961277081957
2019-04-23,0.030266812101374496
2019-04-24,-0.01069342630165826
2019-04-25,0.02799152464904986
2019-04-26,-0.018086175249021674
2019-04-29,0.0014258226708296906
2019-04-30,-0.0029347271301313205
2019-05-01,-0.006848558853389641
2019-05-02,-0.01578686058998635
2019-05-03,0.00441251459684433
2019-05-06,0.021787609526214613
2019-05-07,-0.06341693903304713
2019-05-08,0.0204714046070531
2019-05-09,-0.014680838061518875
2019-05-10,-0.034889154470071126
2019-05-13,-0.024643530833513116
2019-05-14,-0.0017369344570992151
2019-05-15,0.004037965211113992
2019-05-16,0.007160362544632148
2019-05-17,-0.010063649720892909
2019-05-20,-0.007772113019832272
2019-05-21,0.024391131961240653
2019-05-22,0.032714995511650136
2019-05-23,-0.015089586833242241
2019-05-24,-0.008564290957392418
2019-05-28,-0.014813291085639335
2019-05-29,-0.0004869597157108885
2019-05-30,0.0005847357811565868
2019-05-31,-0.020262405952651275
2019-06-03,0.007391039672778765
2019-06-04,-0.006218148362859277
2019-06-05,-0.00681983709832934
2019-06-06,-0.0013333263968943188
2019-06-07,0.02376501879935411
2019-06-10,-0.008052962741802672
2019-06-11,0.008512719693998694
2019-06-12,-0.0022160574204214134
2019-06-13,0.004115508512287702
2019-06-14,-0.007091442467824782
2019-06-17,0.018804994440340117
2019-06-18,-0.013988050897343896
2019-06-19,0.01369716866963655
2019-06-20,0.031046059056241804
2019-06-21,-0.0006865574158704257
2019-06-24,-0.024074206787159547
2019-06-25,0.0011199007578766018
2019-06-26,-0.024992070782896114
2019-06-27,0.01832314656300449
2019-06-28,0.007499823679576689
2019-07-01,0.011373851082946862
2019-07-02,-0.003253727629414116
2019-07-03,0.009064198312737526
2019-07-05,-0.03577386305050134
2019-07-08,-0.013550478845587244
2019-07-09,0.01693969496079517
2019-07-10,-0.021235838518117833
2019-07-11,-0.03188132421931711
2019-07-12,0.0025357597600166315
2019-07-15,0.019278195523326547
2019-07-16,0.0005699635958074101
2019-07-17,0.0035192690570577945
2019-07-18,0.012256819539041341
2019-07-19,-0.016430684369192483
2019-07-22,-0.0053336536112360555
2019-07-23,0.04296511449100704
2019-07-24,0.014130562990159357
2019-07-25,-0.03255428152922446
2019-07-26,0.018983548156395136
2019-07-29,-0.0101558087758018
2019-07-30,0.016631777355028632
2019-07-31,-0.02047377968967068
2019-08-01,0.015323460637561848
2019-08-02,-0.013541083272816112
2019-08-05,-0.01857550996633328
2019-08-06,0.0023033431880219446
2019-08-07,0.006527652376012272
2019-08-08,0.025312770704684073
2019-08-09,-0.016071275144852293
2019-08-12,-0.029584481529083106
2019-08-13,0.030384940871971633
2019-08-14,-0.03716460181041892
2019-08-15,-0.0014307941428767235
2019-08-16,0.01275966386835381
2019-08-19,0.005154135421282069
2019-08-20,-0.007875809341662432
2019-08-21,0.005911467440513851
2019-08-22,-0.00926865291864265
2019-08-23,-0.027692982724560222
2019-08-26,-0.007390552327395605
2019-08-27,-0.01166018383087497
2019-08-28,0.02213852963459595
2019-08-29,0.010186283067917579
2019-08-30,-0.0017895451888595426
2019-09-03,-0.016997078968297386
2019-09-04,0.004840047667412639
2019-09-05,0.010017461797244831
2019-09-06,0.009088681534151544
2019-09-09,-0.044520476522496244
2019-09-10,0.016917606204625013
2019-09-11,-0.0013747789012317213
2019-09-12,0.0030001415986475877
2019-09-13,-0.009008392972904233
2019-09-16,0.015162422705982115
2019-09-17,0.007800073216002179
2019-09-18,-0.010620503893218225
2019-09-19,0.0038236853572217733
2019-09-20,0.033968204570452576
2019-09-23,-0.0039543491531432995
2019-09-24,-0.016932620707343915
2019-09-25,-0.010562216496865395
2019-09-26,-0.01862901612395962
2019-09-27,-0.027905081884198712
2019-09-30,0.014407842582550012
2019-10-01,-0.0033525340093559786
2019-10-02,-0.008463765420927416
2019-10-03,0.024039705601629047
2019-10-04,0.007872541935945332
2019-10-07,0.0031102722158786733
2019-10-08,0.004545381518223257
2019-10-09,0.020098097935641324
2019-10-10,0.02589143156216056
2019-10-11,0.008077471850698403
2019-10-14,0.01552694612849903
2019-10-15,-0.0053038412322208295
2019-10-16,-0.014548157608733958
2019-10-17,0.007247875904540679
2019-10-18,-0.004576134710625124
2019-10-21,-0.007328603297066194
2019-10-22,0.01114122456423905
2019-10-23,0.012312885456872813
2019-10-24,0.002458930374818147
2019-10-25,0.0014388725372305178
2019-10-28,0.007674620246510555
2019-10-29,0.006157578551351017
2019-10-30,0.0017393603163848859
2019-10-31,-0.015176888550398004
2019-11-01,0.013713021990472862
2019-11-04,0.0018037086023003912
2019-11-05,0.06931578444564934
2019-11-06,-0.024383652971456393
2019-11-07,0.005855382575144175
2019-11-08,0.047182805760353386
2019-11-11,0.0072851393346577975
2019-11-12,0.01199606978251544
2019-11-13,-0.0003157600634576818
2019-11-14,-0.028452422288824608
2019-11-15,0.01914947434828118
2019-11-18,-0.013570286936086529
2019-11-19,0.012551750231208025
2019-11-20,-0.0006387619212607776
2019-11-21,0.018998467413876563
2019-11-22,0.028165769013911435
2019-11-25,0.01707984572265242
2019-11-26,-0.008151200697632754
2019-11-27,0.021301163181518312
2019-11-29,-0.006943291456822931
2019-12-02,-0.007913379100784046
2019-12-03,0.00745755117599467
2019-12-04,0.003145159764657013
2019-12-05,-0.004405795749244601
2019-12-06,0.010642469583330483
2019-12-09,-0.017810218018034285
2019-12-10,0.005579541102329388
2019-12-11,0.01593802540242706
2019-12-12,-0.003667595738487517
2019-12-13,0.011446699626899148
2019-12-16,-0.0010893027446218229
2019-12-17,-0.01837711491617655
2019-12-18,0.006122957604668411
2019-12-19,0.0032044850759926913
2019-12-20,0.008240467892978387
2019-12-23,-0.0037803927626196554
2019-12-24,0.006173135326313917
2019-12-26,-0.0043823412730181754
2019-12-27,-0.0041082322119398995
2019-12-30,0.001017933349383604
2019-12-31,0.004763240333304886
2020-01-02,-0.005672784554482169
2020-01-03,-0.011222677515006274
2020-01-06,0.00698880711553862
2020-01-07,0.0037391757398603787
2020-01-08,0.024897525379071528
2020-01-09,0.002745627909042314
2020-01-10,-0.005371997842773646
2020-01-13,-0.006502219665441511
2020-01-14,0.022933000305510598
2020-01-15,0.00807491056342391
2020-01-16,-0.013256532583839742
2020-01-17,0.0009595596787783656
2020-01-21,-0.05759958336832094
2020-01-22,-0.012564875881296067
2020-01-23,-0.007072511692582495
2020-01-24,-0.031744232337185596
2020-01-27,-0.016971719974552713
2020-01-28,0.013729217672523664
2020-01-29,-0.014037421027110919
2020-01-30,-0.009049333752724986
2020-01-31,0.005235318047414728
2020-02-03,0.009409864556050085
2020-02-04,0.043621130194062774
2020-02-05,0.045393243900608615
2020-02-06,0.04753323692934042
2020-02-07,-0.02046942753690939
2020-02-10,0.011365117988598294
2020-02-11,0.027290882522181148
2020-02-12,0.024070516738893932
2020-02-13,-0.01843459966968286
2020-02-14,0.0018555604775594148
2020-02-18,-0.004755382490514437
2020-02-19,0.00794673038703575
2020-02-20,-0.004166584908292248
2020-02-21,0.010046642002029538
2020-02-24,0.055140719187630305
2020-02-25,0.03989381045632623
2020-02-26,0.035198348415575786
2020-02-27,-0.05745548294382452
2020-02-28,0.030027065354254923
2020-03-02,0.04539222169578805
2020-03-03,-0.006885452355894883
2020-03-04,0.06917993966203473
2020-03-05,-0.010760288373099058
2020-03-06,0.012823388388026213
2020-03-09,-0.04043035696380848
2020-03-10,0.0012224907334390522
2020-03-11,-0.02172542946721312
2020-03-12,-0.07060466912996788
2020-03-13,0.0779364138106855
2020-03-16,-0.053098489931827086
2020-03-17,0.1153734015600929
2020-03-18,-0.013606157705309707
2020-03-19,0.00995875363674048
2020-03-20,-0.10489355482581053
2020-03-23,0.03918353233957239
2020-03-24,-0.013388070208148695
2020-03-25,-0.043934845574006065
2020-03-26,0.052398967602872215
2020-03-27,-0.006146435987282928
2020-03-30,0.05223351883160943
2020-03-31,0.03232561084025476
2020-04-01,0.01712095358168142
2020-04-02,0.004228323426598957
2020-04-03,-0.010887172753297647
2020-04-06,0.022196515900079872
2020-04-07,-0.005473236184554198
2020-04-08,0.021574881600626927
2020-04-09,0.001229620485933669
2020-04-13,0.007914827150891979
2020-04-14,0.0151251778039998
2020-04-15,-0.02505523438667967
2020-04-16,0.05518952191209081
2020-04-17,0.05345151899391354
2020-04-20,-0.0014065947687845748
2020-04-21,-0.04142670480051602
2020-04-22,0.02501561965691379
2020-04-23,0.013331429485751611
2020-04-24,0.001220138057203446
2020-04-27,-0.033008972229800815
2020-04-28,-0.03453762134552163
2020-04-29,-0.023571152098948778
2020-04-30,0.018851005953785638
2020-05-01,-0.0007226266039714879
2020-05-04,0.031056281131140784
2020-05-05,0.06007517699668852
2020-05-06,-0.036335413919239
2020-05-07,0.011436333871286175
2020-05-08,0.006376975107603933
2020-05-11,0.019009483667017824
2020-05-12,-0.028862013618345173
2020-05-13,0.03511862380968367
2020-05-14,-0.010847058302010382
2020-05-15,0.010265152826891999
2020-05-18,-0.028505883306809365
2020-05-19,-0.004783532326748774
2020-05-20,0.034594792642757666
2020-05-21,-0.02757893039357251
2020-05-22,0.015918594412093867
2020-05-26,-0.04334004713442763
2020-05-27,-0.0022010312640287077
2020-05-28,0.06286647113289212
2020-05-29,0.05983977607094859
2020-06-01,-0.021768669299815357
2020-06-02,0.030343534831295482
2020-06-03,-0.021662344364419384
2020-06-04,-0.00949891681861792
2020-06-05,-0.0025729473837270422
2020-06-08,0.011792254562200677
2020-06-09,0.007532746213539276
2020-06-10,-0.0032863177432195245
2020-06-11,-0.01719457643618072
2020-06-12,-0.013033338230382885
2020-06-15,0.00370506096203016
2020-06-16,0.0039452905341836875
2020-06-17,0.01720356404961354
2020-06-18,-0.009534043755646815
2020-06-19,0.07796093915135072
2020-06-22,-0.023978172213751203
2020-06-23,0.0004456290663896745
2020-06-24,-0.03772512689806862
2020-06-25,0.02465958731283968
2020-06-26,-0.013871864777306175
2020-06-29,-0.0008014888511359564
2020-06-30,0.020921050838681454
2020-07-01,-0.02321821562232118
2020-07-02,0.02180018181219001
2020-07-06,0.007711422533565937
2020-07-07,0.021729839604376577
2020-07-08,-0.000842594181602152
2020-07-09,0.00045285933164529446
2020-07-10,-0.030860364255860362
2020-07-13,-0.008020995003217624
2020-07-14,0.04116056804284951
2020-07-15,-0.01324020700297257
2020-07-16,-0.0008375705173629955
2020-07-17,0.018743752768143995
2020-07-20,0.021970049006052372
2020-07-21,-0.029398054839955945
2020-07-22,-0.002081675364982938
2020-07-23,-0.011325015374648917
2020-07-24,-0.03390396164268472
2020-07-27,0.04673702958076742
2020-07-28,-0.01004092996852235
2020-07-29,0.0018383472663496825
2020-07-30,-0.0010915156586606134
2020-07-31,0.000950328679969692
2020-08-03,0.02074136017122785
2020-08-04,0.005037238568741165
2020-08-05,-0.03687363078703376
2020-08-06,-0.0053000172776583865
2020-08-07,-0.0016097778015986552
2020-08-10,-0.019300027265974684
2020-08-11,-0.015421518279658208
2020-08-12,0.02252614650217266
2020-08-13,-0.0023841876405847895
2020-08-14,0.0027500615905993175
2020-08-17,0.013320937426313906
2020-08-18,-0.003447543163309419
2020-08-19,0.01784706501606803
2020-08-20,-0.020234128650902905
2020-08-21,-0.018479821542525365
2020-08-24,-0.017704637854580207
2020-08-25,0.026447210694465317
2020-08-26,0.0024569770860920492
2020-08-27,0.004852907189025091
2020-08-28,-0.020098542052547685
2020-08-31,0.02874167995047716
2020-09-01,-0.04395655061036041
2020-09-02,0.029476230214047217
2020-09-03,-0.05367524179618299
2020-09-04,0.005126327585497803
2020-09-08,-0.031825045246955286
2020-09-09,0.016480136217260855
2020-09-10,-0.036855521571859895
2020-09-11,-0.009725530493848833
2020-09-14,0.0357045271207046
2020-09-15,0.027826933847639568
2020-09-16,-0.018537629460605887
2020-09-17,-0.007291557338830024
2020-09-18,-0.017274440981159822
2020-09-21,0.0008284856195575063
2020-09-22,0.028450606807210566
2020-09-23,-0.011058378053862117
2020-09-24,-0.013676795805662834
2020-09-25,0.029777958371133284
2020-09-28,-0.0037279283951164865
2020-09-29,0.0029548913554124923
2020-09-30,-0.024110238475443913
2020-10-01,0.01493436476140686
2020-10-02,-0.005878971588794912
2020-10-05,0.07131747530090737
2020-10-06,-0.038738747942481666
2020-10-07,0.017278698391719916
2020-10-08,0.013841805425897524
2020-10-09,0.003650724936516303
2020-10-12,-0.0008637688072010707
2020-10-13,0.010689083092590979
2020-10-14,-0.011776697167264705
2020-10-15,-0.02603115364951092
2020-10-16,0.02488129315703258
2020-10-19,-0.027678695073901527
2020-10-20,-0.01116371958016038
2020-10-21,-0.007335591864617186
2020-10-22,0.005817468336835052
2020-10-23,0.00708671436925612
2020-10-26,0.010227457454646816
2020-10-27,-0.00549731466350778
2020-10-28,-0.026574282983133135
2020-10-29,-0.0198398838093371
2020-10-30,-0.02200461184720559
2020-11-02,0.009235416591366619
2020-11-03,0.01569502623963559
2020-11-04,0.0537518529279144
2020-11-05,0.002844311424060164
2020-11-06,-0.01830804714406331
2020-11-09,-0.018130547438110267
2020-11-10,-0.014677282886661702
2020-11-11,0.015217792444392586
2020-11-12,-0.01928731063997413
2020-11-13,0.017331716560935684
2020-11-16,-0.01260523451274942
2020-11-17,-0.03779792555317829
2020-11-18,-0.03551064377627733
2020-11-19,-0.008342188934908124
2020-11-20,0.007829591372502609
2020-11-23,0.009388118160740477
2020-11-24,-0.03344086276648628
2020-11-25,0.004366686541901865
2020-11-27,0.011292332399740701
2020-11-30,0.003851778156818586
2020-12-01,-0.003798333572322954
2020-12-02,-0.017390548073983325
2020-12-03,-0.01245226796206167
2020-12-04,-0.012809638813201296
2020-12-07,0.006010706234523822
2020-12-08,0.003492096162023728
2020-12-09,-0.01709778726587874
2020-12-10,-0.019769199123450876
2020-12-11,0.0016493152610377315
2020-12-14,0.04295816399850372
2020-12-15,-0.017167002430945155
2020-12-16,-0.01061425958574791
2020-12-17,0.019812107868855566
2020-12-18,0.005400991403877953
2020-12-21,-0.00430956776551028
2020-12-22,-0.013447688824988924
2020-12-23,0.00434644170211107
2020-12-24,-0.006623507651230098
2020-12-28,-0.012210356414649404
2020-12-29,0.0026089203990342646
2020-12-30,-0.012225860274239442
2020-12-31,0.010056412366458822
2021-01-04,-0.0005174540828387642
2021-01-05,0.0012219607663197518
2021-01-06,-0.02763472890906582
2021-01-07,0.02363377770556241
2021-01-08,0.036429723180299245
2021-01-11,0.008401374114318294
2021-01-12,0.0056270883971976104
2021-01-13,0.012160178561628321
2021-01-14,0.01174058667602762
2021-01-15,3.852496192990884e-05
2021-01-19,0.0308150008059207
2021-01-20,0.01569618279656182
2021-01-21,-0.012521472766550135
2021-01-22,0.004295289617160414
2021-01-25,0.019375990915359687
2021-01-26,-0.007479108401855505
2021-01-27,-0.05245366683314656
2021-01-28,-0.01801920996470774
2021-01-29,-0.004799826496127868
2021-02-01,0.008415351114495095
2021-02-02,-0.015942244680723583
2021-02-03,-0.017600795486303222
2021-02-04,0.015595101421957747
2021-02-05,0.0002807202142112164
2021-02-08,-0.008176686841449343
2021-02-09,-0.008526989467529389
2021-02-10,0.0011004548442745676
2021-02-11,-0.0013842577375771103
2021-02-12,-0.010029754760287557
2021-02-16,-0.010110826627882319
2021-02-17,0.0020178907166203963
2021-02-18,-0.009653765077654808
2021-02-19,-0.013961368797017815
2021-02-22,-0.0208133777514794
2021-02-23,0.016175214928812798
2021-02-24,-0.020148254274565125
2021-02-25,-0.011796760158278574
2021-02-26,-0.005781273834435163
2021-03-01,0.02769822849433945
2021-03-02,-0.017687068356028512
2021-03-03,-0.0178735345905654
2021-03-04,0.005931937973280954
2021-03-05,0.02712627729109185
2021-03-08,0.003509705475662983
2021-03-09,0.016062598965418173
2021-03-10,-0.005694484433801383
2021-03-11,0.004295257579431722
2021-03-12,0.0031917933982352764
2021-03-15,0.026470942179564583
2021-03-16,-0.003657448249595574
2021-03-17,0.028703572538339106
2021-03-18,-0.04300318395632008
2021-03-19,-0.0020645412842499322
2021-03-22,0.02009708120696052
2021-03-23,-0.027854717484300573
2021-03-24,-0.020095418679961896
2021-03-25,0.006864760671405179
2021-03-26,0.028976432915874595
2021-03-29,0.009666390683910508
2021-03-30,-0.022532767976207846
2021-03-31,0.005247848251531018
2021-04-01,0.0037831687796343605
2021-04-05,0.02027667585611881
2021-04-06,-0.01213467656998346
2021-04-07,0.006496998142262678
2021-04-08,-0.011270486987427497
2021-04-09,-0.0024980833637515687
2021-04-12,-0.004987683745584004
2021-04-13,0.008967895279236915
2021-04-14,0.00863659212565926
2021-04-15,0.028015628891545408
2021-04-16,0.016092433884034918
2021-04-19,-0.005789830804035834
2021-04-20,0.009465845576853704
2021-04-21,0.004083959068801324
2021-04-22,-0.03168932920626921
2021-04-23,-0.003649856390602557
2021-04-26,0.025642586492399033
2021-04-27,-0.018676297857467494
2021-04-28,-0.00821462983018384
2021-04-29,-0.005678834540233102
2021-04-30,-0.007628905138412301
2021-05-03,0.015208838994384521
2021-05-04,-0.007040286872337598
2021-05-05,-0.005688524386467941
2021-05-06,0.033705011341404134
2021-05-07,-0.003870223433175668
2021-05-10,0.011253135043041596
2021-05-11,-0.0022892058019042816
2021-05-12,0.01187173649668738
2021-05-13,0.019777513532640345
2021-05-14,-0.001063437615939966
2021-05-17,0.013762519445338572
2021-05-18,-0.014339490610061456
2021-05-19,-0.01152608598586291
2021-05-20,0.00576169481974631
2021-05-21,-0.012645950417599194
2021-05-24,-0.012334202256397808
2021-05-25,-0.004875446926668858
2021-05-26,-0.0017468476217857853
2021-05-27,-0.0036608328311593663
2021-05-28,0.014313483362365709
2021-06-01,0.0015922532997139083
2021-06-02,0.004232630422641659
2021-06-03,0.0005936180039380901
2021-06-04,0.012320539053086499
2021-06-07,0.006055942320168484
2021-06-08,-0.016641004114882008
2021-06-09,0.030468632259862627
2021-06-10,0.01952671813023521
2021-06-11,-0.012198327534164943
2021-06-14,0.006088944591477574
2021-06-15,-0.002382986584689606
2021-06-16,-0.007412364832596441
2021-06-17,0.023740316420657326
2021-06-18,0.0035633463689823675
2021-06-21,-0.00678542439366725
2021-06-22,-0.0004678470296008985
2021-06-23,-0.007902453392533038
2021-06-24,0.027652069922602163
2021-06-25,0.01120386650642402
2021-06-28,-0.014258374748272629
2021-06-29,0.00604369913633418
2021-06-30,0.02300464673305025
2021-07-01,0.028789292182145987
2021-07-02,0.015697406466828268
2021-07-06,-0.0023816070431222913
2021-07-07,0.00626870607393637
2021-07-08,-0.01874035756894732
2021-07-09,0.00953178056837678
2021-07-12,-0.010975254822810365
2021-07-13,0.0051913955258038325
2021-07-14,0.007018912730408111
2021-07-15,0.01421542361718009
2021-07-16,-0.010316963626419984
2021-07-19,0.0034119449765370735
2021-07-20,0.003434541145052039
2021-07-21,-0.005994173729420793
2021-07-22,0.005413689235448604
2021-07-23,-0.0009031241839553283
2021-07-26,-0.014615758460403416
2021-07-27,0.005590316276481211
2021-07-28,0.009294085016296805
2021-07-29,-0.005593421154804767
2021-07-30,-0.014610821708238242
2021-08-02,0.0043855981872207295
2021-08-03,0.016252915941249446
2021-08-04,-0.00947981245741103
2021-08-05,0.03704269869741461
2021-08-06,0.013926023631258166
2021-08-09,0.005042211298961874
2021-08-10,0.0016939377822793311
2021-08-11,-0.010618271771348442
2021-08-12,-0.0007396369351327925
2021-08-13,0.027615129477911893
2021-08-16,0.006098053160455086
2021-08-17,0.029971400866805054
2021-08-18,-0.018333748486895285
2021-08-19,0.031562217938262194
2021-08-20,0.011652942477896833
2021-08-23,0.006060777190564304
2021-08-24,0.003986429099473998
2021-08-25,-0.0011493483174028762
2021-08-26,-0.005095841067123019
2021-08-27,-0.0037250735573556293
2021-08-30,0.020790439760145052
2021-08-31,-0.005435111268958903
2021-09-01,0.011226556845072233
2021-09-02,-0.007650933710512731
2021-09-03,0.0056530369438621
2021-09-07,-0.015833642773558254
2021-09-08,0.0005681040333189724
2021-09-09,-0.034489432020972766
2021-09-10,0.006779022655220235
2021-09-13,-0.016864209416264986
2021-09-14,0.008803512600379149
2021-09-15,0.0106176843390271
2021-09-16,0.0018098324215332084
2021-09-17,-0.001990217574633135
2021-09-20,-0.01685894980358582
2021-09-21,0.009455568292900063
2021-09-22,0.00017000288257529306
2021-09-23,-0.0008498699325382164
2021-09-24,-0.01177103082478348
2021-09-27,-0.03103761792092463
2021-09-28,-0.022727697394028135
2021-09-29,0.002810016595860665
2021-09-30,-0.0025055554591592033
2021-10-01,-0.05682591966876804
2021-10-04,-0.02692770911224518
2021-10-05,-0.008137927462681493
2021-10-06,-0.007859848569013672
2021-10-07,0.009971314568116618
2021-10-08,-0.0036229827291591743
2021-10-11,-0.006836223404687369
2021-10-12,-0.0033317826768364256
2021-10-13,0.004922480598368972
2021-10-14,0.015535886858293102
2021-10-15,-0.004283456281945375
2021-10-18,-0.01764152676917241
2021-10-19,0.01587913282123643
2021-10-20,0.01919911174510025
2021-10-21,0.011835511450587699
2021-10-22,0.005251513462230184
2021-10-25,0.0067090504225115755
2021-10-26,0.02768131540951413
2021-10-27,-0.004306338340064886
2021-10-28,0.060362944375580874
2021-10-29,0.023592846354669517
2021-11-01,-0.0012345213800395438
2021-11-02,-0.0005944671274424884
2021-11-03,0.020868070333718514
2021-11-04,-0.006854722108003974
2021-11-05,-0.0557262147334423
2021-11-08,0.018379877762388475
2021-11-09,-0.010388973514815047
2021-11-10,0.009556905225502677
2021-11-11,0.007136025562798798
2021-11-12,0.007276896534749833
2021-11-15,0.02618812065036291
2021-11-16,-0.007688351477107114
2021-11-17,-0.0014312803555509568
2021-11-18,0.010407699998712605
2021-11-19,0.0064300354722175435
2021-11-22,-0.013850486167049425
2021-11-23,0.00882484836912667
2021-11-24,-0.0017557513889212562
2021-11-26,-0.007451674169298372
2021-11-29,0.0171758047237196
2021-11-30,-0.027307457987339134
2021-12-01,-0.00933187656073331
2021-12-02,0.005407592623040136
2021-12-03,0.001829648374076509
2021-12-06,-0.01599601224694236
2021-12-07,0.016144114473385596
2021-12-08,0.029838297227684052
2021-12-09,0.01785808532308608
2021-12-10,0.005708237351761847
2021-12-13,-0.0139951113324156
2021-12-14,0.01639010346852543
2021-12-15,-0.019434423495240827
2021-12-16,-0.03980665704789199
2021-12-17,-0.019723314398827463
2021-12-20,-0.026062543621397816
2021-12-21,0.006084769506235821
2021-12-22,0.017583721247360407
2021-12-23,0.012793957876292339
2021-12-27,0.015014905098659437
2021-12-28,0.005813196711495605
2021-12-29,0.013814440283087315
2021-12-30,-0.007369276331882557
2021-12-31,-0.017104811311633328
2022-01-03,-0.006999020478274498
2022-01-04,-0.016392898632579866
2022-01-05,-0.0351803709421995
2022-01-06,0.005578610649917826
2022-01-07,0.008839605425017272
2022-01-10,0.029052910694423284
2022-01-11,0.007758184085260522
2022-01-12,0.008545120274232154
2022-01-13,-0.02427790497891147
2022-01-14,-0.0014121068067323161
2022-01-18,-0.0065340244385764246
2022-01-19,0.011272580458136838
2022-01-20,-0.00603453918167951
2022-01-21,0.011426191390075502
2022-01-24,0.00012863253958061982
2022-01-25,-0.029429624498412355
2022-01-26,0.0034151759305689477
2022-01-27,0.005733091450367489
2022-01-28,0.026613210131940512
2022-01-31,-0.02613123164627973
2022-02-01,0.007837764233905142
2022-02-02,0.0154719990484542
2022-02-03,-0.003467745057750826
2022-02-04,0.003657204680401538
2022-02-07,-0.0009632123426367434
2022-02-08,-0.007101935097102996
2022-02-09,0.0029614457401732075
2022-02-10,-0.002501007276088485
2022-02-11,0.03265827105728403
2022-02-14,-0.023307824127889565
2022-02-15,0.010616962286289944
2022-02-16,0.001190180534672125
2022-02-17,-0.0066255206670514655
2022-02-18,-0.01849300098809814
2022-02-22,-0.019898198180629323
2022-02-23,0.010101293119419763
2022-02-24,0.0013136651730689675
2022-02-25,0.01456254306518212
2022-02-28,-0.0004848546964375533
2022-03-01,-0.018322560926241627
2022-03-02,0.016209955794237674
2022-03-03,-0.009272604839180909
2022-03-04,0.015151701786163763
2022-03-07,-0.0029334770739730676
2022-03-08,-0.006223879592838211
2022-03-09,0.014136010716701897
2022-03-10,0.011116009934696525
2022-03-11,0.019385790246139845
2022-03-14,0.021522507505232102
2022-03-15,0.014503158702296126
2022-03-16,0.0180949991360706
2022-03-17,0.010693571408388669
2022-03-18,0.0010361865904002787
2022-03-21,0.010583931543460157
2022-03-22,-0.0008077816861614684
2022-03-23,-0.033812700634120674
2022-03-24,0.015749741066508838
2022-03-25,0.0003971552841146586
2022-03-28,0.019660877095622586
2022-03-29,0.007254168554094997
2022-03-30,-0.008662289282255098
2022-03-31,0.008723483191387826
2022-04-01,-0.005140136998461831
2022-04-04,0.005152248629908929
2022-04-05,-0.009936812107047444
2022-04-06,0.024426229711340675
2022-04-07,0.01897340859427299
2022-04-08,0.023607669087998717
2022-04-11,-0.022291732332873737
2022-04-12,-0.009108945050125938
2022-04-13,0.022492696560136638
2022-04-14,0.0015439575923861248
2022-04-18,-0.013396686380789724
2022-04-19,-0.009651543277919505
2022-04-20,0.0047472270171420305
2022-04-21,-0.018773910287110174
2022-04-22,-0.025534163345905636
2022-04-25,0.0032699347987703575
2022-04-26,-0.022467574793504586
2022-04-27,-0.0019411792661774285
2022-04-28,0.0030734156588170247
2022-04-29,-0.024379087513441977
2022-05-02,-0.010756898749745725
2022-05-03,0.012990405648156012
2022-05-04,0.0005601559800427758
2022-05-05,-0.032518183069292106
2022-05-06,-0.025525146505151364
2022-05-09,-0.03736457027964191
2022-05-10,0.025543129919425756
2022-05-11,-0.0033166650978213585
2022-05-12,0.034108246355371685
2022-05-13,0.018234498610179006
2022-05-16,0.014701370355523213
2022-05-17,0.019160071387858357
2022-05-18,-0.012523249650940094
2022-05-19,-0.0031098661536632655
2022-05-20,0.006071677874726511
2022-05-23,0.03141537921195536
2022-05-24,0.0060273134574577725
2022-05-25,0.007084275452931221
2022-05-26,-0.010768880777351608
2022-05-27,0.013695468805088984
2022-05-31,-0.0405023346786465
2022-06-01,-0.008755301154756534
2022-06-02,-0.042827572210067166
2022-06-03,-0.0005550755252062833
2022-06-06,-0.03382238825910866
2022-06-07,0.008127654737926093
2022-06-08,-0.010130667548669092
2022-06-09,-0.05311311377842498
2022-06-10,-0.006377229791701744
2022-06-13,-0.03936620524089962
2022-06-14,-0.001729485782717699
2022-06-15,0.023415742125588723
2022-06-16,-0.007911821228285043
2022-06-17,0.04346656998634435
2022-06-21,0.01156726379117834
2022-06-22,-0.0014122288814761852
2022-06-23,0.03501794846898032
2022-06-24,0.008396576194485306
2022-06-27,-0.016473653974924285
2022-06-28,-0.013247223905678562
2022-06-29,0.0053834746222996
2022-06-30,-0.010859740277296748
2022-07-01,0.007223575394411652
2022-07-05,0.0019481621518104841
2022-07-06,-0.002782572653698412
2022-07-07,0.021096046254449385
2022-07-08,0.023244573868118845
2022-07-11,-0.011438666786008134
2022-07-12,-0.007111964357804146
2022-07-13,-0.013227516412256612
2022-07-14,-0.005249125027220636
2022-07-15,0.014494197762746186
2022-07-18,-0.03430223860486503
2022-07-19,0.015391205126980001
2022-07-20,-0.00191359068556185
2022-07-21,-0.003615988952237137
2022-07-22,-0.010684644763067408
2022-07-25,0.001996271232245661
2022-07-26,-0.008037125014499047
2022-07-27,0.009183628550785805
2022-07-28,-0.009423196322541294
2022-07-29,-0.0011675997480674605
2022-08-01,-0.008612880895971897
2022-08-02,-0.0029825056124956895
2022-08-03,0.05880408682953275
2022-08-04,0.010168004260353358
2022-08-05,-0.0021953217293856353
2022-08-08,0.02773749230974243
2022-08-09,-0.013446840128927717
2022-08-10,0.031085744843734497
2022-08-11,-0.027420526983601756
2022-08-12,0.0077095889373530735
2022-08-15,0.02319022381259117
2022-08-16,0.008410074850094373
2022-08-17,-0.019053584568284432
2022-08-18,-0.018087719848334016
2022-08-19,-0.010354888017870545
2022-08-22,-0.010123641010911122
2022-08-23,-0.015634636536346336
2022-08-24,0.00043150393137869614
2022-08-25,0.001675519444534146
2022-08-26,-0.012620081440283926
2022-08-29,-0.005719705579143364
2022-08-30,-0.007389028030584055
2022-08-31,-0.012457759090838683
2022-09-01,0.03367982807383685
2022-09-02,-0.033315011809129214
2022-09-06,-0.011453247899628205
2022-09-07,0.03914842832710308
2022-09-08,0.18846819464276288
2022-09-09,0.021824100831452364
2022-09-12,-0.01874867179093065
2022-09-13,-0.013155294354102898
2022-09-14,-0.0053750056174162175
2022-09-15,0.011797199897739086
2022-09-16,0.006304471971424697
2022-09-19,0.007095617119990072
2022-09-20,-0.015545069047081639
2022-09-21,-0.02781803166902108
2022-09-22,0.005302136874694607
2022-09-23,0.013178228258644564
2022-09-26,-0.016104360709032095
2022-09-27,0.012986444157282007
2022-09-28,0.014978266771624726
2022-09-29,-0.019279367808108794
2022-09-30,-0.004264065426629493
2022-10-03,0.06715349958992767
2022-10-04,0.0059988337520546775
2022-10-05,0.008302504770872021
2022-10-06,-0.01853336246552928
2022-10-07,-0.012966998780706063
2022-10-10,0.011835951890264873
2022-10-11,0.008879302115658794
2022-10-12,-0.012679504864538282
2022-10-13,0.03365103484869936
2022-10-14,-0.02192518139911559
2022-10-17,-0.00013570188557432417
2022-10-18,-0.018003730645095528
2022-10-19,-0.018458381604709917
2022-10-20,-0.004905749033306317
2022-10-21,0.011361590924461318
2022-10-24,0.03255316277875919
2022-10-25,0.013809914553701619
2022-10-26,-0.01786372091827182
2022-10-27,-0.01239812590948397
2022-10-28,0.035702543480099935
2022-10-31,-0.0026772822076046587
2022-11-01,0.014904808462327335
2022-11-02,-0.025568852687699928
2022-11-03,-0.002430863787320492
2022-11-04,0.002071310620365807
2022-11-07,0.014482350957721879
2022-11-08,0.0013583473771694443
2022-11-09,-0.011968838970772167
2022-11-10,-0.002517024141650559
2022-11-11,-0.008946445702415762
2022-11-14,0.010293451106107243
2022-11-15,-0.01789743771208152
2022-11-16,0.009523543164890569
2022-11-17,0.004635194818365607
2022-11-18,-0.0031796898665800155
2022-11-21,0.0030540879194842496
2022-11-22,0.013870465572840773
2022-11-23,-0.0185123691494824
2022-11-25,0.0011831118379848071
2022-11-28,0.007130933715959742
2022-11-29,-0.007282673536653461
2022-11-30,0.021220468807294335
2022-12-01,0.012691275341555341
2022-12-02,0.006765277551652016
2022-12-05,-0.014274727837264578
2022-12-06,-0.01056332921850811
2022-12-07,0.022475867099306157
2022-12-08,0.0015047310939828584
2022-12-09,-0.02006745363911655
2022-12-12,-0.010105828541997153
2022-12-13,0.006841912025941532
2022-12-14,0.0032639720510265757
2022-12-15,-0.024973302869580438
2022-12-16,-0.011076656539533491
2022-12-19,-0.002862364698658748
2022-12-20,0.017237577463937503
2022-12-21,0.0036262749868043453
2022-12-22,-0.0034909627453560965
2022-12-23,-0.009378220290567008
2022-12-27,-0.021176791405551842
2022-12-28,0.002361858061545208
2022-12-29,0.011584298133574977
2022-12-30,0.00027721590715268363
2023-01-03,-0.001413689245400418
2023-01-04,0.008355675165057752
2023-01-05,-0.0037577927548441137
2023-01-06,0.01850069278869748
2023-01-09,-0.07686372489003601
2023-01-10,0.027127612546862467
2023-01-11,0.015723515238008634
2023-01-12,0.006521781110921943
2023-01-13,0.010579737876097228
2023-01-17,0.008280952842259826
2023-01-18,-0.0048893503517178916
2023-01-19,-0.012393838237950039
2023-01-20,0.008985868462602964
2023-01-23,0.010955662879910122
2023-01-24,-0.003342898246745607
2023-01-25,0.018846102460606584
2023-01-26,0.0015110631141146413
2023-01-27,0.0007141139792201656
2023-01-30,-0.008575281966835768
2023-01-31,0.029886147968166243
2023-02-01,-0.0006196481812087429
2023-02-02,-0.008970969904569581
2023-02-03,0.04250532417480479
2023-02-06,-0.0028986907202508405
2023-02-07,-0.013984575738759775
2023-02-08,-0.026339670468545018
2023-02-09,-0.006522883363291876
2023-02-10,0.017240085711879072
2023-02-13,0.008394821845424394
2023-02-14,-0.012775289069495432
2023-02-15,-0.002399919564473163
2023-02-16,-0.021358233104935898
2023-02-17,0.016853777084186117
2023-02-21,-0.0029649637770394754
2023-02-22,0.0020897304289559937
2023-02-23,0.015479569419531991
2023-02-24,-0.00351475540645918
2023-02-27,0.001056811693474602
2023-02-28,0.003470607737974918
2023-03-01,0.01317699979459741
2023-03-02,-0.0019988732208184867
2023-03-03,0.013525825583681428
2023-03-06,0.001385863687748179
2023-03-07,-0.008367750284302589
2023-03-08,-0.037022630921209054
2023-03-09,-0.0019458429494813023
2023-03-10,0.004369812791433336
2023-03-13,0.007135208121844094
2023-03-14,0.019233503923953066
2023-03-15,-0.008476832799914513
2023-03-16,-0.013876045841327955
2023-03-17,-0.002800888584781114
2023-03-20,0.015515323275809179
2023-03-21,0.0006716505198882672
2023-03-22,-0.011135132269923798
2023-03-23,0.06769606706635067
2023-03-24,0.02223988964136492
2023-03-27,0.0005000058218322945
2023-03-28,0.007996020453662656
2023-03-29,-0.009214366839588095
2023-03-30,-0.009580776417874248
2023-03-31,0.012532351698066213
2023-04-03,0.005501026805699416
2023-04-04,-0.004962522359093446
2023-04-05,0.003807253324208837
2023-04-06,0.004253462771112826
2023-04-10,-0.005997053871494407
2023-04-11,-0.005001456615915334
2023-04-12,0.0009637870116576686
2023-04-13,0.012091202674848756
2023-04-14,-0.0012283526342801165
2023-04-17,-0.01156359356547898
2023-04-18,-0.014309375913682976
2023-04-19,0.001051966445542618
2023-04-20,-0.013302683221560807
2023-04-21,0.003295316020890837
2023-04-24,-0.004608348470667489
2023-04-25,-0.00935950014682052
2023-04-26,-0.01466604675765526
2023-04-27,0.01836753381592615
2023-04-28,0.011990564766036771
2023-05-01,0.006148707580596824
2023-05-02,-0.010251376541021928
2023-05-03,0.005911430718160693
2023-05-04,-0.06136923952787432
2023-05-05,0.010903573860357119
2023-05-08,-0.013095428734709258
2023-05-09,0.0036696123385557833
2023-05-10,-0.007007701320405846
2023-05-11,-0.005362922350955812
2023-05-12,-0.0016363829648379236
2023-05-15,0.008880338627199613
2023-05-16,-0.011558530807154965
2023-05-17,0.009901887295265865
2023-05-18,-0.0028681227695995792
2023-05-19,0.015478731104486387
2023-05-22,-0.009946707758986761
2023-05-23,-0.003912161564551875
2023-05-24,-0.014908592368091944
2023-05-25,-0.016815793355005604
2023-05-26,6.888601188492771e-05
2023-05-30,0.004896225644225538
2023-05-31,0.009552542216267446
2023-06-01,-0.005968284916043509
2023-06-02,0.012008238420319284
2023-06-05,0.01394690668367482
2023-06-06,-0.002839000866171837
2023-06-07,-0.012711580158471958
2023-06-08,0.015555809479553595
2023-06-09,-0.004799166716029868
2023-06-12,0.010033231214828797
2023-06-13,0.0176919870661858
2023-06-14,0.00490005905434554
2023-06-15,0.015510071839606177
2023-06-16,-2.54797958896269e-05
2023-06-20,-0.002349828534581322
2023-06-21,-0.0031233006485945625
2023-06-22,0.0013354086447119329
2023-06-23,-0.0001025807093170128
2023-06-26,0.0059635569565803515
2023-06-27,-0.08706231460952074
2023-06-28,-0.02242737376856585
2023-06-29,0.011985128096400732
2023-06-30,0.014285310698099352
2023-07-03,-0.0006261442613890722
2023-07-05,-0.0003621485320369766
2023-07-06,-0.018110149749678284
2023-07-07,-0.017564538553456632
2023-07-10,0.015755678052676414
2023-07-11,0.01915092329214807
2023-07-12,0.0022181206944880127
2023-07-13,0.0035633395597567397
2023-07-14,-0.0034119772600497145
2023-07-17,0.004300421302613877
2023-07-18,0.006845816710157271
2023-07-19,-0.010377828957676583
2023-07-20,0.005577136455936271
2023-07-21,0.016057658382447437
2023-07-24,-0.010209199401682856
2023-07-25,0.0037820093957665613
2023-07-26,0.0014797001590471925
2023-07-27,0.01874238834601094
2023-07-28,0.0019338571380196345
2023-07-31,-0.005615892170932835
2023-08-01,-0.00382801604857963
2023-08-02,-0.009403718690225271
2023-08-03,0.05372075726215053
2023-08-04,-0.006494219488545228
2023-08-07,0.010829182150834837
2023-08-08,0.007202440634433538
2023-08-09,0.006779314576494944
2023-08-10,0.009419480534049951
2023-08-11,0.017578564559623144
2023-08-14,0.0017720643206862174
2023-08-15,-0.0030554996760672193
2023-08-16,-0.010633880204714119
2023-08-17,-0.0007650675983701394
2023-08-18,0.01966792751988833
2023-08-21,0.03935241722899541
2023-08-22,-0.004429248114365736
2023-08-23,0.00021412582458646412
2023-08-24,-0.011417502119690282
2023-08-25,-0.0010347541315797182
2023-08-28,0.0006503303505702718
2023-08-29,-0.0008424565700636544
2023-08-30,0.005733638142431774
2023-08-31,-0.010132303580604463
2023-09-01,0.0062190255781224835
2023-09-05,-0.010485458900276079
2023-09-06,-0.0054926632845905266
2023-09-07,0.008394546057862051
2023-09-08,0.006579753892582252
2023-09-11,0.0034188230663649843
2023-09-12,-0.0009117470422924656
2023-09-13,-0.00782935087162806
2023-09-14,0.007419057920311278
2023-09-15,-0.010788287955421527
2023-09-18,0.0013479866832146747
2023-09-19,0.014857330257612933
2023-09-20,-0.006142696550234472
2023-09-21,-0.009908371555396145
2023-09-22,0.0017731268773595321
2023-09-25,0.011881197816356215
2023-09-26,-0.0026719129641419315
2023-09-27,0.00018021251842470498
2023-09-28,0.0024142362086176927
2023-09-29,-0.013911291963765393
2023-10-02,-0.005990610884496261
2023-10-03,-0.011882244172508716
2023-10-04,0.008264200611758588
2023-10-05,0.01979169850496243
2023-10-06,0.006557368357218207
2023-10-09,-0.005677912824734732
2023-10-10,0.003774859336750813
2023-10-11,0.0013293971371635127
2023-10-12,0.0028944958460250803
2023-10-13,0.0013595670057189313
2023-10-16,0.004799696411639243
2023-10-17,-0.008072011149398262
2023-10-18,-0.012929351408559553
2023-10-19,-0.021052478711309552
2023-10-20,-0.00021033532855452286
2023-10-23,-0.015993087376718007
2023-10-24,0.010986216011343641
2023-10-25,-0.009001903812784984
2023-10-26,-0.00631074775254048
2023-10-27,-0.021249762664115268
2023-10-30,0.00321218095907172
2023-10-31,0.0028546644313314218
2023-11-01,0.014591805968282134
2023-11-02,0.03477947438320039
2023-11-03,-0.002308254536490084
2023-11-06,0.01898638770066574
2023-11-07,-0.001946162851972244
2023-11-08,-0.009629412986752794
2023-11-09,-0.027382373946409078
2023-11-10,-0.0016495203634083744
2023-11-13,-0.002803639230663846
2023-11-14,-0.003765570804669216
2023-11-15,-0.001663076712738798
2023-11-16,0.005249963581076322
2023-11-17,0.0073945016091623295
2023-11-20,-0.0009844577408910649
2023-11-21,-0.003505304376347218
2023-11-22,0.0011265747836033402
2023-11-24,-0.0017880626841327851
2023-11-27,-0.0002756206025288366
2023-11-28,0.0038342148594403547
2023-11-29,0.00929930065592055
2023-11-30,0.01882280775441303
2023-12-01,-0.010864113514800655
2023-12-04,0.0103821107367561
2023-12-05,-0.0029392460903284734
2023-12-06,0.018089848686491328
2023-12-07,0.016069358582650795
2023-12-08,-0.010645487646464447
2023-12-11,0.009855459812547762
2023-12-12,0.01808068766026505
2023-12-13,0.014309530503870516
2023-12-14,-0.00013699127754673857
2023-12-15,-0.019246592861965173
2023-12-18,-0.009625893669643837
2023-12-19,-0.0029146415710177287
2023-12-20,-0.007779418749671807
2023-12-21,0.00010695173168739913
2023-12-22,0.005748967728094634
2023-12-26,0.003318751826061561
2023-12-27,0.029239576491367547
2023-12-28,0.008383273184319417
2023-12-29,-0.003867568340333749
2024-01-02,0.030411348664324933
2024-01-03,0.013878537017693926
2024-01-04,-0.005874320347932782
2024-01-05,0.0010962979563258202
2024-01-08,-0.011268464478938367
2024-01-09,-0.0002104120476623672
2024-01-10,0.003844014704008858
2024-01-11,0.010825905174515649
2024-01-12,0.018810718940587723
2024-01-16,0.004414916351973774
2024-01-17,-0.008737673703013926
2024-01-18,0.0009363080006707936
2024-01-19,0.003655977354829032
2024-01-22,0.010102835488725148
2024-01-23,0.012462459616336297
2024-01-24,-0.006641714847187452
2024-01-25,0.0006644232645991455
2024-01-26,-0.009295297879243547
2024-01-29,0.016754451580248908
2024-01-30,0.0041116991868555
2024-01-31,-0.01766113855042095
2024-02-01,0.015910358443012695
2024-02-02,-0.013155401725438387
2024-02-05,-0.009363251255897431
2024-02-06,0.001580542773291782
2024-02-07,0.0007251322578325503
2024-02-08,0.008460376475992737
2024-02-09,0.007385684657539748
2024-02-12,-0.006670722873591939
2024-02-13,-0.0069478475857699395
2024-02-14,0.007804522441150041
2024-02-15,0.007290391478285807
2024-02-16,-0.00699671617248987
2024-02-20,-0.0012446714119118685
2024-02-21,0.006305058732762214
2024-02-22,0.012646406517450526
2024-02-23,0.016903391962755476
2024-02-26,0.008234890651400928
2024-02-27,0.004114037623727196
2024-02-28,-0.005778370555448498
2024-02-29,-0.021789932411801716
2024-03-01,0.017317117888072664
2024-03-04,-0.011833256082758759
2024-03-05,-0.006157379897660187
2024-03-06,0.007138243166457281
2024-03-07,0.001244791594524397
2024-03-08,-0.0046028514186005065
2024-03-11,-0.004531208177514512
2024-03-12,0.0063560163692630844
2024-03-13,-0.005254640517649678
2024-03-14,-0.006659987175630766
2024-03-15,0.005661920064818471
2024-03-18,-0.0047176360722808175
2024-03-19,0.003896142648540435
2024-03-20,0.003424498101978646
2024-03-21,0.0010858282169756706
2024-03-22,-0.0007953892712861954
2024-03-25,-0.0063583081676139575
2024-03-26,0.0025595597707483986
2024-03-27,0.002854042396745138
2024-03-28,-0.003942877396660882
2024-04-01,0.007085797278577166
2024-04-02,-0.015093264069421464
2024-04-03,-0.003906949693038175
2024-04-04,-0.01464857476944681
2024-04-05,0.006061797611532249
2024-04-08,-0.004476576063033422
2024-04-09,0.005764699890156821
2024-04-10,-0.008147159040914342
2024-04-11,-0.01696214218009351
2024-04-12,-0.016972383441676397
2024-04-15,-0.006786749926125046
2024-04-16,-0.004919005131927223
2024-04-17,0.007884617411788142
2024-04-18,-0.007989462927981972
2024-04-19,0.003165658845216468
2024-04-22,0.0037242218211512856
2024-04-23,0.007954205879763254
2024-04-24,-0.000859722438829813
2024-04-25,-0.017495096985803316
2024-04-26,-0.008398044812798267
2024-04-29,0.010507219486227015
2024-04-30,-0.0020392834137619165
2024-05-01,0.01439383038308728
2024-05-02,0.037776194111697636
2024-05-03,0.020680239603823924
2024-05-06,0.001713708484730958
2024-05-07,0.011818762628837298
2024-05-08,-0.014649885012025687
2024-05-09,0.012806540469217254
2024-05-10,0.005991720279069357
2024-05-13,0.003245037304007603
2024-05-14,0.00786110449138322
2024-05-15,-0.006530261619468569
2024-05-16,-0.010457921922625402
2024-05-17,0.014783380907473775
2024-05-20,0.00506982347209628
2024-05-21,0.006766106815750739
2024-05-22,-0.010211770515797913
2024-05-23,-0.003283160424199183
2024-05-24,0.004538125698598128
2024-05-28,-0.012040390754885721
2024-05-29,-0.00685395873033845
2024-05-30,0.00353852622833295
2024-05-31,0.010568051210062546
2024-06-03,0.009508655562848967
2024-06-04,0.003850509836425653
2024-06-05,0.012664948816642374
2024-06-06,-0.005050337568406116
2024-06-07,0.0021583633107713496
2024-06-10,-0.0012165104913731684
2024-06-11,0.008794777327687964
2024-06-12,0.01695138012160946
2024-06-13,-0.0010897550046364834
2024-06-14,0.00971201180589909
2024-06-17,0.00853826346601072
2024-06-18,-0.005988362616486276
2024-06-20,0.00508132774911485
2024-06-21,0.00837804900060446
2024-06-24,0.010207542476701414
2024-06-25,0.006861526060187861
2024-06-26,-0.0018948698074059411
2024-06-27,-0.017116315173941188
2024-06-28,0.00016179544722283445
2024-07-01,0.005699076773787226
2024-07-02,-0.011693135926668874
2024-07-03,-0.019690684515970003
2024-07-05,0.009901426791566692
2024-07-08,0.017423603299587587
2024-07-09,0.0016917804689453586
2024-07-10,0.016213801903931957
2024-07-11,0.00854255552815375
2024-07-12,0.018310114346715034
2024-07-15,-0.01630831198805982
2024-07-16,0.011902774233366387
2024-07-17,-0.008557217645522086
2024-07-18,-0.016911938064804732
2024-07-19,-0.003429449128461659
2024-07-22,0.005772936607606471
2024-07-23,-0.013246363806652672
2024-07-24,0.0050116015845738104
2024-07-25,0.0031389443251614857
2024-07-26,0.013568961463624962
2024-07-29,-0.0013350313637043865
2024-07-30,0.0005663627353320599
2024-07-31,0.0012896084700984023
2024-08-01,0.012926433412999705
2024-08-02,-0.010017113614219975
2024-08-05,-0.010081257922729514
2024-08-06,-0.004751401265166377
2024-08-07,0.0015100771502123411
2024-08-08,0.04265780488677229
2024-08-09,0.016068634975775264
2024-08-12,-0.008972499483854035
2024-08-13,0.03321766128901937
2024-08-14,-0.0012690638295039802
2024-08-15,0.015965616717695363
2024-08-16,0.003386357981624455
2024-08-19,0.014898472910678473
2024-08-20,-0.0038850204933373877
2024-08-21,-0.005779159276475654
2024-08-22,0.001957342652793015
2024-08-23,0.00964906847117919
2024-08-26,0.0002085521489088027
2024-08-27,0.001992722302588845
2024-08-28,-0.0020552719232315164
2024-08-29,-0.016976778057996578
2024-08-30,0.004885802567517583
2024-09-03,-0.01340421132920322
2024-09-04,0.00903471938727951
2024-09-05,-0.02442830474554336
2024-09-06,-0.01656594220591623
2024-09-09,0.011727885872478527
2024-09-10,-0.0073552432693220204
2024-09-11,0.004488050984362557
2024-09-12,0.020158539733217795
2024-09-13,-0.009540879972256833
2024-09-16,-0.00023402185286514054
2024-09-17,-0.005489707422256851
2024-09-18,-0.0069237903781473875
2024-09-19,0.009992782220292318
2024-09-20,-0.004486194792846843
2024-09-23,-0.04633070735500566
2024-09-24,-0.0421252931338304
2024-09-25,-0.014178037873870064
2024-09-26,0.00854379120347537
2024-09-27,0.0026251587978012303
2024-09-30,0.008199883308269262
2024-10-01,-0.004118878185863095
2024-10-02,-0.006342482354873891
2024-10-03,-0.0246859408829897
2024-10-04,-0.0017445026059258462
2024-10-07,-0.01655771387742022
2024-10-08,0.00924648235189518
2024-10-09,0.006893731342592968
2024-10-10,-0.013011363825322309
2024-10-11,0.01666629601999614
2024-10-14,-0.0013980831659723414
2024-10-15,0.0022480544046785678
2024-10-16,-0.008430652040708031
2024-10-17,-0.009653229272908681
2024-10-18,-0.007563436106196697
2024-10-21,-0.022388641536840836
2024-10-22,-0.006360337208399236
2024-10-23,-0.02176981557684876
2024-10-24,-0.013267611611461616
2024-10-25,0.004435353581675239
2024-10-28,-0.004726635118593947
2024-10-29,-0.0013784235261318223
2024-10-30,-0.004895755803834723
2024-10-31,-0.09166759355596055
2024-11-01,0.006442324514582154
2024-11-04,-0.017496429229827304
2024-11-05,0.0007118446819884827
2024-11-06,-0.015408222598716659
2024-11-07,0.009587945358161987
2024-11-08,0.00477876915534825
2024-11-11,-0.0033074710590741407
2024-11-12,-0.005668074234234433
2024-11-13,-0.020304479221731175
2024-11-14,-0.027128140215031182
2024-11-15,-0.03284302553040985
2024-11-18,0.006857686863839474
2024-11-19,-0.02283466793122546
2024-11-20,-0.0016787912702853625
2024-11-21,0.0015470786149769378
2024-11-22,-0.008730657067399616
2024-11-25,0.015596207018376163
2024-11-26,0.004696426296655565
2024-11-27,0.0024435059140661686
2024-11-29,-0.006160115657130261
2024-12-02,0.01615536984039445
2024-12-03,-0.016751061437659143
2024-12-04,0.006256827636189177
2024-12-05,0.018084055564675294
2024-12-06,0.013152735021589868
2024-12-09,0.012853442529013215
2024-12-10,-0.012055920457332725
2024-12-11,-0.007064822337363941
2024-12-12,-0.04143597437164881
2024-12-13,-0.013050499951018368
2024-12-16,-0.008792502612651631
2024-12-17,0.020886592013817484
2024-12-18,-0.034310426136941685
2024-12-19,-0.008913881722752648
2024-12-20,-0.009036310902396205
2024-12-23,0.01892144617472935
2024-12-24,-0.0009229406992627975
2024-12-26,0.0030932170322335306
2024-12-27,-0.005971963794852098
2024-12-30,-0.013770356259127148
2024-12-31,0.013863057822543157
