Date,RTX
2015-01-05,-0.016690001166725033
2015-01-06,-0.014144450421541777
2015-01-07,0.01085022883227138
2015-01-08,0.017032006432741387
2015-01-09,-0.005495318517885317
2015-01-12,0.00377095862930088
2015-01-13,-0.0009606243560581484
2015-01-14,-0.007171787529344997
2015-01-15,0.0
2015-01-16,0.023167619075115553
2015-01-20,0.01188153441898776
2015-01-21,0.012762391006404084
2015-01-22,0.01192991238753427
2015-01-23,-0.0039019409610184796
2015-01-26,-0.010252051246012472
2015-01-27,0.0034527262619319377
2015-01-28,-0.01879793441842681
2015-01-29,-0.0040200130334066
2015-01-30,-0.014340736499655171
2015-02-02,0.015682448602197363
2015-02-03,0.019814223663891628
2015-02-04,-0.009252151096742267
2015-02-05,0.019695951968803582
2015-02-06,-0.0024978196216380866
2015-02-09,-0.004089588623428675
2015-02-10,0.0006702815699251019
2015-02-11,-0.0005891834159671427
2015-02-12,0.007582483788885153
2015-02-13,0.013880915820865258
2015-02-17,0.000577787988680134
2015-02-18,0.0055220910833462256
2015-02-19,0.007542158048486014
2015-02-20,0.009762415864025265
2015-02-23,-0.0031419401480413667
2015-02-24,0.0005656880729341118
2015-02-25,-0.003393024608535633
2015-02-26,-0.005673811694932307
2015-02-27,-0.006195728610117079
2015-03-02,0.010499993092109916
2015-03-03,-0.012095128171412117
2015-03-04,-0.005423279174735507
2015-03-05,-0.002065651857666273
2015-03-06,-0.011259074768769306
2015-03-09,0.01942567446810539
2015-03-10,-0.03572915787436337
2015-03-11,0.008006879454446114
2015-03-12,0.02450591526955259
2015-03-13,-0.02062058484944207
2015-03-16,0.011200946303635329
2015-03-17,-0.0017487182616555685
2015-03-18,0.0037544283449302274
2015-03-19,-0.00773011679204505
2015-03-20,0.0006701246319986698
2015-03-23,-0.006529258474482713
2015-03-24,0.002021838868173198
2015-03-25,-0.02068603032441252
2015-03-26,-0.0036066486938495235
2015-03-27,0.0074118443024415726
2015-03-30,0.01650963518523252
2015-03-31,-0.013717042481120045
2015-04-01,-0.010921628778662318
2015-04-02,0.01043847584513058
2015-04-06,0.0062321924224613134
2015-04-07,-0.0031390423345950547
2015-04-08,0.002978948578404861
2015-04-09,0.0003391446349445548
2015-04-10,0.004920308607191837
2015-04-13,-0.008863735077582868
2015-04-14,0.0023847568594483892
2015-04-15,0.0015295143442422
2015-04-16,-0.00330846971011467
2015-04-17,-0.020173914629109113
2015-04-20,0.012162234237485414
2015-04-21,0.003776575426185369
2015-04-22,8.534844598129254e-05
2015-04-23,0.002565211995808614
2015-04-24,-0.009380983128673415
2015-04-27,-0.0036158962053703947
2015-04-28,0.002937885342199298
2015-04-29,-0.006030602007080277
2015-04-30,-0.014127134727410673
2015-05-01,0.014857227311865895
2015-05-04,0.00874915291684042
2015-05-05,-0.011850519594988396
2015-05-06,8.681030996204875e-05
2015-05-07,0.008341699425665094
2015-05-08,0.02059644577952624
2015-05-11,-0.006164046893760267
2015-05-12,-0.0028885669185328977
2015-05-13,0.005569273535521058
2015-05-14,0.015080231249943177
2015-05-15,-0.005455694985423087
2015-05-18,0.00016873226886082726
2015-05-19,0.004725725721096419
2015-05-20,-0.0016799458434160197
2015-05-21,0.00210306014245476
2015-05-22,-0.004197293125032142
2015-05-26,-0.014752966888454955
2015-05-27,0.0065883521959622104
2015-05-28,0.00042494419818628337
2015-05-29,-0.004418040939454526
2015-06-01,-0.0014513696304429002
2015-06-02,0.002905902695672813
2015-06-03,0.009971264632472776
2015-06-04,-0.011560118707551692
2015-06-05,-0.0011953969179056
2015-06-08,-0.007008303106948666
2015-06-09,0.0010330544879102455
2015-06-10,0.010317826271910135
2015-06-11,0.0069786768855388814
2015-06-12,-0.006084982152615326
2015-06-15,-0.025425438251302168
2015-06-16,0.002879412874843723
2015-06-17,0.001131238509389787
2015-06-18,0.0072125864853291866
2015-06-19,-0.008713797273054547
2015-06-22,0.0033939816455965666
2015-06-23,-0.00043317500471073966
2015-06-24,-0.010934889142813375
2015-06-25,-0.00587880740593183
2015-06-26,0.001941689627668275
2015-06-29,-0.01752960474018561
2015-06-30,-0.0053797954379295465
2015-07-01,-0.000991899671581975
2015-07-02,-0.011369760599481027
2015-07-06,-0.0018249937909204927
2015-07-07,0.00667472622865084
2015-07-08,-0.01289828675412208
2015-07-09,0.0023002444871063066
2015-07-10,0.011568378093972376
2015-07-13,0.012706219734459845
2015-07-14,-0.0006273433276108298
2015-07-15,-0.0023315851809455612
2015-07-16,8.978718632768334e-05
2015-07-17,-0.004673718097709334
2015-07-20,-0.002347727594171012
2015-07-21,-0.07032940712363311
2015-07-22,-0.011293937978489432
2015-07-23,-0.004037544488814437
2015-07-24,-0.018093584278254027
2015-07-27,-0.004430671430047162
2015-07-28,0.0010113918607079775
2015-07-29,0.003940552120318408
2015-07-30,0.013788219119846179
2015-07-31,-0.004169654114125176
2015-08-03,-0.008872200632969007
2015-08-04,-0.003922870910418319
2015-08-05,-0.0016156592434580785
2015-08-06,0.0011123436652391572
2015-08-07,-0.00697088105376098
2015-08-10,0.012819175688661755
2015-08-11,-0.009442484605133528
2015-08-12,0.0073491456748295825
2015-08-13,-0.0031409765290510983
2015-08-14,0.0032527608632202387
2015-08-17,0.006686455940581926
2015-08-18,0.0005037956412838884
2015-08-19,-0.012071197608241269
2015-08-20,-0.024335944564720657
2015-08-21,-0.02932591455994038
2015-08-24,-0.023007966328896345
2015-08-25,-0.02277983727409638
2015-08-26,0.031080794208274698
2015-08-27,0.01867630732643577
2015-08-28,-0.00032142228993281563
2015-08-31,-0.01748181517137093
2015-09-01,-0.020631012285849848
2015-09-02,0.016941820122673645
2015-09-03,0.0073431011035580696
2015-09-04,-0.013382741552009803
2015-09-08,0.02359957100300325
2015-09-09,-0.01045022526424877
2015-09-10,-0.004899377685433359
2015-09-11,0.010175081823385668
2015-09-14,-0.005415480314570842
2015-09-15,0.009256285948773701
2015-09-16,0.01359510691338639
2015-09-17,-0.00670637951024966
2015-09-18,-0.024005924982008375
2015-09-21,0.005270611592886443
2015-09-22,-0.03659202667269823
2015-09-23,-0.014058705324729637
2015-09-24,-0.0016099575898983476
2015-09-25,0.005528705178978521
2015-09-28,-0.005384014833867079
2015-09-29,0.013244385592677599
2015-09-30,0.011479710472763527
2015-10-01,-0.007079503094670203
2015-10-02,0.0159575035948476
2015-10-05,0.02773757960455714
2015-10-06,0.0031435899136791345
2015-10-07,0.010372569937553866
2015-10-08,0.008768979436911684
2015-10-09,0.011024988564841687
2015-10-12,0.0006293328452640079
2015-10-13,-0.01205082254854195
2015-10-14,-0.02238013885000134
2015-10-15,0.01095801755030168
2015-10-16,-0.0019317956225911592
2015-10-19,-0.01021493250450567
2015-10-20,0.038783186329175656
2015-10-21,0.024576696003124843
2015-10-22,0.018576823731691228
2015-10-23,0.00831780886769784
2015-10-26,-0.003876158360066828
2015-10-27,-0.013469105050434305
2015-10-28,0.004449989199620141
2015-10-29,-0.0027186723168226568
2015-10-30,-0.0064612084754813726
2015-11-02,0.009958475762877228
2015-11-03,0.006137087285625675
2015-11-04,0.0032999971930582905
2015-11-05,0.004684557890453744
2015-11-06,0.0
2015-11-09,-0.011309313447075975
2015-11-10,-0.0034339194254427996
2015-11-11,-0.004255626711321958
2015-11-12,0.009769571830652968
2015-11-13,-0.02761543126777266
2015-11-16,0.013992725627645974
2015-11-17,-0.002861993406759855
2015-11-18,0.0016399179494228644
2015-11-19,0.00603835932312724
2015-11-20,-0.0008136255615477372
2015-11-23,-0.0013238387880265545
2015-11-24,-0.007442015182024808
2015-11-25,-0.0009245574286893543
2015-11-27,-0.004832077057535966
2015-11-30,-0.007747671908112319
2015-12-01,0.0067673107995893655
2015-12-02,-0.014994827943117905
2015-12-03,-0.005774310761102797
2015-12-04,0.010876225403913642
2015-12-07,0.0018806800186166317
2015-12-08,-0.01751643568623107
2015-12-09,-0.000742833488447503
2015-12-10,-0.0030800413402080062
2015-12-11,-0.006072043508370095
2015-12-14,-0.0028939614750465026
2015-12-15,0.0024721751291416627
2015-12-16,0.020051207366958312
2015-12-17,-0.013244749311693726
2015-12-18,-0.016299160064151774
2015-12-21,0.013753608333431755
2015-12-22,0.013460051476634094
2015-12-23,0.015073311159037317
2015-12-24,0.0
2015-12-28,-0.0021807565484416314
2015-12-29,0.012280083766737171
2015-12-30,-0.0038036488676048696
2015-12-31,-0.008565683305630567
2016-01-04,-0.005204625674720353
2016-01-05,0.0015696044965030076
2016-01-06,-0.027162567738647447
2016-01-07,-0.013101192087944802
2016-01-08,-0.016322360441471728
2016-01-11,0.0011060785091525638
2016-01-12,0.0
2016-01-13,-0.01845258463325028
2016-01-14,0.0020258201135903153
2016-01-15,-0.03797282400304702
2016-01-19,-0.00455481763287946
2016-01-20,-0.004809872588660835
2016-01-21,0.008723418742244693
2016-01-22,0.00911557911376959
2016-01-25,-0.016792385414066135
2016-01-26,0.008833891339681044
2016-01-27,0.0018682984800768576
2016-01-28,0.007458192192039581
2016-01-29,0.014343647098208123
2016-02-01,-0.0014822869833773789
2016-02-02,-0.02444052151127396
2016-02-03,0.00632168102156716
2016-02-04,0.025127962329819065
2016-02-05,-0.0031777041182865506
2016-02-08,-0.012066977480781782
2016-02-09,0.005300359407270916
2016-02-10,-0.0032092345457651605
2016-02-11,-0.02644922132607741
2016-02-12,0.015237546795739076
2016-02-16,0.006166205625651955
2016-02-17,0.02656087734901935
2016-02-18,0.002723650577569847
2016-02-19,-0.0014709467473450477
2016-02-22,0.04692266359242203
2016-02-23,-0.008336086672242948
2016-02-24,0.021943099461044113
2016-02-25,0.04764476479644375
2016-02-26,-0.003875041107334387
2016-02-29,-0.010952931182336867
2016-03-01,-0.016249051027739547
2016-03-02,0.005050062565773672
2016-03-03,0.00607122367765367
2016-03-04,0.009260073193194884
2016-03-07,-0.0008247439722420813
2016-03-08,-0.00020594647623550788
2016-03-09,-0.0030962340483492445
2016-03-10,-0.004347736554788373
2016-03-11,0.005926310388147282
2016-03-14,0.0008269531373676919
2016-03-15,-0.005577048101356397
2016-03-16,0.012462457921648573
2016-03-17,0.01384753375475034
2016-03-18,0.0021246023735950192
2016-03-21,0.0012117027516296286
2016-03-22,-0.0051427416062356235
2016-03-23,0.004561156572416847
2016-03-24,-0.0005047484820150938
2016-03-28,-0.0015138648395938148
2016-03-29,0.01223335575163187
2016-03-30,0.0012983969590905087
2016-03-31,-0.0014963469533122442
2016-04-01,-0.0012987321116425532
2016-04-04,0.0030008493440925044
2016-04-05,-0.004088958514575136
2016-04-06,0.005107056018936795
2016-04-07,0.005180954746449196
2016-04-08,0.004262122801344859
2016-04-11,0.008093241547969088
2016-04-12,0.009203164062037139
2016-04-13,0.014842490054438384
2016-04-14,0.0006692348142949278
2016-04-15,-0.001050941052864518
2016-04-18,0.005355637350066278
2016-04-19,-0.001236737269807886
2016-04-20,0.005047655695899156
2016-04-21,-0.0009476533681508359
2016-04-22,0.0025609189435471524
2016-04-25,-0.004730360303385361
2016-04-26,-0.0038022168526122835
2016-04-27,0.010400665596408176
2016-04-28,-0.015676408651057017
2016-04-29,0.0013429861140590305
2016-05-02,0.0
2016-05-03,-0.021462074910978957
2016-05-04,-0.014295440284141758
2016-05-05,-0.0037748854078135663
2016-05-06,0.008275987937764073
2016-05-09,-0.01018602244051503
2016-05-10,0.02068128901715638
2016-05-11,-0.005481239485388034
2016-05-12,-0.001378048376488361
2016-05-13,-0.011728792372650787
2016-05-16,0.015458114293658287
2016-05-17,-0.017285145397570978
2016-05-18,-0.001106646394275379
2016-05-19,-0.00785582947482455
2016-05-20,0.005989303246575428
2016-05-23,-0.002018389093344397
2016-05-24,0.010212184361612087
2016-05-25,0.0041039994723632844
2016-05-26,0.0008971209443062733
2016-05-27,0.0034857431146060325
2016-05-31,-0.0017864067244537374
2016-06-01,-0.002286607913639993
2016-06-02,0.0043845294799669254
2016-06-03,-0.0035720481196240828
2016-06-06,0.009260272730462482
2016-06-07,0.0008880644435305118
2016-06-08,0.006111468589227398
2016-06-09,0.002449113177369844
2016-06-10,-0.0031273087924249543
2016-06-13,-0.007745010162655497
2016-06-14,-0.00019747510996992457
2016-06-15,-0.006423886673826651
2016-06-16,0.00576897825621181
2016-06-17,0.0007911236623550089
2016-06-20,0.004940707060507643
2016-06-21,-0.0012783643319875804
2016-06-22,-0.0021660069764953827
2016-06-23,0.009669588177703359
2016-06-24,-0.03361687604889363
2016-06-27,-0.016988317245739015
2016-06-28,0.018722272875254742
2016-06-29,0.014540837327099654
2016-06-30,0.02070274213289358
2016-07-01,0.001755371879027523
2016-07-05,-0.020539412835308135
2016-07-06,0.007553358743432215
2016-07-07,0.0058195271405370175
2016-07-08,0.01657370263111635
2016-07-11,0.0028940739365690415
2016-07-12,0.005194112481524682
2016-07-13,0.005645993260241067
2016-07-14,0.0004761039978722348
2016-07-15,0.0034235447058581503
2016-07-18,-9.436646450877717e-05
2016-07-19,0.0012319369102429256
2016-07-20,0.003976673219048044
2016-07-21,-0.0017917680280050696
2016-07-22,-0.006801944605283383
2016-07-25,-0.004565971157607929
2016-07-26,0.03096027536136159
2016-07-27,-0.0018534599439476995
2016-07-28,-0.0010217354613581975
2016-07-29,0.000651006335944837
2016-08-01,-0.006595727246318406
2016-08-02,-0.006265099079188041
2016-08-03,0.00018828454397423755
2016-08-04,0.0006583416689347477
2016-08-05,0.012974849356746532
2016-08-08,0.0004641146937247598
2016-08-09,0.005102544768730954
2016-08-10,-0.002030587039321685
2016-08-11,0.009803954271748738
2016-08-12,-0.0028394208707309687
2016-08-15,0.007531787972839155
2016-08-16,-0.00483167864870826
2016-08-17,0.004055446414700459
2016-08-18,0.003579617105189614
2016-08-19,-0.0017373839686196657
2016-08-22,-0.005864313204414717
2016-08-23,-0.004608098902287194
2016-08-24,-0.00037071689220169457
2016-08-25,-0.002223120131152778
2016-08-26,-0.0038059656375990514
2016-08-29,0.006150419492933823
2016-08-30,-0.005742210601674569
2016-08-31,-0.008570185863023161
2016-09-01,0.0027248719295456247
2016-09-02,0.0019679103459766534
2016-09-06,-0.008603916580492421
2016-09-07,-0.0015094357700067285
2016-09-08,-0.0009445942019639109
2016-09-09,-0.02903079641697881
2016-09-12,0.013147745541235878
2016-09-13,-0.01643774506738782
2016-09-14,-0.006450220924373085
2016-09-15,0.010328421970690504
2016-09-16,-0.02541141147822812
2016-09-19,0.0033965368976938137
2016-09-20,-0.0019910947251158273
2016-09-21,0.017158932969157936
2016-09-22,0.010199954381693965
2016-09-23,-0.004271709556813552
2016-09-26,-0.003217854190062708
2016-09-27,0.0011739726679875773
2016-09-28,0.0
2016-09-29,-0.012603911932270506
2016-09-30,0.005343373015855413
2016-10-03,0.008169384061166962
2016-10-04,-0.00976271397017614
2016-10-05,0.008084263775428369
2016-10-06,-0.001662595572951231
2016-10-07,-0.01469424544645781
2016-10-10,-0.005965562468591368
2016-10-11,-0.012102300017404533
2016-10-12,0.0016200043658833874
2016-10-13,0.009299600549510512
2016-10-14,0.0031045138975369646
2016-10-17,-0.0044928961150496605
2016-10-18,0.0028083748366618533
2016-10-19,-0.002300608284654615
2016-10-20,-0.004711094188869391
2016-10-21,-0.0062443488672837555
2016-10-24,0.00861466908237074
2016-10-25,0.018488636130832514
2016-10-26,-0.003452899199702264
2016-10-27,-0.009306398939461946
2016-10-28,0.017687812809273673
2016-10-31,0.0035349650903497842
2016-11-01,-0.0018590310765105311
2016-11-02,-0.0046072554664623455
2016-11-03,-0.004825694752282228
2016-11-04,0.0027707636177229933
2016-11-07,0.016974133951098036
2016-11-08,0.003105441066120651
2016-11-09,0.013930571975922401
2016-11-10,0.03434765841994891
2016-11-11,0.004150987485312729
2016-11-14,-0.00918620063225839
2016-11-15,-0.0016686262876045577
2016-11-16,-0.0005608142973660968
2016-11-17,-0.002430703068388773
2016-11-18,-0.0018743382269208464
2016-11-21,0.003286181748968442
2016-11-22,0.0008424210654864872
2016-11-23,0.010940659478255066
2016-11-25,0.006197525068195153
2016-11-28,-0.0030338228740637296
2016-11-29,0.003596269242812422
2016-11-30,-0.010290503235239612
2016-12-01,-0.00222785333459663
2016-12-02,0.006885012616802744
2016-12-05,-0.007392597662961409
2016-12-06,9.321315630805849e-05
2016-12-07,0.020944266975183368
2016-12-08,-0.011397069696176265
2016-12-09,0.012542748011025617
2016-12-12,0.0054649592908364575
2016-12-13,-0.0007249024952016292
2016-12-14,-0.009427877173627253
2016-12-15,-0.010432735197094312
2016-12-16,0.0036063621123367806
2016-12-19,0.02119449101368831
2016-12-20,-0.0015335953289541404
2016-12-21,-0.0014461295608121372
2016-12-22,-0.00027173511435718556
2016-12-23,0.0017204264948234016
2016-12-27,0.0029821474977020923
2016-12-28,-0.007118926012688487
2016-12-29,0.0032674109738961565
2016-12-30,-0.008412303588200776
2017-01-03,0.0110379401388363
2017-01-04,0.0006315455882823784
2017-01-05,0.004057746402328366
2017-01-06,0.010776660399145932
2017-01-09,-0.00932900895824651
2017-01-10,-0.002152392562106753
2017-01-11,-0.0023366937844385705
2017-01-12,-0.0016218498088438338
2017-01-13,-0.0054142338302543
2017-01-17,-0.002268099151759184
2017-01-18,0.004091994206979255
2017-01-19,0.0028075369116893345
2017-01-20,0.0005420913087688106
2017-01-23,-0.0040619746248183874
2017-01-24,0.011509519153202419
2017-01-25,-0.005823616664928699
2017-01-26,-0.005407269022102645
2017-01-27,-0.005980373549044127
2017-01-30,-0.004830986189952147
2017-01-31,0.004579689196038794
2017-02-01,-0.01358614822004467
2017-02-02,0.0016637159859518302
2017-02-03,0.01190470400718513
2017-02-06,0.009393713218336153
2017-02-07,0.0051496115459457315
2017-02-08,-0.007640074821506304
2017-02-09,-0.0028081122825380778
2017-02-10,0.00872004080926514
2017-02-13,0.008734958904867751
2017-02-14,-0.00401710925700971
2017-02-15,0.009016240156138
2017-02-16,0.0014297632197384225
2017-02-17,0.0007138280381540074
2017-02-21,0.0031207206296786083
2017-02-22,0.0014219370652490682
2017-02-23,-0.00505930941291044
2017-02-24,0.003300915744923749
2017-02-27,0.0031121189519272008
2017-02-28,-0.0023045602547273614
2017-03-01,0.010040067307464762
2017-03-02,-0.00870885645428976
2017-03-03,-0.0031057016982424246
2017-03-06,-0.0060531530681230405
2017-03-07,0.0055525147322437185
2017-03-08,-0.004720184788199577
2017-03-09,0.0016108774538035053
2017-03-10,0.0018760598116267513
2017-03-13,0.0015157897562694256
2017-03-14,-0.004273685365436264
2017-03-15,0.01117761573712861
2017-03-16,-0.006544032451197279
2017-03-17,0.009880839714726752
2017-03-20,0.000528956343703868
2017-03-21,-0.011893178055490283
2017-03-22,-0.002050756503042095
2017-03-23,-0.000804308154244926
2017-03-24,-0.0003576480808858973
2017-03-27,0.00026848052496530883
2017-03-28,0.00813750061444285
2017-03-29,-0.006031806223005587
2017-03-30,0.00348004154821413
2017-03-31,-0.0021341169539922378
2017-04-03,-0.002495084169965356
2017-04-04,0.009470084133625711
2017-04-05,-0.0043367115046245575
2017-04-06,-0.0007997084241966324
2017-04-07,0.005159434955162023
2017-04-10,-0.0009736687577579506
2017-04-11,0.0023034576508014215
2017-04-12,-0.007954651060795181
2017-04-13,-0.0013366797330348623
2017-04-17,0.010527712716520421
2017-04-18,0.00256006578782797
2017-04-19,-0.0056358260190658704
2017-04-20,0.00903309193248969
2017-04-21,0.009215274994058387
2017-04-24,0.011566212396703524
2017-04-25,0.004728465301487406
2017-04-26,0.01137990152827828
2017-04-27,0.0049070147332170855
2017-04-28,0.0017680546162519573
2017-05-01,-0.0005884767326284068
2017-05-02,0.003363862174162513
2017-05-03,0.0082131055229
2017-05-04,0.005818722993076397
2017-05-05,0.0028926526220929283
2017-05-08,-0.0022250090826314572
2017-05-09,0.0031387053652391916
2017-05-10,-0.0036226537692991556
2017-05-11,0.0021480956868344947
2017-05-12,-0.0037102256798430266
2017-05-15,0.00074500395462751
2017-05-16,0.003969501497197436
2017-05-17,-0.00960772877706706
2017-05-18,-0.0017561906379702785
2017-05-19,0.014995594268423895
2017-05-22,0.0041267737331887044
2017-05-23,0.0033696923605508466
2017-05-24,8.199957773813438e-05
2017-05-25,0.0013926161707702445
2017-05-26,-0.0032719716343884153
2017-05-30,-0.004760044653611684
2017-05-31,8.27825640312696e-05
2017-06-01,0.004205405508106441
2017-06-02,0.00270937343788491
2017-06-05,-0.009335106378184133
2017-06-06,-0.007108763973543875
2017-06-07,-0.002830434088274547
2017-06-08,0.0013357893772059093
2017-06-09,0.0058366419405497805
2017-06-12,-0.006300358876042855
2017-06-13,0.0015017317479326664
2017-06-14,-0.0004163727903193637
2017-06-15,0.006166070475194685
2017-06-16,-0.0026502999447441944
2017-06-19,0.01179110894044788
2017-06-20,-0.0027903087015762607
2017-06-21,0.0019750663202062757
2017-06-22,0.003449839270701416
2017-06-23,0.00040924171468725845
2017-06-26,-0.0028635201309229474
2017-06-27,-0.002297587430831083
2017-06-28,0.007484234401839762
2017-06-29,-0.006938725922752242
2017-06-30,0.003781382248315479
2017-07-03,-0.0002460983199747968
2017-07-05,0.005816082573777415
2017-07-06,-0.007329514383813351
2017-07-07,0.005906966467205121
2017-07-10,0.0036701370370035846
2017-07-11,0.003900676379228196
2017-07-12,0.0013759794289769367
2017-07-13,-0.005173594670405568
2017-07-14,0.0027628867184246175
2017-07-17,-0.0024308969379380763
2017-07-18,-0.0038988533471531195
2017-07-19,0.0036693583592786183
2017-07-20,-0.005118451921992229
2017-07-21,0.00849309679682797
2017-07-24,-0.0029153056697222013
2017-07-25,-0.02200918069836244
2017-07-26,-0.007307642969164974
2017-07-27,-0.007110539617560585
2017-07-28,0.001516416760244832
2017-07-31,-0.002523616850781951
2017-08-01,0.002614359748923434
2017-08-02,0.012365225364690868
2017-08-03,0.006232067675724373
2017-08-04,0.0032202042181523893
2017-08-07,-0.02444633857919798
2017-08-08,-0.002784064998667235
2017-08-09,-0.008376320145122906
2017-08-10,-0.0037544575613113196
2017-08-11,0.0011134676730781834
2017-08-14,0.0022245840456629473
2017-08-15,-0.0101583551039367
2017-08-16,0.023772723829471154
2017-08-17,-0.0161020200729578
2017-08-18,-0.005340395054282299
2017-08-21,-0.0017317047627818383
2017-08-22,0.0035565452670025532
2017-08-23,0.011582670532264583
2017-08-24,-0.014782696333445311
2017-08-25,-0.0019946073671479603
2017-08-28,0.0022595031615928463
2017-08-29,0.02922061063280501
2017-08-30,0.007582135862096662
2017-08-31,0.0010030715444879768
2017-09-01,-0.015035078112072053
2017-09-05,-0.056902897828521426
2017-09-06,-0.014387197713926159
2017-09-07,0.0033755130498343
2017-09-08,-0.003909728578617044
2017-09-11,0.0008217687897380532
2017-09-12,0.00200636477611682
2017-09-13,0.003823236511161676
2017-09-14,0.02593382087301821
2017-09-15,-0.0005303978848039126
2017-09-18,-0.0027413810564176355
2017-09-19,0.007803550144754867
2017-09-20,0.003959202398626571
2017-09-21,0.0035062576537767676
2017-09-22,0.00445384413048977
2017-09-25,-0.006260462670839462
2017-09-26,0.0037624163505045605
2017-09-27,0.021443823045923294
2017-09-28,-0.011435513996817637
2017-09-29,0.002071700573938129
2017-10-02,0.012922349090492835
2017-10-03,0.0011057895355894853
2017-10-04,-0.0006799677943258864
2017-10-05,0.004590936837350679
2017-10-06,0.0005074505919289152
2017-10-09,0.0033831595194540043
2017-10-10,-0.004298666043600297
2017-10-11,-0.003132507145663377
2017-10-12,0.009086532865522967
2017-10-13,-0.0008412680532078332
2017-10-16,0.0024428005643404305
2017-10-17,0.002940839372998383
2017-10-18,-0.0015080300752908782
2017-10-19,0.002601129624693721
2017-10-20,0.012051297938443506
2017-10-23,-0.00033108200784925934
2017-10-24,-0.009512423005783033
2017-10-25,-0.006263709708025145
2017-10-26,0.007899831097969878
2017-10-27,-0.0071705316856462975
2017-10-30,0.006382757146235152
2017-10-31,-0.0005843011626612826
2017-11-01,0.0030058032448982974
2017-11-02,0.011155808103073594
2017-11-03,-0.0032112758643489947
2017-11-06,-0.005616163329871915
2017-11-07,0.002989952224018211
2017-11-08,-0.0038924641611134403
2017-11-09,-0.015879700116277484
2017-11-10,-0.002196203550356546
2017-11-13,-0.008805261541798393
2017-11-14,0.01477726868133944
2017-11-15,-0.01035368298978856
2017-11-16,0.008727952427820096
2017-11-17,-0.011536435679224688
2017-11-20,-0.0012868793251032962
2017-11-21,0.005670761281945991
2017-11-22,-0.00264859347872215
2017-11-24,0.0015420812518922578
2017-11-27,0.0017963453885201375
2017-11-28,0.00503751297297339
2017-11-29,0.003822674896708733
2017-11-30,0.027844275734770774
2017-12-01,-0.010951524349526731
2017-12-04,-0.0006659801833319712
2017-12-05,0.0020828694902232936
2017-12-06,0.007564854244503483
2017-12-07,0.009901343123841277
2017-12-08,0.0033494429482205934
2017-12-11,0.003989595194301421
2017-12-12,0.0014602650541024609
2017-12-13,0.0066406482127618904
2017-12-14,-0.004344616775983967
2017-12-15,0.019473448689972583
2017-12-18,0.004279764366996286
2017-12-19,0.0005523183120530462
2017-12-20,0.0017356509966610645
2017-12-21,0.002440590953233901
2017-12-22,-0.0006284251133574781
2017-12-26,-0.000706781684814306
2017-12-27,0.0034603303544471498
2017-12-28,0.004232920184106925
2017-12-29,-0.0042929506440840814
2018-01-02,0.004624861075129827
2018-01-03,0.014669078152181214
2018-01-04,0.003153218003050462
2018-01-05,0.008585064091725547
2018-01-08,0.009500872438002128
2018-01-09,0.010916960720057212
2018-01-10,0.00469249511828429
2018-01-11,0.0006669183556056169
2018-01-12,0.0117785613703838
2018-01-16,-0.01910953475322341
2018-01-17,0.0033586065917579067
2018-01-18,0.001413794208309227
2018-01-19,0.009583206571341707
2018-01-22,-0.005077339201941533
2018-01-23,0.006064547072875959
2018-01-24,-0.0025728094740452567
2018-01-25,0.015256395361700203
2018-01-26,0.0016699624466365304
2018-01-29,-0.009494603136834479
2018-01-30,-0.0012436682579380909
2018-01-31,0.011061830792861382
2018-02-01,0.002246520179120637
2018-02-02,-0.026821596798849656
2018-02-05,-0.05475083835282091
2018-02-06,0.02019804738038422
2018-02-07,0.016639246641368066
2018-02-08,-0.034022666833545157
2018-02-09,-0.019218588681000126
2018-02-12,0.01879581737825875
2018-02-13,-0.012639800908933574
2018-02-14,0.007394764353716887
2018-02-15,0.03174615346845089
2018-02-16,-0.005692451428238043
2018-02-20,-0.021662084908312784
2018-02-21,0.022141720743065196
2018-02-22,0.03342087764473822
2018-02-23,-0.0032190627417644224
2018-02-26,0.017423934645298456
2018-02-27,-0.011515177902951645
2018-02-28,0.006198038041815401
2018-03-01,-0.03295265550267146
2018-03-02,-0.002762752579026584
2018-03-05,0.013622071800608815
2018-03-06,-0.0007596654231132316
2018-03-07,-0.0051664305289375045
2018-03-08,0.002520574947507237
2018-03-09,0.021407606107167076
2018-03-12,-0.01916913387371655
2018-03-13,-0.010266050944880312
2018-03-14,-0.004379822963272106
2018-03-15,-0.00254639066373874
2018-03-16,-0.007117746644950684
2018-03-19,-0.008805884524467067
2018-03-20,-0.0003143907163470905
2018-03-21,-0.0012579583558171015
2018-03-22,-0.02307102699523189
2018-03-23,-0.014185422676544213
2018-03-26,0.03540176942818429
2018-03-27,-0.010739282524916849
2018-03-28,-0.006625341022896025
2018-03-29,0.011008575770796725
2018-04-02,-0.01859787743634511
2018-04-03,0.011580668994238152
2018-04-04,0.00688476504434643
2018-04-05,-7.934801615627762e-05
2018-04-06,-0.023854686198989228
2018-04-09,-0.004399014562469827
2018-04-10,0.0060545739986772595
2018-04-11,-0.004147438251409397
2018-04-12,0.0065330210761800345
2018-04-13,-0.0043810587367498766
2018-04-16,0.008964149747311412
2018-04-17,0.005815144698956942
2018-04-18,0.002168013708711669
2018-04-19,-0.007612019393992031
2018-04-20,-0.00621720619645616
2018-04-23,0.0030876854872690096
2018-04-24,-0.011015897861206159
2018-04-25,-0.005323037811899356
2018-04-26,0.01127990342842855
2018-04-27,-0.0029313616359734063
2018-04-30,-0.018862740687659696
2018-05-01,-0.009904360393553024
2018-05-02,-0.003867138553866334
2018-05-03,-0.006751033182630928
2018-05-04,0.015378071520383285
2018-05-07,0.011547002024073993
2018-05-08,0.007445164228020218
2018-05-09,0.01083823755787372
2018-05-10,0.008041463668918558
2018-05-11,0.003062074585164387
2018-05-14,0.004016623980623857
2018-05-15,-0.0034405698304592613
2018-05-16,0.0018468172218311096
2018-05-17,0.004271170064363394
2018-05-18,0.004654644183144763
2018-05-21,0.022845227720304395
2018-05-22,-0.0014057144892184459
2018-05-23,-0.0022677634083853038
2018-05-24,-0.0014107804714981187
2018-05-25,-0.0029042284490118364
2018-05-29,-0.015114343391650298
2018-05-30,0.008712031293897082
2018-05-31,-0.010934786835347987
2018-06-01,0.007931150085121352
2018-06-04,0.0038153133904026415
2018-06-05,-0.002692204054282832
2018-06-06,0.006907340800174966
2018-06-07,0.005992878834343296
2018-06-08,0.00023559842787501672
2018-06-11,0.004387436661313693
2018-06-12,-0.002496075023003863
2018-06-13,-0.007118081980877156
2018-06-14,0.0
2018-06-15,-0.0002359955186834739
2018-06-18,0.004570173204422989
2018-06-19,-0.019138673636723724
2018-06-20,0.0024786492588593223
2018-06-21,-0.014996992570998291
2018-06-22,0.011256956116929118
2018-06-25,-0.0020821092950044084
2018-06-26,0.008265946523724477
2018-06-27,-0.010187745713720942
2018-06-28,0.001929783999109702
2018-06-29,0.003451038073633672
2018-07-02,0.0
2018-07-03,-0.0008797208291397851
2018-07-05,0.00023981159464381285
2018-07-06,0.0036020499721454158
2018-07-09,0.010207240477105639
2018-07-10,0.002999863251516688
2018-07-11,-0.017157217934149815
2018-07-12,0.019778441493030874
2018-07-13,0.016961069783143934
2018-07-16,-0.004091981952095147
2018-07-17,0.013412983881359919
2018-07-18,0.007497400644383534
2018-07-19,-0.010099643954500803
2018-07-20,-0.0007669671684809032
2018-07-23,-0.006832480163216803
2018-07-24,0.03764395349858041
2018-07-25,0.003798988004803716
2018-07-26,0.008088989957511838
2018-07-27,-0.009643616183463544
2018-07-30,-0.010629524039468596
2018-07-31,0.019834792485372343
2018-08-01,-0.006188359785676667
2018-08-02,-0.005782115900212825
2018-08-03,-0.0017146135089433079
2018-08-06,0.0003732658534363331
2018-08-07,0.0041063195543808995
2018-08-08,0.0016356827061314583
2018-08-09,-0.0034888324467272636
2018-08-10,-0.008492333120462381
2018-08-13,-0.0069118748880828695
2018-08-14,0.0018152888285962732
2018-08-15,-0.005059130400504763
2018-08-16,0.01724536157701473
2018-08-17,0.008476393472091948
2018-08-20,0.005206506398238275
2018-08-21,0.006215636907248134
2018-08-22,-0.020150120173345054
2018-08-23,-0.004653238205221455
2018-08-24,0.0055800894492210595
2018-08-27,0.014997076762109263
2018-08-28,-0.0063535935181796566
2018-08-29,-0.006542377508195085
2018-08-30,-0.0077082860953010535
2018-08-31,-0.006712464276089514
2018-09-04,0.0015183825667717255
2018-09-05,0.00667166295189614
2018-09-06,0.005573041249550714
2018-09-07,-0.011309191801794793
2018-09-10,0.012423362270356897
2018-09-11,-0.0002991604828960215
2018-09-12,0.0020956041316357865
2018-09-13,0.012174023657046007
2018-09-14,0.01682411380527804
2018-09-17,-0.00029004742927607463
2018-09-18,0.01321113430161902
2018-09-19,0.006591229516673902
2018-09-20,0.009608546308630617
2018-09-21,0.0016214126220597258
2018-09-24,-0.012246626412486306
2018-09-25,-0.004489073396543142
2018-09-26,-0.0010737779483970256
2018-09-27,0.0008600888421179675
2018-09-28,0.0009303239447204792
2018-10-01,0.007939479653820802
2018-10-02,0.0037613308586430527
2018-10-03,-0.0030400221855264586
2018-10-04,-0.00446752750720214
2018-10-05,-0.009473624531119551
2018-10-08,0.0038113322819925965
2018-10-09,-0.02657802827678546
2018-10-10,-0.03503096719822174
2018-10-11,-0.013346337133119057
2018-10-12,0.0020097021854450503
2018-10-15,0.0054000283899280355
2018-10-16,0.016726746026290984
2018-10-17,-0.018413752190210353
2018-10-18,-0.008687760018669555
2018-10-19,-0.002016404708476971
2018-10-22,-0.017718292244795486
2018-10-23,0.028639396746974688
2018-10-24,-0.06114444296216204
2018-10-25,0.01908729131162734
2018-10-26,-0.00940502781765562
2018-10-29,-0.01736612950161931
2018-10-30,0.012635010992420703
2018-10-31,0.012967105576940696
2018-11-01,0.027131779829919545
2018-11-02,-0.0011759817960970143
2018-11-05,-0.0014125485895893908
2018-11-06,0.005422223527524528
2018-11-07,0.02040036792373945
2018-11-08,0.006051751781479098
2018-11-09,-0.004796900130359494
2018-11-12,-0.018437934641393094
2018-11-13,0.006391246196282285
2018-11-14,-0.001781268531865332
2018-11-15,0.012289599254170946
2018-11-16,0.003083668027820119
2018-11-19,-0.017520998397293597
2018-11-20,-0.01447015358182313
2018-11-21,-0.0023014643666431356
2018-11-23,0.02648908220184376
2018-11-26,-0.008213999002884997
2018-11-27,-0.04141290838437128
2018-11-28,0.0004072914769952529
2018-11-29,-0.012466504294060488
2018-11-30,0.005281043022672405
2018-12-03,0.014445091146136457
2018-12-04,-0.022086953847594404
2018-12-06,0.004798167987157376
2018-12-07,-0.01646774731867029
2018-12-10,-0.0003349526073525011
2018-12-11,-0.004019768469127882
2018-12-12,0.006138092624432545
2018-12-13,-0.0034261427755454266
2018-12-14,-0.0037741495080808596
2018-12-17,-0.02937685509536836
2018-12-18,0.004076167507114814
2018-12-19,-0.017101362851367208
2018-12-20,-0.036731270101332036
2018-12-21,-0.03138103044501028
2018-12-24,-0.03880213556306644
2018-12-26,0.03870272594395252
2018-12-27,-0.0023580268807037452
2018-12-28,-0.003971384947077827
2018-12-31,0.01082193423241673
2019-01-02,0.017092395946378458
2019-01-03,-0.04450577437811931
2019-01-04,0.03420922514978053
2019-01-07,-0.0004672209175023978
2019-01-08,0.018042454839336086
2019-01-09,0.00385694133202108
2019-01-10,0.009970615667224347
2019-01-11,-0.004165991731731267
2019-01-14,0.008185473416173483
2019-01-15,0.001894001913577803
2019-01-16,-0.0017104846939459684
2019-01-17,0.017137352751359636
2019-01-18,0.010020123001848846
2019-01-22,-0.024934343165805672
2019-01-23,0.05384514890373304
2019-01-24,-0.012645348220739594
2019-01-25,0.002163463854443881
2019-01-28,-0.00630363993812455
2019-01-29,0.02398370020886209
2019-01-30,0.010862155373992044
2019-01-31,-0.008814630053432526
2019-02-01,0.00770704264738975
2019-02-04,0.001344864695787873
2019-02-05,0.013681411104219832
2019-02-06,0.0048852886681949315
2019-02-07,-0.005273376966691612
2019-02-08,0.014662051336094883
2019-02-11,0.0018773958826279191
2019-02-12,0.010267149524798569
2019-02-13,0.0035493977394911447
2019-02-14,0.0035976020546000242
2019-02-15,0.029243406742563316
2019-02-19,0.006888350324023573
2019-02-20,-0.0016327358216562393
2019-02-21,-0.016429259990034084
2019-02-22,0.011478896238340974
2019-02-25,0.003912938983531955
2019-02-26,-0.008419268953852255
2019-02-27,-0.002280097362784561
2019-02-28,-0.009692866103433562
2019-03-01,0.0007958896462094689
2019-03-04,-0.00023866669506600324
2019-03-05,0.0015907809829740494
2019-03-06,-0.004367447759001775
2019-03-07,-0.0074168184265338555
2019-03-08,-0.003535099221464777
2019-03-11,0.016045780318905578
2019-03-12,-0.01063439841421654
2019-03-13,0.01580198878852368
2019-03-14,0.0019740383507411696
2019-03-15,-0.007644481126635072
2019-03-18,0.007782979493847764
2019-03-19,-0.003073594386646006
2019-03-20,-0.009485144835996273
2019-03-21,0.012529023047866739
2019-03-22,-0.01363511250379068
2019-03-25,0.0019976533318912804
2019-03-26,0.005901296661726008
2019-03-27,0.0012681864486687733
2019-03-28,0.0076799680285064564
2019-03-29,0.01272912801545889
2019-04-01,0.03336159217999324
2019-04-02,-0.009685326910746528
2019-04-03,-0.0044729292379280805
2019-04-04,0.010585481743249137
2019-04-05,0.007686645470822651
2019-04-08,-0.0011968258125520936
2019-04-09,-0.00980818657174043
2019-04-10,-0.004461518140049359
2019-04-11,0.008810960467296347
2019-04-12,0.018671672812889506
2019-04-15,-0.005542856815350494
2019-04-16,0.005871347789256465
2019-04-17,0.003324875991688847
2019-04-18,0.008910431664349794
2019-04-22,-0.0006568975581482395
2019-04-23,0.022715914362847256
2019-04-24,-0.0030709626175903226
2019-04-25,0.00100266751779432
2019-04-26,0.007514542379575051
2019-04-29,0.009518687550012617
2019-04-30,0.0034476074187845818
2019-05-01,-0.0072226935893651145
2019-05-02,-0.012572136474491957
2019-05-03,0.01309003171201728
2019-05-06,-0.01009668423312926
2019-05-07,-0.03395172535719049
2019-05-08,0.012035402394047212
2019-05-09,-0.0015322174012416534
2019-05-10,0.002265075313985898
2019-05-13,-0.037982108858829466
2019-05-14,0.015307567571205993
2019-05-15,0.0
2019-05-16,0.01504773436330109
2019-05-17,-0.011090967392991313
2019-05-20,-0.0020186174079988017
2019-05-21,0.019104145910920023
2019-05-22,-0.004557836655718628
2019-05-23,-0.036629541634462415
2019-05-24,0.00728252939985885
2019-05-28,-0.01126322988528683
2019-05-29,-0.0034635776084435133
2019-05-30,-0.008264930028487605
2019-05-31,-0.016354965154035783
2019-06-03,0.004433913342073659
2019-06-04,0.019785724651833814
2019-06-05,0.015382265923677751
2019-06-06,0.002359776270110414
2019-06-07,0.003645224553499915
2019-06-10,-0.03132759614786751
2019-06-11,-0.03960655240659028
2019-06-12,0.009191623042859476
2019-06-13,0.00596461082714117
2019-06-14,0.003925904713478534
2019-06-17,-0.008539764312710751
2019-06-18,0.019238769962999003
2019-06-19,0.0011052890534082316
2019-06-20,0.0257970013488642
2019-06-21,-0.009843738138125668
2019-06-24,0.011106363963976573
2019-06-25,-0.008910392312536763
2019-06-26,-0.009766145896842882
2019-06-27,0.00947120106028465
2019-06-28,0.00953683228828428
2019-07-01,0.008756095908785344
2019-07-02,0.004720377297093625
2019-07-03,0.007881478912397766
2019-07-05,-0.0034589589028155565
2019-07-08,-0.012600060407842895
2019-07-09,-0.003667721883138242
2019-07-10,0.0004601529484307143
2019-07-11,0.006822803070847261
2019-07-12,0.018120846783268085
2019-07-15,-0.003664314982817163
2019-07-16,-0.00030058013228473346
2019-07-17,-0.023199740597993235
2019-07-18,0.009223679812933261
2019-07-19,0.00830181006328301
2019-07-22,0.004229843714916415
2019-07-23,0.014967636985813826
2019-07-24,-0.005113380422556046
2019-07-25,0.015717176468917016
2019-07-26,-0.005353502697420076
2019-07-29,0.0006634076263032362
2019-07-30,-0.0030945729725887494
2019-07-31,-0.012564499831593134
2019-08-01,-0.013173681981089036
2019-08-02,-0.007812715202234144
2019-08-05,-0.038681818503394916
2019-08-06,0.02425444655933151
2019-08-07,0.0016302534987036044
2019-08-08,0.019145685479405206
2019-08-09,-0.0018251397915881595
2019-08-12,-0.02453528969191543
2019-08-13,0.007264575179634747
2019-08-14,-0.03606069123900313
2019-08-15,0.0014165080892798443
2019-08-16,0.010586648168579016
2019-08-19,0.012714775291638558
2019-08-20,0.0003161128509669986
2019-08-21,0.005130809227534172
2019-08-22,0.004947965842954538
2019-08-23,-0.03547981800562605
2019-08-26,0.016771855934880397
2019-08-27,-0.007331447192175933
2019-08-28,0.018463761924354394
2019-08-29,0.020808702392311806
2019-08-30,0.005636693310694163
2019-09-03,-0.009751237072081698
2019-09-04,0.016127817245090936
2019-09-05,0.015108789367421771
2019-09-06,0.004961233974535295
2019-09-09,0.00314154390758814
2019-09-10,-0.0014915902518117807
2019-09-11,0.015234324743278904
2019-09-12,0.011106931320225666
2019-09-13,0.004365109625124042
2019-09-16,0.00014478040880772092
2019-09-17,-0.006300771172154773
2019-09-18,0.0032798732749452775
2019-09-19,-0.0009443133573154849
2019-09-20,-0.014251771602328822
2019-09-23,0.0007378149491015229
2019-09-24,-0.0014001573173528792
2019-09-25,0.009964027192989278
2019-09-26,0.005116228845372106
2019-09-27,-0.008289352608939593
2019-09-30,0.0009532087631434205
2019-10-01,-0.019997096232330813
2019-10-02,-0.024815079560302045
2019-10-03,0.005671927346339256
2019-10-04,0.01524302406911815
2019-10-07,-0.0039039585798879006
2019-10-08,-0.014319178276028133
2019-10-09,0.00894577277359887
2019-10-10,0.014852598967152408
2019-10-11,0.016652268403062553
2019-10-14,-0.001689458106977626
2019-10-15,0.0016923172060008262
2019-10-16,0.004112871199346335
2019-10-17,0.010679762907122248
2019-10-18,-0.009915413263614337
2019-10-21,0.011330451811955244
2019-10-22,0.022117564324474648
2019-10-23,-0.010607110684321186
2019-10-24,0.025230294206315618
2019-10-25,-0.0033460555939076597
2019-10-28,0.0005593694579206776
2019-10-29,-0.007270953372504607
2019-10-30,0.012957978913774593
2019-10-31,-0.0018073863580753136
2019-11-01,0.021590634395626696
2019-11-04,0.005658710938672984
2019-11-05,0.0023047233599635675
2019-11-06,0.0031112458229254347
2019-11-07,0.0028318593053424657
2019-11-08,0.001008515635741114
2019-11-11,-0.0044329605993803645
2019-11-12,0.0011468418355111698
2019-11-13,-0.0005390886217920832
2019-11-14,0.0036251859256470897
2019-11-15,0.008439513201102145
2019-11-18,-0.0016736467725909643
2019-11-19,-0.00496247817695572
2019-11-20,-0.01159280257582107
2019-11-21,0.00443229015687141
2019-11-22,0.002715679274332361
2019-11-25,-0.0012187036929219852
2019-11-26,0.004067208459688221
2019-11-27,0.004726058381536502
2019-11-29,-0.0032255112224193194
2019-12-02,-0.022583386527161853
2019-12-03,-0.008690378366175144
2019-12-04,0.005496688920660686
2019-12-05,0.005120470798469556
2019-12-06,0.011909559911541079
2019-12-09,-0.005238337021667316
2019-12-10,-0.005813334719493302
2019-12-11,0.013069996569038844
2019-12-12,0.01453115295090468
2019-12-13,-0.0022755571299629684
2019-12-16,0.0026161647683236033
2019-12-17,-0.005620034759006964
2019-12-18,-0.006123084535448298
2019-12-19,0.006770024432521282
2019-12-20,0.0052452755539418305
2019-12-23,0.0022073508838960088
2019-12-24,-0.0016686927049384126
2019-12-26,0.00762205017060702
2019-12-27,-0.0028533856725527773
2019-12-30,-0.0026615514081450575
2019-12-31,-0.0008006517742228381
2020-01-02,0.02256939170611383
2020-01-03,0.0013714041849293146
2020-01-06,0.002151789283653338
2020-01-07,-0.003188578948826737
2020-01-08,0.0015016060439438927
2020-01-09,0.001499083391237166
2020-01-10,-0.011649838129743184
2020-01-13,0.0012510787563118075
2020-01-14,-0.0033542987648331746
2020-01-15,0.002771859869921567
2020-01-16,0.01046306179116363
2020-01-17,0.005535644814009366
2020-01-21,0.0004533743511208055
2020-01-22,-0.004402212132248118
2020-01-23,6.52050396370285e-05
2020-01-24,-0.003966336192759101
2020-01-27,-0.014100338791658507
2020-01-28,0.0121171574707013
2020-01-29,-0.0002616810557977134
2020-01-30,0.007721430227135784
2020-01-31,-0.024675315551980215
2020-02-03,-0.001664471073108742
2020-02-04,0.020339940622912778
2020-02-05,0.017189880901712806
2020-02-06,0.0036622280209950286
2020-02-07,0.00403361505712474
2020-02-10,-0.0017854862405507488
2020-02-11,-0.008303908135795846
2020-02-12,-0.00045107066970373477
2020-02-13,-0.008967477598734841
2020-02-14,0.002613278441498945
2020-02-18,-0.014205677017574248
2020-02-19,-0.003966223318830897
2020-02-20,-0.005176457051182082
2020-02-21,0.010807279076384901
2020-02-24,-0.032602959050335834
2020-02-25,-0.05300867923465724
2020-02-26,-0.0030978490082278487
2020-02-27,-0.044803968981706466
2020-02-28,-0.012029266253921422
2020-03-02,0.026648451430052456
2020-03-03,-0.011486760310006505
2020-03-04,0.049121063367035145
2020-03-05,-0.09062137249427837
2020-03-06,0.0003162809465675487
2020-03-09,-0.0879188756313114
2020-03-10,0.03476083085868775
2020-03-11,-0.09935507887097805
2020-03-12,-0.046600266208728924
2020-03-13,0.028292604421495948
2020-03-16,-0.1372865181264653
2020-03-17,0.021005108499346337
2020-03-18,-0.14476516214685742
2020-03-19,0.05491209690290266
2020-03-20,-0.014684847812641011
2020-03-23,-0.091845529598921
2020-03-24,0.15757178100887081
2020-03-25,0.10869040337058755
2020-03-26,0.08784724155607382
2020-03-27,-0.07157883322275127
2020-03-30,0.013793116677426553
2020-03-31,-0.04223777411685958
2020-04-01,-0.03137933138732152
2020-04-02,-0.058662567578786184
2020-04-03,-0.07756328939208545
2020-04-06,0.1528138395574956
2020-04-07,0.0034746959952289824
2020-04-08,0.08414120059884644
2020-04-09,0.03337586117845892
2020-04-13,-0.044506168041317795
2020-04-14,0.05240167892755121
2020-04-15,-0.04210833592893359
2020-04-16,0.001925061020545682
2020-04-17,0.05796645113939691
2020-04-20,-0.01649766282945553
2020-04-21,-0.03585726213904916
2020-04-22,0.012769369763999894
2020-04-23,-0.002521646384875731
2020-04-24,0.002212112882819195
2020-04-27,0.02585517674311233
2020-04-28,0.004917733599688834
2020-04-29,0.03838536727551767
2020-04-30,-0.04550835986703439
2020-05-01,-0.05708971879184643
2020-05-04,-0.036982669318206485
2020-05-05,0.002548842292846576
2020-05-06,-0.01830518462108288
2020-05-07,-0.015711321629316988
2020-05-08,0.029117868819684256
2020-05-11,-0.02232831484856257
2020-05-12,-0.01115741766199252
2020-05-13,-0.046192044561337076
2020-05-14,0.004382352596404626
2020-05-15,-0.020980314537645484
2020-05-18,0.09804662041129464
2020-05-19,0.0006908902356039803
2020-05-20,-0.002416334860599889
2020-05-21,0.03979257247921941
2020-05-22,-0.001664106521157005
2020-05-26,0.07449998790867696
2020-05-27,0.03381422611310314
2020-05-28,0.009302368246703718
2020-05-29,-0.04088025035096321
2020-06-01,-0.006199556409036577
2020-06-02,-0.011228788350450158
2020-06-03,0.06419557253132857
2020-06-04,0.0005928937746983998
2020-06-05,0.06754543989437689
2020-06-08,0.02899971169115667
2020-06-09,-0.04881342884114526
2020-06-10,-0.030904676415865362
2020-06-11,-0.08060246492698442
2020-06-12,0.04009568451047563
2020-06-15,0.02569964608105657
2020-06-16,0.011483749906649576
2020-06-17,-0.013565169275602917
2020-06-18,-0.0002990048595691297
2020-06-19,-0.029754731737979268
2020-06-22,0.0023114693120716012
2020-06-23,-0.007687305671716493
2020-06-24,-0.04369377155300802
2020-06-25,-0.010693609198789256
2020-06-26,-0.032099499288172684
2020-06-29,0.04771552362529308
2020-06-30,-0.004844817861104245
2020-07-01,-0.00016238262545031912
2020-07-02,0.0029217546433319974
2020-07-06,0.02476120557485806
2020-07-07,-0.03648135498348437
2020-07-08,0.0
2020-07-09,-0.04753307240541538
2020-07-10,0.026329137821224258
2020-07-13,-0.004862402892174655
2020-07-14,0.018871069947757002
2020-07-15,0.04084664646840941
2020-07-16,-0.009056290341977191
2020-07-17,-0.0027254460820254067
2020-07-20,-0.012701130536843741
2020-07-21,0.026705765226353373
2020-07-22,0.009199053237273214
2020-07-23,-0.008015174252597568
2020-07-24,-0.01663476182966417
2020-07-27,-0.015788552948816426
2020-07-28,-0.0014735586851019056
2020-07-29,-0.026229274233985134
2020-07-30,-0.032660085607264966
2020-07-31,-0.013574663006853505
2020-08-03,0.01464361488909316
2020-08-04,0.0
2020-08-05,0.04381848556798773
2020-08-06,-0.0026652167199172627
2020-08-07,0.02271567326152879
2020-08-10,0.04899575931638278
2020-08-11,0.00046695032703625294
2020-08-12,0.0004670003921596333
2020-08-13,-0.008070245863065595
2020-08-14,0.005371229637283426
2020-08-17,-0.013670683796763505
2020-08-18,-0.010673844838441138
2020-08-19,-0.007407410466061637
2020-08-20,-0.01054517882583228
2020-08-21,-0.011805137555278233
2020-08-24,0.02671309997880522
2020-08-25,-0.015028964570725778
2020-08-26,-0.0029533784805708674
2020-08-27,0.002139384098456709
2020-08-28,0.02200325980457163
2020-08-31,-0.019923192803038337
2020-09-01,-0.005245798316972694
2020-09-02,0.021753496666150784
2020-09-03,-0.018386994867900852
2020-09-04,0.0050936152639362575
2020-09-08,-0.03138793954548935
2020-09-09,0.005569592862011641
2020-09-10,-0.001006881396300674
2020-09-11,0.0189850254494337
2020-09-14,0.02176425581798136
2020-09-15,-0.008552581670724035
2020-09-16,0.024088490176704225
2020-09-17,-0.0017481301521172776
2020-09-18,-0.007323677704836218
2020-09-21,-0.037369588605720816
2020-09-22,-0.003832235250540439
2020-09-23,-0.02441865925748188
2020-09-24,-0.0162866747832614
2020-09-25,0.001917208557449035
2020-09-28,0.0243517113250995
2020-09-29,-0.021905043480179298
2020-09-30,-0.0010415670427353918
2020-10-01,-0.001390476384295014
2020-10-02,0.0327185327493249
2020-10-05,0.0028646924708410904
2020-10-06,-0.01781217775307986
2020-10-07,0.02121461251718082
2020-10-08,0.01859616692524413
2020-10-09,-0.01463814231043803
2020-10-12,0.010348914367680706
2020-10-13,-0.016685805256889674
2020-10-14,0.007056422443006305
2020-10-15,0.009175772589314235
2020-10-16,0.02082980517800026
2020-10-19,-0.004696369018872271
2020-10-20,-0.0035795233490937273
2020-10-21,-0.0145330384449186
2020-10-22,0.040596585129192286
2020-10-23,-0.003662592106671636
2020-10-26,-0.028128317167543493
2020-10-27,-0.07038315683891483
2020-10-28,-0.07412000846727251
2020-10-29,0.015284578204349808
2020-10-30,0.022205735402630156
2020-11-02,0.02632545218301563
2020-11-03,0.023138947368582352
2020-11-04,-0.003856973548734821
2020-11-05,0.02569525551068752
2020-11-06,0.004804544382252862
2020-11-09,0.10980149462867828
2020-11-10,0.04462264081461731
2020-11-11,-0.030048689630391645
2020-11-12,-0.02118543664374617
2020-11-13,0.03375536658544265
2020-11-16,0.03794407485420925
2020-11-17,0.0030585042286630504
2020-11-18,0.009292681072607945
2020-11-19,0.023018293873947382
2020-11-20,-0.01898471078657904
2020-11-23,0.041284360704390455
2020-11-24,0.0236789226082621
2020-11-25,-0.007396958504499507
2020-11-27,0.001355007474614922
2020-11-30,-0.029630788805327435
2020-12-01,-0.006832026079141351
2020-12-02,0.009967633099037032
2020-12-03,0.01876550089186524
2020-12-04,0.008459819792616008
2020-12-07,-0.011771097532426666
2020-12-08,0.019715434497514117
2020-12-09,-0.012621074058233095
2020-12-10,-0.007614792489058164
2020-12-11,-0.001233329356726931
2020-12-14,-0.028673091965706332
2020-12-15,0.0033893864346397073
2020-12-16,-0.006615819028851666
2020-12-17,0.000991848349712221
2020-12-18,-0.006653460731764205
2020-12-21,-0.007125457710118521
2020-12-22,-0.0060284536434812575
2020-12-23,0.021227373289163243
2020-12-24,-0.006363355748627564
2020-12-28,0.0051236360915984935
2020-12-29,-0.004106032128355808
2020-12-30,0.014500817209116335
2020-12-31,0.0021021743793960823
2021-01-04,-0.04307098105081886
2021-01-05,0.014467385341260464
2021-01-06,0.012388258538728047
2021-01-07,-0.007114425830307081
2021-01-08,0.0011467564274147968
2021-01-11,-0.0008590821625694689
2021-01-12,0.02464163191012969
2021-01-13,-0.014261574359160534
2021-01-14,0.006241181736924339
2021-01-15,-0.024527703341693075
2021-01-19,0.0023121224253801476
2021-01-20,-0.007497216682775254
2021-01-21,-0.010604110733911654
2021-01-22,-0.007781700252728618
2021-01-25,-0.01923653078075971
2021-01-26,0.01388050744247904
2021-01-27,-0.025297650146868578
2021-01-28,0.04076349249564548
2021-01-29,-0.021123700739575035
2021-02-01,0.0034467573305825283
2021-02-02,0.04749100939091333
2021-02-03,0.006273154650989099
2021-02-04,0.029753580701438187
2021-02-05,-0.004815676553168391
2021-02-08,0.0022121853683694237
2021-02-09,0.007587192308061486
2021-02-10,-0.007803663094223423
2021-02-11,-0.001932156381836081
2021-02-12,0.003871324394646658
2021-02-16,0.0
2021-02-17,0.006197018101379292
2021-02-18,-0.002463610323306553
2021-02-19,0.01893552910393903
2021-02-22,-0.01696773414294983
2021-02-23,0.013561748167890464
2021-02-24,0.04973656772965862
2021-02-25,-0.050197596675533696
2021-02-26,-0.018139581964978557
2021-03-01,0.03292145007991598
2021-03-02,0.004168724753582431
2021-03-03,0.0053569169603324696
2021-03-04,-0.008658438104003241
2021-03-05,0.010212196135544138
2021-03-08,0.005719496737237151
2021-03-09,-0.010315943404697436
2021-03-10,0.023118888187100728
2021-03-11,0.006400412615712225
2021-03-12,0.01907824790765389
2021-03-15,0.013372585362206868
2021-03-16,-0.016715084234697142
2021-03-17,0.016871275422846388
2021-03-18,-0.020361894777124467
2021-03-19,0.005388730596257663
2021-03-22,-0.018376897860129304
2021-03-23,-0.02262065834976179
2021-03-24,0.004921544825029933
2021-03-25,0.02620769368678655
2021-03-26,0.008254911582646685
2021-03-29,-0.00626848041892869
2021-03-30,0.0018022920377560592
2021-03-31,-0.007067663990417805
2021-04-01,0.00012955856221652517
2021-04-05,0.0081522922401418
2021-04-06,-0.00513424943495544
2021-04-07,0.0011610019130960936
2021-04-08,-0.0015462436289589432
2021-04-09,0.010454042607524805
2021-04-12,0.005492511973732128
2021-04-13,-0.012957415228043057
2021-04-14,0.0033462992615542753
2021-04-15,0.00012841188040324525
2021-04-16,0.003206315279376204
2021-04-19,0.004730270735246567
2021-04-20,-0.01908655279939364
2021-04-21,0.02309021887882512
2021-04-22,-0.0016484890169525812
2021-04-23,0.022860211105657946
2021-04-26,0.005711126271714884
2021-04-27,0.022345874864017068
2021-04-28,0.0032605960204534767
2021-04-29,-0.0025278221849008853
2021-04-30,0.004464744143292787
2021-05-03,0.010812036506327782
2021-05-04,-0.0023767966430554566
2021-05-05,0.0022635975355933535
2021-05-06,0.006537567404190536
2021-05-07,0.01216305907165438
2021-05-10,-0.007816891866427533
2021-05-11,-0.008349063344879615
2021-05-12,-0.02430917467398186
2021-05-13,0.01823047863783156
2021-05-14,0.025065710198645563
2021-05-17,0.008034554851348297
2021-05-18,-0.013746104200453968
2021-05-19,-0.001991310698106541
2021-05-20,0.0062574455693986675
2021-05-21,0.006804966682388169
2021-05-24,0.007807847179995386
2021-05-25,-0.00254380554123268
2021-05-26,0.002782279171411828
2021-05-27,0.024393019057700416
2021-05-28,0.0011286011117417338
2021-06-01,0.0031563127530855883
2021-06-02,-0.0040453883872426655
2021-06-03,0.0005643150826684096
2021-06-04,0.0038339682630317284
2021-06-07,-0.0005618427235904999
2021-06-08,0.0053952523136509
2021-06-09,-0.00670801529758136
2021-06-10,-0.006752750523006057
2021-06-11,0.006345530162119806
2021-06-14,-0.001013160992442752
2021-06-15,0.007664574129168544
2021-06-16,-0.010850192770826772
2021-06-17,-0.014700919166512172
2021-06-18,-0.013887275919225117
2021-06-21,0.0242084721700484
2021-06-22,-0.007045373807785693
2021-06-23,-0.008926505257025763
2021-06-24,0.002886747997064454
2021-06-25,-0.0014967494975521856
2021-06-28,-0.018565531452802375
2021-06-29,-0.007872162076706268
2021-06-30,0.010303197578311218
2021-07-01,0.010666772011677983
2021-07-02,0.005567335266119855
2021-07-06,-0.010957280443199435
2021-07-07,0.000932974808213638
2021-07-08,-0.004543902857117699
2021-07-09,0.01100171376528536
2021-07-12,-0.0018523408877900716
2021-07-13,-0.010322196231990044
2021-07-14,-0.004922054614675542
2021-07-15,0.0008245153664350191
2021-07-16,-0.01706320335216749
2021-07-19,-0.02968969545633371
2021-07-20,0.04626766883820843
2021-07-21,0.020990579374591922
2021-07-22,-0.00877795440305118
2021-07-23,-0.00011663662182836987
2021-07-26,0.0016317354271235818
2021-07-27,0.026410616800114806
2021-07-28,-0.011562164105358375
2021-07-29,0.0051605859598373716
2021-07-30,-0.0079862575691928
2021-08-02,-0.003910251268064546
2021-08-03,0.015702599012153096
2021-08-04,-0.024440166192367774
2021-08-05,0.012351564269025506
2021-08-06,0.008056939812207675
2021-08-09,-0.005708891886280432
2021-08-10,0.006545446563618995
2021-08-11,0.011066826969520438
2021-08-12,-0.007221985303828005
2021-08-13,-0.008297336156506852
2021-08-16,-0.0012605337537482386
2021-08-17,-0.00608223080613679
2021-08-18,-0.013046942665467465
2021-08-19,-0.019065616122449947
2021-08-20,0.008398448864953112
2021-08-23,0.010826626737922007
2021-08-24,0.005532132685653668
2021-08-25,0.003511658951584451
2021-08-26,-0.011314533614125377
2021-08-27,0.007550658400423238
2021-08-30,-0.007025785119289529
2021-08-31,-0.0004716014648241673
2021-09-01,-0.0077867178649920765
2021-09-02,0.0052316862740124925
2021-09-03,-0.010527401130277614
2021-09-07,-0.0077704985252988745
2021-09-08,-0.0015662704069471234
2021-09-09,0.009533036092999714
2021-09-10,-0.00788910154488931
2021-09-13,0.007710869695739975
2021-09-14,-0.010760537806699833
2021-09-15,0.02574348370618096
2021-09-16,-0.010015449169835433
2021-09-17,-0.0074982407401438245
2021-09-20,0.0007196131816826767
2021-09-21,-0.004074409679441726
2021-09-22,0.02598974347661942
2021-09-23,0.01735659351479346
2021-09-24,0.004726337190023022
2021-09-27,0.0020650788088723004
2021-09-28,-0.005724582673553136
2021-09-29,0.0017272242750676625
2021-09-30,-0.011840481129712144
2021-10-01,0.017682800032767343
2021-10-04,0.0024003659514977294
2021-10-05,0.01174596332294442
2021-10-06,0.006199017805515572
2021-10-07,0.009857864200058186
2021-10-08,0.005213458875156007
2021-10-11,-0.00805546183357353
2021-10-12,-0.001891206843053883
2021-10-13,-0.00044583300785971947
2021-10-14,-0.005686813337430596
2021-10-15,0.01962531368091769
2021-10-18,-0.0013198462159184077
2021-10-19,0.0047357911123404595
2021-10-20,0.004932604635387694
2021-10-21,-0.0007635278732667228
2021-10-22,0.0027288779398613183
2021-10-25,-0.006095891541827991
2021-10-26,-0.023439466679615495
2021-10-27,0.0
2021-10-28,0.00033647488719679153
2021-10-29,-0.0036999788092122454
2021-11-01,-0.003488551803198403
2021-11-02,-0.008469724867341433
2021-11-03,0.00990872597728587
2021-11-04,-0.006879463898039617
2021-11-05,0.03543031980955336
2021-11-08,-0.005154657077298452
2021-11-09,0.0030867707802604283
2021-11-10,-0.008901833376347978
2021-11-11,-0.012530535093583928
2021-11-12,-0.002133733359598322
2021-11-15,0.005514216981001185
2021-11-16,-0.005036391190680334
2021-11-17,-0.01631033028517248
2021-11-18,-0.00034515076046093274
2021-11-19,-0.017029185794973478
2021-11-22,0.016036539461336208
2021-11-23,0.005875595884916152
2021-11-24,-0.0013742780841218272
2021-11-26,-0.048055988607526245
2021-11-29,-0.0007228704244283124
2021-11-30,-0.024355041693008173
2021-12-01,-0.023109286069917356
2021-12-02,0.03301726867354615
2021-12-03,-0.006735452031323863
2021-12-06,0.03267185290853303
2021-12-07,0.014923549929338087
2021-12-08,0.01752732455986039
2021-12-09,-0.0039306167933564895
2021-12-10,0.0
2021-12-13,-0.021239414235790344
2021-12-14,-0.009842586598001968
2021-12-15,-0.0008381997636014438
2021-12-16,-0.008749793327802236
2021-12-17,-0.005078749315530429
2021-12-20,-0.015191887215255329
2021-12-21,0.03270369620208635
2021-12-22,0.004660674667681164
2021-12-23,0.009872832283358335
2021-12-27,0.004004496996358853
2021-12-28,0.009150562856614641
2021-12-29,-0.0015110401569347065
2021-12-30,-0.0010477249215676832
2021-12-31,0.003030310930584479
2022-01-03,0.010573997477412389
2022-01-04,0.03506949121445646
2022-01-05,-0.004998835329164675
2022-01-06,0.005470606761464714
2022-01-07,0.004219469834120693
2022-01-10,-0.007850736522972523
2022-01-11,0.011033240061654181
2022-01-12,0.0038579119477373247
2022-01-13,0.00538059284042558
2022-01-14,0.008409630628645637
2022-01-18,-0.01711248228394946
2022-01-19,-0.01157000227500049
2022-01-20,-0.014938707547758834
2022-01-21,-0.013015213262743464
2022-01-24,0.010434659854940076
2022-01-25,0.02485240768628927
2022-01-26,-0.014726898207038208
2022-01-27,0.003371352488780399
2022-01-28,0.011760782279143234
2022-01-31,-0.0015497359111331654
2022-02-01,0.005987368837995666
2022-02-02,0.01994926507777839
2022-02-03,0.0029175720758207735
2022-02-04,0.002155234553594454
2022-02-07,0.010966240379910674
2022-02-08,0.011060242643208706
2022-02-09,0.009782591835215904
2022-02-10,-0.009791810858905348
2022-02-11,0.0022088922708118908
2022-02-14,-0.017844027291110787
2022-02-15,0.005023274724624827
2022-02-16,0.007549846004214711
2022-02-17,-0.004115975138891059
2022-02-18,-0.010491602635214536
2022-02-22,0.0018205710868324232
2022-02-23,-0.013898011515411701
2022-02-24,0.02747211144983286
2022-02-25,0.04106103059760091
2022-02-28,0.046677392758603276
2022-03-01,0.00029201364345499137
2022-03-02,-0.019371053102015923
2022-03-03,-0.009033000560958904
2022-03-04,-0.0024041770668032925
2022-03-07,-0.014057681955462642
2022-03-08,-0.03401567004302486
2022-03-09,0.03869269093856431
2022-03-10,-0.00010143984366384196
2022-03-11,-0.01614069134795948
2022-03-14,0.0012383087696181683
2022-03-15,0.005976978470040306
2022-03-16,-0.018643652957862522
2022-03-17,0.020354689569010764
2022-03-18,-0.0023530121750279243
2022-03-21,0.024815886520029196
2022-03-22,0.014408357599251298
2022-03-23,-0.0014795662041268143
2022-03-24,0.00474177390412045
2022-03-25,0.007078728876186657
2022-03-28,-0.008200588784144647
2022-03-29,-0.005020418156778894
2022-03-30,-0.002473072800902254
2022-03-31,-0.01745526017629062
2022-04-01,0.011103339068529783
2022-04-04,-0.008685242933637483
2022-04-05,-0.004934578707252224
2022-04-06,-0.0035419757352274095
2022-04-07,0.02559406286491539
2022-04-08,-0.005743689341934477
2022-04-11,0.0170319065032849
2022-04-12,0.004798620445034318
2022-04-13,0.007505158983746485
2022-04-14,0.008706414922540873
2022-04-18,0.00028761673268817844
2022-04-19,0.0023968805401153315
2022-04-20,0.004017427027906306
2022-04-21,-0.030865979514145825
2022-04-22,-0.012189328314209269
2022-04-25,-0.0087571195152093
2022-04-26,-0.004216499699796317
2022-04-27,-0.00352840670994492
2022-04-28,-0.007689386367845885
2022-04-29,-0.032320434957808564
2022-05-02,-0.007270091147631663
2022-05-03,0.012524141052477233
2022-05-04,0.02473776331728983
2022-05-05,-0.01472991503745158
2022-05-06,-0.010589692648973137
2022-05-09,-0.03725071323592977
2022-05-10,-0.0006542673162405199
2022-05-11,-0.0075251362788647524
2022-05-12,0.005274833004967228
2022-05-13,0.004809539463315193
2022-05-16,0.006092364516124382
2022-05-17,0.026708365097294573
2022-05-18,-0.024644329996649783
2022-05-19,-0.019661041859069806
2022-05-20,-0.001883751018534996
2022-05-23,0.019427307388252046
2022-05-24,0.01502761981555989
2022-05-25,0.0037550576987777085
2022-05-26,0.01539122380555491
2022-05-27,0.01799994948048078
2022-05-31,-0.01644093921656753
2022-06-01,-0.0032590479457432764
2022-06-02,0.015082742059472132
2022-06-03,0.0009351640843209275
2022-06-06,0.009135113572095843
2022-06-07,0.03394728625428556
2022-06-08,-0.012734996734501292
2022-06-09,-0.018643676381182583
2022-06-10,-0.019408461109402864
2022-06-13,-0.03707193842788559
2022-06-14,-0.00685147533136643
2022-06-15,0.01051241557399818
2022-06-16,-0.02990903639928555
2022-06-17,-0.007149164602692215
2022-06-21,0.04545454964304563
2022-06-22,-0.003874308669122639
2022-06-23,-0.008642795255023428
2022-06-24,0.026590889312849253
2022-06-27,0.006475597376270681
2022-06-28,-0.01086394183553141
2022-06-29,-0.005118198634419313
2022-06-30,0.03011796005708267
2022-07-01,0.009468165679989315
2022-07-05,-0.0422593327416908
2022-07-06,0.010762056665950981
2022-07-07,0.00021277321192236798
2022-07-08,0.012561323844388017
2022-07-11,-0.004310439836722968
2022-07-12,-0.0022171267441746245
2022-07-13,-0.02846575187415057
2022-07-14,-0.01884321439731762
2022-07-15,0.012766729295024204
2022-07-18,-0.015674965883881953
2022-07-19,0.0447662408978311
2022-07-20,0.010765316860634977
2022-07-21,0.0006327124241711779
2022-07-22,-0.00716646559145373
2022-07-25,0.0038215198363211744
2022-07-26,-0.04578610811802297
2022-07-27,0.0003322659256437266
2022-07-28,0.023485058534138847
2022-07-29,0.00887543830022608
2022-08-01,0.0003217666906805139
2022-08-02,0.005469943157318413
2022-08-03,0.008320016717259904
2022-08-04,-0.018512765019160327
2022-08-05,0.0026944636733792215
2022-08-08,-0.01967102910500962
2022-08-09,0.008113962772740457
2022-08-10,0.01609749071094746
2022-08-11,-0.0028899167382410162
2022-08-12,0.01996756873575478
2022-08-15,0.011788344423472541
2022-08-16,-0.011234979593947592
2022-08-17,-0.0006310757955290125
2022-08-18,0.0028588783398881823
2022-08-19,-0.01383168149905778
2022-08-22,-0.01734470705846136
2022-08-23,0.0070822381746371565
2022-08-24,0.00952075892625115
2022-08-25,0.030221615640500188
2022-08-26,-0.0271506286230061
2022-08-29,-0.014970132610738207
2022-08-30,-0.014003477136225073
2022-08-31,-0.011890193257550252
2022-09-01,-0.019164286712913037
2022-09-02,-0.004998594492166775
2022-09-06,-0.004909082914296037
2022-09-07,0.003327014313644572
2022-09-08,-0.010177093531958947
2022-09-09,0.017097964772134544
2022-09-12,-0.0027260708094002384
2022-09-13,-0.046469327511710845
2022-09-14,0.032011664195128464
2022-09-15,-0.009143654385659339
2022-09-16,-0.004789213906173484
2022-09-19,-0.002934300736055273
2022-09-20,0.002354406467769188
2022-09-21,-0.00974750656022405
2022-09-22,-0.01031779723213222
2022-09-23,-0.017016141677618557
2022-09-26,-0.011459204786259392
2022-09-27,-0.0011098804767274428
2022-09-28,0.02839507153278098
2022-09-29,-0.01152466896353932
2022-09-30,-0.005829468298971796
2022-10-03,0.015270019955648362
2022-10-04,0.029118114105800785
2022-10-05,-0.003741523119120904
2022-10-06,-0.010914205935950494
2022-10-07,-0.00320361459006413
2022-10-10,0.0017856351886149646
2022-10-11,0.00510915501133935
2022-10-12,-0.018914735785984682
2022-10-13,0.02265329810332939
2022-10-14,-0.026864552985650714
2022-10-17,0.02276311044148316
2022-10-18,0.03421320436008646
2022-10-19,0.003090759941998922
2022-10-20,-0.004450509867530039
2022-10-21,0.014901507063130426
2022-10-24,0.013440078015963586
2022-10-25,-0.015268042158602446
2022-10-26,0.024445508499972846
2022-10-27,0.014140534231142698
2022-10-28,0.03572980177281715
2022-10-31,-0.002734383998839407
2022-11-01,0.007698633327276383
2022-11-02,-0.014652001853667662
2022-11-03,0.006903873760998769
2022-11-04,0.0044304187789769855
2022-11-07,0.009976785624343787
2022-11-08,0.0010399877534943425
2022-11-09,-0.011841750134631623
2022-11-10,0.028487303853789614
2022-11-11,-0.04282499117204819
2022-11-14,-0.00747476314280715
2022-11-15,0.030554262209418814
2022-11-16,-0.015033173099400332
2022-11-17,0.007782553833760808
2022-11-18,0.008780396488012654
2022-11-21,0.008808811680973028
2022-11-22,0.006756663510516514
2022-11-23,0.002891013601672432
2022-11-25,0.0035006706639246765
2022-11-28,-0.005847983329015927
2022-11-29,0.005469523016758071
2022-11-30,0.013240199777011963
2022-12-01,0.007901042503333233
2022-12-02,0.015176068066211856
2022-12-05,-0.00326698648646484
2022-12-06,-0.01936826887629306
2022-12-07,0.0031395818865040948
2022-12-08,0.004543871466437421
2022-12-09,-0.012262641137052444
2022-12-12,0.013127189979326825
2022-12-13,0.0033145671833050283
2022-12-14,0.0006005103122046496
2022-12-15,-0.01460729259090221
2022-12-16,-0.0015229448586946415
2022-12-19,-0.00813506320489299
2022-12-20,0.006561428197011443
2022-12-21,0.016093067219996593
2022-12-22,-0.012530260405225868
2022-12-23,0.00801961963939446
2022-12-27,0.0036253664619321224
2022-12-28,-0.005217814535232623
2022-12-29,0.012003162280996849
2022-12-30,0.005880655231055298
2023-01-03,-0.0010900202386493474
2023-01-04,0.0002976756406731784
2023-01-05,0.0003966489465763168
2023-01-06,0.015662183633182947
2023-01-09,-0.027913295897859958
2023-01-10,0.0032126970782158093
2023-01-11,-0.003302544743429392
2023-01-12,0.010944978823315132
2023-01-13,-0.01986484786037257
2023-01-17,-0.0025335450253871628
2023-01-18,-0.02732913073693477
2023-01-19,-0.01566756865373542
2023-01-20,0.0012734555260798253
2023-01-23,0.02002963527778534
2023-01-24,0.03345466650507234
2023-01-25,0.0054287965564043805
2023-01-26,0.0023997256346337537
2023-01-27,-0.006483781945313849
2023-01-30,-0.008935781088602712
2023-01-31,0.011548878612940516
2023-02-01,-0.01432138409130379
2023-02-02,-0.014834452686538158
2023-02-03,-0.004950424786087426
2023-02-06,0.012023143639040113
2023-02-07,0.002355665631615267
2023-02-08,-0.00224781331172641
2023-02-09,0.00204803264516773
2023-02-10,0.02820640924869422
2023-02-13,-0.0004969245551696977
2023-02-14,0.008055049519934743
2023-02-15,0.0008876940812621026
2023-02-16,-0.004829477092018086
2023-02-17,0.005348147081541077
2023-02-21,-0.008472183179321524
2023-02-22,-0.0013908519054381951
2023-02-23,-0.003201328855918728
2023-02-24,-0.00020078624175501325
2023-02-27,-0.0046173946838420354
2023-02-28,-0.010790854647574344
2023-03-01,-0.0005094462179261461
2023-03-02,0.00979165782188307
2023-03-03,0.00020200295197558837
2023-03-06,0.0049486419345958765
2023-03-07,-0.013365480604317082
2023-03-08,-0.007944568097135507
2023-03-09,-0.015092433821301876
2023-03-10,0.0007296363357887081
2023-03-13,0.015208375491929438
2023-03-14,0.008824121992798917
2023-03-15,-0.02532526808024771
2023-03-16,0.02347882981131133
2023-03-17,-0.023756057523789953
2023-03-20,0.018590086223459146
2023-03-21,0.004921471898164276
2023-03-22,-0.013365991226134799
2023-03-23,-0.007238847585654851
2023-03-24,0.004583277110224104
2023-03-27,0.004873581158024054
2023-03-28,-0.001135059823875073
2023-03-29,0.00929739109490435
2023-03-30,-0.0033775632497913266
2023-03-31,0.0057512624863698125
2023-04-03,0.027060215492571205
2023-04-04,-0.010638348112819052
2023-04-05,-0.00753701457395628
2023-04-06,-0.005569069637011093
2023-04-10,0.014356993403572327
2023-04-11,0.0010038095627549204
2023-04-12,0.018050533646819966
2023-04-13,0.0015762267323962131
2023-04-14,0.0
2023-04-17,0.01406355492596556
2023-04-18,0.01503261094639674
2023-04-19,-0.005446356290563781
2023-04-20,-0.012008741223854869
2023-04-21,-0.00573704655302798
2023-04-24,0.002053771588852671
2023-04-25,-0.013371185750812087
2023-04-26,-0.03373214563033344
2023-04-27,0.01750596354010847
2023-04-28,0.005131429860063319
2023-05-01,0.004304258621068868
2023-05-02,-0.014551938521195296
2023-05-03,-0.017295506837393004
2023-05-04,-0.012762440585059931
2023-05-05,0.00688073355994101
2023-05-08,-0.010768188521406818
2023-05-09,0.0076407150771591326
2023-05-10,0.0003115969250417905
2023-05-11,-0.007891915065374011
2023-05-12,0.004709919025593701
2023-05-15,0.007396643254167445
2023-05-16,-0.012823068135100257
2023-05-17,0.01162809330339698
2023-05-18,0.0015625648706605322
2023-05-19,0.0
2023-05-22,-0.004889224984840346
2023-05-23,-0.01651673392289288
2023-05-24,-0.004464358235958477
2023-05-25,-0.005765445923090362
2023-05-26,0.0015034035385663724
2023-05-30,-0.00471793868601611
2023-05-31,-0.007326228683161573
2023-06-01,0.021163571329757325
2023-06-02,0.02114991489790885
2023-06-05,-0.0034345987962872693
2023-06-06,0.01765018771505744
2023-06-07,0.011801947233426313
2023-06-08,0.004970132779274827
2023-06-09,0.0026241197412011363
2023-06-12,0.0008053206256239953
2023-06-13,0.0027158304083669815
2023-06-14,-0.028388095586103
2023-06-15,0.011769686811105684
2023-06-16,-0.0026531200288190115
2023-06-20,-0.0004093336923463031
2023-06-21,0.014022635430889219
2023-06-22,-0.021701792937657283
2023-06-23,-0.00010319921700685519
2023-06-26,-0.0037148121435904846
2023-06-27,-0.00020718940609076864
2023-06-28,-0.0068372581204821925
2023-06-29,0.02013150357754201
2023-06-30,0.0016359211131757867
2023-07-03,0.00438963813420945
2023-07-05,-0.0015246164935251993
2023-07-06,-0.001933950507678306
2023-07-07,-0.006425316206120635
2023-07-10,0.0006158530665589801
2023-07-11,0.005642118846080679
2023-07-12,-0.012343020671827243
2023-07-13,0.003614959275199947
2023-07-14,-0.01029131143217088
2023-07-17,0.001559727772340036
2023-07-18,-0.005813910019597079
2023-07-19,-0.001984203082926461
2023-07-20,0.016637029201561848
2023-07-21,-0.007924982095926292
2023-07-24,0.006432121374777111
2023-07-25,-0.10215451632012629
2023-07-26,-0.009184724976842529
2023-07-27,-0.013093878326076003
2023-07-28,0.025478464584150595
2023-07-31,0.006755232728692606
2023-08-01,0.0004550014073192443
2023-08-02,-0.028532440990189478
2023-08-03,-0.009244129280360447
2023-08-04,-0.0014172765797715314
2023-08-07,0.010881208793964703
2023-08-08,0.00865783236165707
2023-08-09,0.018095286801464328
2023-08-10,-0.0176597094716191
2023-08-11,0.007190909630022224
2023-08-14,-0.004606111535734425
2023-08-15,-0.009023614877893271
2023-08-16,-0.0060705524354977
2023-08-17,0.007096417121360998
2023-08-18,0.007633582799690286
2023-08-21,-0.0032634082718513424
2023-08-22,-0.0022216296224716325
2023-08-23,0.00832055993131231
2023-08-24,-0.010344012316433338
2023-08-25,-0.005402299612152439
2023-08-28,0.012398107435064532
2023-08-29,-0.004548632977311007
2023-08-30,0.012653879186945272
2023-08-31,-0.004512319238311635
2023-09-01,0.0027894837460207267
2023-09-05,-0.014255921939316019
2023-09-06,-0.018106975814668136
2023-09-07,0.009819000477666595
2023-09-08,-0.01007932825585256
2023-09-11,-0.07882134593557522
2023-09-12,-0.017425233077501323
2023-09-13,0.0
2023-09-14,-0.0007941999009143386
2023-09-15,0.003973629539849366
2023-09-18,-0.008179245433342919
2023-09-19,-0.0013301806413849038
2023-09-20,-0.008657637543001417
2023-09-21,-0.024049364484995506
2023-09-22,-0.014592401440906122
2023-09-25,0.006565887447194552
2023-09-26,0.0029148956350457667
2023-09-27,0.008579943147141167
2023-09-28,-0.012074678196660527
2023-09-29,-0.00041651362862615837
2023-10-02,-0.008753743173628314
2023-10-03,-0.010653195022872874
2023-10-04,-0.006517397044682571
2023-10-05,-0.010553426217354778
2023-10-06,0.0056212133689130805
2023-10-09,0.0461517733296084
2023-10-10,0.004932003282994257
2023-10-11,-0.0005453470005915007
2023-10-12,-0.00013614016193308487
2023-10-13,-0.0006820943722878337
2023-10-16,0.009965678907400743
2023-10-17,-0.0012164203536286777
2023-10-18,0.00473664338081381
2023-10-19,-0.004714313359643674
2023-10-20,-0.01813528421312094
2023-10-23,0.007994507862582267
2023-10-24,0.07179010976043587
2023-10-25,0.00038281283899110896
2023-10-26,0.00943744803703117
2023-10-27,0.00012649676544751465
2023-10-30,-0.0074533308559163736
2023-10-31,0.03589142067766948
2023-11-01,0.00933793918433401
2023-11-02,0.0076688853811019975
2023-11-03,-0.0007249303867166157
2023-11-06,-0.0038684918347742236
2023-11-07,0.0032767490837994906
2023-11-08,0.006410983468586373
2023-11-09,-0.009254655454621341
2023-11-10,-0.002547547569741626
2023-11-13,-0.002311087022723979
2023-11-14,-0.01633539555597574
2023-11-15,-0.0007437072684681745
2023-11-16,0.0023739080619151753
2023-11-17,-0.00685532661316135
2023-11-20,-0.006400634054303467
2023-11-21,-0.012883532894516603
2023-11-22,0.02136891892710291
2023-11-24,0.0020046268982685245
2023-11-27,-0.006376527152807787
2023-11-28,0.009060002753426222
2023-11-29,0.009477377430135325
2023-11-30,0.006547431410657056
2023-12-01,0.01030917455448388
2023-12-04,0.009839569200000176
2023-12-05,-0.0052927720199583694
2023-12-06,0.00024182163522357136
2023-12-07,-0.014629485302897316
2023-12-08,-0.002208463337117994
2023-12-11,0.0070092372357144495
2023-12-12,-0.0103797972415004
2023-12-13,0.026900291081498384
2023-12-14,-0.016342180687578756
2023-12-15,-0.01930127166783424
2023-12-18,0.005107096532545041
2023-12-19,0.02391884007873779
2023-12-20,-0.011861686095142265
2023-12-21,0.004532253172736533
2023-12-22,0.014876123995561263
2023-12-26,0.00985225643256471
2023-12-27,0.001427828005569065
2023-12-28,0.0
2023-12-29,-0.00035649491277822687
2024-01-02,0.012835768703790329
2024-01-03,0.0045763148470552295
2024-01-04,-0.0023361041515097547
2024-01-05,-0.0003514116218703567
2024-01-08,0.005387772840476979
2024-01-09,-0.00046598733536296066
2024-01-10,0.003263524000985951
2024-01-11,-0.008829073142963662
2024-01-12,0.0118378217860593
2024-01-16,-0.00961433209160123
2024-01-17,-0.00526313507301801
2024-01-18,0.004938361374049016
2024-01-19,0.0007019606630696007
2024-01-22,-0.0059628491121114235
2024-01-23,0.05328160725664377
2024-01-24,-0.0006700666507994946
2024-01-25,0.01620291591137768
2024-01-26,-0.005828004729366398
2024-01-29,-0.0036500053613679473
2024-01-30,0.00577252195136313
2024-01-31,0.005739652383792038
2024-02-01,0.011523128713272435
2024-02-02,-0.0020612340120642614
2024-02-05,0.002826511665760423
2024-02-06,0.00043374071780322154
2024-02-07,-0.0037928165314863316
2024-02-08,-0.009681214430044549
2024-02-09,-0.005821602833948281
2024-02-12,0.006960508719264569
2024-02-13,-0.006034703308899991
2024-02-14,0.008830987580942029
2024-02-15,0.004376885109571127
2024-02-16,-0.008497603461499637
2024-02-20,-0.0003295286440303524
2024-02-21,-0.008463579937037724
2024-02-22,-0.0010041733879712078
2024-02-23,0.005361324866597128
2024-02-26,0.0001110043148029316
2024-02-27,0.004443423027922444
2024-02-28,-0.0055297296201071156
2024-02-29,-0.0027802387787795313
2024-03-01,0.0014498387261974166
2024-03-04,0.0012249501319545608
2024-03-05,0.0016683112125139843
2024-03-06,0.0022206811098097745
2024-03-07,0.003213161102318507
2024-03-08,0.003644152506068865
2024-03-11,0.005721882222198049
2024-03-12,-0.01586439306155185
2024-03-13,0.006781617827321007
2024-03-14,0.013250868103629632
2024-03-15,0.012750660711086104
2024-03-18,0.005703260133357535
2024-03-19,0.01497968060307775
2024-03-20,-0.00010541150097298502
2024-03-21,-0.00622034730802612
2024-03-22,0.013579472407580173
2024-03-25,0.0009418691299787341
2024-03-26,0.004496526238449983
2024-03-27,0.014470222473847771
2024-03-28,0.0008208792172890167
2024-04-01,0.0023583330889374032
2024-04-02,0.008080958037214536
2024-04-03,-0.010147095027471797
2024-04-04,0.01804195431181732
2024-04-05,0.023965425788369688
2024-04-08,0.0018683764436762118
2024-04-09,-0.002748302559728799
2024-04-10,-0.0023622019307024678
2024-04-11,-0.005722261789417926
2024-04-12,-0.006747388996687698
2024-04-15,-0.000799069456335233
2024-04-16,0.008198285080912138
2024-04-17,-0.000892443673818466
2024-04-18,-0.00039707371064801045
2024-04-19,0.008440059292920354
2024-04-22,0.0
2024-04-23,-0.001772310733162863
2024-04-24,-0.00355106938668992
2024-04-25,0.006830342514720256
2024-04-26,-0.0029495206817012898
2024-04-29,0.01015680976164024
2024-04-30,-0.008980958312108323
2024-05-01,-0.0029550409531222677
2024-05-02,0.006619270036147373
2024-05-03,-0.004809095934880325
2024-05-06,0.005029715213107133
2024-05-07,0.012952434764915921
2024-05-08,0.006877920125091919
2024-05-09,0.017317662605987216
2024-05-10,0.005485084064923651
2024-05-13,-0.004890865433906599
2024-05-14,-0.0009451908554469757
2024-05-15,-0.003311186594283533
2024-05-16,-0.004583758134195759
2024-05-17,-0.000575477442270711
2024-05-20,0.008062818714586362
2024-05-21,0.003904149698136017
2024-05-22,0.008346693436375174
2024-05-23,-0.008465693523825424
2024-05-24,0.008158580161857776
2024-05-28,-0.0070576315827474145
2024-05-29,-0.009002932397615737
2024-05-30,0.010997521881406458
2024-05-31,0.019769183913475485
2024-06-03,-0.004081360745484375
2024-06-04,0.004936319941960532
2024-06-05,0.005004551396999846
2024-06-06,-0.0023975812853469503
2024-06-07,-0.0006470457099703175
2024-06-10,-0.009434999549671308
2024-06-11,-0.0015873807918704852
2024-06-12,-0.0014029598321606551
2024-06-13,-0.01629667307811844
2024-06-14,-0.007616875628089437
2024-06-17,0.0023025788958368487
2024-06-18,0.002871648789292802
2024-06-20,0.002863351685787885
2024-06-21,0.005139569428261881
2024-06-24,-0.034561189053482044
2024-06-25,-0.00382505165504321
2024-06-26,-0.003051958529869392
2024-06-27,-0.006320381759951088
2024-06-28,-0.0022857873664998696
2024-07-01,-0.008367444706520621
2024-07-02,0.008638912713287983
2024-07-03,0.0032863590807721277
2024-07-05,-0.003672729761150406
2024-07-08,-0.0026900803461854528
2024-07-09,0.010089992922429625
2024-07-10,-0.004252735491732107
2024-07-11,0.010329739112404202
2024-07-12,-0.004325636183105108
2024-07-15,0.003356960576652357
2024-07-16,0.020271606022787658
2024-07-17,0.012635046531032756
2024-07-18,-0.010953379212306658
2024-07-19,-0.009919221087329788
2024-07-22,0.009337679531856713
2024-07-23,0.011564004793419569
2024-07-24,-0.0013336650922957105
2024-07-25,0.08241921431450816
2024-07-26,0.004230153871332298
2024-07-29,0.0043001774758884
2024-07-30,0.021321087051712206
2024-07-31,0.00521906371823011
2024-08-01,-0.0063835132156465635
2024-08-02,-0.002569756319547367
2024-08-05,-0.01090698812151869
2024-08-06,-0.006685724612724542
2024-08-07,-0.00218531162003055
2024-08-08,0.008322357482434484
2024-08-09,0.009122503112797498
2024-08-12,0.0038743487730747983
2024-08-13,0.002229791665427916
2024-08-14,0.006760347259439303
2024-08-15,0.006034710326952242
2024-08-16,0.0018686897006332526
2024-08-19,0.0033912505276556537
2024-08-20,-0.0033797888170463697
2024-08-21,-0.005849898948945498
2024-08-22,0.006481323937677752
2024-08-23,0.004236532313184993
2024-08-26,0.0015187724511203093
2024-08-27,0.006655441103784909
2024-08-28,0.011298000046168433
2024-08-29,0.011999365734437717
2024-08-30,0.00858612798865721
2024-09-03,-0.019052998781492025
2024-09-04,0.000991844499685035
2024-09-05,-0.012137736176541791
2024-09-06,-0.010030104041702681
2024-09-09,0.02296529427772942
2024-09-10,-0.0070980955591226635
2024-09-11,-0.008645009905129952
2024-09-12,0.007043300795156027
2024-09-13,-0.008159809719490041
2024-09-16,0.0006715232200749099
2024-09-17,-0.003942908909827514
2024-09-18,-0.005811467593790254
2024-09-19,0.006607912310222508
2024-09-20,-0.0056387609124161076
2024-09-23,0.017943233872907527
2024-09-24,-0.0019122656414831685
2024-09-25,0.0071641934010131525
2024-09-26,-0.004797377038254003
2024-09-27,0.0005818192402566869
2024-09-30,0.006395968364605986
2024-10-01,0.02665889805863464
2024-10-02,-0.0028137244874633094
2024-10-03,-0.0029829482102373683
2024-10-04,0.01002666459498136
2024-10-07,0.0011208788782131052
2024-10-08,-0.012395110384880503
2024-10-09,0.003643698508949411
2024-10-10,-0.008148398328050921
2024-10-11,0.008052738812268867
2024-10-14,0.005729050515614453
2024-10-15,0.0031289722916802987
2024-10-16,0.009517768306239294
2024-10-17,-0.0037236764435784053
2024-10-18,0.0013518432758921062
2024-10-21,-0.00015875328705450276
2024-10-22,-0.00293894068404732
2024-10-23,0.013383249501567773
2024-10-24,-0.016036486022184104
2024-10-25,-7.985225970130738e-05
2024-10-28,0.002157235588673201
2024-10-29,-0.021047551915443607
2024-10-30,-0.007573860250074671
2024-10-31,-0.007139406892465838
2024-11-01,-0.018513961037443183
2024-11-04,-0.006315765847207611
2024-11-05,0.008305092001997139
2024-11-06,0.021936405822009952
2024-11-07,-0.012418762045342091
2024-11-08,0.028897457933502402
2024-11-11,0.008174778575837705
2024-11-12,-0.00955355731045815
2024-11-13,0.0030801025113986746
2024-11-14,-0.039030364275510876
2024-11-15,0.0020289038661174263
2024-11-18,0.00725564814953894
2024-11-19,-0.003601659191748263
2024-11-20,0.0015971366084999161
2024-11-21,0.011582057306784854
2024-11-22,0.0019911974238995267
2024-11-25,-0.01755402099978365
2024-11-26,0.01651923689013901
2024-11-27,-0.002238706971315896
2024-11-29,0.012381631617111033
2024-12-02,-0.025855753219024336
2024-12-03,-0.004887071661205611
2024-12-04,0.00956815649024123
2024-12-05,-0.0059548853906118415
2024-12-06,-0.004471768559201839
2024-12-09,-0.0119502144616348
2024-12-10,0.008835198206886608
2024-12-11,-0.005696803923470273
2024-12-12,-0.0076107424049268735
2024-12-13,0.014648798419981901
2024-12-16,0.003057377986983134
2024-12-17,-0.005842020485049226
2024-12-18,-0.025293878226411826
2024-12-19,0.00882487998105308
2024-12-20,0.008834192332739521
2024-12-23,0.001287736444244958
2024-12-24,0.0017148838850278292
2024-12-26,0.00179750921480748
2024-12-27,-0.002819570285846118
2024-12-30,-0.012766667828905676
2024-12-31,0.004339506681535932
