Date,TPR
2015-01-05,-0.01554539390908749
2015-01-06,-0.011707117232115705
2015-01-07,0.030854174934038525
2015-01-08,0.02538736275553366
2015-01-09,-0.00443070154858316
2015-01-12,0.009686188119956807
2015-01-13,-0.017889654129003674
2015-01-14,-0.024287433931693858
2015-01-15,-0.018938895027679203
2015-01-16,-0.004136973125507759
2015-01-20,-0.0016617506241547453
2015-01-21,0.042718376001873226
2015-01-22,0.01755803255859889
2015-01-23,-0.016470403592361293
2015-01-26,-0.01408849960081926
2015-01-27,-0.0086277222216804
2015-01-28,-0.008430677794355246
2015-01-29,0.06802001791612544
2015-01-30,-0.044941108468307234
2015-02-02,0.00941119830600834
2015-02-03,0.030633954750248993
2015-02-04,0.01085562144089569
2015-02-05,-0.003835372307606555
2015-02-06,0.006673484593152645
2015-02-09,0.000509859614152397
2015-02-10,0.009429199466697291
2015-02-11,-0.0012621650747255408
2015-02-12,-0.008847646361860417
2015-02-13,0.016322279833414832
2015-02-17,-0.009786532702667938
2015-02-18,0.0060821004841047355
2015-02-19,0.024936871375687897
2015-02-20,0.02088968579333983
2015-02-23,0.004092649166150819
2015-02-24,0.02972894613936683
2015-02-25,0.00791615638219012
2015-02-26,0.0027723324119879322
2015-02-27,0.0032245299065245536
2015-03-02,0.00022982404615645713
2015-03-03,-0.020890586823588353
2015-03-04,-0.008555510167001845
2015-03-05,0.003814396655219099
2015-03-06,-0.01614892094310849
2015-03-09,-0.0038617089132231275
2015-03-10,-0.012599365986009636
2015-03-11,-0.010061970927063402
2015-03-12,0.0054539511602629265
2015-03-13,0.016765286565168402
2015-03-16,0.00436457776541177
2015-03-17,-0.010381244641763043
2015-03-18,0.012441852010376397
2015-03-19,-0.0057831665066028215
2015-03-20,0.007755552322700865
2015-03-23,0.010341674561683556
2015-03-24,0.0016662255796424663
2015-03-25,0.002851573436405852
2015-03-26,-0.035781907294003434
2015-03-27,0.015237138335596034
2015-03-30,0.006778406805893367
2015-03-31,-0.003847725566595628
2015-04-01,0.0045864933846311295
2015-04-02,0.005766617008211572
2015-04-06,0.014811126666775198
2015-04-07,-0.0028249057976994507
2015-04-08,0.009914934158913757
2015-04-09,0.005142574960574464
2015-04-10,0.0006980187842715591
2015-04-13,-0.012549348825177664
2015-04-14,-0.01059080925299516
2015-04-15,-0.0066603921331850335
2015-04-16,0.02993252227200971
2015-04-17,-0.014182192883071765
2015-04-20,0.0033016752069940924
2015-04-21,-0.024682909228164185
2015-04-22,0.0024106570372437464
2015-04-23,0.018754441733677574
2015-04-24,0.006608456255828843
2015-04-27,-0.007502790504388401
2015-04-28,-0.06331226878993068
2015-04-29,-0.02875159396013327
2015-04-30,-0.007790313700004936
2015-05-01,-0.008898093510705363
2015-05-04,0.007921832262878015
2015-05-05,-0.0026197885541063837
2015-05-06,-0.002626943129420689
2015-05-07,0.010007908983741043
2015-05-08,0.0028683775028115477
2015-05-11,-0.001040081513286495
2015-05-12,-0.002863219048035548
2015-05-13,-0.004698387742238297
2015-05-14,-0.009703523714521989
2015-05-15,-0.00794504731282386
2015-05-18,0.004004373026946562
2015-05-19,-0.006115231611588112
2015-05-20,-0.001605510778685204
2015-05-21,0.020364852208235362
2015-05-22,-0.014443503326081686
2015-05-26,-0.025846062587530638
2015-05-27,-0.03282266636334519
2015-05-28,-0.0048076374991605775
2015-05-29,0.005114878762466635
2015-06-01,0.012440031805587726
2015-06-02,0.000837659862743978
2015-06-03,0.010365691627350015
2015-06-04,-0.006690825006639756
2015-06-05,0.004771327323393804
2015-06-08,-0.010894020036522845
2015-06-09,-0.0036714083689544097
2015-06-10,-0.0014168285909773592
2015-06-11,-0.0045417760399120155
2015-06-12,0.0014256795833618163
2015-06-15,-0.001993021856121713
2015-06-16,0.003708896360598235
2015-06-17,0.0042638118035223105
2015-06-18,0.013303187191093135
2015-06-19,0.0030723512636938732
2015-06-22,0.006405022146866557
2015-06-23,0.0024903590897358274
2015-06-24,-0.0035883125281981343
2015-06-25,-0.010803133753719996
2015-06-26,0.0114812971992313
2015-06-29,-0.03128466294494103
2015-06-30,-0.010860321914825888
2015-07-01,0.015024791218135602
2015-07-02,-0.0037004504398799876
2015-07-06,-0.025999951273322996
2015-07-07,0.0020530876721638336
2015-07-08,-0.036885139578519355
2015-07-09,0.005471220107454267
2015-07-10,0.009068899525555452
2015-07-13,-0.0011984889577174584
2015-07-14,0.002699739290753289
2015-07-15,-0.02542630908548249
2015-07-16,-0.008594475058262607
2015-07-17,-0.013931893977327303
2015-07-20,-0.0040816144952235955
2015-07-21,-0.011349099549630703
2015-07-22,-0.009885366388226347
2015-07-23,-0.001610177429820947
2015-07-24,-0.017096803520762593
2015-07-27,0.009189207149971956
2015-07-28,0.0042277910068457825
2015-07-29,0.018458509211985552
2015-07-30,-0.004769667835246794
2015-07-31,-0.0031947159406572334
2015-08-03,-0.02467967997516296
2015-08-04,0.03220527256889816
2015-08-05,0.010187861325011704
2015-08-06,-0.005357699884043332
2015-08-07,0.047845437439906435
2015-08-10,0.0
2015-08-11,-0.01300252336716523
2015-08-12,-0.044424326780666434
2015-08-13,0.00865652442423448
2015-08-14,0.014939741356311265
2015-08-17,0.002818634372251827
2015-08-18,0.01905040817073611
2015-08-19,-0.016855338185634783
2015-08-20,-0.027119876953489053
2015-08-21,-0.016020383636037083
2015-08-24,-0.06479987973892876
2015-08-25,-0.011141908116685362
2015-08-26,0.03521117497850379
2015-08-27,0.023809726182278057
2015-08-28,-0.004651338344595635
2015-08-31,0.009679608151714314
2015-09-01,-0.02181810811337903
2015-09-02,0.007096738188927976
2015-09-03,0.013169490297552766
2015-09-04,-0.023115263085682458
2015-09-08,0.033950436394683425
2015-09-09,-0.036152872270534764
2015-09-10,0.015485478660752117
2015-09-11,-0.0023719308796452676
2015-09-14,-0.015285245714996565
2015-09-15,0.013452784392162576
2015-09-16,0.018379754459809883
2015-09-17,-0.002339683180423213
2015-09-18,-0.02512544548420148
2015-09-21,0.006529156265103531
2015-09-22,-0.012632474327745724
2015-09-23,-0.017980586173591107
2015-09-24,0.011620078584626548
2015-09-25,-0.00870169822121214
2015-09-28,-0.03651691598086593
2015-09-29,0.010932546200155269
2015-09-30,0.0428985490746181
2015-10-01,-0.01659154163019294
2015-10-02,0.03163418757937442
2015-10-05,0.0327088395985915
2015-10-06,0.0032992051891853613
2015-10-07,-0.0019729969855198926
2015-10-08,0.03624367843062015
2015-10-09,-0.005405152821113535
2015-10-12,-0.01438635635070551
2015-10-13,-0.0009731006527597952
2015-10-14,-0.0009738831126915315
2015-10-15,-0.02957425058252383
2015-10-16,-0.005693394321720335
2015-10-19,0.01616709047445597
2015-10-20,-0.003646118340220106
2015-10-21,0.0
2015-10-22,0.002994081484566813
2015-10-23,-0.0006631400008498822
2015-10-26,0.00630587016435058
2015-10-27,0.0438653274159535
2015-10-28,-0.020537144761819337
2015-10-29,-0.0045160968572839355
2015-10-30,0.011017808613526858
2015-11-02,0.017307516481794183
2015-11-03,0.02551987478629858
2015-11-04,-0.008295121699109065
2015-11-05,0.0136307579902335
2015-11-06,-0.020170915953673596
2015-11-09,-0.036806091358944304
2015-11-10,0.01586788382082238
2015-11-11,-0.036021477963441906
2015-11-12,-0.007275438704801629
2015-11-13,-0.026315860919791878
2015-11-16,0.00513183308432974
2015-11-17,-0.015316635430666303
2015-11-18,0.022813952999039655
2015-11-19,0.0023655174657684075
2015-11-20,0.030006691148208642
2015-11-23,0.032732952825467176
2015-11-24,0.01965167205229368
2015-11-25,0.0068386425701838505
2015-11-27,-0.017597958654095636
2015-11-30,-0.0015714016427198496
2015-12-01,-0.006295258822321181
2015-12-02,-0.011270539085132314
2015-12-03,-0.032707249869609045
2015-12-04,0.023769663875796487
2015-12-07,0.016023715791505078
2015-12-08,0.004827402087900445
2015-12-09,-0.022741510310174462
2015-12-10,0.019993630976183452
2015-12-11,-0.023779055132174265
2015-12-14,0.023370216155527146
2015-12-15,0.04020638007557964
2015-12-16,0.030612192426173523
2015-12-17,-0.02070209762930919
2015-12-18,-0.01991439365932257
2015-12-21,0.0221943533766642
2015-12-22,0.010091729263518312
2015-12-23,0.007569081475817141
2015-12-24,-0.01893042407429768
2015-12-28,-0.0009187436279283201
2015-12-29,0.011649228086372254
2015-12-30,-0.010000061847079023
2015-12-31,0.0018366709471420162
2016-01-04,0.02780318259194381
2016-01-05,0.00981003560980298
2016-01-06,-0.03473663363692803
2016-01-07,0.003049607491556028
2016-01-08,-0.028580043888209783
2016-01-11,0.025664852591114284
2016-01-12,-0.0054926605491184555
2016-01-13,-0.032832120853848235
2016-01-14,0.007614164909594656
2016-01-15,-0.010390412399441273
2016-01-19,-0.00859045438617434
2016-01-20,0.009627565403320215
2016-01-21,0.03210441696432875
2016-01-22,-0.0012319890663686772
2016-01-25,-0.06413810325266833
2016-01-26,0.09818792794351494
2016-01-27,0.025801966919644093
2016-01-28,0.04767510989864987
2016-01-29,0.03433863011123872
2016-02-01,0.004318302053180956
2016-02-02,-0.0016123073289355805
2016-02-03,-0.01965030019982572
2016-02-04,-0.00906094281044334
2016-02-05,-0.028816761556129
2016-02-08,-0.01768898256773166
2016-02-09,-0.011037115635732064
2016-02-10,-0.011747482190817005
2016-02-11,-0.0005940942212169231
2016-02-12,0.026761595432630125
2016-02-16,0.030408785501319313
2016-02-17,0.010960815412432545
2016-02-18,0.009452748202501082
2016-02-19,-0.013495253521848105
2016-02-22,0.010050224391514817
2016-02-23,0.02128272584029034
2016-02-24,0.025439444764151498
2016-02-25,0.026656178239945927
2016-02-26,-0.008483084677980868
2016-02-29,0.009592873514485234
2016-03-01,0.010015046349395096
2016-03-02,-0.0031288315180797444
2016-03-03,-0.002057494949931238
2016-03-04,-0.0002581759639529446
2016-03-07,0.010572617133551843
2016-03-08,-0.018627204199616165
2016-03-09,0.009100184189957172
2016-03-10,0.007214712970745829
2016-03-11,0.014581750888821077
2016-03-14,-0.006556004977691154
2016-03-15,-0.013705375945539111
2016-03-16,0.0038600080932440495
2016-03-17,0.01820074138242833
2016-03-18,-0.011329421370791848
2016-03-21,0.0035650682848868964
2016-03-22,-0.013956007596175546
2016-03-23,-0.002830706886039258
2016-03-24,-0.0018063904745634352
2016-03-28,0.006463456872517703
2016-03-29,0.012329787650448676
2016-03-30,0.023090814357684453
2016-03-31,-0.005704479417153574
2016-04-01,0.010725812104813048
2016-04-04,-0.009131228480826592
2016-04-05,-0.010959089739963512
2016-04-06,0.01485777990851167
2016-04-07,0.00024794455513443836
2016-04-08,-0.03324223836202822
2016-04-11,0.008724619990960303
2016-04-12,-0.007631704653824234
2016-04-13,0.01127909728800125
2016-04-14,-0.01850412689825065
2016-04-15,0.006714969440608565
2016-04-18,0.016931244531930734
2016-04-19,0.010847641042177614
2016-04-20,0.01048198934675737
2016-04-21,-0.01234861601168602
2016-04-22,0.0072516900974879395
2016-04-25,-0.0022345314773986047
2016-04-26,0.04155295780205148
2016-04-27,0.0033443075667307642
2016-04-28,-0.018809597617867713
2016-04-29,-0.022809708210434154
2016-05-02,0.026570482685140284
2016-05-03,-0.015239562399245954
2016-05-04,-0.00712362151339585
2016-05-05,-0.01979225217736591
2016-05-06,0.007319287764267157
2016-05-09,0.019544068135030734
2016-05-10,-0.0019654048473682906
2016-05-11,-0.059837758389719164
2016-05-12,-0.004452768340696744
2016-05-13,-0.018679252958694104
2016-05-16,0.009383461236857515
2016-05-17,0.006108689813458357
2016-05-18,-0.0131993289051342
2016-05-19,0.019261649038701867
2016-05-20,0.027034051383593605
2016-05-23,-0.006388934002167446
2016-05-24,0.015432215763951485
2016-05-25,0.0007597259089628938
2016-05-26,-0.004556033041924645
2016-05-27,0.006865074165425034
2016-05-31,-0.004545426732087576
2016-06-01,0.006601813481960317
2016-06-02,0.010929872693826725
2016-06-03,-0.02439016036461472
2016-06-06,-0.01082443775713715
2016-06-07,0.020062252394250857
2016-06-08,0.0017881026836279457
2016-06-09,-0.014788568612579267
2016-06-10,-0.02044489481723044
2016-06-13,-0.001321214263434456
2016-06-14,-0.009259162800546838
2016-06-15,0.023231051571352523
2016-06-16,-0.0007827988484222503
2016-06-17,0.014364085988274766
2016-06-20,0.014418098981995975
2016-06-21,0.025634549610516588
2016-06-22,-0.002969679058930086
2016-06-23,0.0034752011648793157
2016-06-24,-0.04823200584048992
2016-06-27,-0.0278066563358198
2016-06-28,0.030206060185576478
2016-06-29,0.0342500027471615
2016-06-30,0.02207710845798938
2016-07-01,-0.0002450482889811978
2016-07-05,-0.01865973220620376
2016-07-06,0.0012511994301476204
2016-07-07,0.013742591097391621
2016-07-08,0.024402706155083553
2016-07-11,0.010105643790686125
2016-07-12,0.01453089707903632
2016-07-13,-0.013618457564915531
2016-07-14,0.004046899846922081
2016-07-15,0.002844651540754972
2016-07-18,0.02529551441980149
2016-07-19,-0.0020749499136236693
2016-07-20,-0.005545391433403712
2016-07-21,-0.007434702089431866
2016-07-22,0.004915793684381331
2016-07-25,0.007686816513167605
2016-07-26,-0.0030049226733919188
2016-07-27,-0.0006958429156725954
2016-07-28,-0.006960286465366505
2016-07-29,0.0072427304780273705
2016-08-01,0.008118680260611244
2016-08-02,-0.04118727451249682
2016-08-03,0.001919724377504206
2016-08-04,-0.00838308725685788
2016-08-05,0.015217291037802338
2016-08-08,-0.013799379989853144
2016-08-09,-0.022436822980664073
2016-08-10,-0.022704859381684206
2016-08-11,0.006818279751664713
2016-08-12,-0.013544273399236584
2016-08-15,0.009916441521501618
2016-08-16,-0.006797866538371111
2016-08-17,-0.005830014271500317
2016-08-18,0.006119316247584772
2016-08-19,0.021540716559836914
2016-08-22,-0.013644034905696989
2016-08-23,0.01785709391555712
2016-08-24,-0.014825831091297537
2016-08-25,-0.0010032588052405478
2016-08-26,-0.023098063738921315
2016-08-29,0.002055768235013744
2016-08-30,-0.01025876992199748
2016-08-31,-0.01062457405982542
2016-09-01,0.005500462566613518
2016-09-02,-0.006252195832591956
2016-09-06,-0.008125271560270653
2016-09-07,0.018234258970734496
2016-09-08,-0.02021369018984831
2016-09-09,-0.022180407770070465
2016-09-12,0.018037752133424956
2016-09-13,-0.02577166617338078
2016-09-14,-0.022595798441205295
2016-09-15,0.011277018650219572
2016-09-16,-0.02313919440116652
2016-09-19,0.025684845371644283
2016-09-20,-0.002782147996393758
2016-09-21,0.0053010412211573765
2016-09-22,0.016375517586000532
2016-09-23,-0.01583863864411439
2016-09-26,-0.013041060738876231
2016-09-27,0.00224895332155417
2016-09-28,0.0070126738113700515
2016-09-29,0.008635356904767244
2016-09-30,0.009666095439404332
2016-10-03,-0.000547584119966471
2016-10-04,0.006294654572323255
2016-10-05,-0.0032634703693568134
2016-10-06,-0.002182814973944569
2016-10-07,-0.0019143091402841206
2016-10-10,0.0046575785259332925
2016-10-11,-0.011453329076482777
2016-10-12,0.0077238830001096215
2016-10-13,-0.006569487329727175
2016-10-14,-0.011849388312178855
2016-10-17,-0.027328424543547336
2016-10-18,0.009747727689735974
2016-10-19,0.017319916391321355
2016-10-20,0.0022327701985609405
2016-10-21,-0.010025355638638711
2016-10-24,0.01265849794838303
2016-10-25,-0.009722616502044312
2016-10-26,0.001963642318240977
2016-10-27,-0.005598773211301422
2016-10-28,0.005630295961502441
2016-10-31,0.004759214952549051
2016-11-01,0.022011718661827384
2016-11-02,-0.03298764439920743
2016-11-03,-0.004793172412948299
2016-11-04,0.0011332166202508986
2016-11-07,0.026316021633378872
2016-11-08,-0.006341578477321308
2016-11-09,0.00887931572950662
2016-11-10,0.009900806935716266
2016-11-11,0.007352656061762941
2016-11-14,0.026764353749442416
2016-11-15,-0.014218103523332304
2016-11-16,0.004807637141616361
2016-11-17,0.009303615204255378
2016-11-18,0.0007901314834131146
2016-11-21,0.003947150727485971
2016-11-22,0.008650053673124658
2016-11-23,-0.002598567342939395
2016-11-25,-0.0007816907944380169
2016-11-28,-0.013559287965987155
2016-11-29,-0.011366308031976913
2016-11-30,-0.02700582387946804
2016-12-01,-0.0030225793864741
2016-12-02,-0.0013782741793266773
2016-12-05,0.03450183619232017
2016-12-06,0.010138631578499258
2016-12-07,0.01860268510999319
2016-12-08,0.010988895566533818
2016-12-09,-0.0015526619630309435
2016-12-12,-0.012960442068277511
2016-12-13,0.00026272102955982035
2016-12-14,-0.00918847741987816
2016-12-15,-0.03656644797139841
2016-12-16,-0.02860244783577781
2016-12-19,-0.0011325204617950169
2016-12-20,0.015305981710169725
2016-12-21,-0.004466712727108746
2016-12-22,-0.03982043433130089
2016-12-23,0.003504514264872416
2016-12-27,0.0023281836902944164
2016-12-28,0.02032527762928793
2016-12-29,-0.00369945948924999
2016-12-30,0.00028568928777761293
2017-01-03,0.013991997982474524
2017-01-04,0.020557757448663727
2017-01-05,-0.026214349948289084
2017-01-06,0.007084254060229833
2017-01-09,-0.01547536898600732
2017-01-10,0.014003644393626224
2017-01-11,-0.009582775375274188
2017-01-12,-0.0008534817548282447
2017-01-13,-0.0008546265836889555
2017-01-17,0.018529072067050345
2017-01-18,-0.010635453158390318
2017-01-19,-0.007072092756917225
2017-01-20,0.005982913684648317
2017-01-23,0.003681924092665767
2017-01-24,0.03696351216833138
2017-01-25,-0.013332932581146206
2017-01-26,-0.009928449194875677
2017-01-27,-0.008913788267167266
2017-01-30,0.01124251651681174
2017-01-31,0.038076539461539216
2017-02-01,0.012315700122131013
2017-02-02,-0.021686860642775363
2017-02-03,-0.00594794081736405
2017-02-06,0.010606457912052836
2017-02-07,-0.00753470990964189
2017-02-08,0.015997567548008407
2017-02-09,0.0016015335243528828
2017-02-10,0.01438848547754823
2017-02-13,0.0015759727173942917
2017-02-14,-0.0007868740827272624
2017-02-15,0.0013125959981499236
2017-02-16,-0.004980497261479089
2017-02-17,0.006585902329828253
2017-02-21,0.011776870594442324
2017-02-22,-0.0007757720480023877
2017-02-23,-0.01760285684594387
2017-02-24,0.0018445767763091148
2017-02-27,0.01814809434738618
2017-02-28,-0.016016689325666023
2017-03-01,0.007876303159968234
2017-03-02,0.0010420176077019505
2017-03-03,-0.00936770003202192
2017-03-06,-0.0013132466897702866
2017-03-07,-0.005260598210908962
2017-03-08,0.032495143207119215
2017-03-09,-0.005684164918415724
2017-03-10,0.020530157336276167
2017-03-13,-0.009167608462940624
2017-03-14,0.0015422371070414886
2017-03-15,0.022837938885033715
2017-03-16,-0.004766759151839994
2017-03-17,0.0017646945482285847
2017-03-20,-0.014846577658433557
2017-03-21,-0.012005001329413512
2017-03-22,-0.003619472515273503
2017-03-23,0.008822034119931876
2017-03-24,0.005401404780759567
2017-03-27,0.024046602668064132
2017-03-28,0.021983758274433773
2017-03-29,0.011733072425499813
2017-03-30,0.007248156589729993
2017-03-31,-0.008635337445255575
2017-04-03,-0.017178413195071185
2017-04-04,-0.026095898323021727
2017-04-05,-0.005561204055534286
2017-04-06,0.017793688970933363
2017-04-07,-0.010239745801232658
2017-04-10,-0.00025237973463743124
2017-04-11,0.011105564144461733
2017-04-12,0.0019969443627356753
2017-04-13,-0.010214055815261025
2017-04-17,-0.00025186584035252757
2017-04-18,-0.005035429150319626
2017-04-19,-0.002783233703040011
2017-04-20,0.009388649053484022
2017-04-21,-0.0168426481119075
2017-04-24,0.004857984292870876
2017-04-25,0.006870367266281319
2017-04-26,-0.0037908872702943075
2017-04-27,0.010147378416522246
2017-04-28,-0.010798909288181058
2017-05-01,-0.016501697843586793
2017-05-02,0.11383589299536356
2017-05-03,-0.011355667065391484
2017-05-04,-0.0023443141620631547
2017-05-05,0.002349822885131081
2017-05-08,0.04805459681368607
2017-05-09,0.010959339691316572
2017-05-10,0.016371548051086204
2017-05-11,-0.004571167277891197
2017-05-12,-0.010058964306104867
2017-05-15,0.0030926890586218114
2017-05-16,-0.00924935526912174
2017-05-17,-0.005334412664186772
2017-05-18,-0.0017877096657772373
2017-05-19,0.014551302715504644
2017-05-22,0.009267404502116383
2017-05-23,0.005902520896414742
2017-05-24,0.0021737296196471245
2017-05-25,-0.0008674385691593844
2017-05-26,0.005643350545733838
2017-05-30,-0.0056116818578588745
2017-05-31,0.003039089560659791
2017-06-01,-0.0010822123425847652
2017-06-02,-0.0034662045060658286
2017-06-05,0.012174017879841736
2017-06-06,-0.0012887891296339271
2017-06-07,0.004072656101890448
2017-06-08,0.0030205669997993567
2017-06-09,0.004947136559340093
2017-06-12,-0.007491512116464594
2017-06-13,-0.0049598370893809696
2017-06-14,0.0032509622047109943
2017-06-15,-0.004752978924395634
2017-06-16,0.0034730878298834256
2017-06-19,0.0069220309221948995
2017-06-20,-0.01825986419156589
2017-06-21,0.0185994883223648
2017-06-22,-0.0015037946595234386
2017-06-23,0.004948201524805462
2017-06-26,0.011774941858623933
2017-06-27,-0.002962202990830276
2017-06-28,0.004456505560344937
2017-06-29,-0.009930077173243679
2017-06-30,0.010243093796216574
2017-07-03,-0.000211257272018317
2017-07-05,-0.004859640505554763
2017-07-06,-0.008917002192658785
2017-07-07,0.02142257323582375
2017-07-10,-0.0023074595172940526
2017-07-11,-0.011771600279657068
2017-07-12,0.0008505534249287905
2017-07-13,0.008288900888811623
2017-07-14,0.011593852766435653
2017-07-17,-0.001041879693022607
2017-07-18,-0.003963252113644566
2017-07-19,0.00837683033557357
2017-07-20,-0.0014536256625580224
2017-07-21,0.013727186823844217
2017-07-24,-0.0038981020448976
2017-07-25,-0.0006181734920817084
2017-07-26,-0.012984345080171988
2017-07-27,0.0016705483849233094
2017-07-28,0.015009062363491976
2017-07-31,-0.03183344535772625
2017-08-01,0.013788249703325262
2017-08-02,-0.03285187659536826
2017-08-03,-0.0015145312969989666
2017-08-04,0.018635041001675345
2017-08-07,0.011911821480730778
2017-08-08,0.005466334730779732
2017-08-09,-0.0014637506026811131
2017-08-10,-0.014028659756385009
2017-08-11,0.00976871447369354
2017-08-14,0.007780889068415675
2017-08-15,-0.15191957373576437
2017-08-16,0.0019684489788274195
2017-08-17,0.006876036299263921
2017-08-18,-0.015121824656193161
2017-08-21,0.012630108314471533
2017-08-22,0.0022009950197496853
2017-08-23,-0.0007321316421057267
2017-08-24,0.009035420940417538
2017-08-25,0.013553077266652336
2017-08-28,0.0004772557076639927
2017-08-29,-0.0045344514794496416
2017-08-30,-0.012227486737324433
2017-08-31,0.012135991993389661
2017-09-01,0.006474840792484393
2017-09-05,-0.014295983632662046
2017-09-06,0.0036258017943622267
2017-09-07,-0.012675592036695216
2017-09-08,-0.005656211245878784
2017-09-11,0.009151121762912329
2017-09-12,0.011764860603969973
2017-09-13,0.01986468076990633
2017-09-14,-0.011163921742013971
2017-09-15,-0.005524986654621644
2017-09-18,-0.022463819480143865
2017-09-19,-0.0029652268717701435
2017-09-20,-0.022057092919860355
2017-09-21,0.0038013447635405484
2017-09-22,0.008583887528583967
2017-09-25,-0.02002530761193111
2017-09-26,0.013537683537642842
2017-09-27,0.01411286848333071
2017-09-28,-0.0029820579728306873
2017-09-29,0.003988127461955093
2017-10-02,0.009682210088350907
2017-10-03,-0.02065428388822943
2017-10-04,-0.0027613839955250574
2017-10-05,0.0022657930816740723
2017-10-06,0.000502099616110474
2017-10-09,-0.0037658541889107333
2017-10-10,0.00806482109076434
2017-10-11,-0.028250403113365907
2017-10-12,0.014150056567242553
2017-10-13,0.0038052616686561347
2017-10-16,-0.0063180609061070925
2017-10-17,0.008138235826545381
2017-10-18,-0.004288276492821486
2017-10-19,0.0
2017-10-20,0.022295196671300088
2017-10-23,-0.013630689250835215
2017-10-24,0.01155745578248002
2017-10-25,0.0
2017-10-26,0.003229204015776199
2017-10-27,-0.0027233912681480232
2017-10-30,-0.009433942245779536
2017-10-31,0.02631603375467173
2017-11-01,-0.006593439724021932
2017-11-02,0.016469682435443778
2017-11-03,-0.004836411115615169
2017-11-06,0.00801939165893728
2017-11-07,0.01084850420525929
2017-11-08,-0.04412125264304312
2017-11-09,0.001996290572236381
2017-11-10,0.01643404290035888
2017-11-13,-0.009309374424184003
2017-11-14,-0.0059343850056150504
2017-11-15,0.0014920986807351877
2017-11-16,0.018380833537770647
2017-11-17,0.01609769662129512
2017-11-20,0.009841455937762866
2017-11-21,-0.01949131690094741
2017-11-22,-0.00533322466585906
2017-11-24,-0.004143288026162595
2017-11-27,-0.006608195473264633
2017-11-28,0.0014784644652621193
2017-11-29,0.021155873307497464
2017-11-30,0.00433651860227946
2017-12-01,-0.003597839291803795
2017-12-04,0.002647881386253381
2017-12-05,0.0
2017-12-06,0.0014404950697104457
2017-12-07,0.014696163730906209
2017-12-08,0.006669460334129296
2017-12-11,-0.02058643894762413
2017-12-12,0.0028989221244257735
2017-12-13,0.018308736961638594
2017-12-14,0.0130118580439893
2017-12-15,0.0002334084486159682
2017-12-18,0.015409830404880198
2017-12-19,-0.00022992090850704194
2017-12-20,-0.0045996923355901
2017-12-21,0.02287424400303628
2017-12-22,0.0024847814450927874
2017-12-26,0.012843520856088864
2017-12-27,-0.006674112501258711
2017-12-28,-0.006942692198311007
2017-12-29,-0.0024810709065570258
2018-01-02,0.023287344329078863
2018-01-03,0.00022092932259720754
2018-01-04,-0.0015461636652891464
2018-01-05,0.004646090779405698
2018-01-08,-0.002642912640955397
2018-01-09,0.0013251140625571978
2018-01-10,-0.0026463054854339862
2018-01-11,0.0064121374923227226
2018-01-12,0.005711557647310128
2018-01-16,0.0026209349273556004
2018-01-17,0.023747576906133716
2018-01-18,0.0068098560688707455
2018-01-19,0.009511823998751279
2018-01-22,-0.0052348085081959095
2018-01-23,0.0014734636269213564
2018-01-24,-0.0008403303114834504
2018-01-25,-0.002313966495833819
2018-01-26,0.006535960044229849
2018-01-29,0.01466255812354289
2018-01-30,-0.012179894311596051
2018-01-31,-0.01692772942091425
2018-02-01,-0.0017007543455295204
2018-02-02,-0.021294745308262586
2018-02-05,-0.021540718614236787
2018-02-06,0.09006040740540588
2018-02-07,0.022031630757097798
2018-02-08,-0.024950134046039407
2018-02-09,0.004299134696578832
2018-02-12,0.017325493886404475
2018-02-13,0.004608425830097573
2018-02-14,0.006980313110380498
2018-02-15,0.0027726211820719993
2018-02-16,-0.011257874986673855
2018-02-20,-0.012984492203762965
2018-02-21,0.003440725859225946
2018-02-22,0.00383209643670801
2018-02-23,0.01768125589278191
2018-02-26,0.010069008228726695
2018-02-27,-0.009968633971241259
2018-02-28,0.005133445975790796
2018-03-01,-0.012571382683716936
2018-03-02,0.013526985105559719
2018-03-05,0.0005890463448758876
2018-03-06,0.004315282435826795
2018-03-07,-0.009961027784664345
2018-03-08,0.03193513866899811
2018-03-09,0.010200362363404603
2018-03-12,-0.0005720518362034577
2018-03-13,0.009912738470923221
2018-03-14,-0.009437570398079465
2018-03-15,-0.002095991806812525
2018-03-16,0.007637837756227617
2018-03-19,-0.010611920729901692
2018-03-20,0.018578482832657395
2018-03-21,-0.0039486255513894175
2018-03-22,-0.019256116730674178
2018-03-23,-0.004042564726695508
2018-03-26,0.028991349453121984
2018-03-27,-0.002441832589778481
2018-03-28,-0.011297346204969916
2018-03-29,0.0019043909156615246
2018-04-02,-0.021478784623442992
2018-04-03,0.00641011950597381
2018-04-04,0.015634126175419816
2018-04-05,0.02622572840675419
2018-04-06,-0.028333282360116008
2018-04-09,0.002668215546590913
2018-04-10,0.008743600437886911
2018-04-11,-0.011494608546718355
2018-04-12,0.004194296808704756
2018-04-13,-0.003227300480689199
2018-04-16,0.012949840406802249
2018-04-17,0.00958845634648764
2018-04-18,-0.006890204287565371
2018-04-19,-0.0007498155069601831
2018-04-20,-0.00487899438967887
2018-04-23,0.00999410305571824
2018-04-24,-0.007468140186324801
2018-04-25,0.0052670770762939245
2018-04-26,0.0218936334802855
2018-04-27,0.0005493304200201443
2018-04-30,-0.015922349583056605
2018-05-01,-0.11735191880168971
2018-05-02,-0.022966654055118663
2018-05-03,-0.006038038918734556
2018-05-04,0.0015184765576108372
2018-05-07,-0.016247967825766096
2018-05-08,0.002863185380795885
2018-05-09,-0.003074145117361038
2018-05-10,0.012114482514138825
2018-05-11,0.001958580841401769
2018-05-14,-0.007384992408516755
2018-05-15,-0.010065766035077917
2018-05-16,-0.019893712670526087
2018-05-17,0.0018045275260087923
2018-05-18,0.0013504838391151797
2018-05-21,0.011465840036763764
2018-05-22,-0.023560957779082292
2018-05-23,0.015479297497944078
2018-05-24,-0.0008966979804788666
2018-05-25,-0.0062819945303767
2018-05-29,-0.011289389587885279
2018-05-30,0.003881955392663672
2018-05-31,-0.0054592089228984175
2018-06-01,0.017840489129998582
2018-06-04,0.014606785281349843
2018-06-05,-0.008637982127583932
2018-06-06,0.021894750749500203
2018-06-07,0.009426779085788262
2018-06-08,0.008946189410914629
2018-06-11,0.0015139161980999294
2018-06-12,-0.010580992921001453
2018-06-13,-0.00763825698184506
2018-06-14,0.0013194561826463946
2018-06-15,0.019327679493239325
2018-06-18,0.011204611287824795
2018-06-19,-0.00106535644119099
2018-06-20,0.0034127566229331663
2018-06-21,0.021258688845136486
2018-06-22,-0.01602823591189062
2018-06-25,-0.004442489609728151
2018-06-26,0.0016996046689738975
2018-06-27,-0.019516083334088608
2018-06-28,0.012981463334449606
2018-06-29,-0.002349568080391551
2018-07-02,-0.007279061339717563
2018-07-03,0.0017254966999837862
2018-07-05,-0.004090508269197324
2018-07-06,0.011672813475716914
2018-07-09,-0.008333182833671127
2018-07-10,0.0019391480356758528
2018-07-11,-0.021505265734559798
2018-07-12,0.002857124776935338
2018-07-13,0.019723976284411915
2018-07-16,0.010745747876246048
2018-07-17,0.007654533082665171
2018-07-18,-0.0018990475755564784
2018-07-19,0.015221973822827417
2018-07-20,0.006247528468608543
2018-07-23,-0.001655574083240019
2018-07-24,-0.005597237635863617
2018-07-25,0.001667750619053221
2018-07-26,-0.0012484162838637403
2018-07-27,-0.008751966364331731
2018-07-30,-0.0008411309931681821
2018-07-31,-0.0086257240661336
2018-08-01,-0.013794869990527703
2018-08-02,0.0012912627452359438
2018-08-03,0.0
2018-08-06,-0.02407019179282599
2018-08-07,0.007707116089241461
2018-08-08,0.028190413288628147
2018-08-09,0.010414775881852245
2018-08-10,0.008203564930016283
2018-08-13,-0.009806246953987352
2018-08-14,0.1201014397639999
2018-08-15,-0.02050413481823321
2018-08-16,-0.013251108488010366
2018-08-17,0.0005835262829512189
2018-08-20,0.015172230013391852
2018-08-21,-0.0030659755111701603
2018-08-22,-0.007303104171834218
2018-08-23,-0.005034028786610079
2018-08-24,-0.007005563659014724
2018-08-27,-0.005682631022762563
2018-08-28,0.012218979891273518
2018-08-29,-0.0007786096550671529
2018-08-30,-0.013834777898452333
2018-08-31,0.0015808463235320591
2018-09-04,0.0033537672461527723
2018-09-05,-0.0084545957991361
2018-09-06,-0.002635552778187611
2018-09-07,-0.015612365060344913
2018-09-10,0.01159021754086731
2018-09-11,0.0074370471745173194
2018-09-12,0.008180469346870334
2018-09-13,-0.011280654130050416
2018-09-14,-0.0003998861741686399
2018-09-17,0.011413461594415253
2018-09-18,0.0061372720783618995
2018-09-19,-0.007673764352567947
2018-09-20,-0.0017849570399239845
2018-09-21,-0.0027809131929534825
2018-09-24,-0.017330578848059885
2018-09-25,-0.0016217486945030446
2018-09-26,0.008933872540208831
2018-09-27,0.009056398070079963
2018-09-28,0.002592457557580863
2018-10-01,0.001392392658033037
2018-10-02,-0.010130980021739289
2018-10-03,0.0062213935177199975
2018-10-04,-0.03410490662543608
2018-10-05,-0.009704633875047164
2018-10-08,0.00625525751912992
2018-10-09,-0.009946043079511191
2018-10-10,-0.08392648228991062
2018-10-11,-0.02490282108667541
2018-10-12,0.026710506875575524
2018-10-15,-0.017343498753885078
2018-10-16,0.03274478107119938
2018-10-17,-0.010793911270601364
2018-10-18,-0.012502861411624155
2018-10-19,-0.0214085054440597
2018-10-22,0.0025872607763106625
2018-10-23,-0.004223334874922879
2018-10-24,-0.0174363829241464
2018-10-25,-0.004316290187356353
2018-10-26,-0.006743866182568059
2018-10-29,-0.010669313581691875
2018-10-30,-0.011764608783455865
2018-10-31,0.04935499441296809
2018-11-01,0.014890138416415288
2018-11-02,-0.003027258323429538
2018-11-05,-0.0014018530967861986
2018-11-06,-0.007017594593098586
2018-11-07,-0.0004708489309512842
2018-11-08,0.014140710665593748
2018-11-09,-0.023936717907717675
2018-11-12,-0.01738093734469337
2018-11-13,-0.00411938584880589
2018-11-14,-0.00024321350700295952
2018-11-15,-0.001946742705748905
2018-11-16,-0.009265992520661959
2018-11-19,-0.03667253596482556
2018-11-20,-0.027337751341489747
2018-11-21,-0.005253416632234775
2018-11-23,-0.005281404385702793
2018-11-26,0.028138954078930523
2018-11-27,-0.03588922266875305
2018-11-28,0.031065725629565
2018-11-29,-0.012727608099300958
2018-11-30,0.024204614587938655
2018-12-03,0.01566915833920368
2018-12-04,-0.0333839301588813
2018-12-06,-0.007971791777892201
2018-12-07,-0.05960652970985869
2018-12-10,0.014148314728847255
2018-12-11,-0.02455369230577875
2018-12-12,0.03089252714518942
2018-12-13,-0.033573498036065574
2018-12-14,-0.006603769126744319
2018-12-17,0.0037570907531168096
2018-12-18,-0.001439550149464397
2018-12-19,-0.021049577149571008
2018-12-20,-0.01590588299302287
2018-12-21,-0.01795854306041389
2018-12-24,-0.015544266359985515
2018-12-26,0.0492260427627218
2018-12-27,0.007672212982073212
2018-12-28,-0.009956330392750679
2018-12-31,-0.00177453344037104
2019-01-02,0.01955544862559555
2019-01-03,-0.04039511393168316
2019-01-04,0.037855882640456695
2019-01-07,0.009921068116280463
2019-01-08,0.02340368278110727
2019-01-09,0.04460755333650024
2019-01-10,-0.02405396326392084
2019-01-11,0.006646275739409679
2019-01-14,-0.005777346663062732
2019-01-15,-0.006640507360570425
2019-01-16,-0.01671332871838882
2019-01-17,0.02322960866843604
2019-01-18,0.026578186422931083
2019-01-22,-0.019687327510933716
2019-01-23,0.004401575307256156
2019-01-24,-0.010681873837063649
2019-01-25,0.038206075737353684
2019-01-28,0.010133287978417505
2019-01-29,-0.0023758943852212333
2019-01-30,0.015612663189200848
2019-01-31,0.008597822537769195
2019-02-01,-0.0020664668625337557
2019-02-04,-0.0038831221537746208
2019-02-05,0.006757228812592775
2019-02-06,0.01471311103455597
2019-02-07,-0.14830821816317508
2019-02-08,0.011350009729984345
2019-02-11,0.023331323207447907
2019-02-12,0.020201880921423054
2019-02-13,-0.007072027943040182
2019-02-14,0.001424570728637331
2019-02-15,0.02162178755268296
2019-02-19,-0.010582026412827572
2019-02-20,-0.0151986195520184
2019-02-21,-0.004572395588365086
2019-02-22,0.018087560537558556
2019-02-25,0.019740351368506825
2019-02-26,-0.013827096618223678
2019-02-27,-0.0058890697828870575
2019-02-28,-0.014386474828086304
2019-03-01,0.0120205232754802
2019-03-04,-0.021493120594203496
2019-03-05,0.000288925663648687
2019-03-06,-0.0026003064514786844
2019-03-07,-5.847532639235986e-05
2019-03-08,-0.018724457354656
2019-03-11,0.009540808919729082
2019-03-12,-0.002362660537204575
2019-03-13,0.002368255922013507
2019-03-14,-0.02244530853006632
2019-03-15,-0.027190480466369515
2019-03-18,0.022981471734554892
2019-03-19,-0.0003034694057345577
2019-03-20,-0.03279701838788207
2019-03-21,0.0031399718127473886
2019-03-22,-0.03192498141964539
2019-03-25,0.02069180180080621
2019-03-26,0.012036929416756159
2019-03-27,0.016588271385828746
2019-03-28,0.007081365909739956
2019-03-29,-0.006725761949217035
2019-04-01,0.02770084028882769
2019-04-02,-0.004492387042888679
2019-04-03,0.01955449531113107
2019-04-04,0.01652425279473091
2019-04-05,-0.00580565628819496
2019-04-08,-0.012846698810291102
2019-04-09,-0.007394057651662567
2019-04-10,-0.004469698042778636
2019-04-11,-0.015264838328857944
2019-04-12,-0.010030449197040436
2019-04-15,-0.008289882405533078
2019-04-16,-0.001238420252036132
2019-04-17,0.001239955838458151
2019-04-18,0.0077400740136737145
2019-04-22,-0.056835710015725294
2019-04-23,0.004560260778461389
2019-04-24,0.02237358898004338
2019-04-25,-0.02315277351403866
2019-04-26,0.02759750842566966
2019-04-29,0.02148515810296181
2019-04-30,-0.0018558713479117639
2019-05-01,-0.03873578168616221
2019-05-02,0.011927513259907485
2019-05-03,-0.0060524370994801124
2019-05-06,0.010256222735074427
2019-05-07,-0.025380682225005002
2019-05-08,0.0009765678250044374
2019-05-09,0.08487792223509416
2019-05-10,-0.033273295011404413
2019-05-13,-0.06294570670371236
2019-05-14,0.018530775313113423
2019-05-15,0.009746641736601003
2019-05-16,0.008365456341914435
2019-05-17,-0.01786853953068035
2019-05-20,-0.0019493283473202005
2019-05-21,0.02148419740390506
2019-05-22,-0.016570820973903833
2019-05-23,-0.02041481287179503
2019-05-24,-0.017201573637837142
2019-05-28,-0.010434204215449938
2019-05-29,-0.013605235285729766
2019-05-30,-0.02206903119271353
2019-05-31,0.007051958205474218
2019-06-03,0.00910366626680248
2019-06-04,0.04267869883889297
2019-06-05,0.003993366786656516
2019-06-06,-0.007441612133709863
2019-06-07,0.021614360257026233
2019-06-10,-0.009256164567125302
2019-06-11,-0.008341646948747505
2019-06-12,-0.02994632470727876
2019-06-13,0.03850170992851676
2019-06-14,-0.013360142981467371
2019-06-17,0.004062490291773413
2019-06-18,0.021914945719948786
2019-06-19,0.005608723469868737
2019-06-20,0.013123079911305569
2019-06-21,0.014572739715512428
2019-06-24,0.002234361399151119
2019-06-25,-0.03821645880622271
2019-06-26,0.019205123817106262
2019-06-27,0.008447111292423815
2019-06-28,0.022229383534113634
2019-07-01,-0.013551992145596548
2019-07-02,-0.03067087799069268
2019-07-03,0.0013185554009425005
2019-07-05,-0.004608387960119531
2019-07-08,0.0006612727613208857
2019-07-09,-0.02048894154140568
2019-07-10,-0.026315847104219192
2019-07-11,0.02979904710554737
2019-07-12,0.02086128999946535
2019-07-15,0.013513625170841204
2019-07-16,0.014634198182100544
2019-07-17,-0.02980771507137059
2019-07-18,0.0042945303339008145
2019-07-19,-0.003289477559367704
2019-07-22,-0.03003306095870506
2019-07-23,0.02211635548660018
2019-07-24,0.02529954278958102
2019-07-25,0.0006495404454112119
2019-07-26,-0.006489299924848035
2019-07-29,-0.00032646003145297975
2019-07-30,0.0016334181948367554
2019-07-31,0.008806132653095489
2019-08-01,-0.05366955215369451
2019-08-02,0.016399016192087057
2019-08-05,-0.06420170287656857
2019-08-06,0.0014368797968686842
2019-08-07,0.010760493753419142
2019-08-08,0.010290893557615588
2019-08-09,-0.03793489821320417
2019-08-12,-0.04162085619906952
2019-08-13,0.017523812642190162
2019-08-14,-0.0640208969704974
2019-08-15,-0.22200028327805355
2019-08-16,0.026221267013315952
2019-08-19,0.05060141173810928
2019-08-20,0.0033379027762168167
2019-08-21,0.033745321424008434
2019-08-22,-0.02160902544715393
2019-08-23,-0.04558286849538917
2019-08-26,0.028065036729569615
2019-08-27,-0.019157109890747148
2019-08-28,0.0004883146031313679
2019-08-29,-0.010248946206414145
2019-08-30,0.018244497949061245
2019-09-03,-0.010169536719298433
2019-09-04,0.051369765133842504
2019-09-05,0.08358564885553421
2019-09-06,0.033595146904153994
2019-09-09,0.025327217389298884
2019-09-10,0.03622884234482382
2019-09-11,0.024235263369482896
2019-09-12,-0.007757888851990358
2019-09-13,-0.01563726074919569
2019-09-16,0.013105650758686638
2019-09-17,-0.013720278523294938
2019-09-18,0.0007950725814578341
2019-09-19,0.0035743717901370875
2019-09-20,-0.005144515292311191
2019-09-23,0.0
2019-09-24,0.0003976772075664492
2019-09-25,0.00835009153539179
2019-09-26,0.005914712426916324
2019-09-27,0.01881622158884566
2019-09-30,0.002308451034696013
2019-10-01,-0.017274395713715807
2019-10-02,-0.033593707710534826
2019-10-03,0.021422830276351057
2019-10-04,0.008705720543380258
2019-10-07,-0.012161487194915943
2019-10-08,-0.020651177343104288
2019-10-09,0.004865818130164401
2019-10-10,0.00847468250613126
2019-10-11,0.039615797232115835
2019-10-14,-0.028098597198603303
2019-10-15,0.010693041352068722
2019-10-16,-0.0007835115873990883
2019-10-17,-0.0023526370641550054
2019-10-18,0.004716629833105834
2019-10-21,0.026604165436624472
2019-10-22,0.00647861847684128
2019-10-23,-0.017417645779083446
2019-10-24,-0.00924880273505313
2019-10-25,0.02878297485970216
2019-10-28,-0.012098399068590227
2019-10-29,-0.009950142631498404
2019-10-30,0.014688631215915349
2019-10-31,-0.014857111588301941
2019-11-01,0.01662810555527061
2019-11-04,0.008748489515857383
2019-11-05,0.01621420046989197
2019-11-06,-0.037847959905300765
2019-11-07,0.043964532771060494
2019-11-08,0.005910652350429535
2019-11-11,-0.020198167740876904
2019-11-12,-0.011244574343213243
2019-11-13,-0.013267541387209536
2019-11-14,0.0023049885643486867
2019-11-15,0.025680269423364654
2019-11-18,0.006726576460316602
2019-11-19,0.000371188145531276
2019-11-20,-0.03042670634347433
2019-11-21,-0.013777003826271006
2019-11-22,0.0225064395587673
2019-11-25,0.012903397878331502
2019-11-26,-0.005620139425880244
2019-11-27,0.018085810290371596
2019-11-29,-0.004811240665420158
2019-12-02,-0.03718857337989989
2019-12-03,-0.04094226407339541
2019-12-04,0.028594424018553166
2019-12-05,0.00984039357433808
2019-12-06,0.0031435288586472154
2019-12-09,0.01057553542714107
2019-12-10,-0.010464863888349663
2019-12-11,0.011359103955922656
2019-12-12,0.02013933360534126
2019-12-13,-0.01518606789546284
2019-12-16,-0.01773320559047109
2019-12-17,0.0011774034772307207
2019-12-18,0.016856099438698147
2019-12-19,0.017347697477368973
2019-12-20,0.012125820743235538
2019-12-23,0.014226914562575521
2019-12-24,-0.012919839824095392
2019-12-26,0.018324672028377842
2019-12-27,-0.01285349219177434
2019-12-30,-0.010788775985058119
2019-12-31,0.014291119620789328
2020-01-02,-0.0014832218438330935
2020-01-03,-0.0003712553581375344
2020-01-06,0.012630035077643376
2020-01-07,0.009537780613262159
2020-01-08,0.0065407498590539515
2020-01-09,-0.011552673584997009
2020-01-10,0.0018263243511396077
2020-01-13,0.02442592935732013
2020-01-14,0.01886120553180959
2020-01-15,-0.002445007268581434
2020-01-16,0.010153990543859459
2020-01-17,0.001386568334173166
2020-01-21,-0.0183453688359968
2020-01-22,-0.02503530528580089
2020-01-23,0.010488171971489102
2020-01-24,-0.02326401265081257
2020-01-27,-0.038475776212169244
2020-01-28,0.00609752712918632
2020-01-29,0.013636391334514997
2020-01-30,-0.004484340998063163
2020-01-31,-0.032657595076210355
2020-02-03,0.01008933192341388
2020-02-04,0.044948075804439824
2020-02-05,0.04375010989537964
2020-02-06,0.02148637863125402
2020-02-07,-0.03551722375005384
2020-02-10,0.019306397324192703
2020-02-11,0.0024551458172696883
2020-02-12,0.031140756756033117
2020-02-13,-0.021716952053733474
2020-02-14,0.01318066808202123
2020-02-18,-0.03800068961447012
2020-02-19,-0.002135248331315065
2020-02-20,0.027460679499006657
2020-02-21,-0.028462267439039568
2020-02-24,-0.08717406674191674
2020-02-25,-0.04696660102332151
2020-02-26,-0.03408615602784448
2020-02-27,-0.024234699418575367
2020-02-28,0.021786284764766073
2020-03-02,0.010234438712910743
2020-03-03,-0.013929674944580417
2020-03-04,0.041523928820535794
2020-03-05,-0.07385814376371946
2020-03-06,-0.02340206261157618
2020-03-09,-0.15069142183286477
2020-03-10,0.039609564361092975
2020-03-11,-0.08298564865039049
2020-03-12,-0.1457026178211055
2020-03-13,0.0812789679251138
2020-03-16,-0.2926678772640253
2020-03-17,0.14895455377702982
2020-03-18,0.012888626173200413
2020-03-19,-0.04865263149618437
2020-03-20,-0.052714491003420516
2020-03-23,-0.1212624501903361
2020-03-24,0.29678639132912044
2020-03-25,0.08600589900627509
2020-03-26,0.017449669836892445
2020-03-27,-0.08245389991894558
2020-03-30,-0.050323628423388556
2020-03-31,-0.019681906838790342
2020-04-01,-0.14517377783413454
2020-04-02,-0.005419937169550693
2020-04-03,0.007265996412125331
2020-04-06,0.1758339620511531
2020-04-07,0.10966279655477629
2020-04-08,0.034554266503049824
2020-04-09,0.04876411565971406
2020-04-13,-0.059235480499229554
2020-04-14,0.041299732665221356
2020-04-15,-0.062418630096889416
2020-04-16,-0.0006935157614279541
2020-04-17,0.05621093523653653
2020-04-20,-0.06636011711072876
2020-04-21,-0.03237152387871134
2020-04-22,-0.02472717923940637
2020-04-23,0.026845613443884364
2020-04-24,-0.009440815906191502
2020-04-27,0.1033724681813748
2020-04-28,0.07043183396681374
2020-04-29,0.05834862841903887
2020-04-30,-0.12727261297094872
2020-05-01,0.0188172778841158
2020-05-04,-0.025725460095806008
2020-05-05,0.0
2020-05-06,-0.04739346776561448
2020-05-07,0.030561475019877493
2020-05-08,0.026206795814287087
2020-05-11,-0.06451603143790952
2020-05-12,-0.052442673335225565
2020-05-13,-0.0955268861733174
2020-05-14,0.04023491179576877
2020-05-15,-0.016922073025849582
2020-05-18,0.0975410190377255
2020-05-19,-0.03958175018473453
2020-05-20,0.031104249102042347
2020-05-21,0.07390652822205279
2020-05-22,-0.018258507417883263
2020-05-26,0.05507882193013858
2020-05-27,0.04271173468683309
2020-05-28,-0.09037715631767762
2020-05-29,-0.027876913142709903
2020-06-01,0.04338230362473894
2020-06-02,0.02184640065336163
2020-06-03,0.08206913054106924
2020-06-04,0.04780099035089669
2020-06-05,0.05291986305429153
2020-06-08,0.03870601245406258
2020-06-09,-0.07953299855155227
2020-06-10,-0.06465267504392058
2020-06-11,-0.08785524562875813
2020-06-12,0.025495653937690932
2020-06-15,-0.02002751317142748
2020-06-16,0.056377817884368575
2020-06-17,-0.051367771483324054
2020-06-18,-0.016877574793477623
2020-06-19,-0.032188911949912136
2020-06-22,0.013303799614350575
2020-06-23,0.005105782347176069
2020-06-24,-0.07111760729284988
2020-06-25,-0.015624774950250386
2020-06-26,-0.003968366042784721
2020-06-29,0.0637451192789007
2020-06-30,-0.005243545708924491
2020-07-01,-0.02334340601001339
2020-07-02,0.0030841111377493124
2020-07-06,0.013066780383738985
2020-07-07,-0.0402124959754242
2020-07-08,0.02766817877282235
2020-07-09,-0.05076944628379165
2020-07-10,0.02269061540592965
2020-07-13,0.022186835021336115
2020-07-14,0.00542646138598446
2020-07-15,0.08095611990571894
2020-07-16,0.001426528070431754
2020-07-17,-0.027065500095124206
2020-07-20,-0.039531562177646085
2020-07-21,0.04039631219695505
2020-07-22,0.003662950737800319
2020-07-23,0.01240875261374641
2020-07-24,-0.028838960920131496
2020-07-27,0.013362817168867558
2020-07-28,-0.01025621495090423
2020-07-29,0.026646664874671933
2020-07-30,-0.04109570091770798
2020-07-31,0.004511180152805938
2020-08-03,-0.0014970003431411527
2020-08-04,-0.004497734138972809
2020-08-05,0.034638503528315656
2020-08-06,0.021106219070284427
2020-08-07,0.03421227522830228
2020-08-10,0.06340469077951627
2020-08-11,0.00648092678030987
2020-08-12,0.0045073535582873525
2020-08-13,-0.01089742981930697
2020-08-14,0.032404564435261296
2020-08-17,-0.006277439617449976
2020-08-18,-0.03158567712593485
2020-08-19,-0.016308005675778947
2020-08-20,-0.047745252697822704
2020-08-21,0.012534621939652713
2020-08-24,0.05433308401784509
2020-08-25,-0.025440460886446803
2020-08-26,-0.006023966726559138
2020-08-27,0.0026937368452963906
2020-08-28,-0.0006717690013015032
2020-08-31,-0.010080643418534097
2020-09-01,0.0013579136985120144
2020-09-02,-0.001356072269401265
2020-09-03,-0.0013576953961115246
2020-09-04,-0.01019706935722442
2020-09-08,0.030219588694036847
2020-09-09,-0.027999824500000048
2020-09-10,0.08367616337745876
2020-09-11,0.022151712819488578
2020-09-14,0.08482984592290133
2020-09-15,-0.03881288525876936
2020-09-16,0.07482209047392785
2020-09-17,-0.027624380716858354
2020-09-18,-0.013636433949805737
2020-09-21,-0.04896310661004721
2020-09-22,0.006662766143511023
2020-09-23,-0.0018051439055690732
2020-09-24,-0.015069229605770174
2020-09-25,0.0012240510685126438
2020-09-28,0.013447510935180818
2020-09-29,-0.06513904209576538
2020-09-30,0.008387238916191198
2020-10-01,0.01727430355538151
2020-10-02,0.01572324690933824
2020-10-05,0.05077407562932912
2020-10-06,-0.008249632711015864
2020-10-07,0.06179423638722392
2020-10-08,0.044767659362211054
2020-10-09,0.008034451241916596
2020-10-12,0.020191265771988043
2020-10-13,-0.014583166319687701
2020-10-14,0.004228313041555021
2020-10-15,0.028420883983635514
2020-10-16,-0.0005119059269182991
2020-10-19,0.027137884743515306
2020-10-20,0.020937162437413948
2020-10-21,0.0
2020-10-22,0.06689472403878649
2020-10-23,-0.01922203922308119
2020-10-26,-0.007466139980821462
2020-10-27,0.007052032652412832
2020-10-28,-0.005135243114144483
2020-10-29,0.06663507239638244
2020-10-30,-0.021997139492870632
2020-11-02,0.06297781273834291
2020-11-03,0.01819729842885387
2020-11-04,-0.009143817073406502
2020-11-05,0.03649303836430562
2020-11-06,-0.01578291952952804
2020-11-09,0.025082254167006823
2020-11-10,0.04292033933356931
2020-11-11,-0.025384805593022697
2020-11-12,-0.00236766233634389
2020-11-13,0.04193034694072928
2020-11-16,0.036066905846326325
2020-11-17,0.0428727009701062
2020-11-18,-0.016865788967822093
2020-11-19,0.015010627857651837
2020-11-20,0.0021127816268464716
2020-11-23,0.014406299883518603
2020-11-24,0.0432976156487046
2020-11-25,-0.014276368260793593
2020-11-27,-0.0232400785721274
2020-11-30,-0.023448333571977176
2020-12-01,0.0014125754260472245
2020-12-02,0.004231219484835291
2020-12-03,0.027738789285176813
2020-12-04,0.0027330900990318874
2020-12-07,0.013287982193970871
2020-12-08,-0.008069908354489508
2020-12-09,0.004406635358045641
2020-12-10,-0.00033722320529749883
2020-12-11,-0.009790950235741391
2020-12-14,-0.010228360190130514
2020-12-15,0.023768442959037683
2020-12-16,-0.0016824526285896813
2020-12-17,0.0053927772419857245
2020-12-18,-0.03251763815772357
2020-12-21,0.01767158137344138
2020-12-22,0.027238648032984036
2020-12-23,0.011600795361301985
2020-12-24,0.0108126302208722
2020-12-28,0.00032416528134948663
2020-12-29,-0.02430326702729857
2020-12-30,0.044503640460029636
2020-12-31,-0.011764813339462554
2021-01-04,0.05244529316880042
2021-01-05,-0.005808648385436155
2021-01-06,0.05535041144841224
2021-01-07,0.016025692277325643
2021-01-08,-0.018353879920273153
2021-01-11,0.009640834149470479
2021-01-12,0.022569450690440807
2021-01-13,-0.03706862299662306
2021-01-14,0.0008815560693031799
2021-01-15,-0.012918457645005321
2021-01-19,-0.008328282199020487
2021-01-20,0.010497974130442511
2021-01-21,0.001780969001378363
2021-01-22,0.01718515172300905
2021-01-25,-0.01631226439972111
2021-01-26,-0.029019762685267292
2021-01-27,-0.06648378826726908
2021-01-28,0.05749768556339929
2021-01-29,-0.023169694223533543
2021-02-01,0.0072739007708138015
2021-02-02,0.05023535592135442
2021-02-03,0.03437965716474212
2021-02-04,0.04566491372355075
2021-02-05,0.03786615378325586
2021-02-08,0.021304846792700838
2021-02-09,0.0
2021-02-10,0.02112135567343798
2021-02-11,-0.001021282372861143
2021-02-12,-0.02070561787458025
2021-02-16,0.019576932688688764
2021-02-17,-0.010496263016874341
2021-02-18,-0.017076506217756693
2021-02-19,0.03869445475523614
2021-02-22,0.037759621573673297
2021-02-23,-0.007570322701691667
2021-02-24,0.0258367957064638
2021-02-25,0.017270364631438495
2021-02-26,-0.006366486612282007
2021-03-01,-0.01518751374805083
2021-03-02,0.019758986953004154
2021-03-03,-0.017722038107325866
2021-03-04,-0.019244677032752566
2021-03-05,0.027961656635429044
2021-03-08,0.048675706034361
2021-03-09,-0.013424186499702562
2021-03-10,-0.008994368458622004
2021-03-11,0.02559922891604738
2021-03-12,0.012252966464915138
2021-03-15,0.03855647649062255
2021-03-16,-0.03280817743288089
2021-03-17,0.0062488213313973695
2021-03-18,0.005987798477091744
2021-03-19,-0.014770751360247525
2021-03-22,-0.023047613346173668
2021-03-23,-0.058864086459376574
2021-03-24,-0.010951439429376486
2021-03-25,0.02903540498292667
2021-03-26,-0.0004781614323846606
2021-03-29,-0.055262989462697254
2021-03-30,0.036971267297354116
2021-03-31,0.006348998943787931
2021-04-01,-0.004367778111628362
2021-04-05,0.040458339124137765
2021-04-06,0.003982244758358178
2021-04-07,0.005366225589945595
2021-04-08,0.006497853484523031
2021-04-09,0.0359697799832277
2021-04-12,0.01313166659048548
2021-04-13,-0.01010576138505248
2021-04-14,0.007989651484530569
2021-04-15,0.018273709941834193
2021-04-16,0.006702712223429996
2021-04-19,-0.028565379928632617
2021-04-20,-0.03780642466740436
2021-04-21,0.0323986799910192
2021-04-22,0.005119090299149809
2021-04-23,0.02657218054492505
2021-04-26,-0.0081965742501664
2021-04-27,0.030230402852287952
2021-04-28,0.0027441726720804915
2021-04-29,0.008631603612730743
2021-04-30,-0.0012523211433225212
2021-05-03,0.014420109715947094
2021-05-04,-0.011124693069959335
2021-05-05,0.00854142095659638
2021-05-06,-0.03325743558913685
2021-05-07,0.04957255044337172
2021-05-10,-0.042752391641933674
2021-05-11,-0.010846395630329853
2021-05-12,-0.038056334865363084
2021-05-13,0.012740287909462467
2021-05-14,0.033325693941880674
2021-05-17,0.011747383454489224
2021-05-18,-0.022377149193877233
2021-05-19,-0.03714082113870143
2021-05-20,-0.02197805579003509
2021-05-21,-0.016510205399838163
2021-05-24,0.011891127517882794
2021-05-25,-0.0018435083581237466
2021-05-26,0.02354579218332442
2021-05-27,0.016914866768712233
2021-05-28,-0.004435698582828107
2021-06-01,0.0017821273609319732
2021-06-02,-0.050255846036650786
2021-06-03,-0.00444857809129251
2021-06-04,0.005409438763291696
2021-06-07,0.014034982853174727
2021-06-08,0.014994336795872698
2021-06-09,-0.013181986048220296
2021-06-10,-0.01612171565515086
2021-06-11,0.03698516109387229
2021-06-14,-0.023250706995236348
2021-06-15,0.006471022291124617
2021-06-16,-0.00665900076101178
2021-06-17,-0.02357805451020234
2021-06-18,-0.02533163093632551
2021-06-21,0.024046740697973856
2021-06-22,0.003320543160806766
2021-06-23,0.007092146824092538
2021-06-24,0.01009384705283467
2021-06-25,0.010457595399714137
2021-06-28,-0.020009069931657963
2021-06-29,-0.010560574586057858
2021-06-30,0.031308820988533714
2021-07-01,-0.02276870362790362
2021-07-02,0.004000686558498279
2021-07-06,-0.02226896283970159
2021-07-07,-0.019419487659394608
2021-07-08,-0.012714147521262209
2021-07-09,0.03764236051902259
2021-07-12,0.01503578135309347
2021-07-13,-0.023042396347927596
2021-07-14,-0.0026475958863513283
2021-07-15,-0.020028973457688948
2021-07-16,-0.03816799534619042
2021-07-19,-0.03200194505334075
2021-07-20,0.04231691523383785
2021-07-21,0.03527008760406547
2021-07-22,-0.02156875829184668
2021-07-23,0.004258891270572551
2021-07-26,0.028934729675158533
2021-07-27,-0.0055758795553473295
2021-07-28,-0.013408084108628038
2021-07-29,0.019520707147969496
2021-07-30,0.025206020939552154
2021-08-02,0.0007095086216952762
2021-08-03,0.025986168516647812
2021-08-04,-0.015887487136637124
2021-08-05,0.016845877524963138
2021-08-06,0.012655105918281118
2021-08-09,-0.01885936626263296
2021-08-10,0.01528502173319013
2021-08-11,0.005702594117985793
2021-08-12,0.013835490141908213
2021-08-13,-0.010514631166386179
2021-08-16,-0.009269847670663522
2021-08-17,-0.040849053853106665
2021-08-18,-0.013561653729141088
2021-08-19,-0.031114275056946417
2021-08-20,0.01020654302305446
2021-08-23,0.0426319040851626
2021-08-24,0.02363533960606845
2021-08-25,-0.0034639214529007534
2021-08-26,-0.030351959148730567
2021-08-27,0.019116125702359543
2021-08-30,-0.03282554347929889
2021-08-31,-0.02254548682305313
2021-09-01,0.00545640865101249
2021-09-02,0.0019733521837697054
2021-09-03,0.0049542211891882015
2021-09-07,0.004436681552933086
2021-09-08,-0.03361948912731372
2021-09-09,0.028948664590305206
2021-09-10,-0.0012339439536641628
2021-09-13,-0.003953730685144818
2021-09-14,-0.0064499584093591356
2021-09-15,-0.0027464495325268956
2021-09-16,0.01927851978453532
2021-09-17,-0.007614561208934667
2021-09-20,-0.05915865140457688
2021-09-21,0.011576194448408517
2021-09-22,0.013784261452696178
2021-09-23,0.03514607395002267
2021-09-24,-0.022057143979549387
2021-09-27,0.016219178496379216
2021-09-28,-0.01346636659940692
2021-09-29,-0.020475223636236328
2021-09-30,-0.044645031860168216
2021-10-01,0.02701210422657474
2021-10-04,-0.0010520432468562602
2021-10-05,0.012111968137323625
2021-10-06,-0.021071792277906898
2021-10-07,0.01461582310000753
2021-10-08,-0.021477227933163867
2021-10-11,0.0018736852382161828
2021-10-12,0.02538086668573114
2021-10-13,0.0007814923428406395
2021-10-14,0.0200470037990208
2021-10-15,0.0005101756718310924
2021-10-18,-0.015560956536739834
2021-10-19,-0.005441781615649233
2021-10-20,0.006513620437862189
2021-10-21,0.0031064015897117603
2021-10-22,-0.0033547552512068757
2021-10-25,0.026411027413515642
2021-10-26,-0.013370241122480642
2021-10-27,-0.026847255030074235
2021-10-28,0.024697753376697218
2021-10-29,-0.0005127489066528712
2021-11-01,0.010518220778787724
2021-11-02,0.006346604962811586
2021-11-03,0.05499491337254159
2021-11-04,0.0035867587650513233
2021-11-05,0.012866264878471645
2021-11-08,-0.0037635963891446966
2021-11-09,0.00283363761172728
2021-11-10,0.003296385323615647
2021-11-11,0.08378289917441628
2021-11-12,-0.014075286445915158
2021-11-15,-0.013837018915583865
2021-11-16,0.015367569637443568
2021-11-17,-0.008773750753211407
2021-11-18,0.014383636883958717
2021-11-19,0.0032722127397479817
2021-11-22,0.004566174930927813
2021-11-23,-0.0045454197492184045
2021-11-24,-0.04174821598323364
2021-11-26,-0.051508783831017535
2021-11-29,-0.00143571578495294
2021-11-30,-0.03881148553894853
2021-12-01,-0.03090742228244936
2021-12-02,0.060057000602227184
2021-12-03,-0.0031745824973251624
2021-12-06,0.03772656552801057
2021-12-07,0.031633810894151404
2021-12-08,-0.004119159361322011
2021-12-09,-0.006204003680727044
2021-12-10,-0.0004623268244412504
2021-12-13,-0.027296069315093097
2021-12-14,0.009750234437753136
2021-12-15,-0.01648599936425099
2021-12-16,-0.013888798772397126
2021-12-17,0.0019427806530012415
2021-12-20,-0.04677643225811812
2021-12-21,0.040681030148197905
2021-12-22,0.003664873484235276
2021-12-23,0.004381871924390879
2021-12-27,-0.0033934020181460856
2021-12-28,-0.012888816863362962
2021-12-29,0.0
2021-12-30,0.005419913716116831
2021-12-31,-0.005145867708365226
2022-01-03,0.005172484629994756
2022-01-04,0.02058315961028634
2022-01-05,-0.008883292331593906
2022-01-06,0.004117984058503499
2022-01-07,-0.05090478026064715
2022-01-10,-0.04677153921452992
2022-01-11,0.01893320721882863
2022-01-12,0.008898136020664582
2022-01-13,0.01763920519409612
2022-01-14,-0.0219217533344902
2022-01-18,-0.023455672166983854
2022-01-19,-0.00026710436832022566
2022-01-20,-0.018686478658886285
2022-01-21,-0.0057128088977145275
2022-01-24,0.044869981649837465
2022-01-25,-0.01911493951135501
2022-01-26,-0.01815257926863245
2022-01-27,0.007612552896445468
2022-01-28,0.01538093866690926
2022-01-31,0.008503683395614026
2022-02-01,0.021080453274034294
2022-02-02,0.009290260664182926
2022-02-03,-0.01994394145906142
2022-02-04,0.0036526890285901725
2022-02-07,0.004678939730863085
2022-02-08,0.024320777637446556
2022-02-09,0.028289787673671185
2022-02-10,0.00024595032136298656
2022-02-11,-0.0378193136959708
2022-02-14,-0.0033182136409614094
2022-02-15,0.04276595354841972
2022-02-16,0.00515692866636841
2022-02-17,-0.02638644777759569
2022-02-18,-0.009535697298661772
2022-02-22,0.0022803051633750737
2022-02-23,-0.010111156368262653
2022-02-24,0.0
2022-02-25,0.040857852628865876
2022-02-28,0.0034349252018290866
2022-03-01,-0.05110031473053822
2022-03-02,0.0654466142241128
2022-03-03,-0.03162989479499756
2022-03-04,-0.08417093077989812
2022-03-07,-0.11879278427460904
2022-03-08,0.009651127966123774
2022-03-09,0.10638330726155343
2022-03-10,-0.008639924902037355
2022-03-11,-0.03429865506024932
2022-03-14,-0.017758325482239656
2022-03-15,0.04179009596819827
2022-03-16,0.05433829291704795
2022-03-17,0.00998390688726869
2022-03-18,0.026182263794576555
2022-03-21,-0.013798349329720572
2022-03-22,-0.0007919580872095544
2022-03-23,-0.00845450775520007
2022-03-24,0.0031974874881777193
2022-03-25,0.021248268429863604
2022-03-28,-0.0013003995100464572
2022-03-29,0.045833182653520765
2022-03-30,-0.02465140861599535
2022-03-31,-0.051569729778509266
2022-04-01,-0.027994745059730874
2022-04-04,0.002769219259166622
2022-04-05,-0.0483289021278851
2022-04-06,-0.025246923699943302
2022-04-07,-0.008633634291999592
2022-04-08,-0.0015014493222469394
2022-04-11,0.009022685328589075
2022-04-12,0.015201125331048893
2022-04-13,0.010863100385966717
2022-04-14,-0.020040490666851762
2022-04-18,0.005038403680058368
2022-04-19,0.0415805340918709
2022-04-20,-0.010192374159501583
2022-04-21,-0.012013780486359038
2022-04-22,-0.04574406806216258
2022-04-25,0.006371354439466348
2022-04-26,-0.022007782721171543
2022-04-27,0.008631420526642453
2022-04-28,0.02078245386758737
2022-04-29,-0.014371459673029996
2022-05-02,0.020656196584146524
2022-05-03,-0.025595247078252004
2022-05-04,0.015577207882366606
2022-05-05,-0.05323305244686982
2022-05-06,-0.036213517362257974
2022-05-09,-0.04943955883158613
2022-05-10,-0.019070652850734393
2022-05-11,-0.06256630433683164
2022-05-12,0.1549773030487287
2022-05-13,0.028729975747579184
2022-05-16,0.016502642734541606
2022-05-17,0.0312206285339367
2022-05-18,-0.035724889627167355
2022-05-19,-0.027629551922502715
2022-05-20,0.01420731778569051
2022-05-23,-0.0035021748424047816
2022-05-24,-0.040255560643488786
2022-05-25,0.049267621038924236
2022-05-26,0.05964487547558628
2022-05-27,0.02814358356683533
2022-05-31,0.004659090087505646
2022-06-01,-0.01043456687515354
2022-06-02,0.03747400074066576
2022-06-03,-0.007963469631746323
2022-06-06,-0.007454099976544781
2022-06-07,0.007798700415686977
2022-06-08,-0.0022927650213373507
2022-06-09,-0.013501759015927872
2022-06-10,-0.047757748049967796
2022-06-13,-0.05412842753387459
2022-06-14,0.02166192870078265
2022-06-15,0.03480999941042451
2022-06-16,-0.06666679015349264
2022-06-17,0.05176937217137478
2022-06-21,0.0015577542208560224
2022-06-22,-0.032348372404584214
2022-06-23,0.03150112786722614
2022-06-24,0.03864142293994566
2022-06-27,-0.02340256122607176
2022-06-28,-0.010138169186413193
2022-06-29,-0.031347092236510554
2022-06-30,-0.02210830190292945
2022-07-01,0.009829704724938937
2022-07-05,0.01687223279300687
2022-07-06,-0.02233568478659209
2022-07-07,0.04634455901843637
2022-07-08,-0.007485910700024245
2022-07-11,-0.029541258726203057
2022-07-12,0.012305877554692035
2022-07-13,0.004478462083773005
2022-07-14,-0.009554155167834422
2022-07-15,-0.009646183265729302
2022-07-18,0.020779364330734573
2022-07-19,0.048981965501994074
2022-07-20,0.025773246148731
2022-07-21,0.005911941904090279
2022-07-22,-0.0023510749081827598
2022-07-25,0.0044181772533389285
2022-07-26,-0.04633404512165906
2022-07-27,0.037207873520449075
2022-07-28,0.00889417262800496
2022-07-29,-0.011754331146316854
2022-08-01,0.011002107883384404
2022-08-02,-0.029411847817473413
2022-08-03,0.0251515428081297
2022-08-04,0.0011823019462109396
2022-08-05,0.006200402728946841
2022-08-08,0.009682835859770922
2022-08-09,-0.032548649133579355
2022-08-10,0.034544910642492654
2022-08-11,0.030778193239822782
2022-08-12,0.005351836600598903
2022-08-15,0.0067248190603956814
2022-08-16,0.033676539985855625
2022-08-17,-0.0008076714049456424
2022-08-18,0.0123956936949694
2022-08-19,-0.019696724413749145
2022-08-22,-0.038555568069570945
2022-08-23,0.02343973494855689
2022-08-24,-0.005794567254603145
2022-08-25,0.020538373933612908
2022-08-26,-0.03861847960412701
2022-08-29,-0.006506247221559791
2022-08-30,0.012813319848424376
2022-08-31,-0.023615673241223045
2022-09-01,0.0051829076507636795
2022-09-02,-0.010885170183615234
2022-09-06,-0.028960350614146924
2022-09-07,0.028332996648286368
2022-09-08,0.011702570051352668
2022-09-09,0.027183477335366746
2022-09-12,0.02421165210895282
2022-09-13,-0.053326078951726696
2022-09-14,-0.02032505955573638
2022-09-15,-0.015411964387876176
2022-09-16,-0.020168704310236096
2022-09-19,0.017511561012971244
2022-09-20,-0.021739061125965464
2022-09-21,-0.013580223955826143
2022-09-22,-0.03160195276064737
2022-09-23,-0.04168022443094854
2022-09-26,-0.03472694385023678
2022-09-27,0.013971362301475887
2022-09-28,0.029969008742639858
2022-09-29,-0.033779282787748
2022-09-30,-0.015922461518968145
2022-10-03,0.04361580801761811
2022-10-04,0.05965648673845925
2022-10-05,0.013358733759599062
2022-10-06,0.00470791985911001
2022-10-07,-0.016557198432505915
2022-10-10,-0.010800516825266948
2022-10-11,-0.016377629212474654
2022-10-12,0.018935531763651703
2022-10-13,-0.003844909468694868
2022-10-14,-0.026375001756459904
2022-10-17,0.03633958579344165
2022-10-18,-0.0025501551523687827
2022-10-19,-0.0217321351188019
2022-10-20,-0.004247043188361999
2022-10-21,0.025918767528503972
2022-10-24,-0.029421227219417312
2022-10-25,0.05304779613212518
2022-10-26,-0.009386767389223727
2022-10-27,0.0015793292160470873
2022-10-28,0.007253067033215821
2022-10-31,-0.008140194273037027
2022-11-01,0.015151531985474698
2022-11-02,-0.048818261543930874
2022-11-03,-0.017979817943200804
2022-11-04,0.08055928833037074
2022-11-07,-0.013863393531611257
2022-11-08,0.008434934666723182
2022-11-09,-0.03283760783315648
2022-11-10,0.04228058367286658
2022-11-11,0.0869698642730119
2022-11-14,-0.031665306263893744
2022-11-15,0.02131381061515758
2022-11-16,-0.018010205500979315
2022-11-17,0.015720473323005857
2022-11-18,0.0028663592490141276
2022-11-21,-0.012289371302732777
2022-11-22,0.04832159294913163
2022-11-23,0.02014922387810647
2022-11-25,0.002976283507557742
2022-11-28,-0.015915884115125234
2022-11-29,0.021107320442537603
2022-11-30,0.01395983566619785
2022-12-01,0.018798027007500107
2022-12-02,0.008576043595838856
2022-12-05,-0.042772422293552825
2022-12-06,0.0037681769730122383
2022-12-07,-0.014481103418193753
2022-12-08,0.013168903080807981
2022-12-09,-0.014622454282657182
2022-12-12,0.02583147315004397
2022-12-13,0.027591477318298807
2022-12-14,-0.007820432204094896
2022-12-15,-0.019968487677205604
2022-12-16,-0.018766751899346845
2022-12-19,-0.01803280528134288
2022-12-20,0.00027837858870971566
2022-12-21,0.03365775520446501
2022-12-22,0.0064584233882594155
2022-12-23,0.0005348032259067104
2022-12-27,0.018439422225144275
2022-12-28,-0.031225478970042686
2022-12-29,0.02166858024160545
2022-12-30,0.009544027766344998
2023-01-03,0.019695372628231622
2023-01-04,0.021117411692059385
2023-01-05,0.0017654891007670148
2023-01-06,0.03348445139119671
2023-01-09,0.0048722067503730315
2023-01-10,0.01672734904941997
2023-01-11,0.009775691339437564
2023-01-12,0.01770956144663094
2023-01-13,0.0064966715707439615
2023-01-17,0.005762928339029028
2023-01-18,0.0027504383399319376
2023-01-19,-0.02445708193910545
2023-01-20,0.02413303888121021
2023-01-23,0.011667732987500123
2023-01-24,-0.014925482648469268
2023-01-25,0.0027548585992309693
2023-01-26,0.008699783652541981
2023-01-27,0.0013617045393850002
2023-01-30,0.0
2023-01-31,0.032864909588125935
2023-02-01,0.02304147174703708
2023-02-02,-0.005362504701111548
2023-02-03,-0.005607001985532767
2023-02-06,-0.03166333611386618
2023-02-07,0.01298969726488397
2023-02-08,-0.044660566563702764
2023-02-09,0.03471437267151112
2023-02-10,-0.006039136159729619
2023-02-13,0.01732686077921297
2023-02-14,-0.0024330168618733605
2023-02-15,0.00598654888816097
2023-02-16,-0.011020406204972355
2023-02-17,-0.016937834955766395
2023-02-21,-0.03944690385995031
2023-02-22,0.013217013276821898
2023-02-23,0.004192737136476721
2023-02-24,-0.011830124240407969
2023-02-27,0.01384974330545452
2023-02-28,0.007409064157400502
2023-03-01,-0.005975561591781475
2023-03-02,0.01433520041570624
2023-03-03,0.013676770489152723
2023-03-06,-0.0209130277494729
2023-03-07,-0.011483597959460856
2023-03-08,0.002091249473609169
2023-03-09,-0.028718360095744355
2023-03-10,-0.005769278281865908
2023-03-13,-0.01184720720734933
2023-03-14,0.015170152274335269
2023-03-15,-0.02265622281338786
2023-03-16,0.015043345232024441
2023-03-17,-0.006316888851234714
2023-03-20,-0.006845872681985332
2023-03-21,0.020433287631276276
2023-03-22,-0.017853004923083726
2023-03-23,-0.0012281721184190797
2023-03-24,-0.010083616195054379
2023-03-27,0.012174128039972754
2023-03-28,0.024300275366813784
2023-03-29,0.005032355674924327
2023-03-30,0.0030995580214836504
2023-03-31,0.024720909995509466
2023-04-03,-0.005103242239530625
2023-04-04,-0.017020340231833297
2023-04-05,-0.03961112583704007
2023-04-06,-0.008891007346317426
2023-04-10,0.018190941158068963
2023-04-11,-0.000489405415840416
2023-04-12,0.011018461705622595
2023-04-13,0.01550034829135738
2023-04-14,0.004769649794774233
2023-04-17,-0.01614040882646328
2023-04-18,0.0161639265964304
2023-04-19,0.023029545631483073
2023-04-20,-0.018565755009231855
2023-04-21,-0.009695054294599381
2023-04-24,0.0009550690041495447
2023-04-25,-0.037929301651314584
2023-04-26,-0.006694860841531258
2023-04-27,0.019720569774580365
2023-04-28,-0.0009794497269721703
2023-05-01,-0.004165593146044699
2023-05-02,-0.021161367785935026
2023-05-03,-0.02061326226398419
2023-05-04,-0.02284393275133112
2023-05-05,0.02364056012441118
2023-05-08,-0.01334344614342542
2023-05-09,-0.004161282086449614
2023-05-10,-0.030034129183876712
2023-05-11,0.08266027452980329
2023-05-12,0.02412325989856079
2023-05-15,0.045410611368801534
2023-05-16,-0.026480980624213446
2023-05-17,0.03674534628852877
2023-05-18,0.015650350107215605
2023-05-19,-0.025606199461813306
2023-05-22,-0.01906985276263551
2023-05-23,-0.00568985091070584
2023-05-24,-0.024558889414347584
2023-05-25,-0.005133323855609717
2023-05-26,0.024324464618268093
2023-05-30,-0.02662500270256174
2023-05-31,-0.013799912921367508
2023-06-01,-0.007246601314836343
2023-06-02,0.06720381373253326
2023-06-05,-0.02240563916518734
2023-06-06,0.01833524731379388
2023-06-07,0.025823344795323333
2023-06-08,-0.010697655317197796
2023-06-09,0.0035259583964901697
2023-06-12,0.01194668725112047
2023-06-13,0.001620302288290132
2023-06-14,0.009013129314428658
2023-06-15,-0.005038924875982009
2023-06-16,-0.0016114437400264192
2023-06-20,0.00230587150661532
2023-06-21,-0.005751090628500766
2023-06-22,-0.0069412471303830214
2023-06-23,-0.0002329953061213086
2023-06-26,-0.0025635456614403473
2023-06-27,0.014018819829600293
2023-06-28,-0.01451617132936478
2023-06-29,0.0014028746524774593
2023-06-30,-0.0007005492427107907
2023-07-03,0.017056062030715635
2023-07-05,-0.014932189092305759
2023-07-06,-0.011893656540193476
2023-07-07,0.005192435474778767
2023-07-10,0.01901856389329648
2023-07-11,0.022810953057644356
2023-07-12,-0.0038296609301133877
2023-07-13,0.005427311225898679
2023-07-14,-0.017993715768763408
2023-07-17,-0.016261913142022966
2023-07-18,0.009545852029957613
2023-07-19,-0.02237083240039406
2023-07-20,-0.013446495502929312
2023-07-21,-0.006456246730085602
2023-07-24,0.01203369059042747
2023-07-25,0.00023771958720786301
2023-07-26,0.009748231201119228
2023-07-27,-0.011773201503994302
2023-07-28,0.024779709537369854
2023-07-31,0.003255014289950564
2023-08-01,-0.0069525077330914176
2023-08-02,-0.019136543070053302
2023-08-03,0.02307883113511533
2023-08-04,-0.02139531063439548
2023-08-07,0.007366747685234154
2023-08-08,-0.018636386046755216
2023-08-09,-0.008653983491380579
2023-08-10,-0.159311246825646
2023-08-11,0.012979610595326818
2023-08-14,0.012243698557638849
2023-08-15,-0.004500774510558969
2023-08-16,-0.029951982523451326
2023-08-17,0.007864730551483179
2023-08-18,-0.0002889049157499546
2023-08-21,-0.022549760630247606
2023-08-22,-0.019225085854460144
2023-08-23,0.007840590677414827
2023-08-24,-0.009874181731627574
2023-08-25,-0.003022047747485379
2023-08-28,0.006365481979231147
2023-08-29,0.0021085892989824995
2023-08-30,0.004508333005142751
2023-08-31,-0.0029921469020632863
2023-09-01,0.011404682652335296
2023-09-05,-0.020475040949060275
2023-09-06,-0.012420310187510775
2023-09-07,-0.014263533550044394
2023-09-08,0.0031456360483652634
2023-09-11,-0.004703752309502596
2023-09-12,-0.006931301637764786
2023-09-13,-0.03077407499521867
2023-09-14,0.015711977657387077
2023-09-15,-0.001289072134064484
2023-09-18,-0.020006407780773228
2023-09-19,-0.00460993345238514
2023-09-20,-0.007277522711731987
2023-09-21,-0.021992686683990348
2023-09-22,-0.01771716682872493
2023-09-25,-0.011446349393597566
2023-09-26,-0.012631549645545581
2023-09-27,-0.00675190305304374
2023-09-28,0.007513219579341701
2023-09-29,0.020951693909297076
2023-10-02,-0.0059130653407099
2023-10-03,-0.02204316383772087
2023-10-04,-0.00393569735126742
2023-10-05,-0.009339130915358651
2023-10-06,0.022117535586886117
2023-10-09,0.0
2023-10-10,-0.019155755805652652
2023-10-11,0.01374325989533487
2023-10-12,-0.022832769181386547
2023-10-13,0.007301991866585533
2023-10-16,0.02682132333399645
2023-10-17,0.02576764280085242
2023-10-18,-0.01582935267040786
2023-10-19,-0.006293692626803238
2023-10-20,-0.010555852956257716
2023-10-23,-0.007823737739676151
2023-10-24,0.000716987946919101
2023-10-25,-0.0021489922002253525
2023-10-26,0.005025114064789449
2023-10-27,-0.014285753127166179
2023-10-30,0.016666774337387835
2023-10-31,-0.017819131580612102
2023-11-01,-0.03519589573124293
2023-11-02,0.027829949425983047
2023-11-03,0.02231985678721693
2023-11-06,-0.01717963253575394
2023-11-07,0.0003642017146372467
2023-11-08,-0.00036406912003938974
2023-11-09,0.02986169527435134
2023-11-10,-0.005657766243187257
2023-11-13,0.013869136293265916
2023-11-14,0.07015073433332875
2023-11-15,0.012127177574511983
2023-11-16,-0.02525901164061839
2023-11-17,0.009634496413146287
2023-11-20,0.012175063658589336
2023-11-21,-0.012678677869735644
2023-11-22,0.0006584111413112659
2023-11-24,0.006252141674954359
2023-11-27,0.011118287017292117
2023-11-28,0.003234145527283294
2023-11-29,0.020954338529755256
2023-11-30,0.0
2023-12-01,0.03252278560438282
2023-12-04,0.009785972404156906
2023-12-05,-0.018170946798228615
2023-12-06,0.0027762128134030117
2023-12-07,0.030472590099598795
2023-12-08,0.01176816453925622
2023-12-11,0.008649138112429622
2023-12-12,-0.00768789380282886
2023-12-13,0.028903345955413107
2023-12-14,0.05734161605329713
2023-12-15,-0.011777331218509657
2023-12-18,-0.006375040688535116
2023-12-19,0.029288893984592335
2023-12-20,-0.0089431675916114
2023-12-21,0.026797934775210086
2023-12-22,-0.013315699683561166
2023-12-26,0.015114779959832791
2023-12-27,-0.005583594196501895
2023-12-28,-0.008556006914159031
2023-12-29,-0.007281470891754127
2024-01-02,0.036946287550366774
2024-01-03,-0.03458222892582796
2024-01-04,0.0013570043247521646
2024-01-05,0.011653068644990494
2024-01-08,0.02035888533188923
2024-01-09,-0.016539693735274752
2024-01-10,0.000800880513579294
2024-01-11,0.004801120525770752
2024-01-12,-0.035306720618260345
2024-01-16,0.0035776616309342035
2024-01-17,-0.017274493863763785
2024-01-18,-0.0002789163976298914
2024-01-19,0.02260649625083544
2024-01-22,0.02210717302353271
2024-01-23,0.005607236668167426
2024-01-24,-0.0031862991452227263
2024-01-25,0.01917953810942019
2024-01-26,0.018557227779515406
2024-01-29,0.017449384690994885
2024-01-30,-0.004792086504473936
2024-01-31,-0.01697917618827116
2024-02-01,0.03170922489844319
2024-02-02,-0.00024998232098083495
2024-02-05,0.008997750190951503
2024-02-06,0.015605868032595005
2024-02-07,-0.01585379140543941
2024-02-08,0.06542759949194354
2024-02-09,-0.02302862957761187
2024-02-12,0.034285613441431995
2024-02-13,-0.017265123361349333
2024-02-14,0.03654241702647454
2024-02-15,0.027344727970234795
2024-02-16,0.009898875952868869
2024-02-20,0.018296490640836938
2024-02-21,0.0044921267599948855
2024-02-22,0.01788756036128447
2024-02-23,0.015690311341788776
2024-02-26,-0.019155568538273493
2024-02-27,-0.0018898580255083397
2024-02-28,0.0039974398372171205
2024-02-29,-0.0039815239348270914
2024-03-01,-0.006522077234357049
2024-03-04,0.0012705217466046914
2024-03-05,0.010575308307467779
2024-03-06,-0.016534160111852048
2024-03-07,0.006217784670963011
2024-03-08,0.0031963550704592336
2024-03-11,-0.007646592984775102
2024-03-12,0.010916151727898837
2024-03-13,0.012068563534820997
2024-03-14,-0.009414288444435037
2024-03-15,-0.01077074473202877
2024-03-18,-0.0032024122240630337
2024-03-19,-0.003426891891630035
2024-03-20,0.01869778943111511
2024-03-21,0.014556823869120938
2024-03-22,-0.023705561531169317
2024-03-25,-0.0298190420048291
2024-03-26,-0.003073381916329332
2024-03-27,0.027967412028252703
2024-03-28,0.017137960293816645
2024-04-01,0.013057988662245723
2024-04-02,-0.04158004668134596
2024-04-03,-0.0201735341071847
2024-04-04,-0.047376592067175705
2024-04-05,-0.002323823215356846
2024-04-08,0.0048916062646431335
2024-04-09,-0.01043113243853011
2024-04-10,-0.029280840743526215
2024-04-11,0.00916985603734255
2024-04-12,-0.016260182487025432
2024-04-15,-0.007535212681824999
2024-04-16,0.0007347009015767902
2024-04-17,-0.009055364732402205
2024-04-18,0.00024698917571397416
2024-04-19,0.0029630411061605244
2024-04-22,-0.007631675137050875
2024-04-23,-0.021582739430053954
2024-04-24,0.014959317932987215
2024-04-25,-0.015988070396689036
2024-04-26,0.016755515316341896
2024-04-29,0.02322107223430958
2024-04-30,-0.025866269860317814
2024-05-01,-0.010771490157152841
2024-05-02,-0.01772595791991549
2024-05-03,0.011600902895342324
2024-05-06,0.00611616809296045
2024-05-07,-0.012411283735299206
2024-05-08,-0.000256592059893368
2024-05-09,0.0356593020075433
2024-05-10,-0.007431115709119807
2024-05-13,0.03194382276310326
2024-05-14,0.018379918761602054
2024-05-15,0.01329835487255382
2024-05-16,-0.00351518964653752
2024-05-17,-0.00470366894875307
2024-05-20,0.0033079519785474965
2024-05-21,-0.0025906416498644447
2024-05-22,-0.020543101254810514
2024-05-23,-0.002892941987891806
2024-05-24,0.022727190578602396
2024-05-28,-0.02104013356370238
2024-05-29,0.0026564254172058988
2024-05-30,0.01999031624747949
2024-05-31,0.026918642571069906
2024-06-03,0.01816508292320651
2024-06-04,-0.02755188195155156
2024-06-05,0.010218263594125032
2024-06-06,0.0011493122892576313
2024-06-07,0.004166758884907473
2024-06-10,0.01867202596645523
2024-06-11,-0.026476415815835375
2024-06-12,-0.004416602441010387
2024-06-13,-0.010973540186306141
2024-06-14,-0.012984002687914775
2024-06-17,0.0026308676020032618
2024-06-18,-0.021707984220838306
2024-06-20,0.007315450803058177
2024-06-21,0.007988225352618228
2024-06-24,0.02617672291713946
2024-06-25,-0.020126272681773805
2024-06-26,-0.0040602291873641505
2024-06-27,-0.0021582742565572355
2024-06-28,0.02835853749373851
2024-07-01,-0.018695823276434043
2024-07-02,-0.03453209341040242
2024-07-03,-0.008633494369447603
2024-07-05,-0.0012441666035504229
2024-07-08,0.04409571901505083
2024-07-09,-0.008351087604290819
2024-07-10,0.019008469492885816
2024-07-11,0.026682493012544217
2024-07-12,0.009659737141412883
2024-07-15,-0.032346329422156095
2024-07-16,0.011299408557994939
2024-07-17,-0.00861262595885981
2024-07-18,-0.02113182022142046
2024-07-19,-0.01103369089789541
2024-07-22,0.01358235789930018
2024-07-23,-0.015075474961273594
2024-07-24,-0.03206992081268101
2024-07-25,-0.004769132437535406
2024-07-26,0.029508208984016626
2024-07-29,-0.011268947849758293
2024-07-30,-0.014618514638626734
2024-07-31,0.008046345947835265
2024-08-01,-0.023447176612183873
2024-08-02,-0.026053614410812997
2024-08-05,-0.03330727556286728
2024-08-06,0.005968555767045247
2024-08-07,-0.021305177897477656
2024-08-08,0.04519143126415992
2024-08-09,0.007909378283399215
2024-08-12,-0.019356543777795165
2024-08-13,0.019738615145981298
2024-08-14,-0.007062518591350875
2024-08-15,0.032665963197833436
2024-08-16,0.03061232108740275
2024-08-19,0.004455350047279483
2024-08-20,-0.0049285485953795005
2024-08-21,0.019068927889011267
2024-08-22,-0.023815453352927785
2024-08-23,0.03709244865731076
2024-08-26,-0.023763810123333284
2024-08-27,-0.010081218961876526
2024-08-28,0.01092891248756711
2024-08-29,-0.004422510610650354
2024-08-30,0.011105631010473793
2024-09-03,0.014644804016943347
2024-09-04,-0.009141221941974309
2024-09-05,0.004127259277000972
2024-09-06,-0.015849762593239336
2024-09-09,0.023042608802865017
2024-09-10,-0.002906295946808024
2024-09-11,0.014087915775147897
2024-09-12,0.006946101790582526
2024-09-13,0.017126591774088817
2024-09-16,0.011693113835990143
2024-09-17,0.000462354388332642
2024-09-18,-0.0034658318510528696
2024-09-19,-0.007187510653912432
2024-09-20,-0.005838319389605662
2024-09-23,0.03641048155601734
2024-09-24,0.02901187310597697
2024-09-25,0.007268695057778274
2024-09-26,0.027990291470801232
2024-09-27,0.019783102157874488
2024-09-30,-0.020025029874822353
2024-10-01,-0.014261309579749026
2024-10-02,-0.010580923905700534
2024-10-03,-0.0015277011745564728
2024-10-04,0.0163934037996889
2024-10-07,-0.01763435530871371
2024-10-08,-0.009194468748827345
2024-10-09,-0.009942548256976269
2024-10-10,-0.00892653518193176
2024-10-11,0.019365016768852827
2024-10-14,0.007068698124587103
2024-10-15,-0.008554490700212414
2024-10-16,0.005752200949671327
2024-10-17,-0.006159281447523535
2024-10-18,-0.000664015913086069
2024-10-21,-0.01417497102373877
2024-10-22,-0.013030767529507714
2024-10-23,-0.008877742628614405
2024-10-24,0.021359572232662716
2024-10-25,0.1353722334634304
2024-10-28,-0.000396070107781199
2024-10-29,-0.028531873774393035
2024-10-30,-0.012849220871312461
2024-10-31,-0.019628121803564658
2024-11-01,-0.010115910506155124
2024-11-04,0.033851416939977064
2024-11-05,0.017709977582236247
2024-11-06,0.006879756473564536
2024-11-07,0.03597275143377998
2024-11-08,0.012997093858550635
2024-11-11,-0.013404759782326914
2024-11-12,-0.006793632148098472
2024-11-13,0.0017589328797715797
2024-11-14,0.12797501839447123
2024-11-15,-0.010204118508715054
2024-11-18,-0.011881862777612051
2024-11-19,-0.016445618151222918
2024-11-20,-0.0057533953617611155
2024-11-21,0.0200724247455506
2024-11-22,0.04449562316317035
2024-11-25,0.03275625756480194
2024-11-26,0.003451137010094696
2024-11-27,-0.0022928028361299813
2024-11-29,0.022324326284790752
2024-12-02,0.036930123884295396
2024-12-03,-0.004026125898491939
2024-12-04,-0.007618139945623659
2024-12-05,-0.004073372475731252
2024-12-06,-0.01534317701429988
2024-12-09,0.0003212702942123613
2024-12-10,-0.014132032745573397
2024-12-11,0.014823297641661792
2024-12-12,-0.013001591226063147
2024-12-13,0.027809397571737504
2024-12-16,0.015822662453703673
2024-12-17,-0.006074636194064009
2024-12-18,-0.027111721016934487
2024-12-19,0.009342723394664354
2024-12-20,0.02377916339867836
2024-12-23,0.009041311450864065
2024-12-24,0.008496707779883872
2024-12-26,0.013786895499177998
2024-12-27,-0.004684123452086686
2024-12-30,-0.0007591233848326384
2024-12-31,-0.0074446399399256125
