Date,WAB
2015-01-05,-0.02261519830575276
2015-01-06,-0.012919897623150156
2015-01-07,0.009757203180291052
2015-01-08,0.0205045032537432
2015-01-09,-0.020092516190146403
2015-01-12,-0.01131224739699599
2015-01-13,-0.005244645143046789
2015-01-14,-0.0031156770736835426
2015-01-15,-0.011538145456861937
2015-01-16,0.012160061112697296
2015-01-20,0.0012007263072115748
2015-01-21,0.008639482908762597
2015-01-22,0.017368534893734244
2015-01-23,-0.006197349518723527
2015-01-26,0.02859166968633131
2015-01-27,-0.008922605374481973
2015-01-28,-0.019390534632212075
2015-01-29,0.009180863467466382
2015-01-30,-0.0267087904921659
2015-02-02,0.014379930523005013
2015-02-03,0.024808067406182133
2015-02-04,-0.01556196734204962
2015-02-05,0.018032805058687096
2015-02-06,-0.001610332935543357
2015-02-09,0.003801414367030631
2015-02-10,0.004591265210342144
2015-02-11,-0.001142801570376828
2015-02-12,0.02186051642798814
2015-02-13,0.014000759887022207
2015-02-17,0.0015465760556798713
2015-02-18,0.02316085576991167
2015-02-19,0.02436136095747843
2015-02-20,0.0
2015-02-23,0.014521696688826413
2015-02-24,0.003734000286843786
2015-02-25,-0.007233323222523902
2015-02-26,-0.005620989651729635
2015-02-27,-0.006699568750548113
2015-03-02,0.003372420460515446
2015-03-03,-0.00535684408724979
2015-03-04,-0.00876436933735314
2015-03-05,-0.0030893929778677
2015-03-06,-0.012289066282412331
2015-03-09,0.0007576109499802808
2015-03-10,-0.01016222192752736
2015-03-11,0.012232272491230267
2015-03-12,0.01737193985440233
2015-03-13,-0.008484655762858728
2015-03-16,0.022141525165718656
2015-03-17,0.001674006611238843
2015-03-18,0.0036568414817337302
2015-03-19,-0.009263834012887662
2015-03-20,0.014603470089112225
2015-03-23,-0.003624486274328542
2015-03-24,-0.001974389908980023
2015-03-25,-0.007914278001171837
2015-03-26,-0.01091650074109507
2015-03-27,0.003396299339790465
2015-03-30,0.019671850746396213
2015-03-31,-0.014521000396716555
2015-04-01,-0.00852555180379344
2015-04-02,0.0009555721608489609
2015-04-06,0.0120901006174845
2015-04-07,-0.00796386886066014
2015-04-08,0.002535086130149189
2015-04-09,-0.0007373884215449156
2015-04-10,0.010122252107093832
2015-04-13,-0.0035492914711074963
2015-04-14,-0.00817110157779688
2015-04-15,0.01763877152824156
2015-04-16,-0.00020771346250958445
2015-04-17,-0.01287234812319804
2015-04-20,0.0118831970053479
2015-04-21,-0.004676549317056411
2015-04-22,0.02965435533621008
2015-04-23,-0.0034479048772844134
2015-04-24,-0.013533730028935542
2015-04-27,-0.0072214681149419535
2015-04-28,0.00644227740450698
2015-04-29,-0.008878808253639292
2015-04-30,-0.020312466965803244
2015-05-01,0.06135054089007208
2015-05-04,0.014325635786968327
2015-05-05,-0.020641976349820235
2015-05-06,-0.0007061101071845766
2015-05-07,0.0017156425323647806
2015-05-08,0.003626869349691253
2015-05-11,-0.005219870443185726
2015-05-12,0.0012110443458295261
2015-05-13,0.00020137925638819
2015-05-14,0.013611833142926688
2015-05-15,0.001094381171820702
2015-05-18,0.014904218654306689
2015-05-19,-0.0013701891372120967
2015-05-20,-0.0066667126188606485
2015-05-21,0.0008882832826873077
2015-05-22,0.0011830609514660306
2015-05-26,-0.010440278103894918
2015-05-27,0.009356297479457432
2015-05-28,-0.005818084336961515
2015-05-29,-0.005157747875606189
2015-06-01,-0.004386676267481127
2015-06-02,-0.0011014807636997581
2015-06-03,0.0012027489042516493
2015-06-04,-0.010513635561447798
2015-06-05,0.00961335040083644
2015-06-08,-0.005813202836707609
2015-06-09,-0.003024500466144442
2015-06-10,0.015572972721188405
2015-06-11,0.007567308596008182
2015-06-12,-0.015812063318851433
2015-06-15,-0.010041232313286685
2015-06-16,-0.002129453633132772
2015-06-17,0.006708223453128825
2015-06-18,0.003432736359238353
2015-06-19,-0.006540301078283628
2015-06-22,-0.0007089203726329263
2015-06-23,0.007095052073521124
2015-06-24,-0.015398538347872415
2015-06-25,-0.021158946855313387
2015-06-26,-0.0025065708664091524
2015-06-29,-0.02062377066981569
2015-06-30,0.007375575761989106
2015-07-01,-0.0013796608035869795
2015-07-02,0.003294069721341497
2015-07-06,-0.005083434085078609
2015-07-07,0.0035127713679110606
2015-07-08,-0.016017369159095574
2015-07-09,0.004742984382790416
2015-07-10,0.010515076517386923
2015-07-13,0.013803337492657164
2015-07-14,0.0034561985759802294
2015-07-15,-0.010646230941563917
2015-07-16,0.0042199154124273885
2015-07-17,-0.005357532317575298
2015-07-20,0.004435554425098687
2015-07-21,-0.012512600933873297
2015-07-22,-0.007028388666494134
2015-07-23,0.0046113832208429795
2015-07-24,-0.024978897566610203
2015-07-27,0.07214858251163458
2015-07-28,0.017257051122458344
2015-07-29,0.02399146414937059
2015-07-30,0.0037248522563997355
2015-07-31,-0.01171982475234945
2015-08-03,-0.011661149125042458
2015-08-04,-0.011499032407656928
2015-08-05,0.009710742585620658
2015-08-06,-0.014927076881975032
2015-08-07,-0.0068136298896994685
2015-08-10,0.021401079905242648
2015-08-11,-0.006516604715835372
2015-08-12,-0.0005043646090493459
2015-08-13,0.0066687232173503475
2015-08-14,0.010137532048045461
2015-08-17,0.012916906431759356
2015-08-18,-0.0035309692307363694
2015-08-19,-0.011911842303363729
2015-08-20,-0.03556851401081129
2015-08-21,-0.029132395325370042
2015-08-24,-0.017769546299017835
2015-08-25,-0.015599931875276418
2015-08-26,0.02905256834791592
2015-08-27,0.034221164359442335
2015-08-28,0.0027917113325728327
2015-08-31,-0.012579765783073737
2015-09-01,-0.039891453342003946
2015-09-02,0.010659178036474204
2015-09-03,0.007640744741024497
2015-09-04,-0.02381694256959388
2015-09-08,0.023960280141616774
2015-09-09,0.0006413880071314271
2015-09-10,0.007688273813188262
2015-09-11,0.005404253753500621
2015-09-14,-0.0074835003510563824
2015-09-15,0.016460022480953018
2015-09-16,0.01890937441239582
2015-09-17,0.0011273810615877178
2015-09-18,-0.026013531366427145
2015-09-21,0.0017873069114182627
2015-09-22,-0.01742418091178355
2015-09-23,-0.011537168313958679
2015-09-24,-0.027450481778160007
2015-09-25,-0.010779247989282759
2015-09-28,-0.03560960999313889
2015-09-29,-0.0009320025639710794
2015-09-30,0.026582662683500624
2015-10-01,-0.01112982119691519
2015-10-02,0.009187673895862725
2015-10-05,0.04062853648260156
2015-10-06,-0.004483925572328129
2015-10-07,0.023618586392171625
2015-10-08,-0.0034340536139757516
2015-10-09,0.008507326944570126
2015-10-12,0.004164366685687426
2015-10-13,-0.018821729282119004
2015-10-14,-0.009645911120469086
2015-10-15,0.0071136754808827085
2015-10-16,-0.013256826310937941
2015-10-19,-0.01651783721550182
2015-10-20,-0.0012318674758325932
2015-10-21,-0.0072866231705818185
2015-10-22,-0.05432020793841219
2015-10-23,-0.006448209371252345
2015-10-26,0.004206717179623398
2015-10-27,-0.02573309401355195
2015-10-28,0.0060199342495332875
2015-10-29,-0.0025642095120389508
2015-10-30,0.014568501754037122
2015-11-02,-0.0076020497150413036
2015-11-03,-0.016415426371134245
2015-11-04,-0.01199159645914094
2015-11-05,-0.03103069707929862
2015-11-06,0.002065497403347827
2015-11-09,-0.021520597571235256
2015-11-10,0.01804322832859584
2015-11-11,-0.002458141758900134
2015-11-12,-0.006620833456812081
2015-11-13,0.003267017887955914
2015-11-16,0.013937748645390657
2015-11-17,-0.0271066155756563
2015-11-18,0.025617382147803625
2015-11-19,0.0010295052486282152
2015-11-20,-0.012990089025512463
2015-11-23,0.008991758220677992
2015-11-24,0.01911388983081297
2015-11-25,0.02040281225217533
2015-11-27,0.00596140235408682
2015-11-30,-0.010864470171105145
2015-12-01,-0.0009982255446068233
2015-12-02,-0.014492814966879042
2015-12-03,-0.04094825779008726
2015-12-04,0.007138155646446931
2015-12-07,-0.002625294084390939
2015-12-08,-0.03395190189691322
2015-12-09,-0.007083134586479578
2015-12-10,-0.009466252323542257
2015-12-11,-0.028808914896828464
2015-12-14,-0.012977819047685912
2015-12-15,0.012425971090759713
2015-12-16,0.015413430401153061
2015-12-17,-0.011665983795663859
2015-12-18,-0.02033575136380561
2015-12-21,0.042676823856437895
2015-12-22,0.01740233296327487
2015-12-23,0.007936653353736833
2015-12-24,-0.007195210478933456
2015-12-28,-0.00875175820510421
2015-12-29,-0.006483455587800613
2015-12-30,-0.01152439027804919
2015-12-31,-0.0009832803810749802
2016-01-04,-0.013498309266246289
2016-01-05,-0.017531650568662238
2016-01-06,-0.034962806222449294
2016-01-07,-0.03337340838396574
2016-01-08,-0.01772971173294302
2016-01-11,-0.005857935361307742
2016-01-12,0.008600311824171314
2016-01-13,-0.02652792759676592
2016-01-14,0.02773717164888323
2016-01-15,0.003630237491244248
2016-01-19,-0.008963802676849153
2016-01-20,-0.010631460947983729
2016-01-21,0.02004800348269442
2016-01-22,0.00927699481451949
2016-01-25,-0.025082193386905427
2016-01-26,0.009907311773321492
2016-01-27,-0.012974756993327952
2016-01-28,-0.0036867526214982016
2016-01-29,0.028962135942113276
2016-02-01,-0.000781912012635666
2016-02-02,-0.019405367692178155
2016-02-03,0.01707642592391756
2016-02-04,0.016632643432817673
2016-02-05,-0.04198178355614757
2016-02-08,-0.0019332846866152442
2016-02-09,-0.02211454509103028
2016-02-10,0.08264454391633791
2016-02-11,-0.02183197276167348
2016-02-12,0.019978229388565083
2016-02-16,0.03274653959671259
2016-02-17,0.02963394520314444
2016-02-18,-0.008634627750792156
2016-02-19,-0.023805815279348108
2016-02-22,0.021412753091784253
2016-02-23,-0.017324255071222372
2016-02-24,-0.0016292789008740538
2016-02-25,0.009348258893803862
2016-02-26,0.01249662767041726
2016-02-29,0.025119437573135173
2016-03-01,0.0045325256036408135
2016-03-02,0.018894418501470556
2016-03-03,0.02200399730124203
2016-03-04,0.015843046071041256
2016-03-07,0.027059696849528247
2016-03-08,-0.02310200658318784
2016-03-09,0.002656869267262829
2016-03-10,-0.004372618155956021
2016-03-11,0.035400668384585776
2016-03-14,-0.0037273630361307486
2016-03-15,-0.0019352992090434507
2016-03-16,0.0028438594140025586
2016-03-17,0.014049800544252422
2016-03-18,0.017287435707788568
2016-03-21,-0.009246281778368615
2016-03-22,-0.007567209503867356
2016-03-23,-0.014487449540593111
2016-03-24,-0.0010311911696712084
2016-03-28,0.003743135453316837
2016-03-29,0.021604920685716067
2016-03-30,-0.0028950400193725745
2016-03-31,0.0010098852819135917
2016-04-01,0.012737827818095182
2016-04-04,-0.013947686144959337
2016-04-05,-0.005557085596983535
2016-04-06,0.00584206664475917
2016-04-07,-0.011742394768680997
2016-04-08,0.004727303903239388
2016-04-11,-0.00012712506812095903
2016-04-12,0.01055569323781791
2016-04-13,0.022904488124340316
2016-04-14,-0.007627834842801495
2016-04-15,0.007934348794152779
2016-04-18,-0.006518969675609165
2016-04-19,0.009533186628006174
2016-04-20,0.0006132167928336596
2016-04-21,-0.009559608536093944
2016-04-22,0.0022274021706005787
2016-04-25,-0.01716302983530238
2016-04-26,0.04547743555241435
2016-04-27,0.03652989473969526
2016-04-28,-0.030141516283921588
2016-04-29,-0.00872520425940726
2016-05-02,-0.007476841229585918
2016-05-03,-0.015915159082592334
2016-05-04,-0.012222076136832238
2016-05-05,-0.002999866392928263
2016-05-06,-0.004888958277832867
2016-05-09,-0.013731311717936734
2016-05-10,0.023374263460921973
2016-05-11,-0.0067464929779121885
2016-05-12,-0.004150967423621532
2016-05-13,-0.014778420263772185
2016-05-16,0.0033334812175063178
2016-05-17,-0.0129057514983425
2016-05-18,-0.008673022278394282
2016-05-19,-0.004570808011035932
2016-05-20,0.01128180949815083
2016-05-23,0.0020756445767404763
2016-05-24,0.007637297589893066
2016-05-25,0.004881938656920992
2016-05-26,-0.009971699473034223
2016-05-27,0.005552607660688436
2016-05-31,-0.006292296796328478
2016-06-01,0.006332140503733985
2016-06-02,0.0016693679913131199
2016-06-03,-0.01794832376729083
2016-06-06,0.0190598961370243
2016-06-07,-0.003971760857624074
2016-06-08,0.005273670370035788
2016-06-09,-0.014329366516363518
2016-06-10,-0.02479247849991184
2016-06-13,-0.011579702143804549
2016-06-14,-0.002020147944057027
2016-06-15,-0.010389947725575555
2016-06-16,-0.0006818664882591863
2016-06-17,-0.0025926190679330663
2016-06-20,0.004514500964176937
2016-06-21,-0.007898489358701077
2016-06-22,0.003980630851667666
2016-06-23,0.018594427514378786
2016-06-24,-0.057046711260368865
2016-06-27,-0.04398597864950504
2016-06-28,0.021440826410669356
2016-06-29,0.017493205246600807
2016-06-30,0.006160602489929001
2016-07-01,-0.0005698555468327537
2016-07-05,-0.026784379371230682
2016-07-06,0.005563139947823981
2016-07-07,0.004949614037422778
2016-07-08,0.022743731973521975
2016-07-11,0.017705398582063436
2016-07-12,0.009325080563297394
2016-07-13,-0.010479920384653618
2016-07-14,-0.0040410950454699
2016-07-15,-0.00042000455811919135
2016-07-18,0.0026593066269420262
2016-07-19,-0.009492926032046989
2016-07-20,0.007188325997060652
2016-07-21,-0.014833641961648603
2016-07-22,0.010653533146713245
2016-07-25,-0.06886886823482896
2016-07-26,0.03622669764738928
2016-07-27,0.00131106922712787
2016-07-28,-0.007856115451554513
2016-07-29,0.004399186172388214
2016-08-01,-0.0005840125764189352
2016-08-02,-0.00584353846414265
2016-08-03,0.03056169699337441
2016-08-04,0.008554330139132427
2016-08-05,0.020497962376489376
2016-08-08,0.004432505321436686
2016-08-09,-0.013791215907777987
2016-08-10,0.0006995412805319567
2016-08-11,0.0013993415908319928
2016-08-12,-0.0013973861702455403
2016-08-15,0.014133541249650383
2016-08-16,0.0016556300570598204
2016-08-17,0.001791169696141015
2016-08-18,0.008113429988250376
2016-08-19,0.014049727473764317
2016-08-22,0.011030434772268283
2016-08-23,0.009180489972565375
2016-08-24,0.0005268956216912812
2016-08-25,-0.004479801763689006
2016-08-26,-0.002250086719765454
2016-08-29,0.009286427519169305
2016-08-30,0.015772917979791412
2016-08-31,-0.008670121099256578
2016-09-01,-0.010703387332461234
2016-09-02,0.011478939937032084
2016-09-06,0.004174191841319841
2016-09-07,0.015068937906296265
2016-09-08,0.002431593373987795
2016-09-09,-0.026937188317471716
2016-09-12,0.003804586147928113
2016-09-13,-0.020781630907941384
2016-09-14,-0.006407026726622855
2016-09-15,0.01101572766990544
2016-09-16,-0.00465003090267857
2016-09-19,0.00026659265725514913
2016-09-20,-0.0022687048294143253
2016-09-21,0.011369532765274082
2016-09-22,0.023938941605172293
2016-09-23,-0.007750322203473159
2016-09-26,0.024993409352442653
2016-09-27,-0.005968516557405268
2016-09-28,0.018653549955115478
2016-09-29,-0.010159651522793633
2016-09-30,0.03459217644081192
2016-10-03,-0.006001465154740315
2016-10-04,0.002587571655297216
2016-10-05,0.002580794644952311
2016-10-06,0.009561133359477836
2016-10-07,-0.010684728734778659
2016-10-10,-0.0034366769294863486
2016-10-11,-0.0038178863462265955
2016-10-12,0.0007419444189447066
2016-10-13,-0.0032114844247621566
2016-10-14,0.0017348628757172246
2016-10-17,-0.01323754606043237
2016-10-18,0.013164344529921435
2016-10-19,0.026853283076225143
2016-10-20,-0.0054232640770688345
2016-10-21,-0.0002422703772465562
2016-10-24,-0.007514344459887634
2016-10-25,-0.0400536610833494
2016-10-26,-0.01908168057660098
2016-10-27,-0.0010369891421504462
2016-10-28,-0.0027267218743688426
2016-10-31,0.0063790145412701005
2016-11-01,-0.013970095770499236
2016-11-02,-0.016922308956168752
2016-11-03,0.006404886956844491
2016-11-04,0.011668451291360293
2016-11-07,0.03643481209091903
2016-11-08,-0.008852036061788082
2016-11-09,0.046244707845164656
2016-11-10,0.03064705267839174
2016-11-11,0.011847152666006222
2016-11-14,0.021308714173645882
2016-11-15,0.009744094343289156
2016-11-16,-0.01430519517501394
2016-11-17,-0.007141075578401601
2016-11-18,-0.006612263884962721
2016-11-21,0.01156119805299105
2016-11-22,0.0026550602832298154
2016-11-23,0.0012669029753229477
2016-11-25,-0.005290004185670272
2016-11-28,-0.01861250576444684
2016-11-29,-0.004829682817232395
2016-11-30,0.002248803773202024
2016-12-01,0.016180557016952646
2016-12-02,0.007786876796823661
2016-12-05,0.016261033297375604
2016-12-06,-0.0064681933661465685
2016-12-07,-0.003997765329121661
2016-12-08,-0.029702187475781128
2016-12-09,-0.01406412404272639
2016-12-12,-0.008630949689258482
2016-12-13,-0.018621734463529105
2016-12-14,-0.011828584906266815
2016-12-15,0.00199522934329166
2016-12-16,-0.010203877801162387
2016-12-19,0.006159872324297488
2016-12-20,0.022116900623227798
2016-12-21,0.02603956323606571
2016-12-22,-0.010127979431334033
2016-12-23,0.009990472567234399
2016-12-27,0.01334764923490428
2016-12-28,-0.017405411436288376
2016-12-29,-0.00011979184078270144
2016-12-30,-0.006224926086688787
2017-01-03,0.01204532040563877
2017-01-04,0.0177338622455383
2017-01-05,-0.019061996048215457
2017-01-06,0.008106911255711946
2017-01-09,-0.005912927267273882
2017-01-10,0.014870244844396252
2017-01-11,-0.00023407649484374904
2017-01-12,-0.0030486944168719443
2017-01-13,0.010467033643854595
2017-01-17,0.009660058170904762
2017-01-18,0.005648652221939221
2017-01-19,-0.003667979456591808
2017-01-20,-0.008744087848834403
2017-01-23,-0.017525534452647373
2017-01-24,0.020673622159119276
2017-01-25,0.021411704968771872
2017-01-26,-0.012691233877438202
2017-01-27,0.010329629555253739
2017-01-30,-0.014881338247310416
2017-01-31,-0.0009221928902852783
2017-02-01,0.0016156977528916094
2017-02-02,-0.00829714105176782
2017-02-03,0.01766247782222874
2017-02-06,-0.010732935520549103
2017-02-07,-0.0036938439423654934
2017-02-08,-0.010438274180292528
2017-02-09,0.010314039423331645
2017-02-10,0.01276130452982871
2017-02-13,0.004123856944489024
2017-02-14,-0.010381481681325244
2017-02-15,0.019942511538261876
2017-02-16,-0.004860035349171121
2017-02-17,-0.00318006408384075
2017-02-21,-0.057650560344020496
2017-02-22,-0.030709654807165143
2017-02-23,-0.024822543265203945
2017-02-24,0.016244744386612053
2017-02-27,0.018628160476720668
2017-02-28,-0.010008931168192015
2017-03-01,0.015352497472469251
2017-03-02,-0.016103473449687877
2017-03-03,-0.001874204725015094
2017-03-06,0.0008763447722768269
2017-03-07,-0.00575266325238577
2017-03-08,-0.0035221706768400196
2017-03-09,-0.009467111071351786
2017-03-10,-0.011724299210074118
2017-03-13,0.009284040914783187
2017-03-14,-0.01175426208381658
2017-03-15,0.0025860184612551684
2017-03-16,-0.0042553921723692545
2017-03-17,0.0014243875496899872
2017-03-20,-0.0007757676035384797
2017-03-21,-0.01462403642412513
2017-03-22,-0.0006566995462171654
2017-03-23,-0.001577557113878636
2017-03-24,-0.0014470862207168755
2017-03-27,-0.011073840291396464
2017-03-28,0.01053091201934131
2017-03-29,0.013322821855836331
2017-03-30,0.0057274259925705895
2017-03-31,0.009577992439087746
2017-04-03,0.0005129758953748009
2017-04-04,-0.00896954777203085
2017-04-05,0.0003878854118908315
2017-04-06,0.021067730219737513
2017-04-07,0.015695775343090856
2017-04-10,0.011341390284700159
2017-04-11,0.0025873236552214074
2017-04-12,-0.02077189024437709
2017-04-13,-0.008283915183350699
2017-04-17,0.02417444735618912
2017-04-18,-0.0027192101242948796
2017-04-19,0.0028502051350978164
2017-04-20,0.007166826614088739
2017-04-21,-0.004416497423660681
2017-04-24,0.012815698682598908
2017-04-25,0.026645422352666426
2017-04-26,0.018606356020449022
2017-04-27,-0.015241532497491384
2017-04-28,-0.008861066065251166
2017-05-01,-0.018118622664729633
2017-05-02,-0.006191865792654516
2017-05-03,0.0068407666641530085
2017-05-04,-0.004367736063615846
2017-05-05,0.011455228768993075
2017-05-08,-0.011566577727912364
2017-05-09,-0.009019937672968492
2017-05-10,0.002093848263153175
2017-05-11,-0.00897152927909528
2017-05-12,-0.0065724057852899476
2017-05-15,0.0027462252396450726
2017-05-16,-0.004979326152790509
2017-05-17,-0.0075063157855721485
2017-05-18,0.001008115491196504
2017-05-19,0.0308523760275059
2017-05-22,-0.00134375839971268
2017-05-23,0.003180465563272117
2017-05-24,-0.0010974099757691258
2017-05-25,0.0069582246528170355
2017-05-26,-0.015032059022457966
2017-05-30,0.014030611239310486
2017-05-31,-0.007768112719463427
2017-06-01,0.015168329019515037
2017-06-02,0.014218946399950916
2017-06-05,-0.004990360126129301
2017-06-06,-0.01791004022330478
2017-06-07,0.01349535390209522
2017-06-08,0.018353929687566106
2017-06-09,0.013900321496399082
2017-06-12,0.01440690958602553
2017-06-13,0.013743852036747883
2017-06-14,-0.0054230620764971205
2017-06-15,0.00022703003600099692
2017-06-16,0.00988120366992229
2017-06-19,0.0032612368008921866
2017-06-20,-0.007959062651544668
2017-06-21,-0.0032765343413641013
2017-06-22,0.0015870563590181241
2017-06-23,0.0019242156999397242
2017-06-26,0.005083878937034658
2017-06-27,-0.005732597689861563
2017-06-28,0.019669991719651447
2017-06-29,0.0009977670080882906
2017-06-30,0.013401268756548568
2017-07-03,0.011038184773887405
2017-07-05,-0.008323428817139322
2017-07-06,-0.012535123324610598
2017-07-07,0.004525597574303708
2017-07-10,-0.00549429229057774
2017-07-11,0.004198759509296268
2017-07-12,0.011993923215173563
2017-07-13,-0.018810290214886338
2017-07-14,-0.00443294741136635
2017-07-17,-0.006456127229172659
2017-07-18,0.0033611251772218687
2017-07-19,0.0071461242081518606
2017-07-20,-0.02139695370369954
2017-07-21,-0.008836627702087596
2017-07-24,-0.006172037867978264
2017-07-25,-0.09741226358078392
2017-07-26,-0.056829643499104354
2017-07-27,0.02161573757667057
2017-07-28,-0.00753760463909936
2017-07-31,0.004130241351276931
2017-08-01,-0.020169525975605285
2017-08-02,-0.0028440864191078274
2017-08-03,-0.002716156679078985
2017-08-04,0.01647839208560886
2017-08-07,-0.004153464717755795
2017-08-08,-0.014933527865254148
2017-08-09,-0.0019119672704097646
2017-08-10,-0.009457628247718008
2017-08-11,0.0074722057043346
2017-08-14,-0.011124629978641387
2017-08-15,-0.003889226653426503
2017-08-16,0.006274700726780047
2017-08-17,-0.011501187723175765
2017-08-18,-0.006727875143581641
2017-08-21,-0.008608329955560046
2017-08-22,0.00711719394165744
2017-08-23,-0.009470022235881115
2017-08-24,0.0009992306152397656
2017-08-25,0.0007124376317944048
2017-08-28,0.003703586879026499
2017-08-29,0.003122319336086532
2017-08-30,-0.003678435685395387
2017-08-31,0.002129799967715895
2017-09-01,0.021113973203565006
2017-09-05,0.0011106630642963022
2017-09-06,-0.033823568358260614
2017-09-07,0.0077474926621776685
2017-09-08,0.0005693793844374628
2017-09-11,0.013517766573098111
2017-09-12,0.011792461300059509
2017-09-13,-0.00208103964579065
2017-09-14,-0.006117979878456192
2017-09-15,0.012171152803308383
2017-09-18,0.02142383462785369
2017-09-19,0.006089274675040501
2017-09-20,0.00941499475105001
2017-09-21,0.002265117363031033
2017-09-22,0.013693149078901401
2017-09-25,-0.0018359105658267705
2017-09-26,-0.008014952927078989
2017-09-27,-0.0005298171432056575
2017-09-28,0.0037103681829333546
2017-09-29,0.00013224568905956247
2017-10-02,0.008712920436612759
2017-10-03,0.00026185826678082336
2017-10-04,-0.003925067688277606
2017-10-05,-0.0009196120660914797
2017-10-06,-0.00604793173766871
2017-10-09,-0.003307082651054616
2017-10-10,-0.004246869457485758
2017-10-11,0.0013328402570176312
2017-10-12,0.005989584912710955
2017-10-13,-0.014157080856718518
2017-10-16,0.005368674901474302
2017-10-17,0.005739965038811912
2017-10-18,0.002123769410590226
2017-10-19,0.00211926857282263
2017-10-20,0.015992441031934757
2017-10-23,-0.006243975628913434
2017-10-24,0.05694463832862473
2017-10-25,-0.03827143320355142
2017-10-26,-0.02099143654806712
2017-10-27,0.0032886013170809747
2017-10-30,0.003802080516569717
2017-10-31,-0.0007836182132711089
2017-11-01,0.0018300157483968071
2017-11-02,-0.0027397486027459506
2017-11-03,0.007850344557310152
2017-11-06,0.000259854359103473
2017-11-07,-0.011032226330787709
2017-11-08,0.011023741821914568
2017-11-09,-0.02154716351902175
2017-11-10,0.016608803746607226
2017-11-13,-0.016337353796403775
2017-11-14,-0.0229872258665359
2017-11-15,-0.008703684306786252
2017-11-16,0.010700542483757403
2017-11-17,0.0040724621132428585
2017-11-20,0.001216319374199193
2017-11-21,-0.00985667389199174
2017-11-22,-0.003409036242532859
2017-11-24,0.0009577778331111286
2017-11-27,-0.006015024796566015
2017-11-28,0.0295697638221204
2017-11-29,0.028586491592427876
2017-11-30,-0.001298434633243306
2017-12-01,-0.007802812258828062
2017-12-04,0.01703817402021035
2017-12-05,-0.008634109737088003
2017-12-06,-0.026907254581103324
2017-12-07,0.008148287141084287
2017-12-08,0.010070041797499707
2017-12-11,0.014036845909102702
2017-12-12,-0.007374221776555334
2017-12-13,0.017203562452393406
2017-12-14,-0.015118720264459706
2017-12-15,-0.0026016764605903964
2017-12-18,0.01799930962864016
2017-12-19,0.011018236110785784
2017-12-20,0.01875578279703105
2017-12-21,-0.006592885755347888
2017-12-22,-0.0028799383417164037
2017-12-26,0.014567267697673802
2017-12-27,0.007179252214984944
2017-12-28,0.0017203980455728907
2017-12-29,-0.0009816060249557834
2018-01-02,0.018421065527897573
2018-01-03,-0.008079376547105221
2018-01-04,0.013494163964735684
2018-01-05,-0.01847211367360313
2018-01-08,0.006599271429198472
2018-01-09,0.008740857615808117
2018-01-10,-0.008545433920065681
2018-01-11,0.019907849923918697
2018-01-12,0.014044473135863988
2018-01-16,-0.011737022134021946
2018-01-17,-0.01757703864491611
2018-01-18,-0.010638466205295294
2018-01-19,0.011730313095061007
2018-01-22,-0.003622926126371384
2018-01-23,0.002544960041699129
2018-01-24,0.0002419135078635115
2018-01-25,-0.004955856880109133
2018-01-26,-0.0008500782987265199
2018-01-29,0.01933099130024374
2018-01-30,-0.01705611904965665
2018-01-31,-0.016624276968496443
2018-02-01,0.0027148012904514296
2018-02-02,-0.09672679907110249
2018-02-05,-0.01948208624719394
2018-02-06,0.012088227224871018
2018-02-07,-0.0001374014686836844
2018-02-08,-0.021454670023492994
2018-02-09,0.008573598584288966
2018-02-12,0.0033439691301326846
2018-02-13,-0.0002775509120004349
2018-02-14,0.016949032464318003
2018-02-15,0.019262453541957658
2018-02-16,0.03565155134527376
2018-02-20,0.03533099405459672
2018-02-21,0.021749962973848902
2018-02-22,0.006851049000470288
2018-02-23,0.01336556406967393
2018-02-26,0.005275770074600894
2018-02-27,-0.021230779436366864
2018-02-28,-0.008774086450997531
2018-03-01,-0.017826345312191738
2018-03-02,0.016397317640356457
2018-03-05,0.024384440007763963
2018-03-06,0.0031257845953065466
2018-03-07,-0.004913993886513701
2018-03-08,-0.00758727700504136
2018-03-09,0.014441457101392663
2018-03-12,-0.008374422693966821
2018-03-13,-0.003739438400776507
2018-03-14,0.0033904869530079207
2018-03-15,-0.011827039109110649
2018-03-16,0.006839626451395242
2018-03-19,-0.006672059186399681
2018-03-20,-0.010501684326939098
2018-03-21,0.005923809787905299
2018-03-22,-0.03864556877511005
2018-03-23,-0.011102786571758783
2018-03-26,0.040263176376315046
2018-03-27,0.0012405162287199012
2018-03-28,-0.008425453826747864
2018-03-29,0.017118941708461177
2018-04-02,-0.01990171403333474
2018-04-03,0.010528744310912552
2018-04-04,0.002977067624957863
2018-04-05,0.0074202818804485204
2018-04-06,-0.01595853213313647
2018-04-09,-0.0026202046204862883
2018-04-10,0.02601644441560902
2018-04-11,-0.007436252849692626
2018-04-12,0.01608948316245562
2018-04-13,-0.012571147557846274
2018-04-16,0.018362320490262762
2018-04-17,-0.005649795437119964
2018-04-18,0.008583481801593074
2018-04-19,0.00431452480918626
2018-04-20,0.04475490055301257
2018-04-23,0.005711651309926902
2018-04-24,0.02612432835884393
2018-04-25,-0.010626311145058187
2018-04-26,-0.004923059367956006
2018-04-27,0.0048348930778912
2018-04-30,-0.0062663163031123625
2018-05-01,-0.0010131102313636342
2018-05-02,-0.012511559705469022
2018-05-03,0.011186262604508501
2018-05-04,0.015577246384059107
2018-05-07,0.012893372513386181
2018-05-08,0.010424458415613458
2018-05-09,0.015312812871281167
2018-05-10,0.004926776763668483
2018-05-11,-0.00820640357641178
2018-05-14,0.0012893489583021278
2018-05-15,0.00010760629623218776
2018-05-16,0.01480827816684549
2018-05-17,-0.004441087557364831
2018-05-18,0.011046171967657115
2018-05-21,0.03529779204674033
2018-05-22,-0.010958749913599353
2018-05-23,-0.008310192315715281
2018-05-24,0.003517426098651244
2018-05-25,0.0035049331012517726
2018-05-29,-0.004931036450445125
2018-05-30,0.015589563315917987
2018-05-31,-0.008742592959620765
2018-06-01,0.02461325674228987
2018-06-04,-0.008507873628164409
2018-06-05,0.00969091340403505
2018-06-06,0.015696766954992114
2018-06-07,0.0028548074463905504
2018-06-08,0.007950397691724342
2018-06-11,0.000973775178977565
2018-06-12,0.0017511830549892249
2018-06-13,-0.018840378552601567
2018-06-14,0.009699968060341124
2018-06-15,0.004509334763714179
2018-06-18,0.001268874202837722
2018-06-19,-0.005555758937255462
2018-06-20,0.005684680477920034
2018-06-21,-0.021245252673590787
2018-06-22,0.002688262568778521
2018-06-25,-0.020159003080838733
2018-06-26,-0.0026349180720409704
2018-06-27,-0.00010172581319189966
2018-06-28,-0.002540573562281212
2018-06-29,0.004380932783401903
2018-07-02,0.005680687591485212
2018-07-03,0.0015132069689394179
2018-07-05,0.005136344718161379
2018-07-06,0.003006160152482451
2018-07-09,0.015584290865635841
2018-07-10,0.002065599617627756
2018-07-11,0.003043345904122363
2018-07-12,0.014679918662526603
2018-07-13,0.003761428985346038
2018-07-16,-0.012683677233351842
2018-07-17,-0.003503651692768228
2018-07-18,0.01425903637586523
2018-07-19,0.009051595820289027
2018-07-20,-0.0006676635042766055
2018-07-23,0.005442676547879666
2018-07-24,0.016715791933590518
2018-07-25,0.024474532626738377
2018-07-26,-0.007203399269559596
2018-07-27,-0.004775813963686648
2018-07-30,0.004983354913085769
2018-07-31,0.013039514164230104
2018-08-01,0.0027192071805477447
2018-08-02,0.012927193571019568
2018-08-03,0.010441792053465848
2018-08-06,0.0028263967023098857
2018-08-07,0.0017611599882225715
2018-08-08,-0.0064178282553337684
2018-08-09,-0.012312915460289564
2018-08-10,-0.008968582690593307
2018-08-13,0.006154046034379412
2018-08-14,0.0043172691624489
2018-08-15,-0.017822113890269664
2018-08-16,0.008662385922383331
2018-08-17,-0.005875878243196686
2018-08-20,0.0022733219892525636
2018-08-21,0.001723716514552942
2018-08-22,-0.002807775113614519
2018-08-23,-0.01162560411185587
2018-08-24,0.0038594452751434805
2018-08-27,0.011900504915331123
2018-08-28,-0.004342337542942998
2018-08-29,-0.00972202690870183
2018-08-30,-0.004495699950775478
2018-08-31,-0.0016588006551093715
2018-09-04,0.011539604401081816
2018-09-05,0.02737974494363593
2018-09-06,0.003819783501348706
2018-09-07,0.013363180459319945
2018-09-10,-0.01659263829668778
2018-09-11,0.009856950193226188
2018-09-12,-0.007474444239941369
2018-09-13,-0.006644950204074296
2018-09-14,-0.12406332434370493
2018-09-17,0.07015561780695934
2018-09-18,0.002664184813828907
2018-09-19,-9.497206998909657e-05
2018-09-20,-9.490564884762076e-05
2018-09-21,-0.004081330241741177
2018-09-24,0.006575949941507231
2018-09-25,0.010509516268875974
2018-09-26,-0.0005624012529981126
2018-09-27,0.0020625531064388802
2018-09-28,-0.018804471027851655
2018-10-01,-0.00858118717753853
2018-10-02,-0.0027891323300826
2018-10-03,0.012344670076017694
2018-10-04,0.0049538991129993715
2018-10-05,-0.011280772319200216
2018-10-08,-0.014285553144092966
2018-10-09,-0.005058209734426833
2018-10-10,-0.02688413330221695
2018-10-11,-0.026622534823664168
2018-10-12,-0.015068701184041466
2018-10-15,0.0162423601672792
2018-10-16,0.034542855552671226
2018-10-17,-0.0025912651427180133
2018-10-18,-0.02038575870138426
2018-10-19,-0.02285005833643372
2018-10-22,0.0136757019488003
2018-10-23,-0.0209061455555396
2018-10-24,-0.041233045569075366
2018-10-25,-0.0008771693436553374
2018-10-26,-0.02909874339788754
2018-10-29,0.018660964370689426
2018-10-30,-0.04962821379434457
2018-10-31,-0.041822375120202815
2018-11-01,0.03511314946712507
2018-11-02,0.0029450773136632247
2018-11-05,-0.012096270144774213
2018-11-06,0.006300369360346725
2018-11-07,0.030005965959006176
2018-11-08,0.0034404680772499585
2018-11-09,-0.0050291608830846934
2018-11-12,-0.03515203649825671
2018-11-13,-0.01035802380566131
2018-11-14,-0.003007952539918146
2018-11-15,0.039879115534737775
2018-11-16,0.010807649012325227
2018-11-19,0.0037940360607731094
2018-11-20,-0.027488299707854047
2018-11-21,0.013543865697742241
2018-11-23,-0.004067120071309049
2018-11-26,0.0301016074769056
2018-11-27,-0.001245914008018545
2018-11-28,0.04093897685639436
2018-11-29,0.00947820535094035
2018-11-30,0.02093677103884173
2018-12-03,-0.018076068594159778
2018-12-04,-0.04209304420186655
2018-12-06,-0.007305113561651422
2018-12-07,-0.04211454669272274
2018-12-10,-0.02600188082504129
2018-12-11,-0.024754011608945303
2018-12-12,-0.014682175739688996
2018-12-13,-0.0492486173036788
2018-12-14,-0.026829885440410206
2018-12-17,-0.01719650577246956
2018-12-18,-0.013053631554029166
2018-12-19,-0.0002810110366079366
2018-12-20,-0.02125302023747644
2018-12-21,-0.020995165191203036
2018-12-24,-0.02643969916185762
2018-12-26,0.05567315787138338
2018-12-27,0.0027155444242852322
2018-12-28,-0.02351736853109443
2018-12-31,0.025397757818437894
2019-01-02,0.008682854458460065
2019-01-03,-0.019474558383963836
2019-01-04,0.025474572896103664
2019-01-07,-0.009543828908490148
2019-01-08,0.006093204397194407
2019-01-09,0.018309773966699527
2019-01-10,0.011203248890577111
2019-01-11,0.005197938022772686
2019-01-14,-0.012927161891578276
2019-01-15,-0.01902364427714387
2019-01-16,0.011101510520232338
2019-01-17,0.03168867400803688
2019-01-18,0.01912958822997246
2019-01-22,-0.04890931854496339
2019-01-23,-0.02362722202658185
2019-01-24,0.011102492235950168
2019-01-25,-0.03505509344020452
2019-01-28,-0.018091857257114263
2019-01-29,0.02377441796198143
2019-01-30,-0.007257479281996271
2019-01-31,0.011111619149831053
2019-02-01,0.012579244361577535
2019-02-04,0.016992949169525318
2019-02-05,0.020499687760628937
2019-02-06,0.00013782992355348966
2019-02-07,0.00978337476033242
2019-02-08,0.0016379251146174667
2019-02-11,0.006266538302787561
2019-02-12,-0.04467925924328453
2019-02-13,0.03982476756353526
2019-02-14,-0.01799075090965807
2019-02-15,0.039833112219746614
2019-02-19,-0.004671665953565718
2019-02-20,0.006839323351522486
2019-02-21,-0.019978771835866826
2019-02-22,-0.002989793237919147
2019-02-25,0.06406736059416906
2019-02-26,-0.05252356667270708
2019-02-27,0.01811767542156084
2019-02-28,-0.02709144897923743
2019-03-01,-0.011466007567924152
2019-03-04,0.01684622661484947
2019-03-05,-0.008011841814281273
2019-03-06,-0.05530478534222816
2019-03-07,0.010433218273766531
2019-03-08,0.005592959641999684
2019-03-11,0.014118513691482981
2019-03-12,0.009562882331413114
2019-03-13,0.009471858295012625
2019-03-14,-0.0028974771816974165
2019-03-15,-0.015776310529695303
2019-03-18,0.013779373360145675
2019-03-19,0.003328913393955135
2019-03-20,0.0019352680975117664
2019-03-21,0.01917775598103555
2019-03-22,-0.05171292361255719
2019-03-25,-0.00042819280237882396
2019-03-26,0.030848747426771794
2019-03-27,-0.0026327747964183246
2019-03-28,0.013335342664983596
2019-03-29,0.010555299848795663
2019-04-01,0.01288695007379137
2019-04-02,0.0012053101569642344
2019-04-03,0.0029423898760927436
2019-04-04,0.014670584825842159
2019-04-05,0.002102934744442342
2019-04-08,-0.010755586304446063
2019-04-09,-0.019490586792814235
2019-04-10,0.005544486253341141
2019-04-11,0.007933945140286669
2019-04-12,0.024416674534952554
2019-04-15,-0.014717516553000243
2019-04-16,0.017448845516818245
2019-04-17,0.0011690876544960815
2019-04-18,0.011289937934341632
2019-04-22,-0.018349595036161404
2019-04-23,0.003136720618675648
2019-04-24,-0.0020846426676486285
2019-04-25,-0.0668581641388869
2019-04-26,0.0247693238541824
2019-04-29,0.008056805723426042
2019-04-30,0.00338628973474564
2019-05-01,0.01404091730669288
2019-05-02,-0.0017308520339384126
2019-05-03,0.0018671288301981281
2019-05-06,-0.011581610025769962
2019-05-07,-0.01791222488963351
2019-05-08,-0.009050996240995812
2019-05-09,-0.008317070348763611
2019-05-10,0.020967170976841976
2019-05-13,-0.0349124842817673
2019-05-14,-0.01347707473020987
2019-05-15,-0.016537274968631
2019-05-16,-0.0008773349470250213
2019-05-17,-0.035562803115097186
2019-05-20,-0.02306519293956555
2019-05-21,0.004349429238410973
2019-05-22,0.010516159629056832
2019-05-23,-0.030302843175840977
2019-05-24,0.03314401968189373
2019-05-28,0.007943543252970642
2019-05-29,-0.024855689454605923
2019-05-30,-0.00979188253282326
2019-05-31,-0.020875858558093707
2019-06-03,0.015069104008784695
2019-06-04,0.04169281920733803
2019-06-05,0.02122507590665168
2019-06-06,-0.0022267579278407723
2019-06-07,0.002380634835171369
2019-06-10,0.00964800749509398
2019-06-11,0.006321536001816286
2019-06-12,-0.0036522427791950696
2019-06-13,0.012170162563099218
2019-06-14,-0.01492105217313966
2019-06-17,0.0007355382727718407
2019-06-18,0.02645084723535307
2019-06-19,0.014602948362095303
2019-06-20,0.02003599085939345
2019-06-21,0.006502242618696696
2019-06-24,-0.06377141768556227
2019-06-25,0.005285106072610901
2019-06-26,0.002043730518707765
2019-06-27,0.006558305076538318
2019-06-28,0.038946255420624576
2019-07-01,0.02229622176755286
2019-07-02,0.0013631618452725203
2019-07-03,0.0009526989187094159
2019-07-05,0.002856129612442304
2019-07-08,0.0016271500380180548
2019-07-09,-0.02152723126790901
2019-07-10,-0.03224017119616618
2019-07-11,-0.0020011816371817703
2019-07-12,0.03209115785326433
2019-07-15,-0.011382194892371467
2019-07-16,0.01797231081295747
2019-07-17,-0.02496568584978076
2019-07-18,-0.016268132470277807
2019-07-19,0.007477827220642608
2019-07-22,0.00556617864688258
2019-07-23,0.021717764183516675
2019-07-24,0.014170605846542728
2019-07-25,-0.017533980235297175
2019-07-26,0.0016728683586628712
2019-07-29,-0.010300499987170197
2019-07-30,0.09451490502843019
2019-07-31,-0.0017990511875608517
2019-08-01,-0.02214226060741853
2019-08-02,-0.008162213991301459
2019-08-05,-0.037695633870068246
2019-08-06,0.008965547043614075
2019-08-07,0.029528065976949902
2019-08-08,-0.0446867822932453
2019-08-09,-0.04260045378873345
2019-08-12,-0.008433696883795805
2019-08-13,-0.016278074918343766
2019-08-14,-0.04218850624087922
2019-08-15,-0.030194546740947126
2019-08-16,0.06917008786854528
2019-08-19,0.022215832797313206
2019-08-20,-0.001468547325883307
2019-08-21,0.011911786844692518
2019-08-22,-0.007993268536492182
2019-08-23,-0.032375928897307005
2019-08-26,-0.0004544413570336525
2019-08-27,-0.001211397545977766
2019-08-28,0.004397705315890343
2019-08-29,0.019930344572770764
2019-08-30,0.024574558000105773
2019-09-03,-0.049125658855903254
2019-09-04,0.007445749920047762
2019-09-05,0.025490119455783056
2019-09-06,0.0041180275059515825
2019-09-09,0.030906639098966515
2019-09-10,0.026569989753189915
2019-09-11,0.030588517487641242
2019-09-12,0.004566430445528846
2019-09-13,0.0050797995494031856
2019-09-16,0.013434766067552228
2019-09-17,-0.006037962444785938
2019-09-18,-0.014260907912657883
2019-09-19,-0.011922325531737221
2019-09-20,0.0036602060034489625
2019-09-23,-0.002431025104303375
2019-09-24,-0.023425903325926756
2019-09-25,0.012201797603954123
2019-09-26,-0.014657669412926011
2019-09-27,0.000973170281738378
2019-09-30,-0.0019442288700324273
2019-10-01,-0.04842769300442107
2019-10-02,-0.033635574249462064
2019-10-03,0.0
2019-10-04,-0.008928409735382337
2019-10-07,-0.007024106445781886
2019-10-08,-0.020913465217468397
2019-10-09,-0.0012562951222278018
2019-10-10,0.021544182554591895
2019-10-11,0.02540011178366819
2019-10-14,0.0007511138933657957
2019-10-15,0.016801232068232475
2019-10-16,0.005753921107161997
2019-10-17,0.0221508973321336
2019-10-18,-0.0037316892845798977
2019-10-21,-0.00216076476735938
2019-10-22,0.018333862626025432
2019-10-23,-0.0002833037245481007
2019-10-24,-0.010918909049974723
2019-10-25,0.010752595626914552
2019-10-28,-0.007092100843424376
2019-10-29,-0.00014285741690089893
2019-10-30,-0.024146691514919216
2019-10-31,0.015666793110945543
2019-11-01,0.0766898874283255
2019-11-04,0.035881821984224294
2019-11-05,0.0038773769211795095
2019-11-06,0.0032186504977167463
2019-11-07,0.008727119821358098
2019-11-08,0.0031806673311396416
2019-11-11,-0.003297506249003268
2019-11-12,-0.0019086434208840375
2019-11-13,-0.00038225726135232563
2019-11-14,0.0031930082628759404
2019-11-15,0.016170292672958553
2019-11-18,-0.011778250027299042
2019-11-19,0.0038038140338028104
2019-11-20,-0.002652550017358535
2019-11-21,0.005445762221926165
2019-11-22,0.005668398442742584
2019-11-25,0.01415340457945291
2019-11-26,-0.010621247989576976
2019-11-27,-0.012732522611721642
2019-11-29,-0.0065750091019026735
2019-12-02,-0.01247276200770353
2019-12-03,-0.015466156911838835
2019-12-04,0.001178532192099846
2019-12-05,0.00026141588204087185
2019-12-06,0.009542433513850535
2019-12-09,-0.028745381824019423
2019-12-10,-0.007065859738657143
2019-12-11,0.00563926832571604
2019-12-12,0.003204323620364491
2019-12-13,0.0002658679223161986
2019-12-16,-0.005321821398515447
2019-12-17,-0.0045481091883790015
2019-12-18,0.004703374059664256
2019-12-19,0.017787696749906434
2019-12-20,0.004073683437062492
2019-12-23,0.018976779654334086
2019-12-24,-0.00295416396420356
2019-12-26,0.007085032890876919
2019-12-27,0.004732697041111011
2019-12-30,-0.012094294430881392
2019-12-31,0.0025774453207578762
2020-01-02,0.04048807042584768
2020-01-03,-0.007658936996715826
2020-01-06,-0.004107960593582205
2020-01-07,-0.00037511688513980346
2020-01-08,-0.017131473317751
2020-01-09,-0.0017810570187092312
2020-01-10,-0.009814095797026301
2020-01-13,0.009653819372995143
2020-01-14,0.0011473294251136412
2020-01-15,-0.0015280529020652578
2020-01-16,0.018237658974878057
2020-01-17,0.003882856222201303
2020-01-21,-0.012850841695346338
2020-01-22,-0.00012659580491403144
2020-01-23,0.010997583608174155
2020-01-24,-0.011753410989933766
2020-01-27,-0.037069362927543814
2020-01-28,0.014320829480681363
2020-01-29,0.0012956047614751665
2020-01-30,-0.0038808667667024066
2020-01-31,-0.04077916044085894
2020-02-03,0.029515027882565104
2020-02-04,0.03997925612462927
2020-02-05,0.024279295523940814
2020-02-06,-0.008778807943408906
2020-02-07,-0.03417732958485831
2020-02-10,0.0016789714621636698
2020-02-11,0.0007737047603555425
2020-02-12,0.014944292697754546
2020-02-13,-0.01637454948871575
2020-02-14,-0.005678147455611238
2020-02-18,0.03841686957536705
2020-02-19,-0.017122931042322986
2020-02-20,0.002543196079256127
2020-02-21,-0.004312645686015859
2020-02-24,-0.05363038281891974
2020-02-25,-0.02355660774078394
2020-02-26,-0.022883711558495556
2020-02-27,-0.030756248555632637
2020-02-28,0.0
2020-03-02,-0.0048033743638993265
2020-03-03,-0.047243207480145766
2020-03-04,0.003991548432818792
2020-03-05,-0.05305824704650797
2020-03-06,-0.006620303433753083
2020-03-09,-0.11004562510048732
2020-03-10,0.09534260048837351
2020-03-11,-0.06419871240137698
2020-03-12,-0.05078403351226868
2020-03-13,0.031537429256640825
2020-03-16,-0.12502269744700834
2020-03-17,0.04326099744786971
2020-03-18,-0.18221664870975152
2020-03-19,0.039005244874562806
2020-03-20,-0.04387616708887887
2020-03-23,0.009325321114729057
2020-03-24,0.11718930624424684
2020-03-25,0.01632184026242456
2020-03-26,0.08158474078233668
2020-03-27,-0.058008309196790675
2020-03-30,0.03446828759641174
2020-03-31,-0.022145341065644142
2020-04-01,-0.04176210611847131
2020-04-02,-0.049436377874074955
2020-04-03,0.005018514388608342
2020-04-06,0.11416266177452594
2020-04-07,0.017111213139748394
2020-04-08,0.052073059123064924
2020-04-09,0.05196997194230035
2020-04-13,-0.062251069542341386
2020-04-14,0.011964524498712326
2020-04-15,-0.05339444823884676
2020-04-16,-0.04270731172567366
2020-04-17,0.03640584891256582
2020-04-20,-0.006091516904517036
2020-04-21,0.022676209390460444
2020-04-22,0.01877722858605213
2020-04-23,0.019804119067762693
2020-04-24,0.0274945376745257
2020-04-27,0.018525657490745973
2020-04-28,0.034723447512680305
2020-04-29,0.05078127731023807
2020-04-30,-0.04663736134759844
2020-05-01,-0.03562577916496057
2020-05-04,-0.03234689798332224
2020-05-05,0.04729352203845316
2020-05-06,-0.03862908367353235
2020-05-07,0.04481006413089039
2020-05-08,0.03727828268738742
2020-05-11,-0.04658060363108585
2020-05-12,-0.03769438214589238
2020-05-13,-0.033656819207632416
2020-05-14,0.025974272949413013
2020-05-15,0.00421957396777306
2020-05-18,0.08174151317704759
2020-05-19,-0.016772596077948343
2020-05-20,0.038427239991153606
2020-05-21,-0.01262345912589724
2020-05-22,-0.005253733323168808
2020-05-26,0.06742940197928093
2020-05-27,0.05492347676174392
2020-05-28,-0.03877433112142814
2020-05-29,-0.006668936016414495
2020-06-01,0.013918580923732549
2020-06-02,0.026808816454108708
2020-06-03,0.031299104318689874
2020-06-04,0.027604116237847975
2020-06-05,0.0489758269386289
2020-06-08,0.01938325452492906
2020-06-09,-0.040666072979079426
2020-06-10,-0.05656841166655635
2020-06-11,-0.07989573552112172
2020-06-12,0.014833290161784696
2020-06-15,0.014287941165540108
2020-06-16,0.01813491673744516
2020-06-17,-0.02624057510302724
2020-06-18,-0.0013066001723269771
2020-06-19,-0.016189656837276467
2020-06-22,0.009973467865385333
2020-06-23,0.011685290705576223
2020-06-24,-0.05156987371742716
2020-06-25,-0.003773597620165159
2020-06-26,-0.038395296003987056
2020-06-29,0.026857648763771502
2020-06-30,0.0038361755740836667
2020-07-01,0.007469152180392902
2020-07-02,0.011724188942815239
2020-07-06,0.030504380837914846
2020-07-07,-0.04514619831369959
2020-07-08,-0.004156657353747484
2020-07-09,-0.01565230521475902
2020-07-10,0.018197723365368956
2020-07-13,0.013881862612132423
2020-07-14,0.017285475152722052
2020-07-15,0.03734866266764292
2020-07-16,-0.003243465935101719
2020-07-17,-0.010901408863047024
2020-07-20,-0.02270114740106155
2020-07-21,0.02339675543777453
2020-07-22,0.01332240374731608
2020-07-23,0.0022721281574145102
2020-07-24,0.0019435869266055672
2020-07-27,0.002262579774002349
2020-07-28,0.03596192530588049
2020-07-29,0.016189374394059763
2020-07-30,-0.03354781253719974
2020-07-31,-0.014265270832784616
2020-08-03,-0.011577434170869427
2020-08-04,0.0037416490520578716
2020-08-05,0.019611055527684274
2020-08-06,0.02638699590929061
2020-08-07,0.041195503458244076
2020-08-10,0.04492036570674185
2020-08-11,0.004697496923905087
2020-08-12,-0.009209461991348311
2020-08-13,-0.011602819418264687
2020-08-14,0.007535984690669517
2020-08-17,-0.015534999981383302
2020-08-18,-0.02717707475199793
2020-08-19,-0.008110314986576106
2020-08-20,-0.010902549492770253
2020-08-21,-0.008114013111990559
2020-08-24,0.0172867464806441
2020-08-25,-0.004096676495548457
2020-08-26,0.01706277457952199
2020-08-27,-0.00793829177745764
2020-08-28,0.012984765834709755
2020-08-31,-0.008049244583183568
2020-09-01,0.03546235210170967
2020-09-02,0.00507907910232297
2020-09-03,-0.018770027888276974
2020-09-04,0.01589194447272191
2020-09-08,-0.020277946808322067
2020-09-09,0.011088040661715315
2020-09-10,-0.016230718316092907
2020-09-11,0.00326973786835838
2020-09-14,0.007408059876181428
2020-09-15,-0.017353420287494536
2020-09-16,0.017509741100889764
2020-09-17,0.01220759710211028
2020-09-18,-0.014530342573062627
2020-09-21,-0.07151302546802718
2020-09-22,-0.012386818360483276
2020-09-23,-0.029747512416711364
2020-09-24,0.0004972262897644519
2020-09-25,0.004306763094053423
2020-09-28,0.03842989456244861
2020-09-29,-0.007782778866921136
2020-09-30,-0.009444671710722385
2020-10-01,-0.018584279275216775
2020-10-02,0.032767961334961626
2020-10-05,0.027264049744265773
2020-10-06,-0.010864362739037792
2020-10-07,0.013965036331384129
2020-10-08,0.0034046356380752485
2020-10-09,-0.005089352950961024
2020-10-12,-0.024027381281906623
2020-10-13,0.01620056371887002
2020-10-14,0.0043762006185563695
2020-10-15,-0.011671142445735083
2020-10-16,-0.002834077875203622
2020-10-19,-0.019422045187395653
2020-10-20,0.017069098479857825
2020-10-21,-0.016782634046565548
2020-10-22,0.005152862702554106
2020-10-23,-0.005767386195092095
2020-10-26,-0.028843060912252416
2020-10-27,-0.02754273629412718
2020-10-28,-0.0416309644982209
2020-10-29,0.04593183091802078
2020-10-30,0.00936165673360101
2020-11-02,0.04013492969094057
2020-11-03,0.06387797101777326
2020-11-04,-0.05958523581805664
2020-11-05,0.011181168718505052
2020-11-06,-0.02035246686454728
2020-11-09,0.12236188329316477
2020-11-10,0.00583010984902832
2020-11-11,-0.013041598881382233
2020-11-12,-0.0008823873887932043
2020-11-13,0.024436929369372695
2020-11-16,0.028452437799884045
2020-11-17,-0.0025148575380850025
2020-11-18,0.017369142453773634
2020-11-19,-0.0038550628330286107
2020-11-20,-0.01893573605033283
2020-11-23,0.03620732506009028
2020-11-24,0.03616568783600238
2020-11-25,-0.027818052848289976
2020-11-27,-0.0036438236612972297
2020-11-30,-0.007043929708562935
2020-12-01,-0.013642687945478404
2020-12-02,0.0038726579024033203
2020-12-03,0.00757778034534673
2020-12-04,0.032818360225493004
2020-12-07,0.0019859582375489904
2020-12-08,0.010967181638553036
2020-12-09,-0.00013089240991859263
2020-12-10,-0.014378862867901576
2020-12-11,-0.007294471164080996
2020-12-14,-0.021242593268872345
2020-12-15,0.019519654804194708
2020-12-16,-0.01392407650950922
2020-12-17,-0.0016292577048739876
2020-12-18,-0.0012242834715129325
2020-12-21,-0.005991277389298277
2020-12-22,-0.010821820362909018
2020-12-23,0.009001633555496102
2020-12-24,0.006176096668217834
2020-12-28,-0.009821312228310175
2020-12-29,-0.005785834279140034
2020-12-30,0.003187008678536607
2020-12-31,0.011049499690801268
2021-01-04,-0.007513490449049809
2021-01-05,0.012525637474524176
2021-01-06,0.07599236499838002
2021-01-07,0.03524957293569764
2021-01-08,-0.008664703909365357
2021-01-11,0.005416613048048635
2021-01-12,0.023387049455878328
2021-01-13,-0.010529285039502234
2021-01-14,0.012092296380273648
2021-01-15,-0.021505476933807666
2021-01-19,-0.0032969198250476506
2021-01-20,-0.004287655446694072
2021-01-21,-0.005167438653223333
2021-01-22,-0.004822920871890624
2021-01-25,-0.016652507397249328
2021-01-26,-0.029318549759246748
2021-01-27,-0.029162875350495
2021-01-28,0.003888857796600309
2021-01-29,-0.008682877899056085
2021-02-01,0.0277591227606111
2021-02-02,0.02609157094148573
2021-02-03,0.01034999609300069
2021-02-04,0.017705996932166013
2021-02-05,0.001491466830577437
2021-02-08,0.024196258639456403
2021-02-09,-0.0066633793413422016
2021-02-10,0.012928344030553651
2021-02-11,-0.022790363614010545
2021-02-12,-0.006293160678879528
2021-02-16,-0.0013658683405058936
2021-02-17,-0.013305194336124204
2021-02-18,-0.09187136747315316
2021-02-19,0.026367091182813107
2021-02-22,0.0022983526200015536
2021-02-23,0.005530672784084256
2021-02-24,0.0026831524250852112
2021-02-25,-0.029569076387818027
2021-02-26,-0.0013787546945304152
2021-03-01,0.03368752237902428
2021-03-02,-0.0013353498121508878
2021-03-03,-0.004948456971732962
2021-03-04,-0.026075440492350554
2021-03-05,0.029257729186642267
2021-03-08,-0.002815588444565864
2021-03-09,-0.01869063178629038
2021-03-10,0.04480706214949537
2021-03-11,0.014557119145454545
2021-03-12,0.009307336249643416
2021-03-15,-0.006148006168834597
2021-03-16,-0.015077182904344677
2021-03-17,0.004841288100783991
2021-03-18,-0.008073205752927692
2021-03-19,-0.006957077036195858
2021-03-22,-0.015598317032936015
2021-03-23,-0.006176526511482039
2021-03-24,0.02742859014259791
2021-03-25,0.024066124492605034
2021-03-26,0.008090192787444606
2021-03-29,-0.004713228234150435
2021-03-30,0.02035061728444476
2021-03-31,-0.007024662524616088
2021-04-01,-0.0021472764997773064
2021-04-05,0.025066534108214356
2021-04-06,-0.01951351073146046
2021-04-07,-0.016626957676834975
2021-04-08,-0.005507737372013599
2021-04-09,0.024214281319256292
2021-04-12,0.01622241113463674
2021-04-13,-0.02116097469224487
2021-04-14,0.021871289271022
2021-04-15,-0.0018560567441855413
2021-04-16,-0.0008672471314170593
2021-04-19,0.007318978276141808
2021-04-20,-0.007265800043464998
2021-04-21,0.02964885529057537
2021-04-22,0.008915758395250162
2021-04-23,0.01994279862471693
2021-04-26,-0.011005852895469626
2021-04-27,0.006274206056167575
2021-04-28,0.006470750452886254
2021-04-29,-0.02150784592707844
2021-04-30,-0.01959146846347437
2021-05-03,-0.013281486906144502
2021-05-04,0.004075220884348418
2021-05-05,-0.0019677986445036932
2021-05-06,0.007527911718441471
2021-05-07,0.0028174143018153686
2021-05-10,-0.012336829361140889
2021-05-11,-0.01842680022403742
2021-05-12,-0.020788686437714587
2021-05-13,0.015182719199855477
2021-05-14,0.020658913892595665
2021-05-17,-0.0016141654115278126
2021-05-18,-0.016044721263108297
2021-05-19,-0.014157639682839673
2021-05-20,0.004103073350894881
2021-05-21,0.02107028182736914
2021-05-24,0.011755998875210949
2021-05-25,0.0027192741705432955
2021-05-26,0.003574995702806172
2021-05-27,0.013880215365919435
2021-05-28,0.0026653396877487356
2021-06-01,0.01727879598870441
2021-06-02,-0.002850590658334373
2021-06-03,-0.015247108013678012
2021-06-04,0.0018144235576451617
2021-06-07,-0.005191996305517255
2021-06-08,0.0003641558799425404
2021-06-09,-0.012497091981294672
2021-06-10,-0.0019658354791194377
2021-06-11,0.004432082379026925
2021-06-14,-0.011766384350757608
2021-06-15,-0.002480504683649465
2021-06-16,-0.005221644207371368
2021-06-17,-0.02724679398828589
2021-06-18,-0.0025695421979797795
2021-06-21,0.023830803617447716
2021-06-22,0.0181178880747348
2021-06-23,0.0027186025429710714
2021-06-24,0.02871579136158342
2021-06-25,-0.006708876494211702
2021-06-28,-0.009890318809835819
2021-06-29,-0.00913631199460263
2021-06-30,0.011802358840083294
2021-07-01,-0.005710873397842597
2021-07-02,-0.003299545682784344
2021-07-06,-0.01544837543992883
2021-07-07,0.010958563690611323
2021-07-08,-0.012934179096238507
2021-07-09,0.0339447960938819
2021-07-12,0.001327542078645605
2021-07-13,-0.0015668846596910146
2021-07-14,-0.0043461864619651625
2021-07-15,-0.0013339429843743922
2021-07-16,-0.009106171586837464
2021-07-19,-0.04251934682608738
2021-07-20,0.04607116198456973
2021-07-21,0.011010308010112047
2021-07-22,-0.011858546178610041
2021-07-23,0.0018367695800669548
2021-07-26,0.0035449399172431395
2021-07-27,-0.0010962314950313523
2021-07-28,0.015242040577089888
2021-07-29,0.02101830456231446
2021-07-30,-0.0016464683171941719
2021-08-02,-0.015199663172086209
2021-08-03,0.023570187565386425
2021-08-04,-0.008416550822130442
2021-08-05,0.014971232883646213
2021-08-06,0.0003484646608957753
2021-08-09,0.007198459856813999
2021-08-10,0.011412000897077723
2021-08-11,0.01994546930971386
2021-08-12,-0.004140335375976689
2021-08-13,-0.0010108505906060161
2021-08-16,0.0004496825563857776
2021-08-17,-0.005171303935022409
2021-08-18,-0.006328432482534785
2021-08-19,-0.027749482527959057
2021-08-20,0.002924318473740195
2021-08-23,0.01959404794738351
2021-08-24,-0.0032029462860565516
2021-08-25,0.0057379827238681624
2021-08-26,0.00410774873858033
2021-08-27,0.023977394640733785
2021-08-30,-0.00532701201841812
2021-08-31,0.0017850643670498378
2021-09-01,-0.012250634200685728
2021-09-02,0.021761381003414293
2021-09-03,-0.004303821972524102
2021-09-07,-0.017067542782268408
2021-09-08,0.0050739399410006936
2021-09-09,0.001794876437263504
2021-09-10,0.0010077163377169018
2021-09-13,0.010515856644677246
2021-09-14,-0.010295684483530132
2021-09-15,0.013310751501446116
2021-09-16,-0.021746142893339537
2021-09-17,-0.012863877241012567
2021-09-20,-0.012802818063800347
2021-09-21,-0.0067162694185257665
2021-09-22,0.01259054713249963
2021-09-23,0.029127163492739028
2021-09-24,0.00022389565886649088
2021-09-27,0.007829100251671495
2021-09-28,-0.01797800581803466
2021-09-29,-0.003955424490274195
2021-09-30,-0.021896910145630555
2021-10-01,0.02772305272464437
2021-10-04,0.004289043895205014
2021-10-05,0.006406002219656148
2021-10-06,-0.00815197210232177
2021-10-07,0.01700061867673397
2021-10-08,-0.007306662127748886
2021-10-11,-0.004126136035109806
2021-10-12,0.006718923798764154
2021-10-13,-0.005005734318910049
2021-10-14,0.01822248808644611
2021-10-15,0.010101249614682395
2021-10-18,-0.00891310900927067
2021-10-19,0.008006157293328764
2021-10-20,0.015667463694541972
2021-10-21,-0.0037492463296598944
2021-10-22,-0.006451611280611669
2021-10-25,0.005519428494619172
2021-10-26,-0.013238632134446648
2021-10-27,-0.03021367938219277
2021-10-28,0.022157125819916468
2021-10-29,-0.0016505278574940885
2021-11-01,-0.002314593618029104
2021-11-02,0.0076226753316530615
2021-11-03,0.015020177205864904
2021-11-04,-0.006588676463950116
2021-11-05,0.024355556881797025
2021-11-08,0.030888553000419705
2021-11-09,-0.006178083386063071
2021-11-10,-0.0016575581744758816
2021-11-11,0.007264261838368036
2021-11-12,0.0017538876477276588
2021-11-15,-0.012357396307359214
2021-11-16,-0.0020850647302950165
2021-11-17,-0.00574657982454263
2021-11-18,-0.006200077051916386
2021-11-19,0.008353448641429395
2021-11-22,0.00587252309200359
2021-11-23,0.0013554226526228952
2021-11-24,0.0013535068962371444
2021-11-26,-0.03285527376830977
2021-11-29,-0.005912596142786275
2021-11-30,-0.040012934862106
2021-12-01,-0.019038072460625388
2021-12-02,0.039159391370980234
2021-12-03,-0.022544073614004123
2021-12-06,0.013906331559617291
2021-12-07,0.020071642697199854
2021-12-08,-0.0014212930762164122
2021-12-09,0.0025177614018720984
2021-12-10,-0.006988338682270445
2021-12-13,-0.015614632306380827
2021-12-14,-0.00815462631472319
2021-12-15,0.0027028745503649976
2021-12-16,0.004268299722805402
2021-12-17,-0.005033041500710156
2021-12-20,-0.024168131766650114
2021-12-21,0.027877020479393888
2021-12-22,0.00560337466136307
2021-12-23,0.0013373233763345205
2021-12-27,0.013021878978824342
2021-12-28,0.0020874899550240578
2021-12-29,0.008003446403802128
2021-12-30,-0.0014140127776953726
2021-12-31,0.003267394275329849
2022-01-03,0.0019544069772279293
2022-01-04,0.0586193454648547
2022-01-05,-0.011770521418979163
2022-01-06,-0.0011393813321478596
2022-01-07,-0.01389455559990238
2022-01-10,-0.007150386235492134
2022-01-11,-0.02139377641892959
2022-01-12,-0.005736018586375624
2022-01-13,0.01763374680757046
2022-01-14,0.02363876412818966
2022-01-18,-0.026854814817346306
2022-01-19,-0.012992531547772357
2022-01-20,-0.0004350973809950087
2022-01-21,-0.01686990502171437
2022-01-24,0.0019927469390697006
2022-01-25,-0.014915448297127543
2022-01-26,0.0020188092056301343
2022-01-27,-0.022722260931684946
2022-01-28,0.006528577734178587
2022-01-31,0.011606722040065298
2022-02-01,0.01034859408764377
2022-02-02,0.010020135984215806
2022-02-03,-0.01962085988234319
2022-02-04,-0.011243379410494136
2022-02-07,0.006709023320244922
2022-02-08,0.020332019370361998
2022-02-09,0.02579441775686142
2022-02-10,-0.030002222822631763
2022-02-11,-0.022919475181679916
2022-02-14,-0.003871432717397094
2022-02-15,0.02572005031833502
2022-02-16,0.06441568210825332
2022-02-17,0.005548833781209961
2022-02-18,0.008538158931507445
2022-02-22,-0.02260986368126039
2022-02-23,-0.03422415933135736
2022-02-24,0.018624211961014048
2022-02-25,0.015056770057396252
2022-02-28,-0.016528967146100637
2022-03-01,-0.04341719169225833
2022-03-02,0.0495550230880859
2022-03-03,-0.0015020423771996416
2022-03-04,-0.016013191403430493
2022-03-07,-0.01802095463790865
2022-03-08,0.03370042609207391
2022-03-09,-0.00032279772527565864
2022-03-10,-0.04208385644175594
2022-03-11,0.0004496834920038051
2022-03-14,0.0002243914364543631
2022-03-15,0.006512526002180552
2022-03-16,0.044622916026329174
2022-03-17,0.00619407641162506
2022-03-18,0.02059011995707416
2022-03-21,0.003951881810752678
2022-03-22,-0.008804852662582463
2022-03-23,0.00010447990496387227
2022-03-24,0.013061710709769248
2022-03-25,0.0018566778457052013
2022-03-28,0.011736607273278743
2022-03-29,0.013330854518628588
2022-03-30,-0.004820376489641065
2022-03-31,-0.029566068318928385
2022-04-01,-0.007590743948685641
2022-04-04,-0.018650293175645816
2022-04-05,-0.037903144809657174
2022-04-06,0.009210985957609719
2022-04-07,-0.0036286943060779286
2022-04-08,-0.01434747852644358
2022-04-11,-0.003358917583651033
2022-04-12,-0.005055749938424392
2022-04-13,0.01129179722871232
2022-04-14,-0.004354481759466178
2022-04-18,-0.0028036810366871556
2022-04-19,0.022829638977481803
2022-04-20,0.031995618727018726
2022-04-21,-0.014276749917751741
2022-04-22,-0.03664063766980963
2022-04-25,0.0013463847876311608
2022-04-26,-0.03070039124713031
2022-04-27,0.040689033242524486
2022-04-28,0.040097601640959324
2022-04-29,-0.039833389996342894
2022-05-02,0.022466979550382016
2022-05-03,0.0019578959350234904
2022-05-04,0.028552785423407112
2022-05-05,-0.03250988172294211
2022-05-06,-0.02029234596265428
2022-05-09,-0.032627943067579324
2022-05-10,-0.002187295340983053
2022-05-11,-0.028149536401781083
2022-05-12,0.020417734733534587
2022-05-13,0.009655767947560623
2022-05-16,-0.005761040478934443
2022-05-17,0.03569342563926714
2022-05-18,-0.024392715676240906
2022-05-19,0.00011475461726839775
2022-05-20,-0.001034010364353577
2022-05-23,0.007934815086652947
2022-05-24,-0.014717678223150621
2022-05-25,0.020727444355995717
2022-05-26,0.029494920041016837
2022-05-27,0.04606067489065513
2022-05-31,-0.0049509183876351726
2022-06-01,-0.013233165559048521
2022-06-02,0.018774716392200963
2022-06-03,-0.003053923110638901
2022-06-06,-0.0014787221571406217
2022-06-07,0.003173558815966482
2022-06-08,-0.008752525884510698
2022-06-09,-0.01255312895267846
2022-06-10,-0.027688052738479185
2022-06-13,-0.049196880825760236
2022-06-14,0.005943521890350301
2022-06-15,0.019462421083105808
2022-06-16,-0.04431802648045269
2022-06-17,-0.009750368456862724
2022-06-21,0.016090205048071127
2022-06-22,-0.010399313535983001
2022-06-23,-0.03558638979857687
2022-06-24,0.05312046477595822
2022-06-27,0.003527204571295073
2022-06-28,-0.019683610981940047
2022-06-29,-0.012429732889441492
2022-06-30,-0.006656147896698439
2022-07-01,0.012426756060415656
2022-07-05,-0.01095058275659122
2022-07-06,0.0018249712189564171
2022-07-07,0.01724555736198563
2022-07-08,-0.00883484980449567
2022-07-11,-0.00843160704214696
2022-07-12,-0.0023079923982662898
2022-07-13,-0.016437401376772964
2022-07-14,-0.002599767519680607
2022-07-15,0.03227018898792022
2022-07-18,-0.007214243203380821
2022-07-19,0.04432617814048445
2022-07-20,0.0031313496412159747
2022-07-21,-0.0020811695605893465
2022-07-22,-0.004749668688401654
2022-07-25,0.011523689315055874
2022-07-26,0.0012658527425841726
2022-07-27,0.05562585621791594
2022-07-28,0.021012485750963705
2022-07-29,-0.0033056944341688377
2022-08-01,-0.004814447727198523
2022-08-02,-0.018813150433034553
2022-08-03,0.0025200090984267565
2022-08-04,0.008087338403148348
2022-08-05,0.03122296020448867
2022-08-08,-0.02396960988313568
2022-08-09,-0.004631695873454689
2022-08-10,0.02153459521770329
2022-08-11,0.0010592274545442315
2022-08-12,0.02003175634046861
2022-08-15,-0.001558567200268035
2022-08-16,0.002601720632102733
2022-08-17,-0.017645774794245894
2022-08-18,0.0019018506220744857
2022-08-19,-0.013288418633074062
2022-08-22,-0.023514163307662206
2022-08-23,-0.0006567102505828926
2022-08-24,0.0063527102325458
2022-08-25,0.017087380704079225
2022-08-26,-0.03220968938207669
2022-08-29,-0.0037596419969539996
2022-08-30,-0.011653534829025203
2022-08-31,-0.01572151566761082
2022-09-01,-0.008784994909734833
2022-09-02,-0.0056399986657645895
2022-09-06,0.010765279873597766
2022-09-07,0.018094363397579194
2022-09-08,0.01001106151785014
2022-09-09,0.01603767080109919
2022-09-12,0.028061007604079924
2022-09-13,-0.039983076942904705
2022-09-14,-0.008551893925018539
2022-09-15,-0.015906540988527063
2022-09-16,-0.021627855840049448
2022-09-19,0.032693215972423584
2022-09-20,-0.020729829029827007
2022-09-21,-0.0032213727419591054
2022-09-22,-0.025276972326109592
2022-09-23,-0.020367179569804383
2022-09-26,-0.018372961040593383
2022-09-27,-0.0056643346901809055
2022-09-28,0.02885446153550908
2022-09-29,-0.01636961235127654
2022-09-30,-0.004527764034390258
2022-10-03,0.03896726976795484
2022-10-04,0.04247540828657104
2022-10-05,-0.00045413148847839313
2022-10-06,-0.007607606973504821
2022-10-07,-0.015560674368882976
2022-10-10,-0.0012784574073124721
2022-10-11,-0.001280093952908623
2022-10-12,-0.016429697131942533
2022-10-13,0.01409794296601885
2022-10-14,-0.01764035924319085
2022-10-17,0.020335416845775445
2022-10-18,0.01771565047122592
2022-10-19,-0.0025196109750470486
2022-10-20,-0.03582065200662654
2022-10-21,0.030840586952407767
2022-10-24,0.02033035313425713
2022-10-25,0.018680128254219275
2022-10-26,0.008668423625178834
2022-10-27,0.0057292852121639815
2022-10-28,0.024978052270823836
2022-10-31,-0.00299266802545195
2022-11-01,0.005145794179031604
2022-11-02,-0.03530294483072438
2022-11-03,0.025649557167327197
2022-11-04,0.02888873520407831
2022-11-07,0.010162335648671972
2022-11-08,0.016801552475278037
2022-11-09,-0.015911880830976277
2022-11-10,0.04173151904097838
2022-11-11,0.0071750223768924926
2022-11-14,-0.013753022897899037
2022-11-15,-0.002909339667210631
2022-11-16,-0.002112730544267527
2022-11-17,-0.005545510283359922
2022-11-18,0.005373667858740827
2022-11-21,0.005142950990293826
2022-11-22,0.006622100177496426
2022-11-23,-0.0034885605656710394
2022-11-25,0.009001756151463036
2022-11-28,-0.02071755030646938
2022-11-29,-0.0009112459306792609
2022-11-30,0.024214877704387572
2022-12-01,0.019289915831331994
2022-12-02,0.0032995026381754666
2022-12-05,-0.015863656667903236
2022-12-06,-0.012875952263612489
2022-12-07,0.004779486079681261
2022-12-08,0.014269870422918718
2022-12-09,-0.01914980351084017
2022-12-12,0.02769205420933707
2022-12-13,-0.0020356227227567025
2022-12-14,0.004370720866500921
2022-12-15,-0.031138148526263176
2022-12-16,-0.009382260937785936
2022-12-19,0.002115944399108116
2022-12-20,0.004122143769895503
2022-12-21,0.016421428087820766
2022-12-22,-0.013890196174670466
2022-12-23,0.003896153982596573
2022-12-27,0.0034827748996308916
2022-12-28,-0.014676654054308735
2022-12-29,0.010164987854089702
2022-12-30,-0.005579349684801116
2023-01-03,-0.000500884764646603
2023-01-04,0.014735346102032976
2023-01-05,-0.01333593993664517
2023-01-06,0.016619856206943062
2023-01-09,-0.006204291635688364
2023-01-10,0.0032700173176289926
2023-01-11,0.0049389393617977895
2023-01-12,0.01818352705142323
2023-01-13,0.0049233130621271215
2023-01-17,-0.008357433430001282
2023-01-18,-0.013465104516289905
2023-01-19,-0.017281947144553444
2023-01-20,0.01768581820554327
2023-01-23,0.01944039494241334
2023-01-24,0.011172147443525349
2023-01-25,-0.01219175836220987
2023-01-26,0.0030855766170836407
2023-01-27,-0.008651382498092275
2023-01-30,-0.002520872553178677
2023-01-31,0.009137529677474054
2023-02-01,0.0064542188967222636
2023-02-02,0.009379699253687868
2023-02-03,0.0006637579572277286
2023-02-06,-0.00672796783525087
2023-02-07,0.006868973152504898
2023-02-08,-0.015349715902926664
2023-02-09,-0.01231721645350825
2023-02-10,0.006527716053886579
2023-02-13,0.006485381326088779
2023-02-14,-0.005097106629720738
2023-02-15,0.020782971877554735
2023-02-16,-0.011553110350501106
2023-02-17,0.010634325426649438
2023-02-21,-0.014788102662248614
2023-02-22,-9.632482816368526e-05
2023-02-23,0.0047227535652925035
2023-02-24,-0.007098771652572444
2023-02-27,0.006956465542073964
2023-02-28,0.0010554151110453436
2023-03-01,0.0053676066129138
2023-03-02,0.012966040606883
2023-03-03,0.010070592723572913
2023-03-06,-0.003168203759957855
2023-03-07,-0.011403907829861226
2023-03-08,-0.0017965840364598806
2023-03-09,-0.027185732099936355
2023-03-10,-0.026679775904532854
2023-03-13,-0.011404349449752771
2023-03-14,0.019833928619023
2023-03-15,-0.045147742222021225
2023-03-16,-0.0006234944391166897
2023-03-17,-0.030258988724158442
2023-03-20,0.03388373707832715
2023-03-21,0.015764362461859305
2023-03-22,-0.024300557333348682
2023-03-23,-0.0007326989095678416
2023-03-24,0.00010490979456290184
2023-03-27,0.019267004138285637
2023-03-28,0.010170424618183516
2023-03-29,0.010475076183978915
2023-03-30,-0.001409120766788119
2023-03-31,0.01854456079177802
2023-04-03,-0.0020778583545199014
2023-04-04,-0.032126931862689556
2023-04-05,-0.010552184541884113
2023-04-06,-0.0022778882968620406
2023-04-10,0.02314237615988013
2023-04-11,0.009027246023654234
2023-04-12,0.0014074211242054435
2023-04-13,-0.001907315033860324
2023-04-14,0.0030173745089765447
2023-04-17,0.0034090887088749078
2023-04-18,0.0067953213548686
2023-04-19,-0.00625321363908482
2023-04-20,0.0046944072129595504
2023-04-21,-0.0014912506410627024
2023-04-24,0.010354528142224595
2023-04-25,-0.006898034596729885
2023-04-26,-0.04236951630895247
2023-04-27,0.012744794703699824
2023-04-28,-0.0007161197027826249
2023-05-01,0.005324055749958756
2023-05-02,-0.01537847851547891
2023-05-03,0.010860767666812876
2023-05-04,-0.003172208112279362
2023-05-05,0.01796362416254249
2023-05-08,0.0018148751064199775
2023-05-09,-0.0035229627747652703
2023-05-10,-0.012626080188568145
2023-05-11,0.0033759747855575117
2023-05-12,-0.0009176797986569785
2023-05-15,0.003469703175205341
2023-05-16,-0.016983440417039253
2023-05-17,0.008483290241930952
2023-05-18,0.0002050607861021625
2023-05-19,-0.0009229804465352709
2023-05-22,0.008828470013880096
2023-05-23,-0.01516207828293581
2023-05-24,-0.021492144465850793
2023-05-25,-0.008764491294681376
2023-05-26,0.011099240500329843
2023-05-30,-0.003061077675120649
2023-05-31,-0.019269353084080176
2023-06-01,0.004534195026818066
2023-06-02,0.05233741407811787
2023-06-05,-0.007863477477271785
2023-06-06,0.006484775819586508
2023-06-07,0.023931324979063584
2023-06-08,-0.010387599227319688
2023-06-09,-0.0003027762975726933
2023-06-12,0.004846043657359633
2023-06-13,0.026122668847190056
2023-06-14,-0.004601911967598182
2023-06-15,0.005705268158524346
2023-06-16,0.013693226481147347
2023-06-20,-0.017078269767999643
2023-06-21,0.015215380430677605
2023-06-22,-0.0056082509702932715
2023-06-23,-0.005056393185661867
2023-06-26,0.012118847942000688
2023-06-27,0.02259564817053783
2023-06-28,0.0006611262428606324
2023-06-29,0.019250719530164773
2023-06-30,0.015368901679730707
2023-07-03,-0.0029178248977460575
2023-07-05,-0.006858922274713408
2023-07-06,-0.003314744703745598
2023-07-07,0.012934107168804942
2023-07-10,0.015596582007242343
2023-07-11,-0.0018859564789819316
2023-07-12,0.011427163400889118
2023-07-13,-0.0008006843883073822
2023-07-14,-0.0034723211333498316
2023-07-17,0.006521939634380303
2023-07-18,0.006568576346295263
2023-07-19,-0.0073192700188204896
2023-07-20,0.0017766860247661054
2023-07-21,0.0010640799851231453
2023-07-24,0.003188915062704689
2023-07-25,0.0030021151234698173
2023-07-26,-0.004841894852228745
2023-07-27,0.03874731367131834
2023-07-28,0.009879222647221075
2023-07-31,-0.0011807311183311686
2023-08-01,0.006332255380288476
2023-08-02,-0.014178994319191007
2023-08-03,-0.008170092568879794
2023-08-04,-0.015788678066950945
2023-08-07,0.008282422695685243
2023-08-08,-0.007781995332616143
2023-08-09,-0.00488022535508037
2023-08-10,-0.002802395722231288
2023-08-11,0.004309655786124633
2023-08-14,-0.0005255158684892569
2023-08-15,-0.01358101978590709
2023-08-16,-0.006573140816609424
2023-08-17,-0.002503548029561542
2023-08-18,-0.00188242538977057
2023-08-21,0.0007185360310595357
2023-08-22,-0.004935844181415239
2023-08-23,0.012175450516455522
2023-08-24,-0.01078160256460825
2023-08-25,0.006305202331057469
2023-08-28,0.004565126088782678
2023-08-29,0.0033857520469433577
2023-08-30,0.005594551307906537
2023-08-31,-0.006358143367206859
2023-09-01,0.00862062241714856
2023-09-05,-0.03542151417361172
2023-09-06,0.004476042983627249
2023-09-07,-0.020280076941522007
2023-09-08,-0.010767689328702645
2023-09-11,0.007600687730117128
2023-09-12,0.0003725148025524039
2023-09-13,-0.010519552790366093
2023-09-14,0.015994091048580295
2023-09-15,-0.0027780793641027923
2023-09-18,0.003900074538697451
2023-09-19,-0.0003699994531185524
2023-09-20,-0.008605600143837489
2023-09-21,-0.013720299294502025
2023-09-22,0.004826277821291081
2023-09-25,0.011678397628866577
2023-09-26,-0.018804705727217264
2023-09-27,0.013567433368530946
2023-09-28,0.005054696275764492
2023-09-29,-0.010245039484797602
2023-10-02,-0.009692231762520098
2023-10-03,-0.007031513284449842
2023-10-04,0.004784618146615349
2023-10-05,-0.02761897786254275
2023-10-06,0.008129188759530726
2023-10-09,0.004274818569268479
2023-10-10,0.015188104335951635
2023-10-11,0.007623526325484464
2023-10-12,-0.01636100044214195
2023-10-13,-0.013844748917930305
2023-10-16,0.021838643072495945
2023-10-17,0.007537496511098363
2023-10-18,-0.037310548347259886
2023-10-19,-0.015541948182954846
2023-10-20,-0.003797099810502691
2023-10-23,-0.009628809661657023
2023-10-24,0.012153245708503846
2023-10-25,0.04122461870281935
2023-10-26,0.004324349357536006
2023-10-27,-0.004879920498722989
2023-10-30,0.014807782117066237
2023-10-31,0.004547965425542477
2023-11-01,-0.002074968248469311
2023-11-02,0.03355390057963925
2023-11-03,0.017741057855631404
2023-11-06,-0.00916525269641233
2023-11-07,-0.004262194161161914
2023-11-08,-0.002276903428164667
2023-11-09,0.016522189913267482
2023-11-10,0.01050642590512152
2023-11-13,0.005243130231046944
2023-11-14,0.022930431588178424
2023-11-15,-0.005712396285142751
2023-11-16,-0.001131605930278834
2023-11-17,0.006623093711105588
2023-11-20,0.0009524132115790174
2023-11-21,0.0037190014787849
2023-11-22,0.0022404606055821397
2023-11-24,0.006448147720529374
2023-11-27,-0.002819012872704141
2023-11-28,-0.014049568001169521
2023-11-29,0.0009558221295897784
2023-11-30,0.011805618852157584
2023-12-01,0.030542170144602032
2023-12-04,-0.001415258969482136
2023-12-05,-0.00908713051050114
2023-12-06,-0.0047954769686211485
2023-12-07,0.004818584379032265
2023-12-08,-0.0038700363140067306
2023-12-11,0.006756708503802722
2023-12-12,0.005872457686577404
2023-12-13,0.01359477288438593
2023-12-14,0.002221722546537075
2023-12-15,0.002298777164146504
2023-12-18,0.004832888652587686
2023-12-19,0.026086249255180327
2023-12-20,-0.0076269354363945885
2023-12-21,0.012488946133438983
2023-12-22,0.001107037871404648
2023-12-26,0.0022905533676531586
2023-12-27,0.0018911060892949916
2023-12-28,-0.0014156524180630736
2023-12-29,-0.0004725531103076941
2024-01-02,-0.007959061005858858
2024-01-03,-0.009611562524156625
2024-01-04,-0.005534200297422021
2024-01-05,0.012097741118507255
2024-01-08,0.007331325667253807
2024-01-09,-0.001265786530720292
2024-01-10,-7.921192355597739e-05
2024-01-11,0.005941060442450352
2024-01-12,0.008110861106194633
2024-01-16,0.0010935743724240776
2024-01-17,-0.01825833051286674
2024-01-18,0.007311974397428811
2024-01-19,0.01002047483991575
2024-01-22,0.004452882165586924
2024-01-23,0.0034996443562644863
2024-01-24,0.0036425692576067537
2024-01-25,0.002471048723050151
2024-01-26,0.0012324196351554129
2024-01-29,0.009386297984889325
2024-01-30,0.011356635064148302
2024-01-31,-0.008440920680672814
2024-02-01,0.013909124529179362
2024-02-02,0.006446756292790123
2024-02-05,-0.002681385411852699
2024-02-06,0.006273310787731745
2024-02-07,0.013062283598843205
2024-02-08,0.001684897763534643
2024-02-09,-0.0003656464583283725
2024-02-12,0.0028533555440952707
2024-02-13,-0.004888092164684998
2024-02-14,-0.009603858991018344
2024-02-15,-0.008364930565750384
2024-02-16,0.0023886638653938252
2024-02-20,0.0008937002717508413
2024-02-21,0.012351243005541468
2024-02-22,0.014426588338235735
2024-02-23,0.0034102496843650965
2024-02-26,-0.0044110307627684975
2024-02-27,0.00014516967960642724
2024-02-28,0.012999384511930057
2024-02-29,0.012904101951825675
2024-03-01,0.005591386073349414
2024-03-04,-7.033699741187949e-05
2024-03-05,-0.00542000354194927
2024-03-06,0.0005662367743191066
2024-03-07,0.004314623421335595
2024-03-08,0.003732602316278477
2024-03-11,-0.010665111032793217
2024-03-12,0.01475184560017273
2024-03-13,-0.005381743742479683
2024-03-14,-0.010259293426061245
2024-03-15,-0.007312445696693204
2024-03-18,0.0123728868268691
2024-03-19,0.004026606030614888
2024-03-20,0.005207038288641108
2024-03-21,0.013999619395690166
2024-03-22,-0.007455383261889437
2024-03-25,-0.006607386743630039
2024-03-26,0.007561559184798172
2024-03-27,0.013619597440033271
2024-03-28,-0.0013026276076230081
2024-04-01,-0.005628794407222637
2024-04-02,0.007386502061084377
2024-04-03,0.015555256336890366
2024-04-04,-0.005802812314586792
2024-04-05,0.021447077340692067
2024-04-08,-0.0069102815989731114
2024-04-09,-0.01070531256875118
2024-04-10,-0.002164148229359175
2024-04-11,0.0011523110730071728
2024-04-12,-0.010358343392541935
2024-04-15,-0.0064303322910677085
2024-04-16,0.0015146979926208282
2024-04-17,-0.006255947498122305
2024-04-18,-0.0019370575246613342
2024-04-19,-0.0006932249313266192
2024-04-22,0.010543157286801996
2024-04-23,0.019150199681664093
2024-04-24,0.10035024569512707
2024-04-25,-0.0012241876708168897
2024-04-26,0.007231268415543335
2024-04-29,-0.00687515381558379
2024-04-30,-0.013171570864247473
2024-05-01,-0.0033522828420984307
2024-05-02,0.008346838182393235
2024-05-03,0.0020385456484111053
2024-05-06,0.004993583652888933
2024-05-07,0.009630467499208484
2024-05-08,0.005893601604283205
2024-05-09,0.010690972552864553
2024-05-10,0.0060359867522779
2024-05-13,-0.02043491737204617
2024-05-14,0.0015161061374835416
2024-05-15,0.023251676522952902
2024-05-16,-0.013787802179893838
2024-05-17,0.00996035238882298
2024-05-20,0.013842594197056357
2024-05-21,-0.0035159254737143764
2024-05-22,-0.0026461804114944476
2024-05-23,-0.0007076289515279832
2024-05-24,0.002481081886480885
2024-05-28,-0.0057748029249339305
2024-05-29,-0.00729019359907912
2024-05-30,0.00925418106095588
2024-05-31,0.0011239316254820775
2024-06-03,-0.020740896847473156
2024-06-04,-0.0056119614765283155
2024-06-05,0.0056436333293603536
2024-06-06,-0.010379006092061549
2024-06-07,-0.0050608704985215525
2024-06-10,0.003493187982734236
2024-06-11,-0.005557621390484102
2024-06-12,0.014370867518688657
2024-06-13,-0.010534618766867898
2024-06-14,-0.019029514642862178
2024-06-17,0.008046401011325699
2024-06-18,0.008910341749689188
2024-06-20,-0.008892961350111195
2024-06-21,-0.0035272205596871276
2024-06-24,0.006085723249749986
2024-06-25,-0.009443793364103725
2024-06-26,-0.007041380170897171
2024-06-27,-0.0038280657337311785
2024-06-28,-0.004346691352749121
2024-07-01,-0.01581772326570674
2024-07-02,-0.0004501776905657673
2024-07-03,0.016207976161689563
2024-07-05,-0.009493753802887417
2024-07-08,0.0014058219782029369
2024-07-09,0.0033180092844384834
2024-07-10,0.02117794428783415
2024-07-11,0.012455543369952249
2024-07-12,0.0018451863733495166
2024-07-15,0.00792061069334693
2024-07-16,0.027290443063051395
2024-07-17,-0.01019929345585191
2024-07-18,-0.004912539256452075
2024-07-19,-0.005478564604811553
2024-07-22,0.024032918250708857
2024-07-23,-0.006207195292389667
2024-07-24,-0.06442206785492721
2024-07-25,0.01176246710767459
2024-07-26,0.0035192431025763415
2024-07-29,0.0016906560336871213
2024-07-30,-0.003625880661394687
2024-07-31,0.011105496055527686
2024-08-01,-0.027551944979458343
2024-08-02,-0.0227810926177362
2024-08-05,-0.02043873555698794
2024-08-06,0.010199348581079848
2024-08-07,0.010888208777750652
2024-08-08,0.012011153278101983
2024-08-09,0.00025823444978101406
2024-08-12,0.002192399168721604
2024-08-13,0.005405124889117818
2024-08-14,0.00019223718948646606
2024-08-15,0.014095273041585976
2024-08-16,0.0065075418233133675
2024-08-19,0.01041983869925911
2024-08-20,-0.005218218033669841
2024-08-21,0.008305749665797224
2024-08-22,0.010962434319382819
2024-08-23,0.018930406292579693
2024-08-26,-0.006553788398500071
2024-08-27,-0.002541886634654933
2024-08-28,0.004368743954754395
2024-08-29,0.014136404008692649
2024-08-30,0.010126962865309563
2024-09-03,-0.0321402556785908
2024-09-04,-0.00048742569533977154
2024-09-05,-0.0029870316450042456
2024-09-06,-0.016386510914618624
2024-09-09,0.011499913948164853
2024-09-10,0.007743382194757009
2024-09-11,0.004939679062805791
2024-09-12,0.017840807844119677
2024-09-13,0.007452566237273084
2024-09-16,0.007160642267481476
2024-09-17,0.023150605443389427
2024-09-18,-0.0023546296503935693
2024-09-19,0.026019001378648987
2024-09-20,0.005498121887406615
2024-09-23,0.0005580330918493193
2024-09-24,0.007249444882716061
2024-09-25,0.006865349219120187
2024-09-26,0.0022544614532478136
2024-09-27,0.0
2024-09-30,-0.002743224461577487
2024-10-01,-0.001760469494476391
2024-10-02,-0.0012675083077113847
2024-10-03,-0.004800741713876566
2024-10-04,0.016357090699135712
2024-10-07,-0.006819523804590832
2024-10-08,-0.00032948045046210517
2024-10-09,0.01225335830367924
2024-10-10,-0.0011400549387612369
2024-10-11,0.021411974477895113
2024-10-14,0.0022346151144942983
2024-10-15,-0.005945714413693293
2024-10-16,0.013457976331351373
2024-10-17,0.0011593251883348366
2024-10-18,0.006105463232981112
2024-10-21,-0.006173037805770942
2024-10-22,-0.001368654435914718
2024-10-23,-0.012492820032810714
2024-10-24,0.009287987191621383
2024-10-25,-0.0016924080552370713
2024-10-28,0.011072235826949273
2024-10-29,-0.003982241630299921
2024-10-30,-0.0039980827247864115
2024-10-31,-0.007130401445507917
2024-11-01,-0.006064520680393537
2024-11-04,0.010490348707075547
2024-11-05,0.02065671685371573
2024-11-06,0.03995846753599497
2024-11-07,-0.00838315226942965
2024-11-08,0.009913372997305325
2024-11-11,0.002391714359793573
2024-11-12,-0.009394986240016445
2024-11-13,-0.0012055094733696148
2024-11-14,-0.010712040570870829
2024-11-15,-0.007828885475885006
2024-11-18,0.0014858919043228003
2024-11-19,0.003376627178111491
2024-11-20,-0.008617175505889474
2024-11-21,0.01851565833473723
2024-11-22,0.005655642649163184
2024-11-25,0.0006528572394255416
2024-11-26,0.012193917104915464
2024-11-27,-0.008279243002069281
2024-11-29,0.0028994353847815457
2024-12-02,-0.004186971228936964
2024-12-03,0.002853129529323928
2024-12-04,0.01172945291771832
2024-12-05,0.0011346226704160856
2024-12-06,0.01222102494230426
2024-12-09,-0.013241760169099392
2024-12-10,0.0008879535459536125
2024-12-11,0.004830736459957352
2024-12-12,-0.009222466517687988
2024-12-13,-0.011338382023224236
2024-12-16,0.013121086760961687
2024-12-17,-0.020316433522410193
2024-12-18,-0.039961616026420455
2024-12-19,-0.0037315616857409584
2024-12-20,0.018305540123551456
2024-12-23,-0.00818530199265266
2024-12-24,0.014155215311891789
2024-12-26,-0.0015450711678216544
2024-12-27,-0.009594659622255142
2024-12-30,-0.005468745953935095
2024-12-31,-0.007122257420964284
