Date,XEL
2015-01-05,-0.011350901395110746
2015-01-06,0.005320516253414009
2015-01-07,0.008635558266398391
2015-01-08,0.011598781791957613
2015-01-09,-0.012285171382505955
2015-01-12,-0.008844613494053633
2015-01-13,0.008086862087748337
2015-01-14,0.008852027686557573
2015-01-15,0.008774502495977332
2015-01-16,0.006251817084372613
2015-01-20,0.006752874635307382
2015-01-21,0.008317768784927626
2015-01-22,-0.0015966241753072596
2015-01-23,0.006396709842806381
2015-01-26,-0.002648566033584432
2015-01-27,0.0018589831704824977
2015-01-28,-0.007421219892014719
2015-01-29,0.017623618955864062
2015-01-30,-0.015219528378058622
2015-02-02,0.0010663299403324
2015-02-03,0.0018630822264513736
2015-02-04,-0.011689841497465991
2015-02-05,0.009677745953849293
2015-02-06,-0.049254809181423
2015-02-09,-0.010360993591460033
2015-02-10,0.025749288195098252
2015-02-11,-0.01931005750204684
2015-02-12,-0.0005627480094059223
2015-02-13,-0.014916658997910504
2015-02-17,0.0054284459309117405
2015-02-18,0.031542970283159555
2015-02-19,-0.0022037523350569854
2015-02-20,-0.008283020102119454
2015-02-23,0.012806630177423006
2015-02-24,-0.000824936488870498
2015-02-25,-0.020082623135866395
2015-02-26,-0.005614483748465404
2015-02-27,-0.003952568873563211
2015-03-02,-0.024659802935690145
2015-03-03,0.008137013926770686
2015-03-04,-0.0031708497131472946
2015-03-05,0.01012141830740676
2015-03-06,-0.03664465143667772
2015-03-09,0.012778686471040412
2015-03-10,0.0023472281205363377
2015-03-11,-0.009074802604712717
2015-03-12,0.01772496456254702
2015-03-13,-0.011426675210369108
2015-03-16,0.014226127948659295
2015-03-17,-0.0026299604640837027
2015-03-18,0.024319020472889363
2015-03-19,-0.013730054625312738
2015-03-20,0.008700784015369667
2015-03-23,0.006325547894239225
2015-03-24,-0.008285891954928126
2015-03-25,-0.008354969966473114
2015-03-26,-0.003486288821009431
2015-03-27,0.0026239025229648494
2015-03-30,0.01017760751886998
2015-03-31,0.00201469535364196
2015-04-01,0.0017236903634656464
2015-04-02,-0.0031544601036751496
2015-04-06,0.008342799306110482
2015-04-07,-0.015406537635700213
2015-04-08,-0.002318181859773283
2015-04-09,-0.003194849110215947
2015-04-10,0.01019798220938739
2015-04-13,-0.01153703989028032
2015-04-14,0.00583565639808703
2015-04-15,0.000580485267056341
2015-04-16,-0.005508969298745892
2015-04-17,0.0020410006058404484
2015-04-20,0.011638044259771219
2015-04-21,-0.014092743455202617
2015-04-22,0.0008754003071884675
2015-04-23,0.00612037178568503
2015-04-24,0.010139050621158718
2015-04-27,-0.01319181767717148
2015-04-28,0.008718330610145486
2015-04-29,-0.005473901398815206
2015-04-30,-0.017670844923934226
2015-05-01,0.0014744026244366548
2015-05-04,0.011778863010753149
2015-05-05,-0.020663693784793935
2015-05-06,-0.004160303164664314
2015-05-07,-0.0008954366653476376
2015-05-08,0.00418142779870978
2015-05-11,-0.00594879592923403
2015-05-12,-0.006283914877078689
2015-05-13,-0.010839856091907185
2015-05-14,0.019178211675177748
2015-05-15,0.008064502184440547
2015-05-18,0.012148040679344607
2015-05-19,0.006147710833350084
2015-05-20,0.00727357668829498
2015-05-21,-0.003177315357784316
2015-05-22,-0.001448920850582569
2015-05-26,-0.013638870379683699
2015-05-27,0.003236051283516339
2015-05-28,0.00087971264572273
2015-05-29,-0.002343915584189782
2015-06-01,0.0005874135688284099
2015-06-02,-0.019665450384274696
2015-06-03,-0.016766328460765978
2015-06-04,-0.002131579052800703
2015-06-05,-0.012816553428041999
2015-06-08,-0.0006185262270493874
2015-06-09,0.0009282821652212281
2015-06-10,0.0
2015-06-11,0.013906114556244686
2015-06-12,-0.0033526750622425716
2015-06-15,-0.006116403100795198
2015-06-16,0.00621517364828561
2015-06-17,0.005867952717452551
2015-06-18,0.014737176578048183
2015-06-19,-0.008471894529513135
2015-06-22,-0.0021362490891244645
2015-06-23,-0.014373103085762673
2015-06-24,-0.007446202201629282
2015-06-25,-0.002188336187667228
2015-06-26,0.010025097639342784
2015-06-29,-0.002171286519791482
2015-06-30,0.00031076618970771186
2015-07-01,0.009944424382668515
2015-07-02,0.009846105695077823
2015-07-06,0.0036562894235381282
2015-07-07,0.028840176570443354
2015-07-08,-0.005311276360045913
2015-07-09,-0.01127264354447255
2015-07-10,0.006600629106338518
2015-07-13,-0.00029782822262169883
2015-07-14,0.0
2015-07-15,0.002385044646758594
2015-07-16,0.014871874635997484
2015-07-17,-0.012309516800474096
2015-07-20,-0.006528160636852132
2015-07-21,-0.009856352865386109
2015-07-22,0.007541441972435559
2015-07-23,-0.014670666880620242
2015-07-24,-0.0015195253424968858
2015-07-27,0.014607597295373864
2015-07-28,0.007498621439030018
2015-07-29,0.004168119775015411
2015-07-30,0.014230120274480118
2015-07-31,0.013446681102467384
2015-08-03,-0.00403820414371725
2015-08-04,-0.011005098140179359
2015-08-05,0.00790626016407181
2015-08-06,0.011912231637744464
2015-08-07,0.012058509760117131
2015-08-10,-0.008794504434431527
2015-08-11,0.01230675294234862
2015-08-12,0.009895639580495663
2015-08-13,-0.004479334039612537
2015-08-14,0.006748976681190122
2015-08-17,0.005307383022182144
2015-08-18,-0.002223046082072244
2015-08-19,0.011417597121878398
2015-08-20,-0.008535344742057638
2015-08-21,-0.012496325259286789
2015-08-24,-0.041057386084915715
2015-08-25,-0.029912412042992664
2015-08-26,0.013906093345854798
2015-08-27,0.013714900081295944
2015-08-28,-0.0014707344008623169
2015-08-31,-0.006479780501579824
2015-09-01,-0.022235518849243352
2015-09-02,0.003638234996230727
2015-09-03,0.005740233778170012
2015-09-04,-0.01982560368782038
2015-09-08,0.013790684263303099
2015-09-09,-0.01571939738319328
2015-09-10,0.004606938615629774
2015-09-11,0.013757436182886273
2015-09-14,0.0
2015-09-15,0.008221660802825825
2015-09-16,0.007550556228595129
2015-09-17,0.014388489208633004
2015-09-18,-0.006205540317864133
2015-09-21,0.014272968645505868
2015-09-22,-0.005570446525347328
2015-09-23,0.005601650218342247
2015-09-24,0.008501822521561397
2015-09-25,0.014825336869237038
2015-09-28,-0.007733860927837122
2015-09-29,0.0017319151741468364
2015-09-30,0.020461350439610726
2015-10-01,-0.011296339033872949
2015-10-02,0.009139925419199058
2015-10-05,0.005094930967662226
2015-10-06,-0.013235667385550931
2015-10-07,-0.0002851365433630404
2015-10-08,0.013702243593591845
2015-10-09,-0.007040168212961828
2015-10-12,0.016449222263553276
2015-10-13,0.0013950833194560364
2015-10-14,0.0027863514433594805
2015-10-15,0.010002778250777444
2015-10-16,0.0022008725688820174
2015-10-19,-0.004666548237502011
2015-10-20,0.010203909534558075
2015-10-21,-0.0013649252668899159
2015-10-22,0.015309171881777495
2015-10-23,-0.018847797238993103
2015-10-26,0.009330111319784562
2015-10-27,-0.0016313569637467218
2015-10-28,-0.018518009700977278
2015-10-29,-0.013873626727679
2015-10-30,0.002532376027091887
2015-11-02,0.006174414890959046
2015-11-03,0.0011158562211737166
2015-11-04,0.003900892020703317
2015-11-05,0.00222049115502565
2015-11-06,-0.03461650926259663
2015-11-09,0.004302907006696888
2015-11-10,0.01628115318324541
2015-11-11,0.013209696175900065
2015-11-12,-0.02052726814631578
2015-11-13,-0.00849606725939367
2015-11-16,0.016566460308516495
2015-11-17,-0.010396004931917835
2015-11-18,0.011357207423897897
2015-11-19,0.002807399323468518
2015-11-20,0.00391931251263733
2015-11-23,-0.008086999120113347
2015-11-24,0.004498124282319438
2015-11-25,-0.006436981430378852
2015-11-27,0.003943600874301234
2015-11-30,0.0005611068531345964
2015-12-01,0.008693291970266248
2015-12-02,-0.0208507608568943
2015-12-03,-0.02271456137633676
2015-12-04,0.015979315673180006
2015-12-07,0.008578818126738774
2015-12-08,-0.0017012720253053448
2015-12-09,0.0019880044047264622
2015-12-10,-0.01388856687113349
2015-12-11,0.004311267474217395
2015-12-14,0.010016908277670877
2015-12-15,0.00793457840806977
2015-12-16,0.023896294317742983
2015-12-17,-0.0005490899135796035
2015-12-18,-0.02197793161372119
2015-12-21,-0.005336795278680473
2015-12-22,0.006839466982558218
2015-12-23,0.014718409809571176
2015-12-24,-0.003068600941364741
2015-12-28,0.011191848235764912
2015-12-29,0.0022137510819171258
2015-12-30,0.004969584740728061
2015-12-31,-0.013461459296763678
2016-01-04,-0.0058479590462000575
2016-01-05,0.01008401302848716
2016-01-06,0.01053836094854188
2016-01-07,0.0038416771765978908
2016-01-08,-0.01093512351915904
2016-01-11,0.008015550930690285
2016-01-12,-0.0038386586843544013
2016-01-13,-0.006055553346281606
2016-01-14,0.016615859692733492
2016-01-15,-0.005720656593849349
2016-01-19,0.01945206849865344
2016-01-20,-0.015855834930486923
2016-01-21,-0.013380515609135224
2016-01-22,0.0138385649614865
2016-01-25,-0.0027296833077313787
2016-01-26,0.006569997680246686
2016-01-27,-0.002447659264578461
2016-01-28,0.024263795931365184
2016-01-29,0.017301153224181798
2016-02-01,0.008895678247045069
2016-02-02,0.01089186097187489
2016-02-03,0.00692679648798622
2016-02-04,-0.00458594535081247
2016-02-05,0.011773485908938897
2016-02-08,-0.007083020925437222
2016-02-09,0.009426748687680009
2016-02-10,-0.006815032737908289
2016-02-11,-0.00914826002344038
2016-02-12,-0.004359968197894415
2016-02-16,0.00025748331891461973
2016-02-17,0.0028326410599601726
2016-02-18,0.01797637191868673
2016-02-19,-0.007820223176736474
2016-02-22,0.008644814788519861
2016-02-23,0.004033137084505256
2016-02-24,0.0020085323140917044
2016-02-25,0.0072664150579766495
2016-02-26,-0.023134297171210405
2016-02-29,0.006875381856229934
2016-03-01,-0.002023328256312351
2016-03-02,0.0032949389279275376
2016-03-03,0.00025195870279959287
2016-03-04,0.008585940474850506
2016-03-07,0.0030048213893807407
2016-03-08,0.01497750167267764
2016-03-09,0.0014759945244187112
2016-03-10,0.0004904357801347459
2016-03-11,-0.0004947772225228908
2016-03-14,0.0009906094618745698
2016-03-15,0.0019796346559024514
2016-03-16,0.01037004368492589
2016-03-17,0.014174004647560023
2016-03-18,-0.010602684197395962
2016-03-21,-0.00024331941533928259
2016-03-22,-0.0068209024195604595
2016-03-23,0.008584714409350047
2016-03-24,0.0026751358025620675
2016-03-28,-0.0016976886612183328
2016-03-29,0.012147497404841667
2016-03-30,-0.0024003413407607255
2016-03-31,0.006256294274996632
2016-04-01,0.0028692550778133263
2016-04-04,-0.0019077066135502196
2016-04-05,-0.02173895134067294
2016-04-06,-0.0024421445074102044
2016-04-07,-0.001468476635349214
2016-04-08,0.0053933067619613695
2016-04-11,-0.005120511707387698
2016-04-12,0.0046568779626379175
2016-04-13,-0.007319220674602334
2016-04-14,-0.0027031569485566065
2016-04-15,0.006160309773863171
2016-04-18,0.007592534145754115
2016-04-19,0.0004864937728734642
2016-04-20,-0.03474259417267578
2016-04-21,-0.028190405753614534
2016-04-22,0.011396176799542301
2016-04-25,0.002560968371887906
2016-04-26,0.001021537457917221
2016-04-27,0.01326895820803875
2016-04-28,0.005791771815646163
2016-04-29,0.0022533142454701505
2016-05-02,0.011990931752946299
2016-05-03,0.0009874304949082369
2016-05-04,0.01134409270176695
2016-05-05,-0.004145676684581545
2016-05-06,-0.009304328308584187
2016-05-09,0.017301231066006784
2016-05-10,0.00485856771900206
2016-05-11,0.00048433527895097583
2016-05-12,0.011357801667574163
2016-05-13,-0.0033451965316595444
2016-05-16,0.0009588394516595322
2016-05-17,-0.021317446211389757
2016-05-18,-0.018844798966552667
2016-05-19,0.010476418539100196
2016-05-20,-0.0009874930895513723
2016-05-23,-0.010130430816178815
2016-05-24,0.012480733747511685
2016-05-25,-0.004684247625507787
2016-05-26,0.01288054632118718
2016-05-27,0.0007339852796139912
2016-05-31,0.010997056545313688
2016-06-01,0.004592654657855633
2016-06-02,-0.0038498723664717183
2016-06-03,0.019081822243740998
2016-06-06,-0.0033178790672627745
2016-06-07,-0.0009513279032385968
2016-06-08,0.0038084522820776012
2016-06-09,0.012568146056848972
2016-06-10,0.0011710582340180853
2016-06-13,-0.0009353948795879363
2016-06-14,0.009912357466595356
2016-06-15,-0.010516168423770456
2016-06-16,0.011572472413916346
2016-06-17,0.00046727775351462775
2016-06-20,-0.002333771196729062
2016-06-21,0.002105154391914832
2016-06-22,-0.003967997189002537
2016-06-23,0.0007031908522934227
2016-06-24,0.014051460163493568
2016-06-27,0.009699691932737009
2016-06-28,0.000686187628760937
2016-06-29,0.002285302011061141
2016-06-30,0.021208991083974338
2016-07-01,0.0
2016-07-05,0.010942355989966623
2016-07-06,0.0013256089126973958
2016-07-07,-0.022281324080413722
2016-07-08,0.0060923108428239114
2016-07-11,-0.004037021449920242
2016-07-12,-0.02049089234512913
2016-07-13,0.010344871854627513
2016-07-14,-0.00773602015989916
2016-07-15,0.0032103632389643977
2016-07-18,0.002285302011061141
2016-07-19,-0.0013677335355389841
2016-07-20,-0.004110773512464139
2016-07-21,0.006191151127722616
2016-07-22,0.010027352014092328
2016-07-25,-0.0018047969980818923
2016-07-26,-0.010171717385376033
2016-07-27,-0.006622849053269819
2016-07-28,0.005976998519484633
2016-07-29,0.0050273672360241495
2016-08-01,-0.0009093176171279804
2016-08-02,-0.005006771988869452
2016-08-03,-0.012808797378793146
2016-08-04,0.0034754545367650103
2016-08-05,-0.014777170926250194
2016-08-08,-0.0023437336958233024
2016-08-09,0.0018792262943716498
2016-08-10,0.0009379096940769216
2016-08-11,0.00046857434722791247
2016-08-12,0.0021071258146589944
2016-08-15,-0.01588776159235905
2016-08-16,-0.011396178483631836
2016-08-17,0.016570798085399296
2016-08-18,0.014882885863843454
2016-08-19,-0.012569301318108406
2016-08-22,0.0037715037981889132
2016-08-23,-0.009159562589724057
2016-08-24,0.00023706379084909024
2016-08-25,0.0018957627916300623
2016-08-26,-0.021049956103285417
2016-08-29,0.00748962126521735
2016-08-30,-0.012229966588182761
2016-08-31,0.004127008051381775
2016-09-01,-0.0021759638737812725
2016-09-02,0.010661745254762156
2016-09-06,0.011747326013732629
2016-09-07,0.004265719621791675
2016-09-08,-0.00023588217857317684
2016-09-09,-0.03752676119220444
2016-09-12,0.01569419827761309
2016-09-13,-0.011684911086730532
2016-09-14,0.0039410413237237485
2016-09-15,0.0024533744395867085
2016-09-16,0.008321192752531292
2016-09-19,0.011650455335672216
2016-09-20,-0.0038385024052368655
2016-09-21,0.02480704390688504
2016-09-22,0.00822563745348126
2016-09-23,0.003962836730917241
2016-09-26,0.0006962707230324661
2016-09-27,-0.016936896469087248
2016-09-28,-0.0028325082253674028
2016-09-29,-0.010414282512073991
2016-09-30,-0.016025135154923542
2016-10-03,-0.013611560985010929
2016-10-04,-0.02439645641896271
2016-10-05,-0.002020539133506749
2016-10-06,0.002783953044092957
2016-10-07,-0.0002524469851885591
2016-10-10,0.007068851784137298
2016-10-11,-0.011030171028662439
2016-10-12,0.006844112379234879
2016-10-13,0.0156091037768884
2016-10-14,-0.00718868868324074
2016-10-17,0.007240740109725863
2016-10-18,0.0049578357603417
2016-10-19,-0.005426566878261263
2016-10-20,0.001736016362213988
2016-10-21,-0.010893562706086546
2016-10-24,0.006257542386620241
2016-10-25,0.0069652915213935795
2016-10-26,0.0029642035518795407
2016-10-27,-0.0039407340731763
2016-10-28,0.005934888352226331
2016-10-31,0.021386304627874164
2016-11-01,-0.01660655351447582
2016-11-02,-0.009789663674364624
2016-11-03,0.003954431482182885
2016-11-04,-0.006400624910211872
2016-11-07,0.019573945204747867
2016-11-08,0.008991792622436323
2016-11-09,-0.046724853936948474
2016-11-10,-0.022738528542325942
2016-11-11,0.004136343169228729
2016-11-14,-0.008496510773436605
2016-11-15,0.01921590977041654
2016-11-16,-0.006114380155371246
2016-11-17,-0.00025658631225866646
2016-11-18,-0.003333407539841904
2016-11-21,0.01209208454151045
2016-11-22,-0.0012715988203703121
2016-11-23,-0.013234772772429126
2016-11-25,0.019344702031459438
2016-11-28,0.020243204812784743
2016-11-29,0.00421622536729771
2016-11-30,-0.036552028781072665
2016-12-01,-0.01204810878236362
2016-12-02,0.00518919379409688
2016-12-05,0.0012901987655720148
2016-12-06,-0.0005153116110923062
2016-12-07,0.014959978409074592
2016-12-08,-0.0025412212190735195
2016-12-09,0.015286490679627285
2016-12-12,0.0155585000151508
2016-12-13,0.00617769519753697
2016-12-14,-0.016699537480386217
2016-12-15,0.00449550807472332
2016-12-16,0.011685275971668574
2016-12-19,0.001720599044626736
2016-12-20,0.005397032030241
2016-12-21,-0.0017075709292136976
2016-12-22,0.002464686347241507
2016-12-23,0.0
2016-12-27,0.0014751759622908533
2016-12-28,-0.010802872601912927
2016-12-29,0.01613318425039645
2016-12-30,-0.0058623928880155995
2017-01-03,-0.00196569492750287
2017-01-04,0.004431402793524608
2017-01-05,0.0
2017-01-06,0.002941376228125403
2017-01-09,-0.015151624167842437
2017-01-10,-0.00024821206580771804
2017-01-11,0.009927877199153556
2017-01-12,0.003932538973635102
2017-01-13,-0.004895767271747675
2017-01-17,0.013529917297425031
2017-01-18,0.0031553682576102027
2017-01-19,-0.010646281308366423
2017-01-20,0.004402141567993567
2017-01-23,-0.006330953974497122
2017-01-24,-0.0004898567520630337
2017-01-25,-0.0004901574848521495
2017-01-26,0.0034340593903907646
2017-01-27,-0.004644257091528936
2017-01-30,0.0002452265283092725
2017-01-31,0.014485592768149758
2017-02-01,-0.01669828799346429
2017-02-02,0.018705044733002607
2017-02-03,0.0014499327278079122
2017-02-06,0.0012058514055850456
2017-02-07,0.0038551263271671132
2017-02-08,0.009601753729353346
2017-02-09,-0.007132651170451476
2017-02-10,0.004310311118294496
2017-02-13,0.0021459060364992233
2017-02-14,-0.007375561317101709
2017-02-15,-0.0026367492704194584
2017-02-16,0.006729350418552382
2017-02-17,0.002625930371383145
2017-02-21,0.010238223068613328
2017-02-22,0.001413810230817436
2017-02-23,0.010825888593966715
2017-02-24,0.00908052550616456
2017-02-27,-0.0006921196661430207
2017-02-28,0.009235491552793906
2017-03-01,-0.00480416710581566
2017-03-02,0.00804578716077553
2017-03-03,-0.002964341016689187
2017-03-06,-0.0022873901421747167
2017-03-07,0.004584928260739085
2017-03-08,-0.017571923947818813
2017-03-09,0.0004648279067778205
2017-03-10,0.009983642075092058
2017-03-13,0.0020865809966084115
2017-03-14,0.00046223987229820906
2017-03-15,0.018497277596228656
2017-03-16,-0.010669787154590438
2017-03-17,0.006195190909441095
2017-03-20,-0.005928746930121798
2017-03-21,0.017664347010426518
2017-03-22,0.003381365254707447
2017-03-23,0.0015728585430607733
2017-03-24,0.004261712637169568
2017-03-27,0.0
2017-03-28,0.003573898364052308
2017-03-29,-0.01023821673415104
2017-03-30,-0.003597787586303136
2017-03-31,0.003159583381094233
2017-04-03,-0.0011248764060126648
2017-04-04,0.0024774265710769683
2017-04-05,0.006964744639260223
2017-04-06,-0.005131671739870947
2017-04-07,-0.0042609778205082716
2017-04-10,0.004054181755684727
2017-04-11,0.0
2017-04-12,0.007177708188212284
2017-04-13,-0.0017815023442057099
2017-04-17,0.005800982144313682
2017-04-18,0.0004433794242555411
2017-04-19,-0.0066515522392217585
2017-04-20,-0.0033484839754958085
2017-04-21,0.004031592863854128
2017-04-24,0.004238385107296239
2017-04-25,-0.00022225763616845473
2017-04-26,-0.0037769301980953296
2017-04-27,0.00646729683430336
2017-04-28,-0.0017726403370169619
2017-05-01,-0.005549256335599773
2017-05-02,0.00022323956760317287
2017-05-03,-0.002231568885904256
2017-05-04,0.004696808766937233
2017-05-05,0.002893924713603502
2017-05-08,0.0017757881707585188
2017-05-09,-0.007976990254175198
2017-05-10,0.0026807800119499348
2017-05-11,0.005791715987716106
2017-05-12,0.009524018621539954
2017-05-15,0.005045781971315222
2017-05-16,-0.0052388746890740245
2017-05-17,0.0008775467458672637
2017-05-18,0.0006580402708595834
2017-05-19,0.004600994798062086
2017-05-22,0.009814869063190734
2017-05-23,0.004535302170999067
2017-05-24,0.0055903021662617736
2017-05-25,0.010477044263316415
2017-05-26,0.0008459582416238121
2017-05-30,0.005919711129550809
2017-05-31,0.006935958440975609
2017-06-01,0.004592053244546035
2017-06-02,0.003947578377788696
2017-06-05,-0.009934086236919493
2017-06-06,-0.006270896405936144
2017-06-07,0.007572810182302936
2017-06-08,-0.011691117072528567
2017-06-09,0.00021126178745922708
2017-06-12,-0.003590173613669756
2017-06-13,0.005339188009064966
2017-06-14,0.006374095652094791
2017-06-15,0.004644223680616344
2017-06-16,0.004202280893201182
2017-06-19,-0.004184695626725077
2017-06-20,0.0018908524410599092
2017-06-21,-0.002726541984865327
2017-06-22,-0.004416282307781683
2017-06-23,-0.004436078113160269
2017-06-26,0.005304380073634096
2017-06-27,-0.007809080841912119
2017-06-28,-0.011486852559925653
2017-06-29,-0.010974998231563116
2017-06-30,-0.0017403792787105132
2017-07-03,-0.006756908083526358
2017-07-05,-0.0008774765522684413
2017-07-06,0.0008782471935879776
2017-07-07,0.0026330708526782765
2017-07-10,-0.0028448690993561065
2017-07-11,-0.0004389948418372924
2017-07-12,0.007685302537942196
2017-07-13,-0.004793900686219543
2017-07-14,0.005473952474128518
2017-07-17,0.004355745364093222
2017-07-18,0.006070562381519817
2017-07-19,0.004741524617892567
2017-07-20,0.010939583469347758
2017-07-21,0.006153122216905338
2017-07-24,-0.010965658183909488
2017-07-25,-0.004264625455694837
2017-07-26,0.012205679681386528
2017-07-27,0.008250572625901231
2017-07-28,-0.010491091773270678
2017-07-31,0.003180810100277709
2017-08-01,0.005495524669849594
2017-08-02,0.002943120955115397
2017-08-03,0.00838403703356283
2017-08-04,-0.0029099849186499105
2017-08-07,0.004794554828101871
2017-08-08,0.00497930350371889
2017-08-09,-0.003509653104318833
2017-08-10,0.007665399979136289
2017-08-11,-0.009251574977415244
2017-08-14,0.004979931821652128
2017-08-15,0.0061947977615628425
2017-08-16,0.004309341159789426
2017-08-17,-0.005516978268520822
2017-08-18,0.006780514064326004
2017-08-21,0.004285496347836704
2017-08-22,-0.001625735467663647
2017-08-23,0.004885148361947866
2017-08-24,-0.000405412563508456
2017-08-25,0.00040557698951548815
2017-08-28,0.003443244855082739
2017-08-29,-0.0008073547233348188
2017-08-30,-0.00040395434509177264
2017-08-31,0.0004041175901481342
2017-09-01,-0.002828270704504865
2017-09-05,0.005875233714429218
2017-09-06,-0.0018126949853545238
2017-09-07,0.006658945864903343
2017-09-08,0.006814612533057707
2017-09-11,0.005574237067808685
2017-09-12,-0.019401921208155426
2017-09-13,-0.007470201587387093
2017-09-14,0.00614738487992561
2017-09-15,-0.00040711821836791895
2017-09-18,-0.009372556049571434
2017-09-19,-0.003702324959850678
2017-09-20,-0.006399255585801011
2017-09-21,-0.0024933442854063737
2017-09-22,-0.012497480184330723
2017-09-25,0.006116955703615146
2017-09-26,0.00020958420035110947
2017-09-27,-0.014043049382605921
2017-09-28,0.007015167568800829
2017-09-29,-0.0010557316072061784
2017-10-02,0.0008454778834896537
2017-10-03,-0.003800824001821801
2017-10-04,0.012505242281256379
2017-10-05,-0.003977480240361042
2017-10-06,-0.003992957357958682
2017-10-09,0.004008964984190122
2017-10-10,0.007566501790378988
2017-10-11,0.007092105609460164
2017-10-12,0.009941893228206045
2017-10-13,-0.0030760161456643287
2017-10-16,-0.002468724009603962
2017-10-17,0.0047432983140645035
2017-10-18,0.00020519636984994705
2017-10-19,0.010671196726975918
2017-10-20,0.0002027918330056444
2017-10-23,0.00020333953787154968
2017-10-24,0.0038559938382591863
2017-10-25,-0.0016174993707986918
2017-10-26,-0.006683031356060631
2017-10-27,0.0032620401440470737
2017-10-30,0.0016261098644345662
2017-10-31,0.004666213289012955
2017-11-01,-0.005856317271625833
2017-11-02,0.0006092118846594552
2017-11-03,0.006699507833920704
2017-11-06,-0.0038317937399835467
2017-11-07,0.012753046757974618
2017-11-08,0.004397372765682528
2017-11-09,0.005174203673950162
2017-11-10,-0.006137287459633822
2017-11-13,0.011752739856756955
2017-11-14,0.019885981291687838
2017-11-15,-0.011969081521472802
2017-11-16,0.0
2017-11-17,-0.005666370990220715
2017-11-20,-0.00589510833679352
2017-11-21,0.0003955097838266308
2017-11-22,-0.001580553999125378
2017-11-24,0.003561804483051878
2017-11-27,0.0029583031969064866
2017-11-28,0.00766802692069235
2017-11-29,0.00019487802814377453
2017-11-30,0.006827984049521341
2017-12-01,-0.0048437753197133615
2017-12-04,-0.005451674836962739
2017-12-05,-0.005481653151735211
2017-12-06,0.0057085667612923885
2017-12-07,-0.004893359026267419
2017-12-08,0.007081125335062666
2017-12-11,0.004687399680488147
2017-12-12,-0.01749613868499611
2017-12-13,0.005738317714100383
2017-12-14,-0.008656324753029687
2017-12-15,0.007739644034895354
2017-12-18,-0.01358826939226021
2017-12-19,-0.01517283231672184
2017-12-20,-0.01702796420187036
2017-12-21,-0.0020621952504608076
2017-12-22,-0.0028933390663311576
2017-12-26,-0.008704603160067492
2017-12-27,0.006951352358782303
2017-12-28,0.005858178951889448
2017-12-29,0.0006239779778582921
2018-01-02,-0.006235888721348615
2018-01-03,-0.006692885334639298
2018-01-04,-0.0077914040267458295
2018-01-05,-0.007002986937810873
2018-01-08,0.007479760196498875
2018-01-09,-0.011667270382482386
2018-01-10,-0.00987320182863538
2018-01-11,-0.013223843272537228
2018-01-12,-0.008127969003784985
2018-01-16,0.0031003682590553527
2018-01-17,0.008832193410130529
2018-01-18,-0.0067847003542145234
2018-01-19,-0.005509263532341935
2018-01-22,0.0022160623002140944
2018-01-23,0.010833475033703133
2018-01-24,-0.003718112289068931
2018-01-25,0.009878798597031224
2018-01-26,-0.00652151125588063
2018-01-29,-0.01859974809789977
2018-01-30,0.008026881575496025
2018-01-31,0.009511515389102776
2018-02-01,-0.018186145445011737
2018-02-02,-0.007364319007138187
2018-02-05,-0.019109686621978872
2018-02-06,-0.020627941258136828
2018-02-07,-0.006318702202007365
2018-02-08,-0.0004711957048647575
2018-02-09,0.021442050199555585
2018-02-12,0.009457656476109078
2018-02-13,0.0045703338026645834
2018-02-14,-0.01683313755264282
2018-02-15,0.02244336567783023
2018-02-16,0.011088546051992276
2018-02-20,-0.012533429404560592
2018-02-21,-0.009519436935293557
2018-02-22,-0.0020598844260133475
2018-02-23,0.026599436097587636
2018-02-26,-0.005137123562310553
2018-02-27,-0.01885934353912533
2018-02-28,-0.00961136671498164
2018-03-01,-0.002541699761715699
2018-03-02,-0.003242790159868947
2018-03-05,0.018591693334622184
2018-03-06,-0.02099017106147083
2018-03-07,-0.004427738304565332
2018-03-08,0.009597015639456252
2018-03-09,0.003477958099865841
2018-03-12,0.008780104947102352
2018-03-13,-0.0034354080214612503
2018-03-14,0.009506018298591767
2018-03-15,0.002526302083816878
2018-03-16,0.010996718134244965
2018-03-19,0.0009063536251288085
2018-03-20,0.002037395170570111
2018-03-21,0.004518780938143729
2018-03-22,0.002474240302325903
2018-03-23,-0.018622723859072488
2018-03-26,0.00914522364632031
2018-03-27,0.0219755544637239
2018-03-28,0.005098367990877373
2018-03-29,0.003087790508985666
2018-04-02,-0.011653083289177801
2018-04-03,0.0055614247904136604
2018-04-04,0.00022117194192960987
2018-04-05,0.010617272002373168
2018-04-06,-0.004814744495338141
2018-04-09,0.0008794341581723764
2018-04-10,-0.010547072290280957
2018-04-11,-0.004219609375618827
2018-04-12,-0.0182870091214431
2018-04-13,0.010449869914126442
2018-04-16,0.017985505741707764
2018-04-17,0.007287983151731625
2018-04-18,-0.0063581007469347695
2018-04-19,0.0015446283630875524
2018-04-20,-0.006389335481448155
2018-04-23,0.004656595829985566
2018-04-24,0.00816569576461812
2018-04-25,0.001970047203255554
2018-04-26,0.015512738877329513
2018-04-27,0.013338914663259427
2018-04-30,-0.005520213671619145
2018-05-01,-0.004056351505246525
2018-05-02,-0.002357984186040274
2018-05-03,-0.0012890273361882976
2018-05-04,-0.0019365482189352967
2018-05-07,-0.0056044960633609975
2018-05-08,-0.024496297012639667
2018-05-09,-0.004222000630953793
2018-05-10,0.009819233177282394
2018-05-11,0.00022092751086688622
2018-05-14,-0.0055238592618006566
2018-05-15,-0.010219604527361481
2018-05-16,-0.006733994153459544
2018-05-17,-0.009491550562812145
2018-05-18,-0.0029658656887002754
2018-05-21,-0.0034330860031304145
2018-05-22,0.003674027498801191
2018-05-23,0.014871025079472355
2018-05-24,0.010820389784908846
2018-05-25,0.007805606634463391
2018-05-29,0.0013278514338732617
2018-05-30,0.007955807771204082
2018-05-31,-0.0019734877365558123
2018-06-01,-0.017135151885834143
2018-06-04,-0.013410794585167696
2018-06-05,-0.018577336160602642
2018-06-06,-0.02239152943315359
2018-06-07,0.008736991512428238
2018-06-08,0.0
2018-06-11,-0.013810905177831456
2018-06-12,0.010681261007194243
2018-06-13,-0.0018789169700090813
2018-06-14,0.017806210419453183
2018-06-15,0.0107301243011797
2018-06-18,0.006231315788385983
2018-06-19,0.013532022962515544
2018-06-20,-0.007014862330913529
2018-06-21,-0.0006840241372009226
2018-06-22,0.0
2018-06-25,0.02964685977849668
2018-06-26,0.003986509319236831
2018-06-27,0.007941464311397306
2018-06-28,-0.0006563080310872937
2018-06-29,0.00043779162667001437
2018-07-02,0.012040347116617056
2018-07-03,0.00043290365487536064
2018-07-05,0.007351285863556933
2018-07-06,0.007941774283081848
2018-07-09,-0.038330763174556304
2018-07-10,0.011735824495865632
2018-07-11,0.015320800208879604
2018-07-12,-0.0010777135403473581
2018-07-13,-0.0015103453929735666
2018-07-16,-0.004322745874189349
2018-07-17,-0.004558307437037112
2018-07-18,-0.005233364111983829
2018-07-19,0.006357110082904072
2018-07-20,-0.006099197375686094
2018-07-23,-0.007670059261080331
2018-07-24,0.00574186367195928
2018-07-25,0.0032935902089434865
2018-07-26,0.02604548414787078
2018-07-27,-0.0061860465022751665
2018-07-30,-0.006439331131045001
2018-07-31,0.012313717751611275
2018-08-01,-0.010029925016966201
2018-08-02,0.004526661039837565
2018-08-03,0.012446740236995435
2018-08-06,0.002119535148857876
2018-08-07,-0.0016921614067171298
2018-08-08,0.002542444645407871
2018-08-09,0.0067623266786487335
2018-08-10,-0.0023089174652781708
2018-08-13,0.0
2018-08-14,-0.001472828680928795
2018-08-15,0.009271194326827104
2018-08-16,0.005636311072336753
2018-08-17,0.0024913459461981535
2018-08-20,-0.0012424308737386536
2018-08-21,-0.006427749049622178
2018-08-22,-0.010225011230250214
2018-08-23,0.005481486133755098
2018-08-24,0.005452393920857945
2018-08-27,-0.00917654663648515
2018-08-28,0.0012627292293045933
2018-08-29,0.009880324780366267
2018-08-30,0.006244776029196375
2018-08-31,-0.005999211961722928
2018-09-04,0.009365313233251404
2018-09-05,0.016082636453425225
2018-09-06,0.00020267271656049246
2018-09-07,-0.012578653640355486
2018-09-10,0.006985859481521084
2018-09-11,-0.005916814339381182
2018-09-12,-0.002668609044614967
2018-09-13,0.004978422985914888
2018-09-14,-0.0010321220353759486
2018-09-17,-0.00020657970865500808
2018-09-18,-0.005579964315597596
2018-09-19,-0.01932662367196525
2018-09-20,0.003390522195716228
2018-09-21,0.0029570402496239545
2018-09-24,-0.00947579249446251
2018-09-25,-0.009141238189456447
2018-09-26,-0.01158541687694914
2018-09-27,0.011070230939415504
2018-09-28,0.013525038951979651
2018-10-01,-0.001906378915221385
2018-10-02,0.013370240208975703
2018-10-03,-0.012775149879643788
2018-10-04,0.006576333433696346
2018-10-05,0.019388500819258025
2018-10-08,0.008476473876589008
2018-10-09,0.00471508769581841
2018-10-10,-0.0034686224260738197
2018-10-11,-0.02497940844547697
2018-10-12,0.000629791999726681
2018-10-15,-0.0002098312517052614
2018-10-16,0.013224106562460758
2018-10-17,-0.0006213114175975809
2018-10-18,0.0020728426494112107
2018-10-19,0.01634257017602847
2018-10-22,-0.005291932988584325
2018-10-23,0.00040918589805305494
2018-10-24,0.028022073991797125
2018-10-25,-0.016514092681426673
2018-10-26,-0.018612430703277782
2018-10-29,0.018553200678489867
2018-10-30,0.005666846623648691
2018-10-31,-0.013684993855738181
2018-11-01,-0.011018083764306907
2018-11-02,-0.015473225681085556
2018-11-05,0.01424954959334035
2018-11-06,0.015289120766613706
2018-11-07,0.0073260205728133965
2018-11-08,-0.0034343810910263395
2018-11-09,0.020474330700480214
2018-11-12,0.015296139571827405
2018-11-13,0.005282915559635226
2018-11-14,-0.004281979913969058
2018-11-15,0.004104776230050344
2018-11-16,-0.006034630300602695
2018-11-19,0.010967446249933177
2018-11-20,0.0036807199237403054
2018-11-21,-0.02045910498772152
2018-11-23,0.0021672450840055646
2018-11-26,0.004718568126930611
2018-11-27,0.012524821856448876
2018-11-28,-0.00347893868237259
2018-11-29,-0.0005816659227667609
2018-11-30,0.017853097828296693
2018-12-03,0.009342576226405885
2018-12-04,-0.0020781218336799467
2018-12-06,0.007192926346441864
2018-12-07,-0.00037581132092057157
2018-12-10,0.005075975661200882
2018-12-11,0.0011227741014374626
2018-12-12,-0.010837145551924277
2018-12-13,0.01397796422326647
2018-12-14,-0.010059630338423275
2018-12-17,-0.026533820090903104
2018-12-18,-0.00463930233455867
2018-12-19,-0.011070039315151492
2018-12-20,0.008837406867415964
2018-12-21,-0.009149536624000865
2018-12-24,-0.04518648126587632
2018-12-26,0.01975312063317758
2018-12-27,0.00854017178668065
2018-12-28,-0.007056654865655321
2018-12-31,0.00040621353112246794
2019-01-02,-0.021311193151784757
2019-01-03,-0.003940255782673319
2019-01-04,0.009785353352359971
2019-01-07,-0.004329908152593598
2019-01-08,0.011596634100785153
2019-01-09,-0.007983508210270274
2019-01-10,0.016714912225259893
2019-01-11,0.00040595439973567515
2019-01-14,-0.007303931565220245
2019-01-15,0.01961988825732619
2019-01-16,0.007215813509163116
2019-01-17,0.008756360401690921
2019-01-18,0.00019747423405269693
2019-01-22,-0.0009864439697170324
2019-01-23,0.009476629061039521
2019-01-24,0.005085337257907829
2019-01-25,-0.016540055323455816
2019-01-28,-0.0017808898535923712
2019-01-29,0.003766087878940727
2019-01-30,0.0055292393721873
2019-01-31,0.028279774921061707
2019-02-01,-0.004201968907380005
2019-02-04,0.0046030420289591145
2019-02-05,0.00038202860199954003
2019-02-06,0.0005727355050402227
2019-02-07,0.013350897671884354
2019-02-08,0.00658745612722611
2019-02-11,0.001682987903573352
2019-02-12,-0.001680160214256543
2019-02-13,-0.003926537903412686
2019-02-14,0.0
2019-02-15,0.003566544764710411
2019-02-19,0.0061730040103866735
2019-02-20,0.005763031137484997
2019-02-21,0.012569580334040431
2019-02-22,0.008944382127128225
2019-02-25,-0.010131854581366673
2019-02-26,-0.004386644243872806
2019-02-27,-0.0014687140228323292
2019-02-28,0.008641290622035003
2019-03-01,0.0010937681607388061
2019-03-04,0.0029132748734879144
2019-03-05,-0.003268029749956325
2019-03-06,0.003460822135872066
2019-03-07,0.007805440432162802
2019-03-08,0.0027017475641810673
2019-03-11,0.006825907270728182
2019-03-12,0.007314986117257449
2019-03-13,0.00336503430173285
2019-03-14,-0.0015113168543081645
2019-03-15,0.006054335517909681
2019-03-18,-0.00672566403434971
2019-03-19,-0.008196808123278387
2019-03-20,0.0030541538437596216
2019-03-21,0.01164241071590677
2019-03-22,0.01044628195718511
2019-03-25,0.0
2019-03-26,0.005081747641949352
2019-03-27,-0.00784538229420384
2019-03-28,-0.01317881580188418
2019-03-29,0.0008905726952626036
2019-04-01,-0.011386072754108079
2019-04-02,0.00017975687219728975
2019-04-03,-0.0037781121177878907
2019-04-04,-0.0016254029181861362
2019-04-05,0.007778679332327343
2019-04-08,-0.0071801442413698124
2019-04-09,0.008135913896230251
2019-04-10,-0.007353016516646993
2019-04-11,0.005781659946993978
2019-04-12,0.0035925687532842865
2019-04-15,-0.001610773943397592
2019-04-16,-0.016493456803869933
2019-04-17,-0.0016407650150869202
2019-04-18,-0.0016429568006676165
2019-04-22,0.0018288487749182902
2019-04-23,0.007301536115015939
2019-04-24,0.004168389196172573
2019-04-25,0.010467478407218955
2019-04-26,-0.0012500934010933884
2019-04-29,-0.00840508470959278
2019-04-30,0.018936090673204564
2019-05-01,-0.01061946094382582
2019-05-02,0.0003578858818800157
2019-05-03,0.011802548320173578
2019-05-06,-0.0012374648257789111
2019-05-07,0.001238998042275563
2019-05-08,-0.012372123816515423
2019-05-09,0.0032215491800142715
2019-05-10,0.020513455685818638
2019-05-13,0.009963455597939319
2019-05-14,-0.008134436659022248
2019-05-15,-0.0015704617482340533
2019-05-16,0.008912905434208529
2019-05-17,0.008314754563098603
2019-05-20,0.0030921231872116373
2019-05-21,-0.005309095976502087
2019-05-22,0.00740351551362739
2019-05-23,0.009913044697134499
2019-05-24,-0.001692124428261832
2019-05-28,-0.016274068761664262
2019-05-29,-0.014303058386144762
2019-05-30,0.002797291910182187
2019-05-31,-0.0003486961527110477
2019-06-03,0.010637937987896029
2019-06-04,-0.0029332253926742657
2019-06-05,0.02665268198618076
2019-06-06,0.008091731455613704
2019-06-07,-0.006187319908262712
2019-06-10,-0.002860488097141234
2019-06-11,-0.009618552960976356
2019-06-12,0.014141978908283948
2019-06-13,0.005666885301637725
2019-06-14,0.009756115584383274
2019-06-17,-0.002498631649080152
2019-06-18,0.0033399558264399776
2019-06-19,0.012150592581697817
2019-06-20,0.008222264916001087
2019-06-21,0.0037513177642836126
2019-06-24,-0.004387359829017834
2019-06-25,-0.0045698131668279185
2019-06-26,-0.0252502201231789
2019-06-27,-0.0028596201316025693
2019-06-28,0.003542665997431138
2019-07-01,-0.0010087709379200671
2019-07-02,0.012115472988706077
2019-07-03,0.009309957558486293
2019-07-05,-0.0003297006959895876
2019-07-08,0.002636439614410957
2019-07-09,0.0006574331724293891
2019-07-10,0.004598332275031813
2019-07-11,0.0003268473571222952
2019-07-12,-0.006373348021327496
2019-07-15,0.006250073384170829
2019-07-16,-0.002942191967797214
2019-07-17,0.004590265124045034
2019-07-18,0.010606940993882708
2019-07-19,-0.01873093204433318
2019-07-22,-0.0009871467603114192
2019-07-23,-0.004941666193045369
2019-07-24,0.00082773913135048
2019-07-25,-0.00446580692957721
2019-07-26,0.005316300289881948
2019-07-29,0.007767376353800426
2019-07-30,-0.006395295783086619
2019-07-31,-0.01617449078971067
2019-08-01,0.019292273978003927
2019-08-02,-0.015470829457102764
2019-08-05,-0.0031760797240533156
2019-08-06,0.013415988185322858
2019-08-07,0.005957188693404669
2019-08-08,0.013982625940253124
2019-08-09,0.0021090137695407574
2019-08-12,-0.003885255609058169
2019-08-13,-0.002437941993193804
2019-08-14,-0.009774929327822313
2019-08-15,0.012339446626365103
2019-08-16,0.004388072469201587
2019-08-19,0.005663481223816547
2019-08-20,0.004022456839767097
2019-08-21,0.009615292945480247
2019-08-22,0.004444470271108614
2019-08-23,-0.013116185482661469
2019-08-26,0.017453970375052474
2019-08-27,0.007081886928339998
2019-08-28,-0.0001561144368166234
2019-08-29,0.009690405273558023
2019-08-30,-0.005882139592503388
2019-09-03,0.02039854930981333
2019-09-04,0.004425461951062193
2019-09-05,-0.010179213532868436
2019-09-06,-0.005372055268229481
2019-09-09,-0.021759573321039838
2019-09-10,-0.006309963768259763
2019-09-11,0.004127698947141489
2019-09-12,0.0035801134584063643
2019-09-13,-0.007293359032786939
2019-09-16,0.003513666902809076
2019-09-17,0.014324308990204981
2019-09-18,0.0043935381934103734
2019-09-19,0.003905710866157319
2019-09-20,0.0056022745902784
2019-09-23,-0.000309667733769059
2019-09-24,0.012848470037809312
2019-09-25,-0.005807860820372102
2019-09-26,0.007994086076221096
2019-09-27,-0.0032029803319394423
2019-09-30,-0.007190870883773015
2019-10-01,0.000924787478610245
2019-10-02,-0.024788259511914434
2019-10-03,0.002052260167352271
2019-10-04,0.018276414125740548
2019-10-07,-0.005415497707012218
2019-10-08,-0.010734281803032264
2019-10-09,0.005189598123081396
2019-10-10,0.00046926833050520145
2019-10-11,-0.009695014138991875
2019-10-14,-0.0007896156708341318
2019-10-15,-0.0020542782122131564
2019-10-16,0.005383942508111028
2019-10-17,0.0028351092632117325
2019-10-18,0.005339971496252538
2019-10-21,0.004374461520998185
2019-10-22,-0.0012444631785015758
2019-10-23,0.0035820418226131245
2019-10-24,0.0015517463885310612
2019-10-25,-0.01394492522444224
2019-10-28,-0.018856181676081052
2019-10-29,0.0022424821142117413
2019-10-30,0.011824740873331185
2019-10-31,0.0030006260190402756
2019-11-01,-0.00645545304975037
2019-11-04,-0.022979508437702134
2019-11-05,-0.018004826235106686
2019-11-06,0.011892658369311748
2019-11-07,-0.015180844222740686
2019-11-08,-0.004143949956664228
2019-11-11,-0.0001667232249160655
2019-11-12,0.0016649367099241807
2019-11-13,0.024430699834788072
2019-11-14,-0.005515907814108045
2019-11-15,-0.007014551658450552
2019-11-18,0.00016403652965024662
2019-11-19,0.0072274770196074645
2019-11-20,0.0060337099396940985
2019-11-21,0.00016251950786871916
2019-11-22,-0.00713164159224966
2019-11-25,-0.00750877753426249
2019-11-26,0.006250062631498077
2019-11-27,0.006211167660725492
2019-11-29,-0.0011371580576577944
2019-12-02,-0.004715897423611226
2019-12-03,0.004248043606452256
2019-12-04,0.008948717324623434
2019-12-05,0.0020964980080262485
2019-12-06,-0.0022528690989320754
2019-12-09,-0.004354865110799633
2019-12-10,0.001134026526321108
2019-12-11,0.005825277862428591
2019-12-12,-0.012870187595997229
2019-12-13,0.014667626427692593
2019-12-16,0.012367444715776
2019-12-17,0.006822238107017098
2019-12-18,0.005200229134223022
2019-12-19,0.0009405206072021777
2019-12-20,0.004698469143201489
2019-12-23,-0.017614811578552048
2019-12-24,0.003912593234241868
2019-12-26,-0.0011135270029939415
2019-12-27,0.00525547002011395
2019-12-30,0.0026934066290353886
2019-12-31,0.0031601347911125455
2020-01-02,-0.017483099412038072
2020-01-03,0.004809062392884478
2020-01-06,-0.0014356552354567453
2020-01-07,-0.0020770745735959606
2020-01-08,-0.0009605950611917269
2020-01-09,0.002243616011092575
2020-01-10,0.0015988715004009446
2020-01-13,0.011653908998699558
2020-01-14,0.0015779301369185372
2020-01-15,0.015755509623882835
2020-01-16,0.008686313506404586
2020-01-17,0.005228526693809021
2020-01-21,0.00963714523112702
2020-01-22,0.0033334022387507822
2020-01-23,0.010269068351778543
2020-01-24,0.004035621950509549
2020-01-27,-0.003721991576219663
2020-01-28,0.004483143370127118
2020-01-29,0.002975109367259643
2020-01-30,0.019875740105299577
2020-01-31,0.006253473558838207
2020-02-03,0.0037576260056710886
2020-02-04,-0.0021594904492407974
2020-02-05,0.0
2020-02-06,0.0
2020-02-07,-0.00851389056480456
2020-02-10,0.005093998259351196
2020-02-11,-0.0014482479496782386
2020-02-12,0.0010153552583860304
2020-02-13,0.011444095254045106
2020-02-14,0.0063019840732181365
2020-02-18,0.012809622404198029
2020-02-19,-0.005199601741817661
2020-02-20,-0.001695311247083442
2020-02-21,0.0021228496302911903
2020-02-24,-0.006354356363465596
2020-02-25,-0.02174219102238406
2020-02-26,-0.007118103783247287
2020-02-27,-0.05120696997491203
2020-02-28,-0.03901311062936885
2020-03-02,0.05696408809861442
2020-03-03,-0.002428908558982701
2020-03-04,0.05311226900295951
2020-03-05,0.0007223651901060446
2020-03-06,0.012996384192319743
2020-03-09,-0.030791238625965334
2020-03-10,0.007354071729674727
2020-03-11,-0.02438311694308104
2020-03-12,-0.07681893811807383
2020-03-13,0.09055322245370978
2020-03-16,-0.12687013587386453
2020-03-17,0.1125772193645247
2020-03-18,-0.054828407177283545
2020-03-19,-0.05507561448839837
2020-03-20,-0.12691840002972254
2020-03-23,-0.012443339930099606
2020-03-24,0.08099997387653612
2020-03-25,0.02775230380619753
2020-03-26,0.04248422416233888
2020-03-27,0.01485048289880031
2020-03-30,0.064488808902043
2020-03-31,-0.03612550280237681
2020-04-01,-0.03681571019602392
2020-04-02,0.040289138518194934
2020-04-03,-0.04237008542913101
2020-04-06,0.056861600770860665
2020-04-07,-0.031398458971969245
2020-04-08,0.06027374276528219
2020-04-09,0.05525447135940609
2020-04-13,-0.03938425542803814
2020-04-14,0.04068492468781337
2020-04-15,-0.029434027203768087
2020-04-16,0.014774578259611149
2020-04-17,0.02911886772257044
2020-04-20,-0.041697751859580245
2020-04-21,-0.0146076186507611
2020-04-22,0.030121536048483666
2020-04-23,-0.014390900715607557
2020-04-24,0.002951313540547895
2020-04-27,0.0139382636716745
2020-04-28,0.010691868829333151
2020-04-29,-0.016472576965173014
2020-04-30,-0.023355931123249518
2020-05-01,-0.02171178691816955
2020-05-04,0.0033772538757208537
2020-05-05,0.014265214439735496
2020-05-06,-0.03255374736869432
2020-05-07,-0.02058164416334074
2020-05-08,0.005837384473266871
2020-05-11,-0.002984439682241269
2020-05-12,-0.022285178443114506
2020-05-13,-0.012417199329348927
2020-05-14,0.0024112717328523825
2020-05-15,-0.005326279957239888
2020-05-18,0.03869417969512945
2020-05-19,-0.0071514000402201905
2020-05-20,0.009212917211259608
2020-05-21,-0.0016596895833655978
2020-05-22,0.0036571931913478295
2020-05-26,0.011429752122032566
2020-05-27,0.010972731182163242
2020-05-28,0.03693524704972839
2020-05-29,0.015934937731217014
2020-06-01,0.01107177565861761
2020-06-02,0.004866835646145873
2020-06-03,0.011351721219939215
2020-06-04,-0.026788388650790584
2020-06-05,0.0035366015273414764
2020-06-08,0.025896479012058382
2020-06-09,-0.008663036346135522
2020-06-10,0.008437518767174579
2020-06-11,-0.027640869286524317
2020-06-12,-0.015467901431941322
2020-06-15,-0.0021996123515108934
2020-06-16,0.003621609997452202
2020-06-17,0.002353204864395275
2020-06-18,0.009704359361534909
2020-06-19,-0.00775073401631865
2020-06-22,0.01780958650978115
2020-06-23,-0.01473500486921231
2020-06-24,-0.007945388884068816
2020-06-25,-0.012248699647852468
2020-06-26,-0.00938015760865174
2020-06-29,0.002407425535970953
2020-06-30,0.0006403526694138684
2020-07-01,0.0270403333809901
2020-07-02,-0.0014024829435775876
2020-07-06,-0.008112227106465086
2020-07-07,0.0003146063759478235
2020-07-08,0.0026728925022578842
2020-07-09,-0.008310970605660217
2020-07-10,0.00838062170631848
2020-07-13,0.006272611386940907
2020-07-14,0.007324370207557163
2020-07-15,-0.006806942986653075
2020-07-16,0.012305203096761863
2020-07-17,0.021541773145255405
2020-07-20,-0.006627651142731006
2020-07-21,0.004094220344994737
2020-07-22,0.032618457734149064
2020-07-23,-0.0016086769176837379
2020-07-24,-0.005712526371711046
2020-07-27,-0.005450801230995617
2020-07-28,0.012738904406534246
2020-07-29,0.005265648854264837
2020-07-30,0.003928225895760473
2020-07-31,0.00057985220069523
2020-08-03,-0.004055579817776267
2020-08-04,0.017015512348864226
2020-08-05,-0.002001823096862143
2020-08-06,0.00444178688865926
2020-08-07,0.03195429191078025
2020-08-10,0.0015206770097686562
2020-08-11,-0.026639170978792537
2020-08-12,0.013613144503662689
2020-08-13,-0.00279804741141787
2020-08-14,-0.007715954874672248
2020-08-17,-0.007493276646606928
2020-08-18,-0.002848938788879929
2020-08-19,-0.006000164087887949
2020-08-20,-0.008191950788185243
2020-08-21,0.008694196987441005
2020-08-24,0.011492794319855504
2020-08-25,-0.020451523423085538
2020-08-26,-0.012179218053174123
2020-08-27,0.007338909032411189
2020-08-28,0.0002913267151145593
2020-08-31,0.011944488936121544
2020-09-01,-0.013242908216456684
2020-09-02,0.04376373123159838
2020-09-03,-0.012578862099907884
2020-09-04,-0.008917001521520529
2020-09-08,-0.012996493941530685
2020-09-09,0.021415096165633196
2020-09-10,-0.020682488189949222
2020-09-11,-0.0039058191577672208
2020-09-14,0.016221147965435945
2020-09-15,0.012510464362164297
2020-09-16,0.007243450913205107
2020-09-17,-0.03496918528298687
2020-09-18,-0.022501197598858824
2020-09-21,-0.0038866211412716956
2020-09-22,0.003451697479671001
2020-09-23,-0.010169119998452048
2020-09-24,0.01329493923902958
2020-09-25,0.021321180657637218
2020-09-28,0.005109439567828167
2020-09-29,-0.0029048100784521136
2020-09-30,0.005243697010356874
2020-10-01,0.019852349980987727
2020-10-02,0.0014207366991350057
2020-10-05,0.01404675945208922
2020-10-06,0.013712063529597529
2020-10-07,-0.004969154703654666
2020-10-08,0.005826094049136588
2020-10-09,0.002758554522563461
2020-10-12,0.012515337483132827
2020-10-13,-0.008421794152003947
2020-10-14,-0.008904259092852529
2020-10-15,-0.0020728331528855337
2020-10-16,0.012880714916224889
2020-10-19,-0.019691069907721404
2020-10-20,-0.0022316036864695743
2020-10-21,0.0
2020-10-22,-0.001677585540539539
2020-10-23,0.0008401092048890835
2020-10-26,0.0030780627133191185
2020-10-27,0.008927156450468932
2020-10-28,-0.02861864393281288
2020-10-29,0.006831637816486769
2020-10-30,-0.010036549101819392
2020-11-02,0.02498924028503091
2020-11-03,0.016717924152090946
2020-11-04,-0.0035629460892656617
2020-11-05,0.013889068303513108
2020-11-06,-0.005696381496015368
2020-11-09,0.0016369135674942914
2020-11-10,0.0040854151187152965
2020-11-11,0.01302065256814644
2020-11-12,-0.012451478673160099
2020-11-13,0.0043380710974600944
2020-11-16,0.008504562659406023
2020-11-17,-0.02784110461242495
2020-11-18,-0.02932667003719769
2020-11-19,-0.016312169826624645
2020-11-20,-0.0005763901250653847
2020-11-23,-0.013706957820874832
2020-11-24,-0.003217968508698932
2020-11-25,-0.0004404404013840235
2020-11-27,-0.007194188907604482
2020-11-30,-0.0038449755855582968
2020-12-01,0.015587867167214053
2020-12-02,0.003946505416704937
2020-12-03,-0.019947416880547797
2020-12-04,-0.023176302673392768
2020-12-07,0.013079767150316668
2020-12-08,-0.008557260979330295
2020-12-09,-0.0072682513120762016
2020-12-10,-0.005796140524827242
2020-12-11,-0.00276176839650466
2020-12-14,0.0006156456340731253
2020-12-15,0.015067463386478908
2020-12-16,-0.006513104232017675
2020-12-17,0.021649667288326624
2020-12-18,-0.013580183155587067
2020-12-21,-0.010741147201178025
2020-12-22,-0.0020013998618028106
2020-12-23,-0.00802090708923009
2020-12-24,0.004975937928637819
2020-12-28,0.010676054540316615
2020-12-29,0.0015309707539299389
2020-12-30,0.0035157558683347467
2020-12-31,0.015536962484508532
2021-01-04,-0.015149182246291915
2021-01-05,-0.009747461014178449
2021-01-06,0.022147349259488136
2021-01-07,-0.01956082591714059
2021-01-08,0.009208245333607978
2021-01-11,-0.020681363009842246
2021-01-12,-0.01552793884764625
2021-01-13,0.025394404788131597
2021-01-14,-0.0223042525088315
2021-01-15,0.022026260865614544
2021-01-19,-0.0038481638211342872
2021-01-20,0.011126242995079139
2021-01-21,-0.004890829753080306
2021-01-22,-0.005375207479182076
2021-01-25,0.02686841125558459
2021-01-26,-0.010376038474303795
2021-01-27,-0.03023845661084179
2021-01-28,-0.002820696150155011
2021-01-29,0.005499782497408345
2021-02-01,-0.000781464380323893
2021-02-02,0.004066379763354666
2021-02-03,-0.015887739031741677
2021-02-04,0.006489325220260023
2021-02-05,-0.0023587939090438104
2021-02-08,-0.018757805633371483
2021-02-09,-0.002088529022173824
2021-02-10,0.0025758225430461135
2021-02-11,-0.0114004130659221
2021-02-12,-0.000487093418555018
2021-02-16,-0.016737126845560613
2021-02-17,0.006445176894815274
2021-02-18,0.022988692681414236
2021-02-19,-0.0036918254858194777
2021-02-22,-0.02642177943696178
2021-02-23,0.024821977966905218
2021-02-24,-0.027773232664483727
2021-02-25,-0.006145079977134205
2021-02-26,-0.02088907465651868
2021-03-01,0.00955802133977146
2021-03-02,-0.002874239197695694
2021-03-03,-0.016107117473499022
2021-03-04,0.015336885572393655
2021-03-05,0.0412423777794364
2021-03-08,0.009943048304113189
2021-03-09,0.003066359062184665
2021-03-10,0.0004827601642405366
2021-03-11,-0.005146390659586997
2021-03-12,0.011042037348504952
2021-03-15,0.01594723575029877
2021-03-16,0.0053906268131240775
2021-03-17,-0.011354489857947958
2021-03-18,-0.004626032786405387
2021-03-19,0.00945520385969334
2021-03-22,0.012065377045200387
2021-03-23,0.026509847560511668
2021-03-24,0.002139466108961985
2021-03-25,0.006404162689091386
2021-03-26,0.00469710395679912
2021-03-29,0.010405821846499741
2021-03-30,-0.014776247271039766
2021-03-31,0.007574554084062379
2021-04-01,0.004209765228446738
2021-04-05,0.01976341858960473
2021-04-06,0.0007342745382317162
2021-04-07,-0.0016138853629841243
2021-04-08,-0.004849354182444365
2021-04-09,-0.004282427697054225
2021-04-12,0.007118397703139934
2021-04-13,0.008393683833019194
2021-04-14,0.0029203988882946508
2021-04-15,0.018637311266948897
2021-04-16,0.0058605698137403905
2021-04-19,0.001705140257130866
2021-04-20,0.015037734733322816
2021-04-21,-0.0032145614749463647
2021-04-22,-0.002804290722866698
2021-04-23,-0.0005625091002250393
2021-04-26,-0.006752924806462612
2021-04-27,-0.00849842227327069
2021-04-28,-0.002714418934456231
2021-04-29,0.010743210988772622
2021-04-30,0.010487711237297859
2021-05-03,0.004488099684617275
2021-05-04,0.0030717134359186105
2021-05-05,-0.015172438289042023
2021-05-06,0.011307410456393496
2021-05-07,-0.0032145614749463647
2021-05-10,0.01780719095275307
2021-05-11,-0.0214908856094691
2021-05-12,-0.012107364766604567
2021-05-13,0.01353853005228145
2021-05-14,0.008436284908770464
2021-05-17,-0.012827587601804025
2021-05-18,0.00014138631784055278
2021-05-19,-0.0033893981545985996
2021-05-20,0.014312007787907755
2021-05-21,0.0064264898763908285
2021-05-24,-0.005136092937553793
2021-05-25,-0.005999958056320143
2021-05-26,-0.003368756819806751
2021-05-27,-0.010281726848129558
2021-05-28,0.008680723202088014
2021-06-01,-0.012415070540327644
2021-06-02,0.0034284308964505072
2021-06-03,0.0034169035360649413
2021-06-04,-0.005675488101957837
2021-06-07,0.0005707945472568365
2021-06-08,-0.018824913770708607
2021-06-09,0.007994045507790926
2021-06-10,0.004037810051304325
2021-06-11,-0.0012927287287735068
2021-06-14,-2.8902720166978924e-05
2021-06-15,0.0015922717421812393
2021-06-16,-0.02066788044268575
2021-06-17,0.008707193730528306
2021-06-18,-0.02560340467645128
2021-06-21,0.008108049980317666
2021-06-22,-0.0058084902379724745
2021-06-23,-0.007790313054173215
2021-06-24,0.0004529308446494795
2021-06-25,0.012677239264892837
2021-06-28,-0.0005959699545237118
2021-06-29,-0.020131304200362243
2021-06-30,0.002587227523497937
2021-07-01,0.01745586274027411
2021-07-02,-0.0031330646887233193
2021-07-06,0.003741573842410917
2021-07-07,0.009244092143094518
2021-07-08,-0.002807032258651976
2021-07-09,0.0025184253578245386
2021-07-12,0.002512355396685928
2021-07-13,-0.0038325406244507088
2021-07-14,0.007546588604237625
2021-07-15,0.009252424711933438
2021-07-16,0.0059663125265403405
2021-07-19,-0.012440573945990407
2021-07-20,-0.0016108460241394118
2021-07-21,-0.01613858968117332
2021-07-22,0.0026840789611652927
2021-07-23,0.015318033181400903
2021-07-26,0.0005862014659996362
2021-07-27,0.016834903871308038
2021-07-28,-0.010941511667333814
2021-07-29,0.0013100657402171922
2021-07-30,-0.007849920984642766
2021-08-02,0.00454216537526797
2021-08-03,0.002041886401170867
2021-08-04,0.003639183823041625
2021-08-05,0.004205715701600887
2021-08-06,-0.0023107027601865227
2021-08-09,0.0005791392860456934
2021-08-10,-0.005931784137038099
2021-08-11,0.005239563088626387
2021-08-12,-0.00405405847004181
2021-08-13,0.0036342331945267148
2021-08-16,0.010573576990655198
2021-08-17,0.0025800110762983497
2021-08-18,-0.00886355334045319
2021-08-19,0.011394893740797052
2021-08-20,0.006987855285049083
2021-08-23,-0.022943067105947845
2021-08-24,-0.01014617919589711
2021-08-25,0.00029288769149005134
2021-08-26,-0.0001464009667039301
2021-08-27,0.005856451263678064
2021-08-30,0.004803742864453842
2021-08-31,-0.004056407524868244
2021-09-01,0.014545453397537766
2021-09-02,0.008172138831956888
2021-09-03,-0.00739487660885263
2021-09-07,-0.02722059758692219
2021-09-08,0.02076571185215137
2021-09-09,-0.0005772801375552028
2021-09-10,-0.021798740579315523
2021-09-13,-0.010035177377835991
2021-09-14,-0.00768527600895208
2021-09-15,-0.009983334699448454
2021-09-16,-0.006875414214313702
2021-09-17,-0.015384693950572847
2021-09-20,-0.008749897194551326
2021-09-21,-0.002364484834367131
2021-09-22,-0.001579968430601486
2021-09-23,-0.004589336551574563
2021-09-24,0.006677271951256447
2021-09-27,-0.016898318698749026
2021-09-28,-0.013333394274912536
2021-09-29,0.020351676543938435
2021-09-30,-0.0027125049484143515
2021-10-01,-0.00015988354849327813
2021-10-04,0.022563396927675505
2021-10-05,-0.009389719504544591
2021-10-06,0.016271799368343887
2021-10-07,-0.005596160013895735
2021-10-08,-0.012037027989334925
2021-10-11,-0.012025297762473075
2021-10-12,0.008968642992803533
2021-10-13,0.022063586276041214
2021-10-14,0.016151605278676318
2021-10-15,0.007641793365538385
2021-10-18,-0.018959630776191894
2021-10-19,0.003865369052600265
2021-10-20,0.009856632073711014
2021-10-21,0.0006101170958032753
2021-10-22,-0.0009144862092812511
2021-10-25,-0.013577536159971038
2021-10-26,-0.002783566457274178
2021-10-27,-0.016904797052312515
2021-10-28,0.014828996917338522
2021-10-29,0.004041466360249046
2021-11-01,-0.0013932584179672247
2021-11-02,0.0032558507599391717
2021-11-03,-0.018698792368271655
2021-11-04,-0.0067716812332909715
2021-11-05,0.011574425166228863
2021-11-08,-0.0166143567296706
2021-11-09,0.013707350778398686
2021-11-10,0.012421358677229488
2021-11-11,-0.013822005624889222
2021-11-12,-0.005826740221669735
2021-11-15,0.0186915058201913
2021-11-16,-0.0031099522359493426
2021-11-17,0.013414432418475064
2021-11-18,-0.009850631805572774
2021-11-19,0.011969398803984843
2021-11-22,0.01858677421508048
2021-11-23,-0.007087899049854185
2021-11-24,-0.004404424197880896
2021-11-26,-0.012051909706431663
2021-11-29,0.012816412079614148
2021-11-30,-0.028357918880871025
2021-12-01,0.0075317728593991
2021-12-02,0.006852563898998465
2021-12-03,0.008043057764918204
2021-12-06,0.00015366394918059356
2021-12-07,0.013194351987969144
2021-12-08,0.01620206300293847
2021-12-09,-0.004619068343030386
2021-12-10,-0.0043413198577808565
2021-12-13,0.01428354109186869
2021-12-14,-0.0010377274873556441
2021-12-15,0.021219804178225443
2021-12-16,0.0018891770494460225
2021-12-17,-0.02828147085081123
2021-12-20,0.0017910923701021098
2021-12-21,-0.004830456804409633
2021-12-22,0.005878780525268912
2021-12-23,-0.0017984516377234083
2021-12-27,0.0031527358431078234
2021-12-28,0.011972718292871054
2021-12-29,0.005028270487444697
2021-12-30,0.0039726159956998686
2021-12-31,-0.007767897197115015
2022-01-03,0.0035451775668686736
2022-01-04,0.006329119906862912
2022-01-05,0.00979949930717483
2022-01-06,-0.007821504756728603
2022-01-07,0.008759028278892966
2022-01-10,0.010998582269188484
2022-01-11,-0.01803608442624871
2022-01-12,-0.00014567115143249154
2022-01-13,0.006268829522193986
2022-01-14,-0.0007239237186628111
2022-01-18,-0.008409744405127761
2022-01-19,-0.003947702365603933
2022-01-20,0.0008805625342702683
2022-01-21,0.0005868392030441427
2022-01-24,-0.011580342695099333
2022-01-25,0.006673451383512052
2022-01-26,-0.0038299574819907756
2022-01-27,0.019520623101830115
2022-01-28,0.013055061356179953
2022-01-31,-0.0025773033134909307
2022-02-01,-0.016796158812831252
2022-02-02,0.016060878067515993
2022-02-03,-0.0017243545406321337
2022-02-04,-0.009932273037080774
2022-02-07,-0.00043624319412682855
2022-02-08,0.0013089893735147573
2022-02-09,0.0050843225199950215
2022-02-10,-0.030495675391995603
2022-02-11,-0.0017890039921807377
2022-02-14,-0.008363072424758422
2022-02-15,-0.0042167049090002795
2022-02-16,-0.0027226293064372964
2022-02-17,0.0024264478530580114
2022-02-18,-0.0015128428413049289
2022-02-22,-0.0009091069500039017
2022-02-23,-0.015316879025763952
2022-02-24,-0.001540235131485379
2022-02-25,0.03702009112619531
2022-02-28,0.0014872874307463313
2022-03-01,-0.012178739019771734
2022-03-02,0.01578718400622736
2022-03-03,0.02323845995510121
2022-03-04,0.03081150035559488
2022-03-07,0.00406977620977389
2022-03-08,-0.01900779964435062
2022-03-09,-0.0049863496809394725
2022-03-10,0.004581838499250646
2022-03-11,0.0029930889285549878
2022-03-14,-0.005323319581034047
2022-03-15,0.01035850568964225
2022-03-16,-0.013954408036785826
2022-03-17,0.006498188695213347
2022-03-18,-0.013055884676566931
2022-03-21,0.00770457147879533
2022-03-22,-0.0015868870332953477
2022-03-23,0.0013004871804733753
2022-03-24,0.00836914604438399
2022-03-25,0.011734725262168455
2022-03-28,0.0076375133380446325
2022-03-29,0.008282152659012665
2022-03-30,0.006821848810527165
2022-03-31,-0.002074288964291182
2022-04-01,0.008036446501456407
2022-04-04,-0.0006871872138058954
2022-04-05,0.00508954782890636
2022-04-06,0.02627607445211666
2022-04-07,-0.005600899827103767
2022-04-08,0.0033526467834945617
2022-04-11,-0.00614791618339805
2022-04-12,0.004975471433580347
2022-04-13,-0.0048170199246564405
2022-04-14,-0.00040362812517369395
2022-04-18,-0.0018831764839379872
2022-04-19,0.008625573178758117
2022-04-20,0.006814381864674868
2022-04-21,-0.0006634752742322725
2022-04-22,-0.013280348059449554
2022-04-25,-0.008075476561157924
2022-04-26,-0.004341930581263198
2022-04-27,-0.005587275187614815
2022-04-28,0.02617504154800865
2022-04-29,-0.021634528574053458
2022-05-02,-0.00805372866836751
2022-05-03,-0.00743058893794768
2022-05-04,0.017607226190768044
2022-05-05,-0.008310737110884925
2022-05-06,0.003983939008419535
2022-05-09,0.007799653059144207
2022-05-10,-0.0021723814403922237
2022-05-11,0.006531564290381597
2022-05-12,-0.005677902990285588
2022-05-13,0.012780192118525102
2022-05-16,0.004564496631937143
2022-05-17,0.0062810753966553445
2022-05-18,-0.005445035307015567
2022-05-19,0.0016021668653951604
2022-05-20,-0.010531879110747155
2022-05-23,0.008757873481673784
2022-05-24,0.018565340268597685
2022-05-25,-0.00734316696753512
2022-05-26,-0.009775472597627788
2022-05-27,0.01840998364842683
2022-05-31,-0.013099427347012305
2022-06-01,-0.0029198370471552604
2022-06-02,0.004791896463974155
2022-06-03,-0.007949007024737997
2022-06-06,-0.002270247974992423
2022-06-07,0.011645233053198645
2022-06-08,-0.03188682314941349
2022-06-09,-0.025830324559416584
2022-06-10,-0.003787922847176106
2022-06-13,-0.03689620572161323
2022-06-14,-0.029778076774801043
2022-06-15,-0.00045540439487345985
2022-06-16,-0.013667651293499894
2022-06-17,-0.01601211106174316
2022-06-21,0.01330006615916468
2022-06-22,0.015750230385367603
2022-06-23,0.022803363243707464
2022-06-24,0.019025074500177208
2022-06-27,0.011231002196387507
2022-06-28,0.009519788488925984
2022-06-29,0.0031432785926526208
2022-06-30,0.00783351325168713
2022-07-01,0.026427430490883363
2022-07-05,-0.0377254680591711
2022-07-06,0.016025186076625397
2022-07-07,-0.020138071629458243
2022-07-08,0.00028751917426483864
2022-07-11,0.004166646954306907
2022-07-12,-0.005580335705631878
2022-07-13,-0.004316294535760989
2022-07-14,0.0015894593861556228
2022-07-15,0.009378307451124668
2022-07-18,-0.020154476135559873
2022-07-19,0.004522246355703974
2022-07-20,-0.018298076291161536
2022-07-21,0.00147926583002711
2022-07-22,0.014327958462651225
2022-07-25,0.011504218865217242
2022-07-26,0.010797770651087335
2022-07-27,0.0005695777764977983
2022-07-28,0.027900514455452496
2022-07-29,0.013432845069968113
2022-08-01,0.00013660098897272377
2022-08-02,0.0035526402610568386
2022-08-03,0.011708521843803332
2022-08-04,0.003364002626848883
2022-08-05,-0.010192811074769548
2022-08-08,0.0013549913825796622
2022-08-09,0.01244907521073979
2022-08-10,0.0038761771842907855
2022-08-11,-0.006656794257846155
2022-08-12,0.01809401746348338
2022-08-15,0.00961014132724225
2022-08-16,0.0041727075072075515
2022-08-17,-0.0010386776407919074
2022-08-18,0.0007797633360657752
2022-08-19,-0.0006493147596340343
2022-08-22,-0.00961809948355763
2022-08-23,-0.011154675193240648
2022-08-24,0.0007963382112363693
2022-08-25,0.008884527895955285
2022-08-26,-0.015115312170231654
2022-08-29,0.009208487439120061
2022-08-30,-0.012298332622496577
2022-08-31,-0.005891416751324208
2022-09-01,0.015757800696382107
2022-09-02,-0.013391858625819819
2022-09-06,0.00040336937674156914
2022-09-07,0.034121497588075256
2022-09-08,-0.005066431518613301
2022-09-09,0.005092230958039234
2022-09-12,0.005585972716683818
2022-09-13,-0.030099499475982783
2022-09-14,0.00962573351546192
2022-09-15,-0.025627577139742286
2022-09-16,0.007086429566825148
2022-09-19,0.008525080583447142
2022-09-20,-0.014088325691999581
2022-09-21,-0.013337136964156948
2022-09-22,-0.0006895580661691048
2022-09-23,-0.012284224030846835
2022-09-26,-0.022498536247436585
2022-09-27,-0.022587493681210935
2022-09-28,0.007898190306304675
2022-09-29,-0.05151662494234033
2022-09-30,-0.02080791600576004
2022-10-03,0.02406271400252291
2022-10-04,0.014189725295564948
2022-10-05,-0.03219485177411907
2022-10-06,-0.03901766522886263
2022-10-07,-0.031705091334329305
2022-10-10,0.0058469932146376635
2022-10-11,-0.006311120850688634
2022-10-12,-0.031589534571697664
2022-10-13,0.03106658316228539
2022-10-14,-0.01473059860050785
2022-10-17,0.0295617114219755
2022-10-18,0.016831733738544852
2022-10-19,-0.008438922239361268
2022-10-20,-0.02242218923124273
2022-10-21,0.01958819486998653
2022-10-24,0.011165924399716864
2022-10-25,0.013315972362929696
2022-10-26,0.002724378082434198
2022-10-27,0.010867837020584581
2022-10-28,0.03351776717704413
2022-10-31,-0.003977312024337154
2022-11-01,0.012133211598196247
2022-11-02,-0.008952969796869104
2022-11-03,-0.00244976608484182
2022-11-04,0.006139712942315745
2022-11-07,-0.0045767171646887705
2022-11-08,0.01287348322005033
2022-11-09,-0.007262751666970546
2022-11-10,0.053345227418444496
2022-11-11,-0.023440626774509754
2022-11-14,-0.009779214802989156
2022-11-15,0.00837941829307809
2022-11-16,0.013800251069809866
2022-11-17,-0.01727174528526587
2022-11-18,0.0184690179818372
2022-11-21,0.00438711977257733
2022-11-22,0.002475326276215828
2022-11-23,0.005083651140212364
2022-11-25,0.006213783988080257
2022-11-28,-0.003446846257646574
2022-11-29,-0.007782092230431248
2022-11-30,0.019898266061587844
2022-12-01,-0.00042722824195484677
2022-12-02,-0.014959319785172398
2022-12-05,-0.006653260783849868
2022-12-06,0.009318670640786175
2022-12-07,-0.006491685915565704
2022-12-08,0.013648989989721638
2022-12-09,0.00042985749938528883
2022-12-12,0.02505698043850768
2022-12-13,0.0001397818091493086
2022-12-14,-0.004888164993990696
2022-12-15,-0.008842153196805591
2022-12-16,-0.009912352770625743
2022-12-19,-0.0074369832279185255
2022-12-20,0.0012968889411029139
2022-12-21,0.013239500476559751
2022-12-22,-0.005397270950149635
2022-12-23,0.01285174119437249
2022-12-27,0.009023009330126897
2022-12-28,-0.007202824732749358
2022-12-29,0.007085087871522289
2022-12-30,-0.013507825135123386
2023-01-03,-0.0005707208443104239
2023-01-04,0.008562847838570864
2023-01-05,-0.020234787880688332
2023-01-06,0.0296070689318797
2023-01-09,0.009678972827101173
2023-01-10,0.0018062209415843355
2023-01-11,0.009291054669470888
2023-01-12,-0.0114042017974475
2023-01-13,-0.010840919224916146
2023-01-17,-0.0011242072226217426
2023-01-18,-0.0327749916357144
2023-01-19,-0.01105296023832436
2023-01-20,0.008088185838501571
2023-01-23,-0.007877455909507725
2023-01-24,0.004852149156272967
2023-01-25,0.0032193494985499616
2023-01-26,0.003500587329741567
2023-01-27,-0.005377900332720675
2023-01-30,-0.004822611403960897
2023-01-31,0.009838396119887127
2023-02-01,0.012214614617185315
2023-02-02,-0.0007183160049470949
2023-02-03,-0.022713940652855924
2023-02-06,0.012062379668329681
2023-02-07,0.0011627516255363624
2023-02-08,-0.014953743515686346
2023-02-09,-0.007811203095332342
2023-02-10,0.017231083480921283
2023-02-13,0.003358631340697027
2023-02-14,-0.010624212576156755
2023-02-15,-0.0011769610006668874
2023-02-16,-0.009425678720214048
2023-02-17,0.011150889045820733
2023-02-21,-0.01191006564629149
2023-02-22,-0.007589349360369035
2023-02-23,-0.005398024009914071
2023-02-24,-0.007839672733006786
2023-02-27,-0.006230061685389643
2023-02-28,-0.012691161338169499
2023-03-01,-0.020133145797015306
2023-03-02,0.016911618220819324
2023-03-03,0.011812209097977089
2023-03-06,-0.0007678875701518928
2023-03-07,-0.02213684435186203
2023-03-08,0.01241951433469457
2023-03-09,-0.002329219463429011
2023-03-10,-0.016031214688963402
2023-03-13,0.032901197772272406
2023-03-14,0.010188108920749395
2023-03-15,0.028575697238828912
2023-03-16,-0.0010399746869915738
2023-03-17,-0.005353824914801075
2023-03-20,0.007625549427515255
2023-03-21,-0.028045674392770947
2023-03-22,-0.020610700603702847
2023-03-23,-0.013094374847133272
2023-03-24,0.03538167680838966
2023-03-27,-0.003966602420508725
2023-03-28,0.001684870858424059
2023-03-29,0.017431110636524583
2023-03-30,0.005560744184093913
2023-03-31,0.007920794280506405
2023-04-03,0.001186312741351836
2023-04-04,0.013773772041284937
2023-04-05,0.039006656127410944
2023-04-06,0.002108899537455189
2023-04-10,-0.007155609547028208
2023-04-11,0.003956959437749541
2023-04-12,0.0
2023-04-13,0.0
2023-04-14,-0.01266904272294378
2023-04-17,0.002566321379790182
2023-04-18,-0.007963556085840318
2023-04-19,0.01189781583122218
2023-04-20,0.0014166453486907926
2023-04-21,-0.003536369434161024
2023-04-24,0.008375769682524847
2023-04-25,0.0021116882859999464
2023-04-26,-0.021073313413898176
2023-04-27,0.008323848716125237
2023-04-28,-0.004981428888688133
2023-05-01,0.00371898564693085
2023-05-02,-0.015248773745107136
2023-05-03,-0.008683035130955696
2023-05-04,0.008905137802240226
2023-05-05,0.006656121628843659
2023-05-08,-0.00359353837845533
2023-05-09,-0.0030294587140573537
2023-05-10,0.002749207836620471
2023-05-11,-0.009812269009392915
2023-05-12,0.003934570875118393
2023-05-15,-0.014225358753117812
2023-05-16,-0.019437680037677874
2023-05-17,-0.00825939426433886
2023-05-18,-0.002574222744603283
2023-05-19,0.0009109567819041153
2023-05-22,-0.0007584501918658226
2023-05-23,-0.004401986275562764
2023-05-24,-0.007013270585460307
2023-05-25,-0.012897156225144868
2023-05-26,0.0004665758411026566
2023-05-30,-0.0026430608057531613
2023-05-31,0.017770831466617842
2023-06-01,-0.026650275974264392
2023-06-02,-0.006451676249137672
2023-06-05,0.012828696111037097
2023-06-06,-0.006098574362932263
2023-06-07,0.011799730687153343
2023-06-08,-0.002643279540321064
2023-06-09,-0.010757630255963102
2023-06-12,0.0018912063042380023
2023-06-13,-0.006921571792228853
2023-06-14,-0.0019165678981815093
2023-06-15,0.02928463737837861
2023-06-16,-0.006218969347472125
2023-06-20,-0.013297785375840587
2023-06-21,-0.004122471913251768
2023-06-22,-0.0007960271719307244
2023-06-23,-0.010516321435871001
2023-06-26,0.012238412487566741
2023-06-27,-0.006681570089431599
2023-06-28,-0.019218320082001417
2023-06-29,0.0008163677757240251
2023-06-30,0.014357930833376553
2023-07-03,0.013028788172930073
2023-07-05,0.012861287107393649
2023-07-06,-0.0004703429526744518
2023-07-07,-0.013017488138032829
2023-07-10,-0.004449381689506815
2023-07-11,0.007501895392642233
2023-07-12,0.010614766423975741
2023-07-13,0.008465273707989551
2023-07-14,-0.0009327258797571236
2023-07-17,-0.01649292475794939
2023-07-18,-0.0033222869227402807
2023-07-19,0.006190546724726298
2023-07-20,0.018457120303136287
2023-07-21,0.010068225836870504
2023-07-24,-0.0019934351571724296
2023-07-25,-0.0018438905265173444
2023-07-26,0.0013853621495893975
2023-07-27,-0.03351272323881127
2023-07-28,0.0003180417959980364
2023-07-31,-0.002544111906777391
2023-08-01,0.00191303235488971
2023-08-02,0.00047731230916059353
2023-08-03,-0.024809115652669633
2023-08-04,-0.015166408911855833
2023-08-07,-0.010432210077192638
2023-08-08,-0.002008039151585761
2023-08-09,0.000838337820731283
2023-08-10,-0.0031830152766881836
2023-08-11,0.003361379034643175
2023-08-14,-0.007705230253511219
2023-08-15,-0.018906117217262652
2023-08-16,0.005333769199721727
2023-08-17,-0.004449842670710802
2023-08-18,0.0003439502068316447
2023-08-21,-0.003952658806235521
2023-08-22,-0.0001725981946554267
2023-08-23,-0.007420174759496523
2023-08-24,-0.008866494576892148
2023-08-25,0.009998442943810915
2023-08-28,0.004688983657098245
2023-08-29,0.001728555445505764
2023-08-30,-0.004659117003234625
2023-08-31,-0.009535288018943988
2023-09-01,-0.010852466498026625
2023-09-05,-0.016280238894226584
2023-09-06,0.01349144059535945
2023-09-07,0.004614842638026806
2023-09-08,0.008303922221000182
2023-09-11,0.006308136572693579
2023-09-12,-0.0038308467403692648
2023-09-13,0.0160811847387774
2023-09-14,0.018573117780148474
2023-09-15,-0.01209951825908806
2023-09-18,0.0003450621535758813
2023-09-19,0.009139416976776893
2023-09-20,0.02460694967853727
2023-09-21,-0.009672995840611764
2023-09-22,0.00589413861116328
2023-09-25,-0.00401812306713123
2023-09-26,-0.02975279150467991
2023-09-27,-0.00883575316691243
2023-09-28,-0.005943131431712989
2023-09-29,0.0061544959530306365
2023-10-02,-0.03827341505979431
2023-10-03,0.014719314059638444
2023-10-04,0.01414757421319357
2023-10-05,-0.0026488807541058534
2023-10-06,0.015403708502346847
2023-10-09,0.005231109606562034
2023-10-10,0.0071118058019428165
2023-10-11,0.012917709604979954
2023-10-12,-0.011222611221423318
2023-10-13,0.01220986808229707
2023-10-16,0.011892628705185926
2023-10-17,-0.0008394556426796207
2023-10-18,-0.003024715814374246
2023-10-19,-0.004719380691072805
2023-10-20,-0.016088098122679195
2023-10-23,-0.00086055042510913
2023-10-24,0.017743376800456234
2023-10-25,0.0066011576310738285
2023-10-26,0.005044561212710796
2023-10-27,-0.024427001714939722
2023-10-30,0.0073744286735026865
2023-10-31,0.009022724002485605
2023-11-01,0.02142752933403136
2023-11-02,0.008754388968620574
2023-11-03,-0.0006548266262376146
2023-11-06,-0.007701217773361746
2023-11-07,-0.012054143144333063
2023-11-08,-0.012535485313638683
2023-11-09,-0.006432039961267955
2023-11-10,0.008517889331994821
2023-11-13,-0.015709442110525718
2023-11-14,0.03483787927136173
2023-11-15,-0.0034826481543311916
2023-11-16,0.010151502329609263
2023-11-17,-0.002306465497196597
2023-11-20,-0.008256276208504443
2023-11-21,-0.0006660413582671998
2023-11-22,0.00683105102675885
2023-11-24,0.0014892663336887324
2023-11-27,-0.0011565286690994325
2023-11-28,0.008602205733746704
2023-11-29,-0.01590948545714055
2023-11-30,0.013999974818241112
2023-12-01,0.009697442102875264
2023-12-04,0.0006512536202427643
2023-12-05,-0.007157872007355848
2023-12-06,0.015402169344933991
2023-12-07,-0.006777526602917527
2023-12-08,-0.010398026371792657
2023-12-11,0.01050728136047474
2023-12-12,-0.006336188027336487
2023-12-13,0.03548079644568447
2023-12-14,-0.012000785763443989
2023-12-15,-0.01582228831178656
2023-12-18,0.012504015899631682
2023-12-19,-0.00368883454637714
2023-12-20,-0.013039275005063855
2023-12-21,0.0035883753782344208
2023-12-22,0.008613665886454624
2023-12-26,0.0030616258469520208
2023-12-27,-0.0030779878943567596
2023-12-28,0.005687332143234025
2023-12-29,0.00032317484468435964
2024-01-02,0.02519786763102916
2024-01-03,0.001733150643484116
2024-01-04,0.002359194562031819
2024-01-05,0.0
2024-01-08,-0.0023536418629478417
2024-01-09,-0.004875871474131044
2024-01-10,-0.00869276486502002
2024-01-11,-0.02742356784181621
2024-01-12,0.005082031270117637
2024-01-16,-0.006524247894091673
2024-01-17,-0.013462428726830677
2024-01-18,-0.0073223527645408515
2024-01-19,-0.0028500068196519734
2024-01-22,-0.009246792932605108
2024-01-23,0.004411888834781497
2024-01-24,-0.016387805954670265
2024-01-25,0.011508054635138043
2024-01-26,0.00849033847069669
2024-01-29,0.004546310271604126
2024-01-30,0.00167607058358743
2024-01-31,0.0018407476918707033
2024-02-01,0.021212651854947362
2024-02-02,-0.02158973844805323
2024-02-05,-0.021731917404574697
2024-02-06,-0.0013671422528582777
2024-02-07,-0.0011977493147005136
2024-02-08,-0.006338868098205053
2024-02-09,0.002931015446023588
2024-02-12,0.013752920337904095
2024-02-13,-0.011701004561956108
2024-02-14,0.006863446820864816
2024-02-15,0.005623741918196146
2024-02-16,0.0010167742150373194
2024-02-20,0.0020314146863789073
2024-02-21,0.010474875113356319
2024-02-22,-0.008025392823436395
2024-02-23,0.0
2024-02-26,-0.021574279383673067
2024-02-27,0.003962010381682868
2024-02-28,-0.010466697659548996
2024-02-29,-0.0863533115396714
2024-03-01,-0.05921434682840643
2024-03-04,0.030058657221536667
2024-03-05,-0.04719941760841617
2024-03-06,-0.004316576780757586
2024-03-07,0.033030439492350405
2024-03-08,0.01958447147482123
2024-03-11,0.03704431728914015
2024-03-12,-0.01908910803058239
2024-03-13,-0.00770708348899396
2024-03-14,0.018213171966801278
2024-03-15,0.002120356296051007
2024-03-18,0.0009615918184524563
2024-03-19,0.007494374662988967
2024-03-20,0.0028609460008317544
2024-03-21,-0.005325278270192468
2024-03-22,-0.0005735657940842964
2024-03-25,0.0040175696630950775
2024-03-26,-0.01295732152940876
2024-03-27,0.03050194339230461
2024-03-28,0.006931427442728566
2024-04-01,-0.008744294801722452
2024-04-02,0.015015131803562065
2024-04-03,0.0001849448959998501
2024-04-04,-0.005916037282711506
2024-04-05,-0.004463600545879687
2024-04-08,0.010274696611120238
2024-04-09,0.005362444102062991
2024-04-10,-0.011403370484874165
2024-04-11,-0.004837200061236002
2024-04-12,-0.005982546937854827
2024-04-15,0.0
2024-04-16,-0.012036731708340742
2024-04-17,0.012564108029724963
2024-04-18,0.010716453733779163
2024-04-19,0.01785720506652244
2024-04-22,0.004385743254077923
2024-04-23,0.005640623042406867
2024-04-24,0.0010855611356856976
2024-04-25,-0.005783525213673757
2024-04-26,-0.019087436237762323
2024-04-29,0.009636749856644311
2024-04-30,-0.013766466054578319
2024-05-01,0.0009305256925062899
2024-05-02,0.00018597658043595366
2024-05-03,0.00855170221010959
2024-05-06,0.002027725171623196
2024-05-07,0.012141291114118768
2024-05-08,-0.0016357768277792673
2024-05-09,0.005643557913752373
2024-05-10,0.003982624762519427
2024-05-13,0.006671467668999842
2024-05-14,-0.0048360619465868115
2024-05-15,0.00413956141361882
2024-05-16,0.0010755145031251523
2024-05-17,-0.005908689187109517
2024-05-20,0.009906348848172097
2024-05-21,0.011949391831104661
2024-05-22,-0.0215016360879432
2024-05-23,-0.026476955690180937
2024-05-24,-0.006105463392617638
2024-05-28,0.00037236858912215176
2024-05-29,-0.008187650773533894
2024-05-30,0.019137005345074787
2024-05-31,0.020802695806486637
2024-06-03,-0.003065951737849293
2024-06-04,0.013567385394421372
2024-06-05,-0.015527377163355172
2024-06-06,-0.006163924933110687
2024-06-07,-0.0014592962755235472
2024-06-10,0.009134076422920412
2024-06-11,-0.0036205023878075338
2024-06-12,-0.004905619370010994
2024-06-13,-0.007850987372067686
2024-06-14,-0.0004089651736491895
2024-06-17,-0.00985674053671115
2024-06-18,-0.002254069650403978
2024-06-20,0.007718339244545902
2024-06-21,-0.00298892364335801
2024-06-24,0.011429668682846783
2024-06-25,-0.004446046254606872
2024-06-26,0.0009303656369983315
2024-06-27,0.0011154743670063194
2024-06-28,-0.008170933113734513
2024-07-01,-0.018348501212997137
2024-07-02,0.014686142961064741
2024-07-03,-0.008458728359084122
2024-07-05,-0.0011373172414422816
2024-07-08,-0.011007682656523188
2024-07-09,0.006908316701303319
2024-07-10,0.0022869981587338994
2024-07-11,0.02833244212836994
2024-07-12,0.003698211850164279
2024-07-15,-0.01934411006636283
2024-07-16,0.013150506673701656
2024-07-17,0.025774067183188087
2024-07-18,0.008315256275891914
2024-07-19,0.0028684299239147837
2024-07-22,-0.003575246701682966
2024-07-23,-0.0107642248644918
2024-07-24,0.022125477453342812
2024-07-25,0.009048861993044
2024-07-26,0.008616258274946276
2024-07-29,0.005753097108700533
2024-07-30,0.01629410593869718
2024-07-31,-0.005969786747195838
2024-08-01,0.01424159033867145
2024-08-02,0.01082734046276057
2024-08-05,-0.02945605533298523
2024-08-06,-0.0022418054924744357
2024-08-07,0.008641518283845073
2024-08-08,-0.003598335777306949
2024-08-09,-0.0032674072346543515
2024-08-12,0.0010352202890382411
2024-08-13,0.02826612436637843
2024-08-14,-0.011733179234167723
2024-08-15,-0.0010175953679540939
2024-08-16,0.018336111298630442
2024-08-19,0.002834287905961963
2024-08-20,-0.002659967944766417
2024-08-21,-0.000500127596318789
2024-08-22,-0.0006671485363685115
2024-08-23,0.0033378379410327064
2024-08-26,0.022288716511138507
2024-08-27,-0.009274311637434862
2024-08-28,-0.0034488883913595947
2024-08-29,0.011700743156099147
2024-08-30,-0.0026062400561638333
2024-09-03,0.021068100493272013
2024-09-04,0.010236726064751123
2024-09-05,0.004749824941037151
2024-09-06,-0.008666815309314235
2024-09-09,0.00921949959654178
2024-09-10,0.0055126285405520115
2024-09-11,0.00015663487730432912
2024-09-12,0.0006264413866472474
2024-09-13,0.00786210371054552
2024-09-16,0.011278197561392256
2024-09-17,-0.0009293530546954365
2024-09-18,-0.0021705682609430843
2024-09-19,-0.004661326768230389
2024-09-20,0.0010927690737805307
2024-09-23,-0.002650822752717441
2024-09-24,0.0032832490646803603
2024-09-25,0.00031172805027734896
2024-09-26,-0.0032715457282865845
2024-09-27,0.009221666325386124
2024-09-30,0.011305619298282998
2024-10-01,0.00030615396418176566
2024-10-02,-0.0026024701673565964
2024-10-03,-0.011511949156993495
2024-10-04,-0.01040374083352591
2024-10-07,-0.01129772513835281
2024-10-08,-0.001269619330190097
2024-10-09,-0.005561645742524268
2024-10-10,-0.006711425753024747
2024-10-11,0.002413025480590303
2024-10-14,0.0113947076754215
2024-10-15,0.0065058282386381006
2024-10-16,0.009143976020684397
2024-10-17,-0.011873197699286853
2024-10-18,0.012964527614519827
2024-10-21,-0.009989157029216433
2024-10-22,0.003941350903170271
2024-10-23,0.010050335197458793
2024-10-24,0.012282322068184248
2024-10-25,-0.009983124406567234
2024-10-28,0.00031032559737820264
2024-10-29,-0.017679978345204628
2024-10-30,-0.004578453386171688
2024-10-31,0.05963517881770697
2024-11-01,-0.0017961093896412539
2024-11-04,-0.013045516928842815
2024-11-05,0.0077485775182164485
2024-11-06,0.002412142406020168
2024-11-07,-0.004361781668824061
2024-11-08,0.01767396578725533
2024-11-11,0.018999595281488313
2024-11-12,-0.0005828841027931686
2024-11-13,0.0005832240548231393
2024-11-14,0.003787265531850492
2024-11-15,0.0079813527052357
2024-11-18,0.006910453388080384
2024-11-19,-0.005290219507484539
2024-11-20,0.006899526772668807
2024-11-21,0.01898641106551935
2024-11-22,-0.0004203338125460254
2024-11-25,0.003503852780083472
2024-11-26,0.003771053025128257
2024-11-27,0.01460963911435842
2024-11-29,-0.004936944999942128
2024-12-02,-0.01874302370015124
2024-12-03,-0.0028089434033606864
2024-12-04,-0.003943708271123669
2024-12-05,0.0019797166417192535
2024-12-06,-0.015805999339043475
2024-12-09,-0.009033576548029165
2024-12-10,0.0005788913466777679
2024-12-11,-0.011424538257679862
2024-12-12,0.0019017236451492892
2024-12-13,-0.005401990524390388
2024-12-16,-0.006752908735092378
2024-12-17,0.006207407666010356
2024-12-18,-0.02467679851767568
2024-12-19,0.003765058378253139
2024-12-20,0.011252925009446857
2024-12-23,0.00474769734589886
2024-12-24,0.007235617064261568
2024-12-26,-0.0004397537883327196
2024-12-27,-0.000586787540693634
2024-12-30,-0.00807165972649404
2024-12-31,-0.0010356974236014338
